solid OpenSCAD_Model
  facet normal 0 0 -1
    outer loop
      vertex 24.8029 -3.13332 0
      vertex 24.8029 3.13332 0
      vertex 25 0 0
    endloop
  endfacet
  facet normal 0 0 -1
    outer loop
      vertex 24.2146 -6.21724 0
      vertex 24.8029 3.13332 0
      vertex 24.8029 -3.13332 0
    endloop
  endfacet
  facet normal 0 0 -1
    outer loop
      vertex 24.2146 -6.21724 0
      vertex 24.2146 6.21724 0
      vertex 24.8029 3.13332 0
    endloop
  endfacet
  facet normal 0 0 -1
    outer loop
      vertex 23.2444 -9.20311 0
      vertex 24.2146 6.21724 0
      vertex 24.2146 -6.21724 0
    endloop
  endfacet
  facet normal 0 0 -1
    outer loop
      vertex 23.2444 -9.20311 0
      vertex 23.2444 9.20311 0
      vertex 24.2146 6.21724 0
    endloop
  endfacet
  facet normal 0 0 -1
    outer loop
      vertex 21.9077 -12.0438 0
      vertex 23.2444 9.20311 0
      vertex 23.2444 -9.20311 0
    endloop
  endfacet
  facet normal 0 0 -1
    outer loop
      vertex 21.9077 -12.0438 0
      vertex 21.9077 12.0438 0
      vertex 23.2444 9.20311 0
    endloop
  endfacet
  facet normal 0 0 -1
    outer loop
      vertex 20.2254 -14.6946 0
      vertex 21.9077 12.0438 0
      vertex 21.9077 -12.0438 0
    endloop
  endfacet
  facet normal 0 0 -1
    outer loop
      vertex 20.0603 14.8942 0
      vertex 21.9077 12.0438 0
      vertex 20.2254 -14.6946 0
    endloop
  endfacet
  facet normal 0 0 -1
    outer loop
      vertex 21.9077 12.0438 0
      vertex 20.0603 14.8942 0
      vertex 20.2254 14.6946 0
    endloop
  endfacet
  facet normal 0 0 -1
    outer loop
      vertex 11.3926 22.2094 0
      vertex 20.0603 14.8942 0
      vertex 20.2254 -14.6946 0
    endloop
  endfacet
  facet normal 0 0 -1
    outer loop
      vertex 11.3926 22.2094 0
      vertex 20.2254 -14.6946 0
      vertex 18.2242 -17.1137 0
    endloop
  endfacet
  facet normal 0 0 -1
    outer loop
      vertex 20.0603 14.8942 0
      vertex 11.3926 22.2094 0
      vertex 18.3634 41.7246 0
    endloop
  endfacet
  facet normal 0 0 -1
    outer loop
      vertex 11.3926 22.2094 0
      vertex 18.2242 -17.1137 0
      vertex 15.9356 -19.2628 0
    endloop
  endfacet
  facet normal 0 0 -1
    outer loop
      vertex 10.7297 23.3805 0
      vertex 18.3634 41.7246 0
      vertex 11.3926 22.2094 0
    endloop
  endfacet
  facet normal 0 0 -1
    outer loop
      vertex 10.0031 25.1104 0
      vertex 18.3634 41.7246 0
      vertex 10.7297 23.3805 0
    endloop
  endfacet
  facet normal 0 0 -1
    outer loop
      vertex 11.3926 22.2094 0
      vertex 15.9356 -19.2628 0
      vertex 13.3957 -21.1082 0
    endloop
  endfacet
  facet normal 0 0 -1
    outer loop
      vertex 9.49947 26.885 0
      vertex 18.3634 41.7246 0
      vertex 10.0031 25.1104 0
    endloop
  endfacet
  facet normal 0 0 -1
    outer loop
      vertex 18.3634 41.7246 0
      vertex 9.49947 26.885 0
      vertex 16.6781 41.1508 0
    endloop
  endfacet
  facet normal 0 0 -1
    outer loop
      vertex 10.6445 -22.6207 0
      vertex 11.3926 22.2094 0
      vertex 13.3957 -21.1082 0
    endloop
  endfacet
  facet normal 0 0 -1
    outer loop
      vertex 7.72542 -23.7764 0
      vertex 11.3926 22.2094 0
      vertex 10.6445 -22.6207 0
    endloop
  endfacet
  facet normal 0 0 -1
    outer loop
      vertex 4.68452 -24.5572 0
      vertex 11.3926 22.2094 0
      vertex 7.72542 -23.7764 0
    endloop
  endfacet
  facet normal 0 0 -1
    outer loop
      vertex 11.3926 22.2094 0
      vertex 7.72542 23.7764 0
      vertex 10.6445 22.6207 0
    endloop
  endfacet
  facet normal 0 0 -1
    outer loop
      vertex 4.68452 24.5572 0
      vertex 11.3926 22.2094 0
      vertex 4.68452 -24.5572 0
    endloop
  endfacet
  facet normal 0 0 -1
    outer loop
      vertex 11.3926 22.2094 0
      vertex 4.68452 24.5572 0
      vertex 7.72542 23.7764 0
    endloop
  endfacet
  facet normal 0 0 -1
    outer loop
      vertex 1.56975 -24.9507 0
      vertex 4.68452 24.5572 0
      vertex 4.68452 -24.5572 0
    endloop
  endfacet
  facet normal 0 0 -1
    outer loop
      vertex 1.56975 -24.9507 0
      vertex 1.56975 24.9507 0
      vertex 4.68452 24.5572 0
    endloop
  endfacet
  facet normal 0 0 -1
    outer loop
      vertex -1.56975 -24.9507 0
      vertex 1.56975 24.9507 0
      vertex 1.56975 -24.9507 0
    endloop
  endfacet
  facet normal 0 0 -1
    outer loop
      vertex -1.56975 -24.9507 0
      vertex -1.56975 24.9507 0
      vertex 1.56975 24.9507 0
    endloop
  endfacet
  facet normal 0 0 -1
    outer loop
      vertex -4.68452 -24.5572 0
      vertex -1.56975 24.9507 0
      vertex -1.56975 -24.9507 0
    endloop
  endfacet
  facet normal 0 0 -1
    outer loop
      vertex -4.68452 -24.5572 0
      vertex -4.68452 24.5572 0
      vertex -1.56975 24.9507 0
    endloop
  endfacet
  facet normal 0 0 -1
    outer loop
      vertex -7.72542 -23.7764 0
      vertex -4.68452 24.5572 0
      vertex -4.68452 -24.5572 0
    endloop
  endfacet
  facet normal 0 0 -1
    outer loop
      vertex -11.3926 22.2094 0
      vertex -4.68452 24.5572 0
      vertex -7.72542 -23.7764 0
    endloop
  endfacet
  facet normal 0 0 -1
    outer loop
      vertex -11.3926 22.2094 0
      vertex -7.72542 -23.7764 0
      vertex -10.6445 -22.6207 0
    endloop
  endfacet
  facet normal 0 0 -1
    outer loop
      vertex -4.68452 24.5572 0
      vertex -11.3926 22.2094 0
      vertex -7.72542 23.7764 0
    endloop
  endfacet
  facet normal 0 0 -1
    outer loop
      vertex -7.72542 23.7764 0
      vertex -11.3926 22.2094 0
      vertex -10.6445 22.6207 0
    endloop
  endfacet
  facet normal 0 0 -1
    outer loop
      vertex -20.0603 14.8942 0
      vertex -11.3926 22.2094 0
      vertex -10.6445 -22.6207 0
    endloop
  endfacet
  facet normal 0 0 -1
    outer loop
      vertex -20.0603 14.8942 0
      vertex -10.6445 -22.6207 0
      vertex -13.3957 -21.1082 0
    endloop
  endfacet
  facet normal 0 0 -1
    outer loop
      vertex -29.386 40.5322 0
      vertex -11.3926 22.2094 0
      vertex -20.0603 14.8942 0
    endloop
  endfacet
  facet normal -0 -0 -1
    outer loop
      vertex -18.3634 41.7246 0
      vertex -11.3926 22.2094 0
      vertex -20.14 42.0812 0
    endloop
  endfacet
  facet normal 0 0 -1
    outer loop
      vertex -20.0603 14.8942 0
      vertex -13.3957 -21.1082 0
      vertex -15.9356 -19.2628 0
    endloop
  endfacet
  facet normal 0 0 -1
    outer loop
      vertex -12.4258 38.2326 0
      vertex -18.3634 41.7246 0
      vertex -13.6857 39.3909 0
    endloop
  endfacet
  facet normal 0 0 -1
    outer loop
      vertex -20.0603 14.8942 0
      vertex -15.9356 -19.2628 0
      vertex -18.2242 -17.1137 0
    endloop
  endfacet
  facet normal 0 0 -1
    outer loop
      vertex -13.6857 39.3909 0
      vertex -16.6781 41.1508 0
      vertex -15.1106 40.3688 0
    endloop
  endfacet
  facet normal 0 0 -1
    outer loop
      vertex -13.6857 39.3909 0
      vertex -18.3634 41.7246 0
      vertex -16.6781 41.1508 0
    endloop
  endfacet
  facet normal 0 0 -1
    outer loop
      vertex -20.2254 -14.6946 0
      vertex -20.0603 14.8942 0
      vertex -18.2242 -17.1137 0
    endloop
  endfacet
  facet normal 0 0 -1
    outer loop
      vertex -21.9077 -12.0438 0
      vertex -20.0603 14.8942 0
      vertex -20.2254 -14.6946 0
    endloop
  endfacet
  facet normal 0 0 -1
    outer loop
      vertex -21.9077 12.0438 0
      vertex -20.0603 14.8942 0
      vertex -21.9077 -12.0438 0
    endloop
  endfacet
  facet normal 0 0 -1
    outer loop
      vertex -20.0603 14.8942 0
      vertex -21.9077 12.0438 0
      vertex -20.2254 14.6946 0
    endloop
  endfacet
  facet normal 0 0 -1
    outer loop
      vertex -23.2444 -9.20311 0
      vertex -21.9077 12.0438 0
      vertex -21.9077 -12.0438 0
    endloop
  endfacet
  facet normal 0 0 -1
    outer loop
      vertex -23.2444 -9.20311 0
      vertex -23.2444 9.20311 0
      vertex -21.9077 12.0438 0
    endloop
  endfacet
  facet normal 0 0 -1
    outer loop
      vertex -24.2146 -6.21724 0
      vertex -23.2444 9.20311 0
      vertex -23.2444 -9.20311 0
    endloop
  endfacet
  facet normal 0 0 -1
    outer loop
      vertex -24.2146 -6.21724 0
      vertex -24.2146 6.21724 0
      vertex -23.2444 9.20311 0
    endloop
  endfacet
  facet normal 0 0 -1
    outer loop
      vertex -24.8029 -3.13332 0
      vertex -24.2146 6.21724 0
      vertex -24.2146 -6.21724 0
    endloop
  endfacet
  facet normal 0 0 -1
    outer loop
      vertex -24.8029 -3.13332 0
      vertex -24.8029 3.13332 0
      vertex -24.2146 6.21724 0
    endloop
  endfacet
  facet normal 0 -0 -1
    outer loop
      vertex -24.8029 3.13332 0
      vertex -24.8029 -3.13332 0
      vertex -25 0 0
    endloop
  endfacet
  facet normal 0 0 -1
    outer loop
      vertex 31.6219 14.7492 0
      vertex 39.1102 25.4436 0
      vertex 38.9115 23.7032 0
    endloop
  endfacet
  facet normal -0 0 -1
    outer loop
      vertex 39.1102 25.4436 0
      vertex 31.6219 14.7492 0
      vertex 39.073 27.2236 0
    endloop
  endfacet
  facet normal 0 0 -1
    outer loop
      vertex 33.1894 15.5312 0
      vertex 38.9115 23.7032 0
      vertex 38.4799 22.0298 0
    endloop
  endfacet
  facet normal 0 0 -1
    outer loop
      vertex 31.6219 14.7492 0
      vertex 38.9115 23.7032 0
      vertex 33.1894 15.5312 0
    endloop
  endfacet
  facet normal 0 0 -1
    outer loop
      vertex 33.1894 15.5312 0
      vertex 38.4799 22.0298 0
      vertex 37.8224 20.4497 0
    endloop
  endfacet
  facet normal 0 0 -1
    outer loop
      vertex 29.9366 14.1754 0
      vertex 39.073 27.2236 0
      vertex 31.6219 14.7492 0
    endloop
  endfacet
  facet normal 0 0 -1
    outer loop
      vertex 35.8742 17.6674 0
      vertex 37.8224 20.4497 0
      vertex 36.9492 18.9879 0
    endloop
  endfacet
  facet normal 0 0 -1
    outer loop
      vertex 34.6143 16.5091 0
      vertex 37.8224 20.4497 0
      vertex 35.8742 17.6674 0
    endloop
  endfacet
  facet normal 0 0 -1
    outer loop
      vertex 33.1894 15.5312 0
      vertex 37.8224 20.4497 0
      vertex 34.6143 16.5091 0
    endloop
  endfacet
  facet normal -0 0 -1
    outer loop
      vertex 39.073 27.2236 0
      vertex 29.9366 14.1754 0
      vertex 38.8005 29.015 0
    endloop
  endfacet
  facet normal 0 0 -1
    outer loop
      vertex 28.16 13.8187 0
      vertex 38.8005 29.015 0
      vertex 29.9366 14.1754 0
    endloop
  endfacet
  facet normal -0 0 -1
    outer loop
      vertex 38.8005 29.015 0
      vertex 28.16 13.8187 0
      vertex 38.2969 30.7896 0
    endloop
  endfacet
  facet normal 0 0 -1
    outer loop
      vertex 26.3201 13.685 0
      vertex 38.2969 30.7896 0
      vertex 28.16 13.8187 0
    endloop
  endfacet
  facet normal -0 0 -1
    outer loop
      vertex 38.2969 30.7896 0
      vertex 26.3201 13.685 0
      vertex 37.5703 32.5195 0
    endloop
  endfacet
  facet normal 0 0 -1
    outer loop
      vertex 24.4461 13.7762 0
      vertex 37.5703 32.5195 0
      vertex 26.3201 13.685 0
    endloop
  endfacet
  facet normal -0 0 -1
    outer loop
      vertex 37.5703 32.5195 0
      vertex 24.4461 13.7762 0
      vertex 36.6319 34.1772 0
    endloop
  endfacet
  facet normal 0 0 -1
    outer loop
      vertex 22.5674 14.091 0
      vertex 36.6319 34.1772 0
      vertex 24.4461 13.7762 0
    endloop
  endfacet
  facet normal -0 0 -1
    outer loop
      vertex 36.6319 34.1772 0
      vertex 22.5674 14.091 0
      vertex 35.4967 35.7368 0
    endloop
  endfacet
  facet normal 0 0 -1
    outer loop
      vertex 20.0603 14.8942 0
      vertex 35.4967 35.7368 0
      vertex 22.5674 14.091 0
    endloop
  endfacet
  facet normal -0 0 -1
    outer loop
      vertex 35.4967 35.7368 0
      vertex 20.0603 14.8942 0
      vertex 34.1826 37.1736 0
    endloop
  endfacet
  facet normal -0 0 -1
    outer loop
      vertex 34.1826 37.1736 0
      vertex 20.0603 14.8942 0
      vertex 32.7103 38.4649 0
    endloop
  endfacet
  facet normal -0 0 -1
    outer loop
      vertex 32.7103 38.4649 0
      vertex 20.0603 14.8942 0
      vertex 31.103 39.5903 0
    endloop
  endfacet
  facet normal -0 0 -1
    outer loop
      vertex 31.103 39.5903 0
      vertex 20.0603 14.8942 0
      vertex 29.386 40.5322 0
    endloop
  endfacet
  facet normal -0 0 -1
    outer loop
      vertex 29.386 40.5322 0
      vertex 20.0603 14.8942 0
      vertex 27.5864 41.2757 0
    endloop
  endfacet
  facet normal -0 0 -1
    outer loop
      vertex 27.5864 41.2757 0
      vertex 20.0603 14.8942 0
      vertex 25.7326 41.809 0
    endloop
  endfacet
  facet normal -0 0 -1
    outer loop
      vertex 25.7326 41.809 0
      vertex 20.0603 14.8942 0
      vertex 23.8539 42.1238 0
    endloop
  endfacet
  facet normal 0 0 -1
    outer loop
      vertex 20.0603 14.8942 0
      vertex 22.5674 14.091 0
      vertex 20.7136 14.6243 0
    endloop
  endfacet
  facet normal -0 0 -1
    outer loop
      vertex 23.8539 42.1238 0
      vertex 20.0603 14.8942 0
      vertex 21.9798 42.215 0
    endloop
  endfacet
  facet normal 0 0 -1
    outer loop
      vertex 21.9798 42.215 0
      vertex 20.0603 14.8942 0
      vertex 20.14 42.0812 0
    endloop
  endfacet
  facet normal 0 0 -1
    outer loop
      vertex 20.14 42.0812 0
      vertex 20.0603 14.8942 0
      vertex 18.3634 41.7246 0
    endloop
  endfacet
  facet normal 0 0 -1
    outer loop
      vertex 16.6781 41.1508 0
      vertex 9.49947 26.885 0
      vertex 15.1106 40.3688 0
    endloop
  endfacet
  facet normal 0 0 -1
    outer loop
      vertex 15.1106 40.3688 0
      vertex 9.49947 26.885 0
      vertex 13.6857 39.3909 0
    endloop
  endfacet
  facet normal 0 0 -1
    outer loop
      vertex 13.6857 39.3909 0
      vertex 9.49947 26.885 0
      vertex 12.4258 38.2326 0
    endloop
  endfacet
  facet normal 0 0 -1
    outer loop
      vertex 12.4258 38.2326 0
      vertex 9.49947 26.885 0
      vertex 11.3507 36.9121 0
    endloop
  endfacet
  facet normal 0 0 -1
    outer loop
      vertex 11.3507 36.9121 0
      vertex 9.49947 26.885 0
      vertex 10.4776 35.4503 0
    endloop
  endfacet
  facet normal 0 0 -1
    outer loop
      vertex 10.4776 35.4503 0
      vertex 9.49947 26.885 0
      vertex 9.82005 33.8702 0
    endloop
  endfacet
  facet normal 0 0 -1
    outer loop
      vertex 9.49947 26.885 0
      vertex 9.3885 32.1968 0
      vertex 9.82005 33.8702 0
    endloop
  endfacet
  facet normal 0 0 -1
    outer loop
      vertex 9.22694 28.6764 0
      vertex 9.3885 32.1968 0
      vertex 9.49947 26.885 0
    endloop
  endfacet
  facet normal 0 0 -1
    outer loop
      vertex 9.3885 32.1968 0
      vertex 9.22694 28.6764 0
      vertex 9.18976 30.4563 0
    endloop
  endfacet
  facet normal 0 0 -1
    outer loop
      vertex -9.22694 28.6764 0
      vertex -9.3885 32.1968 0
      vertex -9.18976 30.4563 0
    endloop
  endfacet
  facet normal 0 0 -1
    outer loop
      vertex -12.4258 38.2326 0
      vertex -9.22694 28.6764 0
      vertex -9.49947 26.885 0
    endloop
  endfacet
  facet normal 0 0 -1
    outer loop
      vertex -9.22694 28.6764 0
      vertex -12.4258 38.2326 0
      vertex -9.3885 32.1968 0
    endloop
  endfacet
  facet normal 0 0 -1
    outer loop
      vertex -12.4258 38.2326 0
      vertex -9.49947 26.885 0
      vertex -10.0031 25.1104 0
    endloop
  endfacet
  facet normal 0 0 -1
    outer loop
      vertex -9.3885 32.1968 0
      vertex -12.4258 38.2326 0
      vertex -9.82005 33.8702 0
    endloop
  endfacet
  facet normal 0 0 -1
    outer loop
      vertex -12.4258 38.2326 0
      vertex -10.0031 25.1104 0
      vertex -10.7297 23.3805 0
    endloop
  endfacet
  facet normal 0 0 -1
    outer loop
      vertex -9.82005 33.8702 0
      vertex -12.4258 38.2326 0
      vertex -10.4776 35.4503 0
    endloop
  endfacet
  facet normal 0 0 -1
    outer loop
      vertex -12.4258 38.2326 0
      vertex -10.7297 23.3805 0
      vertex -11.3926 22.2094 0
    endloop
  endfacet
  facet normal 0 0 -1
    outer loop
      vertex -10.4776 35.4503 0
      vertex -12.4258 38.2326 0
      vertex -11.3507 36.9121 0
    endloop
  endfacet
  facet normal 0 0 -1
    outer loop
      vertex -11.3926 22.2094 0
      vertex -18.3634 41.7246 0
      vertex -12.4258 38.2326 0
    endloop
  endfacet
  facet normal 0 0 -1
    outer loop
      vertex -22.5674 14.091 0
      vertex -20.0603 14.8942 0
      vertex -20.7136 14.6243 0
    endloop
  endfacet
  facet normal 0 0 -1
    outer loop
      vertex -11.3926 22.2094 0
      vertex -21.9798 42.215 0
      vertex -20.14 42.0812 0
    endloop
  endfacet
  facet normal -0 0 -1
    outer loop
      vertex -20.0603 14.8942 0
      vertex -22.5674 14.091 0
      vertex -35.4967 35.7368 0
    endloop
  endfacet
  facet normal 0 0 -1
    outer loop
      vertex -11.3926 22.2094 0
      vertex -23.8539 42.1238 0
      vertex -21.9798 42.215 0
    endloop
  endfacet
  facet normal 0 0 -1
    outer loop
      vertex -36.6319 34.1772 0
      vertex -22.5674 14.091 0
      vertex -24.4461 13.7762 0
    endloop
  endfacet
  facet normal 0 0 -1
    outer loop
      vertex -11.3926 22.2094 0
      vertex -25.7326 41.809 0
      vertex -23.8539 42.1238 0
    endloop
  endfacet
  facet normal 0 0 -1
    outer loop
      vertex -37.5703 32.5195 0
      vertex -24.4461 13.7762 0
      vertex -26.3201 13.685 0
    endloop
  endfacet
  facet normal 0 0 -1
    outer loop
      vertex -11.3926 22.2094 0
      vertex -27.5864 41.2757 0
      vertex -25.7326 41.809 0
    endloop
  endfacet
  facet normal 0 0 -1
    outer loop
      vertex -38.2969 30.7896 0
      vertex -26.3201 13.685 0
      vertex -28.16 13.8187 0
    endloop
  endfacet
  facet normal 0 0 -1
    outer loop
      vertex -11.3926 22.2094 0
      vertex -29.386 40.5322 0
      vertex -27.5864 41.2757 0
    endloop
  endfacet
  facet normal 0 0 -1
    outer loop
      vertex -38.8005 29.015 0
      vertex -28.16 13.8187 0
      vertex -29.9366 14.1754 0
    endloop
  endfacet
  facet normal 0 0 -1
    outer loop
      vertex -20.0603 14.8942 0
      vertex -31.103 39.5903 0
      vertex -29.386 40.5322 0
    endloop
  endfacet
  facet normal 0 0 -1
    outer loop
      vertex -38.8005 29.015 0
      vertex -29.9366 14.1754 0
      vertex -31.6219 14.7492 0
    endloop
  endfacet
  facet normal 0 0 -1
    outer loop
      vertex -20.0603 14.8942 0
      vertex -32.7103 38.4649 0
      vertex -31.103 39.5903 0
    endloop
  endfacet
  facet normal 0 0 -1
    outer loop
      vertex -38.8005 29.015 0
      vertex -31.6219 14.7492 0
      vertex -33.1894 15.5312 0
    endloop
  endfacet
  facet normal 0 0 -1
    outer loop
      vertex -20.0603 14.8942 0
      vertex -34.1826 37.1736 0
      vertex -32.7103 38.4649 0
    endloop
  endfacet
  facet normal 0 0 -1
    outer loop
      vertex -38.8005 29.015 0
      vertex -33.1894 15.5312 0
      vertex -34.6143 16.5091 0
    endloop
  endfacet
  facet normal 0 0 -1
    outer loop
      vertex -20.0603 14.8942 0
      vertex -35.4967 35.7368 0
      vertex -34.1826 37.1736 0
    endloop
  endfacet
  facet normal 0 0 -1
    outer loop
      vertex -38.8005 29.015 0
      vertex -34.6143 16.5091 0
      vertex -35.8742 17.6674 0
    endloop
  endfacet
  facet normal 0 0 -1
    outer loop
      vertex -22.5674 14.091 0
      vertex -36.6319 34.1772 0
      vertex -35.4967 35.7368 0
    endloop
  endfacet
  facet normal 0 0 -1
    outer loop
      vertex -38.8005 29.015 0
      vertex -35.8742 17.6674 0
      vertex -36.9492 18.9879 0
    endloop
  endfacet
  facet normal 0 0 -1
    outer loop
      vertex -24.4461 13.7762 0
      vertex -37.5703 32.5195 0
      vertex -36.6319 34.1772 0
    endloop
  endfacet
  facet normal 0 0 -1
    outer loop
      vertex -38.8005 29.015 0
      vertex -36.9492 18.9879 0
      vertex -37.8224 20.4497 0
    endloop
  endfacet
  facet normal 0 0 -1
    outer loop
      vertex -26.3201 13.685 0
      vertex -38.2969 30.7896 0
      vertex -37.5703 32.5195 0
    endloop
  endfacet
  facet normal 0 0 -1
    outer loop
      vertex -38.8005 29.015 0
      vertex -37.8224 20.4497 0
      vertex -38.4799 22.0298 0
    endloop
  endfacet
  facet normal 0 0 -1
    outer loop
      vertex -28.16 13.8187 0
      vertex -38.8005 29.015 0
      vertex -38.2969 30.7896 0
    endloop
  endfacet
  facet normal 0 0 -1
    outer loop
      vertex -38.9115 23.7032 0
      vertex -38.8005 29.015 0
      vertex -38.4799 22.0298 0
    endloop
  endfacet
  facet normal 0 0 -1
    outer loop
      vertex -38.9115 23.7032 0
      vertex -39.073 27.2236 0
      vertex -38.8005 29.015 0
    endloop
  endfacet
  facet normal 0 -0 -1
    outer loop
      vertex -39.073 27.2236 0
      vertex -38.9115 23.7032 0
      vertex -39.1102 25.4436 0
    endloop
  endfacet
  facet normal 0 0 1
    outer loop
      vertex -10.8882 0.213486 2
      vertex -10.6982 -0.088974 2
      vertex -10.6329 0.017746 2
    endloop
  endfacet
  facet normal 0 0 1
    outer loop
      vertex -10.6982 -0.088974 2
      vertex -10.8882 0.213486 2
      vertex -10.7927 -0.200302 2
    endloop
  endfacet
  facet normal 0 0 1
    outer loop
      vertex -10.8882 0.213486 2
      vertex -10.9089 -0.316223 2
      vertex -10.7927 -0.200302 2
    endloop
  endfacet
  facet normal 0 0 1
    outer loop
      vertex -11.3072 0.407898 2
      vertex -10.9089 -0.316223 2
      vertex -10.8882 0.213486 2
    endloop
  endfacet
  facet normal 0 0 1
    outer loop
      vertex -10.9089 -0.316223 2
      vertex -11.3072 0.407898 2
      vertex -11.0391 -0.436752 2
    endloop
  endfacet
  facet normal 0 0 1
    outer loop
      vertex -11.0391 -0.436752 2
      vertex -11.3072 0.407898 2
      vertex -11.1759 -0.56189 2
    endloop
  endfacet
  facet normal 0 0 1
    outer loop
      vertex -11.3072 0.407898 2
      vertex -11.3118 -0.691635 2
      vertex -11.1759 -0.56189 2
    endloop
  endfacet
  facet normal 0 0 1
    outer loop
      vertex -11.8515 0.590485 2
      vertex -11.3118 -0.691635 2
      vertex -11.3072 0.407898 2
    endloop
  endfacet
  facet normal 0 0 1
    outer loop
      vertex -11.3118 -0.691635 2
      vertex -11.8515 0.590485 2
      vertex -11.4391 -0.825989 2
    endloop
  endfacet
  facet normal 0 0 1
    outer loop
      vertex -7.08818 1.5157 2
      vertex -9.54649 0.943909 2
      vertex -9.3204 0.22403 2
    endloop
  endfacet
  facet normal 0 0 1
    outer loop
      vertex -11.003 1.89728 2
      vertex -8.75372 3.93143 2
      vertex -9.99139 4.95955 2
    endloop
  endfacet
  facet normal 0 0 1
    outer loop
      vertex -7.75516 2.77997 2
      vertex -10.1465 1.49457 2
      vertex -9.54649 0.943909 2
    endloop
  endfacet
  facet normal 0 0 1
    outer loop
      vertex -8.75372 3.93143 2
      vertex -11.003 1.89728 2
      vertex -10.1465 1.49457 2
    endloop
  endfacet
  facet normal 0 0 1
    outer loop
      vertex -11.9985 2.1734 2
      vertex -9.99139 4.95955 2
      vertex -11.3757 5.85387 2
    endloop
  endfacet
  facet normal 0 0 1
    outer loop
      vertex -9.99139 4.95955 2
      vertex -11.9985 2.1734 2
      vertex -11.003 1.89728 2
    endloop
  endfacet
  facet normal 0 0 1
    outer loop
      vertex -15.0684 4.31311 2
      vertex -11.3757 5.85387 2
      vertex -12.8141 6.60387 2
    endloop
  endfacet
  facet normal 0 0 1
    outer loop
      vertex -11.3757 5.85387 2
      vertex -13.0157 2.34422 2
      vertex -11.9985 2.1734 2
    endloop
  endfacet
  facet normal 0 0 1
    outer loop
      vertex -11.3757 5.85387 2
      vertex -15.0684 4.31311 2
      vertex -13.0157 2.34422 2
    endloop
  endfacet
  facet normal 0 0 1
    outer loop
      vertex -15.3695 5.14998 2
      vertex -12.8141 6.60387 2
      vertex -14.2141 7.19907 2
    endloop
  endfacet
  facet normal 0 0 1
    outer loop
      vertex -13.0157 2.34422 2
      vertex -15.0684 4.31311 2
      vertex -15.0286 3.98975 2
    endloop
  endfacet
  facet normal -0 -0 1
    outer loop
      vertex -15.0016 3.63655 2
      vertex -13.9371 2.43109 2
      vertex -15.0286 3.98975 2
    endloop
  endfacet
  facet normal 0 0 1
    outer loop
      vertex -14.6453 2.45531 2
      vertex -14.9298 2.63097 2
      vertex -14.9079 2.45531 2
    endloop
  endfacet
  facet normal 0 0 1
    outer loop
      vertex -14.6453 2.45531 2
      vertex -14.9478 2.80431 2
      vertex -14.9298 2.63097 2
    endloop
  endfacet
  facet normal 0 0 1
    outer loop
      vertex -14.6453 2.45531 2
      vertex -14.9625 2.97534 2
      vertex -14.9478 2.80431 2
    endloop
  endfacet
  facet normal 0 0 1
    outer loop
      vertex -13.9371 2.43109 2
      vertex -14.9625 2.97534 2
      vertex -14.6453 2.45531 2
    endloop
  endfacet
  facet normal -0 -0 1
    outer loop
      vertex -14.9625 2.97534 2
      vertex -13.9371 2.43109 2
      vertex -14.9745 3.14409 2
    endloop
  endfacet
  facet normal -0 -0 1
    outer loop
      vertex -14.9745 3.14409 2
      vertex -13.9371 2.43109 2
      vertex -14.9846 3.31053 2
    endloop
  endfacet
  facet normal -0 -0 1
    outer loop
      vertex -14.9846 3.31053 2
      vertex -13.9371 2.43109 2
      vertex -14.9935 3.47469 2
    endloop
  endfacet
  facet normal -0 -0 1
    outer loop
      vertex -14.9935 3.47469 2
      vertex -13.9371 2.43109 2
      vertex -15.0016 3.63655 2
    endloop
  endfacet
  facet normal 0 0 1
    outer loop
      vertex -13.0157 2.34422 2
      vertex -15.0286 3.98975 2
      vertex -13.9371 2.43109 2
    endloop
  endfacet
  facet normal 0 0 1
    outer loop
      vertex -12.8141 6.60387 2
      vertex -15.1315 4.61121 2
      vertex -15.0684 4.31311 2
    endloop
  endfacet
  facet normal 0 0 1
    outer loop
      vertex -15.8266 5.64279 2
      vertex -14.2141 7.19907 2
      vertex -15.1568 7.53537 2
    endloop
  endfacet
  facet normal 0 0 1
    outer loop
      vertex -12.8141 6.60387 2
      vertex -15.2283 4.88863 2
      vertex -15.1315 4.61121 2
    endloop
  endfacet
  facet normal 0 0 1
    outer loop
      vertex -12.8141 6.60387 2
      vertex -15.3695 5.14998 2
      vertex -15.2283 4.88863 2
    endloop
  endfacet
  facet normal 0 0 1
    outer loop
      vertex -14.2141 7.19907 2
      vertex -15.5654 5.39984 2
      vertex -15.3695 5.14998 2
    endloop
  endfacet
  facet normal 0 0 1
    outer loop
      vertex -14.2141 7.19907 2
      vertex -15.8266 5.64279 2
      vertex -15.5654 5.39984 2
    endloop
  endfacet
  facet normal 0 0 1
    outer loop
      vertex -16.0939 7.82082 2
      vertex -15.8266 5.64279 2
      vertex -15.1568 7.53537 2
    endloop
  endfacet
  facet normal 0 0 1
    outer loop
      vertex -17.0337 8.0551 2
      vertex -15.8266 5.64279 2
      vertex -16.0939 7.82082 2
    endloop
  endfacet
  facet normal 0 0 1
    outer loop
      vertex -15.8266 5.64279 2
      vertex -17.0337 8.0551 2
      vertex -15.9967 5.39226 2
    endloop
  endfacet
  facet normal 0 0 1
    outer loop
      vertex -17.9843 8.23788 2
      vertex -15.9967 5.39226 2
      vertex -17.0337 8.0551 2
    endloop
  endfacet
  facet normal 0 0 1
    outer loop
      vertex -15.9967 5.39226 2
      vertex -17.9843 8.23788 2
      vertex -16.1383 5.00232 2
    endloop
  endfacet
  facet normal 0 0 1
    outer loop
      vertex -18.9538 8.36885 2
      vertex -16.1383 5.00232 2
      vertex -17.9843 8.23788 2
    endloop
  endfacet
  facet normal 0 0 1
    outer loop
      vertex -16.1383 5.00232 2
      vertex -18.9538 8.36885 2
      vertex -16.2527 4.53336 2
    endloop
  endfacet
  facet normal 0 -0 1
    outer loop
      vertex -18.5084 1.85419 2
      vertex -16.2527 4.53336 2
      vertex -18.9538 8.36885 2
    endloop
  endfacet
  facet normal 0 0 1
    outer loop
      vertex -16.2527 4.53336 2
      vertex -18.5084 1.85419 2
      vertex -16.3411 4.04568 2
    endloop
  endfacet
  facet normal 0 -0 1
    outer loop
      vertex -17.913 2.0168 2
      vertex -16.3411 4.04568 2
      vertex -18.5084 1.85419 2
    endloop
  endfacet
  facet normal 0 0 1
    outer loop
      vertex -16.4641 3.07401 2
      vertex -17.2468 2.16565 2
      vertex -16.5016 2.30531 2
    endloop
  endfacet
  facet normal 0 0 1
    outer loop
      vertex -16.3411 4.04568 2
      vertex -17.913 2.0168 2
      vertex -16.4049 3.59967 2
    endloop
  endfacet
  facet normal 0 0 1
    outer loop
      vertex -16.4455 3.25566 2
      vertex -17.2468 2.16565 2
      vertex -16.4641 3.07401 2
    endloop
  endfacet
  facet normal 0 -0 1
    outer loop
      vertex -17.2468 2.16565 2
      vertex -16.4455 3.25566 2
      vertex -17.913 2.0168 2
    endloop
  endfacet
  facet normal 0 0 1
    outer loop
      vertex -16.4049 3.59967 2
      vertex -17.913 2.0168 2
      vertex -16.4455 3.25566 2
    endloop
  endfacet
  facet normal 0 0 1
    outer loop
      vertex -19.9507 8.44766 2
      vertex -18.5084 1.85419 2
      vertex -18.9538 8.36885 2
    endloop
  endfacet
  facet normal 0 0 1
    outer loop
      vertex -18.5084 1.85419 2
      vertex -19.9507 8.44766 2
      vertex -19.0411 1.67319 2
    endloop
  endfacet
  facet normal -0 0 1
    outer loop
      vertex -22.2203 7.53658 2
      vertex -19.0411 1.67319 2
      vertex -19.9507 8.44766 2
    endloop
  endfacet
  facet normal 0 0 1
    outer loop
      vertex -19.0411 1.67319 2
      vertex -22.2203 7.53658 2
      vertex -19.5194 1.46924 2
    endloop
  endfacet
  facet normal 0 0 1
    outer loop
      vertex -19.5194 1.46924 2
      vertex -22.2203 7.53658 2
      vertex -19.9514 1.23773 2
    endloop
  endfacet
  facet normal -0 0 1
    outer loop
      vertex -24.2146 6.21724 2
      vertex -19.9514 1.23773 2
      vertex -22.2203 7.53658 2
    endloop
  endfacet
  facet normal -0 0 1
    outer loop
      vertex -24.8029 3.13332 2
      vertex -19.9514 1.23773 2
      vertex -24.2146 6.21724 2
    endloop
  endfacet
  facet normal 0 0 1
    outer loop
      vertex -19.9514 1.23773 2
      vertex -24.8029 3.13332 2
      vertex -20.3453 0.974091 2
    endloop
  endfacet
  facet normal 0 0 1
    outer loop
      vertex -20.3453 0.974091 2
      vertex -24.8029 3.13332 2
      vertex -20.5154 0.847595 2
    endloop
  endfacet
  facet normal 0 0 1
    outer loop
      vertex -20.6566 0.72438 2
      vertex -24.8029 3.13332 2
      vertex -20.77 0.603134 2
    endloop
  endfacet
  facet normal 0 0 1
    outer loop
      vertex -20.77 0.603134 2
      vertex -24.8029 3.13332 2
      vertex -20.8564 0.482529 2
    endloop
  endfacet
  facet normal 0 0 1
    outer loop
      vertex -20.8564 0.482529 2
      vertex -24.8029 3.13332 2
      vertex -20.9169 0.361267 2
    endloop
  endfacet
  facet normal 0 0 1
    outer loop
      vertex -22.2203 7.53658 2
      vertex -19.9507 8.44766 2
      vertex -20.9829 8.47401 2
    endloop
  endfacet
  facet normal -0 0 1
    outer loop
      vertex -9.3204 0.22403 2
      vertex -6.84531 0.149094 2
      vertex -7.08818 1.5157 2
    endloop
  endfacet
  facet normal 0 0 1
    outer loop
      vertex -9.35861 0.0106812 2
      vertex -6.84531 0.149094 2
      vertex -9.3204 0.22403 2
    endloop
  endfacet
  facet normal 0 0 1
    outer loop
      vertex -9.54649 0.943909 2
      vertex -7.08818 1.5157 2
      vertex -7.75516 2.77997 2
    endloop
  endfacet
  facet normal 0 0 1
    outer loop
      vertex -6.84531 0.149094 2
      vertex -9.35861 0.0106812 2
      vertex -7.08813 -1.1064 2
    endloop
  endfacet
  facet normal 0 0 1
    outer loop
      vertex -10.1465 1.49457 2
      vertex -7.75516 2.77997 2
      vertex -8.75372 3.93143 2
    endloop
  endfacet
  facet normal -0 0 1
    outer loop
      vertex -9.46536 -0.229218 2
      vertex -7.08813 -1.1064 2
      vertex -9.35861 0.0106812 2
    endloop
  endfacet
  facet normal 0 0 1
    outer loop
      vertex -7.08813 -1.1064 2
      vertex -9.46536 -0.229218 2
      vertex -7.74095 -2.04277 2
    endloop
  endfacet
  facet normal -0 0 1
    outer loop
      vertex -9.62886 -0.474045 2
      vertex -7.74095 -2.04277 2
      vertex -9.46536 -0.229218 2
    endloop
  endfacet
  facet normal -0 0 1
    outer loop
      vertex -9.8373 -0.702164 2
      vertex -7.74095 -2.04277 2
      vertex -9.62886 -0.474045 2
    endloop
  endfacet
  facet normal 0 0 1
    outer loop
      vertex -7.74095 -2.04277 2
      vertex -9.8373 -0.702164 2
      vertex -8.69026 -2.7059 2
    endloop
  endfacet
  facet normal -0 0 1
    outer loop
      vertex -10.0788 -0.891891 2
      vertex -8.69026 -2.7059 2
      vertex -9.8373 -0.702164 2
    endloop
  endfacet
  facet normal 0 0 1
    outer loop
      vertex -8.69026 -2.7059 2
      vertex -10.0788 -0.891891 2
      vertex -9.8226 -3.14172 2
    endloop
  endfacet
  facet normal -0 0 1
    outer loop
      vertex -10.3417 -1.02162 2
      vertex -9.8226 -3.14172 2
      vertex -10.0788 -0.891891 2
    endloop
  endfacet
  facet normal -0 0 1
    outer loop
      vertex -10.6141 -1.06967 2
      vertex -9.8226 -3.14172 2
      vertex -10.3417 -1.02162 2
    endloop
  endfacet
  facet normal 0 0 1
    outer loop
      vertex -11.0245 -3.39618 2
      vertex -10.6141 -1.06967 2
      vertex -10.7208 -1.06404 2
    endloop
  endfacet
  facet normal 0 0 1
    outer loop
      vertex -11.0245 -3.39618 2
      vertex -10.7208 -1.06404 2
      vertex -10.8433 -1.04759 2
    endloop
  endfacet
  facet normal 0 0 1
    outer loop
      vertex -11.0245 -3.39618 2
      vertex -10.8433 -1.04759 2
      vertex -10.9742 -1.02098 2
    endloop
  endfacet
  facet normal 0 0 1
    outer loop
      vertex -10.6141 -1.06967 2
      vertex -11.0245 -3.39618 2
      vertex -9.8226 -3.14172 2
    endloop
  endfacet
  facet normal 0 0 1
    outer loop
      vertex -11.1065 -0.984863 2
      vertex -11.0245 -3.39618 2
      vertex -10.9742 -1.02098 2
    endloop
  endfacet
  facet normal 0 0 1
    outer loop
      vertex -11.2329 -0.939896 2
      vertex -11.0245 -3.39618 2
      vertex -11.1065 -0.984863 2
    endloop
  endfacet
  facet normal 0 0 1
    outer loop
      vertex -12.1824 -3.51517 2
      vertex -11.2329 -0.939896 2
      vertex -11.3462 -0.886719 2
    endloop
  endfacet
  facet normal 0 0 1
    outer loop
      vertex -12.1824 -3.51517 2
      vertex -11.3462 -0.886719 2
      vertex -11.4391 -0.825989 2
    endloop
  endfacet
  facet normal 0 0 1
    outer loop
      vertex -12.4827 0.750778 2
      vertex -11.4391 -0.825989 2
      vertex -11.8515 0.590485 2
    endloop
  endfacet
  facet normal 0 0 1
    outer loop
      vertex -11.2329 -0.939896 2
      vertex -12.1824 -3.51517 2
      vertex -11.0245 -3.39618 2
    endloop
  endfacet
  facet normal 0 0 1
    outer loop
      vertex -13.1625 0.878265 2
      vertex -11.4391 -0.825989 2
      vertex -12.4827 0.750778 2
    endloop
  endfacet
  facet normal 0 0 1
    outer loop
      vertex -13.8992 -3.50038 2
      vertex -11.4391 -0.825989 2
      vertex -13.1625 0.878265 2
    endloop
  endfacet
  facet normal 0 0 1
    outer loop
      vertex -11.4391 -0.825989 2
      vertex -13.1829 -3.54462 2
      vertex -12.1824 -3.51517 2
    endloop
  endfacet
  facet normal 0 0 1
    outer loop
      vertex -11.4391 -0.825989 2
      vertex -13.3987 -3.54146 2
      vertex -13.1829 -3.54462 2
    endloop
  endfacet
  facet normal 0 0 1
    outer loop
      vertex -11.4391 -0.825989 2
      vertex -13.6398 -3.52846 2
      vertex -13.3987 -3.54146 2
    endloop
  endfacet
  facet normal 0 0 1
    outer loop
      vertex -14.4456 -3.37796 2
      vertex -13.1625 0.878265 2
      vertex -13.8524 0.962448 2
    endloop
  endfacet
  facet normal 0 0 1
    outer loop
      vertex -11.4391 -0.825989 2
      vertex -13.8992 -3.50038 2
      vertex -13.6398 -3.52846 2
    endloop
  endfacet
  facet normal 0 0 1
    outer loop
      vertex -13.1625 0.878265 2
      vertex -14.1701 -3.45197 2
      vertex -13.8992 -3.50038 2
    endloop
  endfacet
  facet normal 0 0 1
    outer loop
      vertex -13.1625 0.878265 2
      vertex -14.4456 -3.37796 2
      vertex -14.1701 -3.45197 2
    endloop
  endfacet
  facet normal 0 0 1
    outer loop
      vertex -14.9828 -3.1322 2
      vertex -13.8524 0.962448 2
      vertex -14.5141 0.992844 2
    endloop
  endfacet
  facet normal 0 0 1
    outer loop
      vertex -14.9828 -3.1322 2
      vertex -14.5141 0.992844 2
      vertex -14.61 0.992798 2
    endloop
  endfacet
  facet normal 0 0 1
    outer loop
      vertex -14.9828 -3.1322 2
      vertex -14.61 0.992798 2
      vertex -14.6911 0.992416 2
    endloop
  endfacet
  facet normal 0 0 1
    outer loop
      vertex -13.8524 0.962448 2
      vertex -14.7188 -3.27313 2
      vertex -14.4456 -3.37796 2
    endloop
  endfacet
  facet normal 0 0 1
    outer loop
      vertex -14.9828 -3.1322 2
      vertex -14.6911 0.992416 2
      vertex -14.7611 0.991379 2
    endloop
  endfacet
  facet normal 0 0 1
    outer loop
      vertex -14.9828 -3.1322 2
      vertex -14.7611 0.991379 2
      vertex -14.8235 0.989349 2
    endloop
  endfacet
  facet normal 0 0 1
    outer loop
      vertex -14.9828 -3.1322 2
      vertex -14.8235 0.989349 2
      vertex -14.882 0.986008 2
    endloop
  endfacet
  facet normal 0 0 1
    outer loop
      vertex -14.9828 -3.1322 2
      vertex -14.882 0.986008 2
      vertex -14.9402 0.981033 2
    endloop
  endfacet
  facet normal 0 0 1
    outer loop
      vertex -13.8524 0.962448 2
      vertex -14.9828 -3.1322 2
      vertex -14.7188 -3.27313 2
    endloop
  endfacet
  facet normal 0 -0 1
    outer loop
      vertex -14.9828 -3.1322 2
      vertex -14.9402 0.981033 2
      vertex -15.0016 0.974091 2
    endloop
  endfacet
  facet normal 0 0 1
    outer loop
      vertex -18.3634 41.7246 2
      vertex -9.18976 30.4563 2
      vertex -9.3885 32.1968 2
    endloop
  endfacet
  facet normal 0 0 1
    outer loop
      vertex -9.18976 30.4563 2
      vertex -18.3634 41.7246 2
      vertex -9.22694 28.6764 2
    endloop
  endfacet
  facet normal 0 0 1
    outer loop
      vertex -18.3634 41.7246 2
      vertex -9.3885 32.1968 2
      vertex -9.82005 33.8702 2
    endloop
  endfacet
  facet normal 0 0 1
    outer loop
      vertex -9.22694 28.6764 2
      vertex -18.3634 41.7246 2
      vertex -9.49947 26.885 2
    endloop
  endfacet
  facet normal 0 0 1
    outer loop
      vertex -18.3634 41.7246 2
      vertex -9.82005 33.8702 2
      vertex -10.4776 35.4503 2
    endloop
  endfacet
  facet normal 0 0 1
    outer loop
      vertex -20.14 42.0812 2
      vertex -9.49947 26.885 2
      vertex -18.3634 41.7246 2
    endloop
  endfacet
  facet normal 0 0 1
    outer loop
      vertex -18.3634 41.7246 2
      vertex -10.4776 35.4503 2
      vertex -11.3507 36.9121 2
    endloop
  endfacet
  facet normal 0 0 1
    outer loop
      vertex -9.49947 26.885 2
      vertex -20.14 42.0812 2
      vertex -10.0031 25.1104 2
    endloop
  endfacet
  facet normal 0 0 1
    outer loop
      vertex -21.9798 42.215 2
      vertex -10.0031 25.1104 2
      vertex -20.14 42.0812 2
    endloop
  endfacet
  facet normal 0 0 1
    outer loop
      vertex -18.3634 41.7246 2
      vertex -11.3507 36.9121 2
      vertex -12.4258 38.2326 2
    endloop
  endfacet
  facet normal 0 -0 1
    outer loop
      vertex -15.1926 8.95778 2
      vertex -11.3926 22.2094 2
      vertex -20.0603 14.8942 2
    endloop
  endfacet
  facet normal 0 0 1
    outer loop
      vertex -18.3634 41.7246 2
      vertex -12.4258 38.2326 2
      vertex -13.6857 39.3909 2
    endloop
  endfacet
  facet normal 0 0 1
    outer loop
      vertex -11.3926 22.2094 2
      vertex -13.5579 8.43661 2
      vertex -12.2098 7.86351 2
    endloop
  endfacet
  facet normal 0 0 1
    outer loop
      vertex -16.6781 41.1508 2
      vertex -13.6857 39.3909 2
      vertex -15.1106 40.3688 2
    endloop
  endfacet
  facet normal 0 0 1
    outer loop
      vertex -11.3926 22.2094 2
      vertex -14.3626 8.70868 2
      vertex -13.5579 8.43661 2
    endloop
  endfacet
  facet normal 0 0 1
    outer loop
      vertex -11.3926 22.2094 2
      vertex -15.1926 8.95778 2
      vertex -14.3626 8.70868 2
    endloop
  endfacet
  facet normal 0 0 1
    outer loop
      vertex -18.3634 41.7246 2
      vertex -13.6857 39.3909 2
      vertex -16.6781 41.1508 2
    endloop
  endfacet
  facet normal 0 0 1
    outer loop
      vertex -15.1926 8.95778 2
      vertex -20.0603 14.8942 2
      vertex -16.034 9.17705 2
    endloop
  endfacet
  facet normal 0 0 1
    outer loop
      vertex -16.034 9.17705 2
      vertex -20.0603 14.8942 2
      vertex -16.8732 9.35957 2
    endloop
  endfacet
  facet normal 0 0 1
    outer loop
      vertex -10.0031 25.1104 2
      vertex -21.9798 42.215 2
      vertex -10.7297 23.3805 2
    endloop
  endfacet
  facet normal 0 0 1
    outer loop
      vertex -16.8732 9.35957 2
      vertex -20.0603 14.8942 2
      vertex -17.6963 9.49847 2
    endloop
  endfacet
  facet normal -0 0 1
    outer loop
      vertex -20.2254 14.6946 2
      vertex -17.6963 9.49847 2
      vertex -20.0603 14.8942 2
    endloop
  endfacet
  facet normal 0 0 1
    outer loop
      vertex -17.6963 9.49847 2
      vertex -20.2254 14.6946 2
      vertex -18.4895 9.58687 2
    endloop
  endfacet
  facet normal 0 0 1
    outer loop
      vertex -18.4895 9.58687 2
      vertex -20.2254 14.6946 2
      vertex -19.2391 9.61786 2
    endloop
  endfacet
  facet normal 0 0 1
    outer loop
      vertex -10.7297 23.3805 2
      vertex -21.9798 42.215 2
      vertex -11.3926 22.2094 2
    endloop
  endfacet
  facet normal -0 0 1
    outer loop
      vertex -23.8539 42.1238 2
      vertex -11.3926 22.2094 2
      vertex -21.9798 42.215 2
    endloop
  endfacet
  facet normal -0 0 1
    outer loop
      vertex -25.7326 41.809 2
      vertex -11.3926 22.2094 2
      vertex -23.8539 42.1238 2
    endloop
  endfacet
  facet normal -0 0 1
    outer loop
      vertex -27.5864 41.2757 2
      vertex -11.3926 22.2094 2
      vertex -25.7326 41.809 2
    endloop
  endfacet
  facet normal -0 0 1
    outer loop
      vertex -29.386 40.5322 2
      vertex -11.3926 22.2094 2
      vertex -27.5864 41.2757 2
    endloop
  endfacet
  facet normal 0 0 1
    outer loop
      vertex -11.3926 22.2094 2
      vertex -29.386 40.5322 2
      vertex -20.0603 14.8942 2
    endloop
  endfacet
  facet normal -0 0 1
    outer loop
      vertex -31.103 39.5903 2
      vertex -20.0603 14.8942 2
      vertex -29.386 40.5322 2
    endloop
  endfacet
  facet normal -0 0 1
    outer loop
      vertex -32.7103 38.4649 2
      vertex -20.0603 14.8942 2
      vertex -31.103 39.5903 2
    endloop
  endfacet
  facet normal -0 0 1
    outer loop
      vertex -34.1826 37.1736 2
      vertex -20.0603 14.8942 2
      vertex -32.7103 38.4649 2
    endloop
  endfacet
  facet normal -0 0 1
    outer loop
      vertex -35.4967 35.7368 2
      vertex -20.0603 14.8942 2
      vertex -34.1826 37.1736 2
    endloop
  endfacet
  facet normal 0 -0 1
    outer loop
      vertex -22.5674 14.091 2
      vertex -20.0603 14.8942 2
      vertex -35.4967 35.7368 2
    endloop
  endfacet
  facet normal 0 0 1
    outer loop
      vertex -20.0603 14.8942 2
      vertex -22.5674 14.091 2
      vertex -20.7136 14.6243 2
    endloop
  endfacet
  facet normal -0 0 1
    outer loop
      vertex -36.6319 34.1772 2
      vertex -22.5674 14.091 2
      vertex -35.4967 35.7368 2
    endloop
  endfacet
  facet normal 0 0 1
    outer loop
      vertex -22.5674 14.091 2
      vertex -36.6319 34.1772 2
      vertex -24.4461 13.7762 2
    endloop
  endfacet
  facet normal -0 0 1
    outer loop
      vertex -37.5703 32.5195 2
      vertex -24.4461 13.7762 2
      vertex -36.6319 34.1772 2
    endloop
  endfacet
  facet normal 0 0 1
    outer loop
      vertex -24.4461 13.7762 2
      vertex -37.5703 32.5195 2
      vertex -26.3201 13.685 2
    endloop
  endfacet
  facet normal -0 0 1
    outer loop
      vertex -38.2969 30.7896 2
      vertex -26.3201 13.685 2
      vertex -37.5703 32.5195 2
    endloop
  endfacet
  facet normal 0 0 1
    outer loop
      vertex -26.3201 13.685 2
      vertex -38.2969 30.7896 2
      vertex -28.16 13.8187 2
    endloop
  endfacet
  facet normal -0 0 1
    outer loop
      vertex -38.8005 29.015 2
      vertex -28.16 13.8187 2
      vertex -38.2969 30.7896 2
    endloop
  endfacet
  facet normal 0 0 1
    outer loop
      vertex -28.16 13.8187 2
      vertex -38.8005 29.015 2
      vertex -29.9366 14.1754 2
    endloop
  endfacet
  facet normal 0 0 1
    outer loop
      vertex -29.9366 14.1754 2
      vertex -38.8005 29.015 2
      vertex -31.6219 14.7492 2
    endloop
  endfacet
  facet normal 0 0 1
    outer loop
      vertex -31.6219 14.7492 2
      vertex -38.8005 29.015 2
      vertex -33.1894 15.5312 2
    endloop
  endfacet
  facet normal 0 0 1
    outer loop
      vertex -33.1894 15.5312 2
      vertex -38.8005 29.015 2
      vertex -34.6143 16.5091 2
    endloop
  endfacet
  facet normal 0 0 1
    outer loop
      vertex -34.6143 16.5091 2
      vertex -38.8005 29.015 2
      vertex -35.8742 17.6674 2
    endloop
  endfacet
  facet normal 0 0 1
    outer loop
      vertex -35.8742 17.6674 2
      vertex -38.8005 29.015 2
      vertex -36.9492 18.9879 2
    endloop
  endfacet
  facet normal 0 0 1
    outer loop
      vertex -36.9492 18.9879 2
      vertex -38.8005 29.015 2
      vertex -37.8224 20.4497 2
    endloop
  endfacet
  facet normal 0 0 1
    outer loop
      vertex -37.8224 20.4497 2
      vertex -38.8005 29.015 2
      vertex -38.4799 22.0298 2
    endloop
  endfacet
  facet normal 0 0 1
    outer loop
      vertex -38.8005 29.015 2
      vertex -38.9115 23.7032 2
      vertex -38.4799 22.0298 2
    endloop
  endfacet
  facet normal -0 0 1
    outer loop
      vertex -39.073 27.2236 2
      vertex -38.9115 23.7032 2
      vertex -38.8005 29.015 2
    endloop
  endfacet
  facet normal 0 0 1
    outer loop
      vertex -38.9115 23.7032 2
      vertex -39.073 27.2236 2
      vertex -39.1102 25.4436 2
    endloop
  endfacet
  facet normal 0 0 1
    outer loop
      vertex -5.86064 4.45155 2
      vertex -5.75412 4.25055 2
      vertex -5.7451 4.29279 2
    endloop
  endfacet
  facet normal 0 0 1
    outer loop
      vertex -5.75412 4.25055 2
      vertex -5.86064 4.45155 2
      vertex -5.76443 4.20502 2
    endloop
  endfacet
  facet normal 0 0 1
    outer loop
      vertex -5.79341 4.06183 2
      vertex -5.96472 4.60768 2
      vertex -5.79913 4.0163 2
    endloop
  endfacet
  facet normal 0 0 1
    outer loop
      vertex -5.96472 4.60768 2
      vertex -5.79341 4.06183 2
      vertex -5.86064 4.45155 2
    endloop
  endfacet
  facet normal 0 0 1
    outer loop
      vertex -5.78506 4.10934 2
      vertex -5.86064 4.45155 2
      vertex -5.79341 4.06183 2
    endloop
  endfacet
  facet normal 0 0 1
    outer loop
      vertex -5.77507 4.1575 2
      vertex -5.86064 4.45155 2
      vertex -5.78506 4.10934 2
    endloop
  endfacet
  facet normal 0 0 1
    outer loop
      vertex -5.76443 4.20502 2
      vertex -5.86064 4.45155 2
      vertex -5.77507 4.1575 2
    endloop
  endfacet
  facet normal 0 0 1
    outer loop
      vertex -4.37633 2.28656 2
      vertex -5.42346 1.80658 2
      vertex -4.46973 1.52747 2
    endloop
  endfacet
  facet normal 0 0 1
    outer loop
      vertex -5.42346 1.80658 2
      vertex -5.13412 3.23824 2
      vertex -5.22366 3.19386 2
    endloop
  endfacet
  facet normal 0 0 1
    outer loop
      vertex -5.42346 1.80658 2
      vertex -5.22366 3.19386 2
      vertex -5.33253 3.16783 2
    endloop
  endfacet
  facet normal 0 0 1
    outer loop
      vertex -5.42346 1.80658 2
      vertex -5.33253 3.16783 2
      vertex -5.41557 3.20267 2
    endloop
  endfacet
  facet normal 0 0 1
    outer loop
      vertex -4.46973 1.52747 2
      vertex -5.42346 1.80658 2
      vertex -5.10165 0.186493 2
    endloop
  endfacet
  facet normal 0 0 1
    outer loop
      vertex -6.2894 3.33417 2
      vertex -5.41557 3.20267 2
      vertex -5.50092 3.27191 2
    endloop
  endfacet
  facet normal -0 0 1
    outer loop
      vertex -6.2894 3.33417 2
      vertex -5.50092 3.27191 2
      vertex -5.58397 3.371 2
    endloop
  endfacet
  facet normal 0 0 1
    outer loop
      vertex -6.2894 3.33417 2
      vertex -5.58397 3.371 2
      vertex -5.66011 3.49535 2
    endloop
  endfacet
  facet normal 0 0 1
    outer loop
      vertex -6.2894 3.33417 2
      vertex -5.66011 3.49535 2
      vertex -5.72478 3.64037 2
    endloop
  endfacet
  facet normal 0 0 1
    outer loop
      vertex -6.2894 3.33417 2
      vertex -5.72478 3.64037 2
      vertex -5.77336 3.80147 2
    endloop
  endfacet
  facet normal 0 0 1
    outer loop
      vertex -6.2894 3.33417 2
      vertex -5.79913 4.0163 2
      vertex -5.96472 4.60768 2
    endloop
  endfacet
  facet normal 0 0 1
    outer loop
      vertex -5.79913 4.0163 2
      vertex -6.2894 3.33417 2
      vertex -5.80125 3.97406 2
    endloop
  endfacet
  facet normal 0 0 1
    outer loop
      vertex -5.80125 3.97406 2
      vertex -6.2894 3.33417 2
      vertex -5.77336 3.80147 2
    endloop
  endfacet
  facet normal -0 0 1
    outer loop
      vertex -7.55023 4.73645 2
      vertex -5.96472 4.60768 2
      vertex -6.05502 4.76315 2
    endloop
  endfacet
  facet normal 0 0 1
    outer loop
      vertex -7.55023 4.73645 2
      vertex -6.05502 4.76315 2
      vertex -6.12926 4.91994 2
    endloop
  endfacet
  facet normal 0 0 1
    outer loop
      vertex -7.55023 4.73645 2
      vertex -6.12926 4.91994 2
      vertex -6.18512 5.08002 2
    endloop
  endfacet
  facet normal 0 0 1
    outer loop
      vertex -5.41557 3.20267 2
      vertex -6.2894 3.33417 2
      vertex -5.42346 1.80658 2
    endloop
  endfacet
  facet normal 0 0 1
    outer loop
      vertex -7.55023 4.73645 2
      vertex -6.18512 5.08002 2
      vertex -6.22034 5.24533 2
    endloop
  endfacet
  facet normal 0 0 1
    outer loop
      vertex -7.55023 4.73645 2
      vertex -6.22034 5.24533 2
      vertex -6.23257 5.41788 2
    endloop
  endfacet
  facet normal -0 0 1
    outer loop
      vertex -21.9077 12.0438 2
      vertex -19.2391 9.61786 2
      vertex -20.2254 14.6946 2
    endloop
  endfacet
  facet normal 0 0 1
    outer loop
      vertex -19.2391 9.61786 2
      vertex -21.9077 12.0438 2
      vertex -19.8864 9.60867 2
    endloop
  endfacet
  facet normal 0 0 1
    outer loop
      vertex -19.8864 9.60867 2
      vertex -21.9077 12.0438 2
      vertex -20.6635 9.56274 2
    endloop
  endfacet
  facet normal 0 0 1
    outer loop
      vertex -20.6635 9.56274 2
      vertex -21.9077 12.0438 2
      vertex -21.487 9.45253 2
    endloop
  endfacet
  facet normal 0 0 1
    outer loop
      vertex -21.9077 12.0438 2
      vertex -22.273 9.25047 2
      vertex -21.487 9.45253 2
    endloop
  endfacet
  facet normal 0 0 1
    outer loop
      vertex -23.2444 9.20311 2
      vertex -22.273 9.25047 2
      vertex -21.9077 12.0438 2
    endloop
  endfacet
  facet normal 0 0 1
    outer loop
      vertex -22.273 9.25047 2
      vertex -23.2444 9.20311 2
      vertex -22.938 8.92903 2
    endloop
  endfacet
  facet normal 0 0 1
    outer loop
      vertex -23.2444 9.20311 2
      vertex -23.3983 8.46065 2
      vertex -22.938 8.92903 2
    endloop
  endfacet
  facet normal 0 0 1
    outer loop
      vertex -24.2146 6.21724 2
      vertex -23.3983 8.46065 2
      vertex -23.2444 9.20311 2
    endloop
  endfacet
  facet normal 0 0 1
    outer loop
      vertex -23.3983 8.46065 2
      vertex -24.2146 6.21724 2
      vertex -23.5703 7.81778 2
    endloop
  endfacet
  facet normal 0 0 1
    outer loop
      vertex -21.4205 8.46353 2
      vertex -22.1476 7.71062 2
      vertex -22.1454 7.68655 2
    endloop
  endfacet
  facet normal 0 0 1
    outer loop
      vertex -21.8621 8.42682 2
      vertex -22.1541 7.73434 2
      vertex -22.1476 7.71062 2
    endloop
  endfacet
  facet normal 0 0 1
    outer loop
      vertex -21.8621 8.42682 2
      vertex -22.1646 7.7574 2
      vertex -22.1541 7.73434 2
    endloop
  endfacet
  facet normal 0 0 1
    outer loop
      vertex -21.8621 8.42682 2
      vertex -22.1786 7.77948 2
      vertex -22.1646 7.7574 2
    endloop
  endfacet
  facet normal 0 0 1
    outer loop
      vertex -21.8621 8.42682 2
      vertex -22.1959 7.80025 2
      vertex -22.1786 7.77948 2
    endloop
  endfacet
  facet normal 0 0 1
    outer loop
      vertex -22.0827 8.39616 2
      vertex -22.2162 7.81937 2
      vertex -22.1959 7.80025 2
    endloop
  endfacet
  facet normal 0 0 1
    outer loop
      vertex -22.0827 8.39616 2
      vertex -22.2391 7.83653 2
      vertex -22.2162 7.81937 2
    endloop
  endfacet
  facet normal -0 0 1
    outer loop
      vertex -22.3023 8.35597 2
      vertex -22.2391 7.83653 2
      vertex -22.0827 8.39616 2
    endloop
  endfacet
  facet normal 0 0 1
    outer loop
      vertex -22.2391 7.83653 2
      vertex -22.3023 8.35597 2
      vertex -22.3022 7.85498 2
    endloop
  endfacet
  facet normal 0 0 1
    outer loop
      vertex -22.3023 8.35597 2
      vertex -22.4132 7.87833 2
      vertex -22.3022 7.85498 2
    endloop
  endfacet
  facet normal -0 0 1
    outer loop
      vertex -22.5203 8.30527 2
      vertex -22.4132 7.87833 2
      vertex -22.3023 8.35597 2
    endloop
  endfacet
  facet normal 0 0 1
    outer loop
      vertex -22.5203 8.30527 2
      vertex -22.551 7.90694 2
      vertex -22.4132 7.87833 2
    endloop
  endfacet
  facet normal -0 0 1
    outer loop
      vertex -22.6446 8.27315 2
      vertex -22.551 7.90694 2
      vertex -22.5203 8.30527 2
    endloop
  endfacet
  facet normal 0 0 1
    outer loop
      vertex -22.6446 8.27315 2
      vertex -22.6948 7.94112 2
      vertex -22.551 7.90694 2
    endloop
  endfacet
  facet normal -0 0 1
    outer loop
      vertex -22.7453 8.24101 2
      vertex -22.6948 7.94112 2
      vertex -22.6446 8.27315 2
    endloop
  endfacet
  facet normal 0 0 1
    outer loop
      vertex -22.7453 8.24101 2
      vertex -22.8235 7.9812 2
      vertex -22.6948 7.94112 2
    endloop
  endfacet
  facet normal -0 0 1
    outer loop
      vertex -22.8239 8.20888 2
      vertex -22.8235 7.9812 2
      vertex -22.7453 8.24101 2
    endloop
  endfacet
  facet normal -0 0 1
    outer loop
      vertex -22.8823 8.17674 2
      vertex -22.8235 7.9812 2
      vertex -22.8239 8.20888 2
    endloop
  endfacet
  facet normal 0 0 1
    outer loop
      vertex -22.8823 8.17674 2
      vertex -22.9161 8.0275 2
      vertex -22.8235 7.9812 2
    endloop
  endfacet
  facet normal -0 0 1
    outer loop
      vertex -22.9219 8.14459 2
      vertex -22.9161 8.0275 2
      vertex -22.8823 8.17674 2
    endloop
  endfacet
  facet normal -0 0 1
    outer loop
      vertex -22.9445 8.11247 2
      vertex -22.9161 8.0275 2
      vertex -22.9219 8.14459 2
    endloop
  endfacet
  facet normal 0 0 1
    outer loop
      vertex -22.9161 8.0275 2
      vertex -22.9445 8.11247 2
      vertex -22.9516 8.08035 2
    endloop
  endfacet
  facet normal 0 0 1
    outer loop
      vertex -1.80527 -2.659 2
      vertex -3.27843 -2.6716 2
      vertex -3.27 -3.31972 2
    endloop
  endfacet
  facet normal 0 0 1
    outer loop
      vertex -2.4212 0.580292 2
      vertex -3.30064 -2.01497 2
      vertex -3.27843 -2.6716 2
    endloop
  endfacet
  facet normal 0 0 1
    outer loop
      vertex -2.4212 0.580292 2
      vertex -3.33203 -1.35275 2
      vertex -3.30064 -2.01497 2
    endloop
  endfacet
  facet normal 0 0 1
    outer loop
      vertex -2.4212 0.580292 2
      vertex -3.40399 -0.0233917 2
      vertex -3.33203 -1.35275 2
    endloop
  endfacet
  facet normal 0 0 1
    outer loop
      vertex -2.4212 0.580292 2
      vertex -3.43536 0.637817 2
      vertex -3.40399 -0.0233917 2
    endloop
  endfacet
  facet normal 0 0 1
    outer loop
      vertex -2.4212 0.580292 2
      vertex -3.45752 1.29282 2
      vertex -3.43536 0.637817 2
    endloop
  endfacet
  facet normal 0 0 1
    outer loop
      vertex -2.22337 1.24017 2
      vertex -3.45752 1.29282 2
      vertex -2.4212 0.580292 2
    endloop
  endfacet
  facet normal -0 -0 1
    outer loop
      vertex -3.45752 1.29282 2
      vertex -2.22337 1.24017 2
      vertex -3.47858 1.57851 2
    endloop
  endfacet
  facet normal 0 0 1
    outer loop
      vertex -2.99356 3.58218 2
      vertex -3.57811 2.02881 2
      vertex -3.51572 1.82416 2
    endloop
  endfacet
  facet normal 0 0 1
    outer loop
      vertex -3.67494 2.19148 2
      vertex -2.99356 3.58218 2
      vertex -3.58888 3.48657 2
    endloop
  endfacet
  facet normal 0 0 1
    outer loop
      vertex -2.99356 3.58218 2
      vertex -3.67494 2.19148 2
      vertex -3.57811 2.02881 2
    endloop
  endfacet
  facet normal 0 0 1
    outer loop
      vertex -3.81538 2.31119 2
      vertex -3.58888 3.48657 2
      vertex -3.75464 3.49002 2
    endloop
  endfacet
  facet normal 0 0 1
    outer loop
      vertex -3.58888 3.48657 2
      vertex -3.81538 2.31119 2
      vertex -3.67494 2.19148 2
    endloop
  endfacet
  facet normal 0 0 1
    outer loop
      vertex -4.00864 2.38695 2
      vertex -3.75464 3.49002 2
      vertex -3.92796 3.50035 2
    endloop
  endfacet
  facet normal 0 0 1
    outer loop
      vertex -3.75464 3.49002 2
      vertex -4.00864 2.38695 2
      vertex -3.81538 2.31119 2
    endloop
  endfacet
  facet normal 0 0 1
    outer loop
      vertex -4.10492 3.51758 2
      vertex -4.00864 2.38695 2
      vertex -3.92796 3.50035 2
    endloop
  endfacet
  facet normal 0 0 1
    outer loop
      vertex -4.10492 3.51758 2
      vertex -4.26387 2.41777 2
      vertex -4.00864 2.38695 2
    endloop
  endfacet
  facet normal 0 0 1
    outer loop
      vertex -4.28156 3.54169 2
      vertex -4.26387 2.41777 2
      vertex -4.10492 3.51758 2
    endloop
  endfacet
  facet normal 0 0 1
    outer loop
      vertex -4.28156 3.54169 2
      vertex -4.29271 2.41542 2
      vertex -4.26387 2.41777 2
    endloop
  endfacet
  facet normal 0 0 1
    outer loop
      vertex -4.45393 3.57269 2
      vertex -4.29271 2.41542 2
      vertex -4.28156 3.54169 2
    endloop
  endfacet
  facet normal 0 0 1
    outer loop
      vertex -4.29271 2.41542 2
      vertex -4.45393 3.57269 2
      vertex -4.31566 2.40814 2
    endloop
  endfacet
  facet normal -0 0 1
    outer loop
      vertex -4.98949 3.37291 2
      vertex -4.31566 2.40814 2
      vertex -4.45393 3.57269 2
    endloop
  endfacet
  facet normal -0 0 1
    outer loop
      vertex -5.05803 3.29869 2
      vertex -4.31566 2.40814 2
      vertex -4.98949 3.37291 2
    endloop
  endfacet
  facet normal 0 0 1
    outer loop
      vertex -4.31566 2.40814 2
      vertex -5.05803 3.29869 2
      vertex -4.33368 2.39563 2
    endloop
  endfacet
  facet normal -0 0 1
    outer loop
      vertex -5.13412 3.23824 2
      vertex -4.33368 2.39563 2
      vertex -5.05803 3.29869 2
    endloop
  endfacet
  facet normal 0 0 1
    outer loop
      vertex -4.33368 2.39563 2
      vertex -5.13412 3.23824 2
      vertex -4.34778 2.37753 2
    endloop
  endfacet
  facet normal 0 0 1
    outer loop
      vertex -4.34778 2.37753 2
      vertex -5.13412 3.23824 2
      vertex -4.35893 2.35355 2
    endloop
  endfacet
  facet normal 0 0 1
    outer loop
      vertex -5.42346 1.80658 2
      vertex -4.36812 2.32332 2
      vertex -5.13412 3.23824 2
    endloop
  endfacet
  facet normal 0 0 1
    outer loop
      vertex -4.36812 2.32332 2
      vertex -5.42346 1.80658 2
      vertex -4.37633 2.28656 2
    endloop
  endfacet
  facet normal 0 0 1
    outer loop
      vertex -4.92258 3.45862 2
      vertex -4.45393 3.57269 2
      vertex -4.6181 3.61057 2
    endloop
  endfacet
  facet normal 0 0 1
    outer loop
      vertex -4.85143 3.55351 2
      vertex -4.6181 3.61057 2
      vertex -4.77013 3.65532 2
    endloop
  endfacet
  facet normal 0 0 1
    outer loop
      vertex -4.59818 0.31958 2
      vertex -5.10165 0.186493 2
      vertex -4.63846 -0.132477 2
    endloop
  endfacet
  facet normal 0 0 1
    outer loop
      vertex -4.63846 -0.132477 2
      vertex -5.10165 0.186493 2
      vertex -4.66629 -0.485504 2
    endloop
  endfacet
  facet normal 0 0 1
    outer loop
      vertex -5.31517 -1.16734 2
      vertex -4.66629 -0.485504 2
      vertex -5.10165 0.186493 2
    endloop
  endfacet
  facet normal 0 0 1
    outer loop
      vertex -4.66629 -0.485504 2
      vertex -5.31517 -1.16734 2
      vertex -4.6843 -0.741104 2
    endloop
  endfacet
  facet normal 0 0 1
    outer loop
      vertex -4.6843 -0.741104 2
      vertex -5.31517 -1.16734 2
      vertex -4.69507 -0.900909 2
    endloop
  endfacet
  facet normal 0 0 1
    outer loop
      vertex -4.69507 -0.900909 2
      vertex -5.31517 -1.16734 2
      vertex -4.71001 -1.27269 2
    endloop
  endfacet
  facet normal 0 0 1
    outer loop
      vertex -4.71001 -1.27269 2
      vertex -5.31517 -1.16734 2
      vertex -4.73297 -1.79189 2
    endloop
  endfacet
  facet normal 0 0 1
    outer loop
      vertex -4.73297 -1.79189 2
      vertex -5.90981 -2.30571 2
      vertex -4.74103 -2.00623 2
    endloop
  endfacet
  facet normal 0 0 1
    outer loop
      vertex -5.90981 -2.30571 2
      vertex -4.73297 -1.79189 2
      vertex -5.31517 -1.16734 2
    endloop
  endfacet
  facet normal 0 0 1
    outer loop
      vertex -4.92258 3.45862 2
      vertex -4.6181 3.61057 2
      vertex -4.85143 3.55351 2
    endloop
  endfacet
  facet normal 0 0 1
    outer loop
      vertex 2.67986 -1.18608 2
      vertex 2.6469 -1.71819 2
      vertex 2.79126 -1.4447 2
    endloop
  endfacet
  facet normal 0 0 1
    outer loop
      vertex 2.03705 -1.43546 2
      vertex 2.67986 -1.18608 2
      vertex 2.38216 -0.971405 2
    endloop
  endfacet
  facet normal 0 -0 1
    outer loop
      vertex 2.04121 -1.46346 2
      vertex 2.67986 -1.18608 2
      vertex 2.04012 -1.44847 2
    endloop
  endfacet
  facet normal -0 0 1
    outer loop
      vertex 2.04012 -1.48639 2
      vertex 2.6469 -1.71819 2
      vertex 2.04121 -1.46346 2
    endloop
  endfacet
  facet normal 0 0 1
    outer loop
      vertex 2.67986 -1.18608 2
      vertex 2.04121 -1.46346 2
      vertex 2.6469 -1.71819 2
    endloop
  endfacet
  facet normal 0 0 1
    outer loop
      vertex 2.67986 -1.18608 2
      vertex 2.03705 -1.43546 2
      vertex 2.04012 -1.44847 2
    endloop
  endfacet
  facet normal 0 0 1
    outer loop
      vertex 2.38216 -0.971405 2
      vertex 2.03235 -1.42407 2
      vertex 2.03705 -1.43546 2
    endloop
  endfacet
  facet normal 0 0 1
    outer loop
      vertex 2.38216 -0.971405 2
      vertex 2.02635 -1.414 2
      vertex 2.03235 -1.42407 2
    endloop
  endfacet
  facet normal 0 0 1
    outer loop
      vertex 2.38216 -0.971405 2
      vertex 2.01938 -1.40492 2
      vertex 2.02635 -1.414 2
    endloop
  endfacet
  facet normal 0 0 1
    outer loop
      vertex 2.38216 -0.971405 2
      vertex 2.01175 -1.3965 2
      vertex 2.01938 -1.40492 2
    endloop
  endfacet
  facet normal 0 0 1
    outer loop
      vertex 2.38216 -0.971405 2
      vertex 2.00381 -1.3884 2
      vertex 2.01175 -1.3965 2
    endloop
  endfacet
  facet normal 0 0 1
    outer loop
      vertex 1.95294 -0.798706 2
      vertex 2.00381 -1.3884 2
      vertex 2.38216 -0.971405 2
    endloop
  endfacet
  facet normal 0 0 1
    outer loop
      vertex 1.95294 -0.798706 2
      vertex 1.66515 -1.23225 2
      vertex 2.00381 -1.3884 2
    endloop
  endfacet
  facet normal 0 0 1
    outer loop
      vertex 1.44696 -0.666031 2
      vertex 1.66515 -1.23225 2
      vertex 1.95294 -0.798706 2
    endloop
  endfacet
  facet normal 0 0 1
    outer loop
      vertex 1.44696 -0.666031 2
      vertex 1.3127 -1.10103 2
      vertex 1.66515 -1.23225 2
    endloop
  endfacet
  facet normal 0 0 1
    outer loop
      vertex 1.44696 -0.666031 2
      vertex 0.953384 -0.994385 2
      vertex 1.3127 -1.10103 2
    endloop
  endfacet
  facet normal 0 0 1
    outer loop
      vertex 0.918991 -0.571411 2
      vertex 0.953384 -0.994385 2
      vertex 1.44696 -0.666031 2
    endloop
  endfacet
  facet normal 0 0 1
    outer loop
      vertex 0.918991 -0.571411 2
      vertex 0.594086 -0.912018 2
      vertex 0.953384 -0.994385 2
    endloop
  endfacet
  facet normal 0 0 1
    outer loop
      vertex 0.423828 -0.512878 2
      vertex 0.594086 -0.912018 2
      vertex 0.918991 -0.571411 2
    endloop
  endfacet
  facet normal 0 0 1
    outer loop
      vertex 0.423828 -0.512878 2
      vertex 0.241653 -0.853577 2
      vertex 0.594086 -0.912018 2
    endloop
  endfacet
  facet normal 0 0 1
    outer loop
      vertex 0.0162048 -0.488495 2
      vertex 0.241653 -0.853577 2
      vertex 0.423828 -0.512878 2
    endloop
  endfacet
  facet normal 0 0 1
    outer loop
      vertex 0.0162048 -0.488495 2
      vertex -0.0969696 -0.818756 2
      vertex 0.241653 -0.853577 2
    endloop
  endfacet
  facet normal 0 0 1
    outer loop
      vertex 0.0162048 -0.488495 2
      vertex -0.414963 -0.80722 2
      vertex -0.0969696 -0.818756 2
    endloop
  endfacet
  facet normal 0 0 1
    outer loop
      vertex -0.797714 -0.452881 2
      vertex -0.414963 -0.80722 2
      vertex 0.0162048 -0.488495 2
    endloop
  endfacet
  facet normal 0 0 1
    outer loop
      vertex -0.414963 -0.80722 2
      vertex -0.797714 -0.452881 2
      vertex -0.745651 -0.823395 2
    endloop
  endfacet
  facet normal 0 0 1
    outer loop
      vertex -0.797714 -0.452881 2
      vertex -1.08125 -0.876968 2
      vertex -0.745651 -0.823395 2
    endloop
  endfacet
  facet normal 0 0 1
    outer loop
      vertex -1.40996 -0.389725 2
      vertex -1.08125 -0.876968 2
      vertex -0.797714 -0.452881 2
    endloop
  endfacet
  facet normal 0 0 1
    outer loop
      vertex -1.08125 -0.876968 2
      vertex -1.40996 -0.389725 2
      vertex -1.40143 -0.975464 2
    endloop
  endfacet
  facet normal 0 0 1
    outer loop
      vertex -1.84834 -0.292145 2
      vertex -1.40143 -0.975464 2
      vertex -1.40996 -0.389725 2
    endloop
  endfacet
  facet normal 0 0 1
    outer loop
      vertex -1.40143 -0.975464 2
      vertex -1.84834 -0.292145 2
      vertex -1.68584 -1.12643 2
    endloop
  endfacet
  facet normal 0 0 1
    outer loop
      vertex -1.84834 -0.292145 2
      vertex -1.91417 -1.33743 2
      vertex -1.68584 -1.12643 2
    endloop
  endfacet
  facet normal 0 0 1
    outer loop
      vertex -2.14079 -0.153229 2
      vertex -1.91417 -1.33743 2
      vertex -1.84834 -0.292145 2
    endloop
  endfacet
  facet normal 0 0 1
    outer loop
      vertex -2.31517 0.0338745 2
      vertex -2.06609 -1.61601 2
      vertex -2.14079 -0.153229 2
    endloop
  endfacet
  facet normal 0 0 1
    outer loop
      vertex -1.91417 -1.33743 2
      vertex -2.14079 -0.153229 2
      vertex -2.06609 -1.61601 2
    endloop
  endfacet
  facet normal -0 0 1
    outer loop
      vertex 2.03705 -1.50703 2
      vertex 2.6469 -1.71819 2
      vertex 2.04012 -1.48639 2
    endloop
  endfacet
  facet normal -0 0 1
    outer loop
      vertex 2.03235 -1.52539 2
      vertex 2.6469 -1.71819 2
      vertex 2.03705 -1.50703 2
    endloop
  endfacet
  facet normal 0 0 1
    outer loop
      vertex 2.6469 -1.71819 2
      vertex 2.03235 -1.52539 2
      vertex 2.26997 -1.9451 2
    endloop
  endfacet
  facet normal -0 0 1
    outer loop
      vertex 2.02635 -1.54146 2
      vertex 2.26997 -1.9451 2
      vertex 2.03235 -1.52539 2
    endloop
  endfacet
  facet normal -0 0 1
    outer loop
      vertex 2.01938 -1.55524 2
      vertex 2.26997 -1.9451 2
      vertex 2.02635 -1.54146 2
    endloop
  endfacet
  facet normal -0 0 1
    outer loop
      vertex 2.01175 -1.56673 2
      vertex 2.26997 -1.9451 2
      vertex 2.01938 -1.55524 2
    endloop
  endfacet
  facet normal -0 0 1
    outer loop
      vertex 2.00381 -1.57591 2
      vertex 2.26997 -1.9451 2
      vertex 2.01175 -1.56673 2
    endloop
  endfacet
  facet normal -0 0 1
    outer loop
      vertex 1.92194 -1.64392 2
      vertex 2.26997 -1.9451 2
      vertex 2.00381 -1.57591 2
    endloop
  endfacet
  facet normal -0 0 1
    outer loop
      vertex 1.80826 -1.71585 2
      vertex 2.26997 -1.9451 2
      vertex 1.92194 -1.64392 2
    endloop
  endfacet
  facet normal 0 0 1
    outer loop
      vertex 1.80826 -1.71585 2
      vertex 1.7448 -2.12708 2
      vertex 2.26997 -1.9451 2
    endloop
  endfacet
  facet normal -0 0 1
    outer loop
      vertex 1.66771 -1.78648 2
      vertex 1.7448 -2.12708 2
      vertex 1.80826 -1.71585 2
    endloop
  endfacet
  facet normal -0 0 1
    outer loop
      vertex 1.50519 -1.85057 2
      vertex 1.7448 -2.12708 2
      vertex 1.66771 -1.78648 2
    endloop
  endfacet
  facet normal -0 0 1
    outer loop
      vertex 1.32562 -1.90283 2
      vertex 1.7448 -2.12708 2
      vertex 1.50519 -1.85057 2
    endloop
  endfacet
  facet normal 0 0 1
    outer loop
      vertex 1.32562 -1.90283 2
      vertex 1.15567 -2.26575 2
      vertex 1.7448 -2.12708 2
    endloop
  endfacet
  facet normal -0 0 1
    outer loop
      vertex 1.13393 -1.93803 2
      vertex 1.15567 -2.26575 2
      vertex 1.32562 -1.90283 2
    endloop
  endfacet
  facet normal -0 0 1
    outer loop
      vertex 0.935013 -1.95094 2
      vertex 1.15567 -2.26575 2
      vertex 1.13393 -1.93803 2
    endloop
  endfacet
  facet normal 0 0 1
    outer loop
      vertex 0.586868 -2.36278 2
      vertex 0.935013 -1.95094 2
      vertex 0.690002 -1.92603 2
    endloop
  endfacet
  facet normal 0 0 1
    outer loop
      vertex 0.935013 -1.95094 2
      vertex 0.586868 -2.36278 2
      vertex 1.15567 -2.26575 2
    endloop
  endfacet
  facet normal 0 0 1
    outer loop
      vertex 0.423676 -1.86174 2
      vertex 0.586868 -2.36278 2
      vertex 0.690002 -1.92603 2
    endloop
  endfacet
  facet normal 0 0 1
    outer loop
      vertex 0.122696 -2.41978 2
      vertex 0.423676 -1.86174 2
      vertex 0.139969 -1.77385 2
    endloop
  endfacet
  facet normal 0 0 1
    outer loop
      vertex 0.423676 -1.86174 2
      vertex 0.122696 -2.41978 2
      vertex 0.586868 -2.36278 2
    endloop
  endfacet
  facet normal 0 0 1
    outer loop
      vertex 0.139969 -1.77385 2
      vertex -0.152527 -2.43843 2
      vertex 0.122696 -2.41978 2
    endloop
  endfacet
  facet normal 0 0 1
    outer loop
      vertex -0.157166 -1.67809 2
      vertex -0.152527 -2.43843 2
      vertex 0.139969 -1.77385 2
    endloop
  endfacet
  facet normal 0 0 1
    outer loop
      vertex -0.157166 -1.67809 2
      vertex -0.449188 -2.43706 2
      vertex -0.152527 -2.43843 2
    endloop
  endfacet
  facet normal 0 0 1
    outer loop
      vertex -0.463821 -1.59019 2
      vertex -0.449188 -2.43706 2
      vertex -0.157166 -1.67809 2
    endloop
  endfacet
  facet normal 0 0 1
    outer loop
      vertex -0.463821 -1.59019 2
      vertex -0.74881 -2.42749 2
      vertex -0.449188 -2.43706 2
    endloop
  endfacet
  facet normal 0 0 1
    outer loop
      vertex -0.776077 -1.52591 2
      vertex -0.74881 -2.42749 2
      vertex -0.463821 -1.59019 2
    endloop
  endfacet
  facet normal 0 0 1
    outer loop
      vertex -0.776077 -1.52591 2
      vertex -1.03366 -2.40154 2
      vertex -0.74881 -2.42749 2
    endloop
  endfacet
  facet normal 0 0 1
    outer loop
      vertex -1.08997 -1.50099 2
      vertex -1.03366 -2.40154 2
      vertex -0.776077 -1.52591 2
    endloop
  endfacet
  facet normal 0 0 1
    outer loop
      vertex -1.28606 -2.35097 2
      vertex -1.08997 -1.50099 2
      vertex -1.20485 -1.50531 2
    endloop
  endfacet
  facet normal 0 0 1
    outer loop
      vertex -1.08997 -1.50099 2
      vertex -1.28606 -2.35097 2
      vertex -1.03366 -2.40154 2
    endloop
  endfacet
  facet normal -0 0 1
    outer loop
      vertex -1.32004 -1.52174 2
      vertex -1.28606 -2.35097 2
      vertex -1.20485 -1.50531 2
    endloop
  endfacet
  facet normal 0 0 1
    outer loop
      vertex -1.48827 -2.26761 2
      vertex -1.32004 -1.52174 2
      vertex -1.429 -1.55557 2
    endloop
  endfacet
  facet normal 0 0 1
    outer loop
      vertex -1.32004 -1.52174 2
      vertex -1.48827 -2.26761 2
      vertex -1.28606 -2.35097 2
    endloop
  endfacet
  facet normal 0 0 1
    outer loop
      vertex -1.65286 -1.81384 2
      vertex -1.429 -1.55557 2
      vertex -1.52516 -1.61203 2
    endloop
  endfacet
  facet normal 0 0 1
    outer loop
      vertex -1.65286 -1.81384 2
      vertex -1.52516 -1.61203 2
      vertex -1.60196 -1.69637 2
    endloop
  endfacet
  facet normal 0 0 1
    outer loop
      vertex -1.429 -1.55557 2
      vertex -1.65286 -1.81384 2
      vertex -1.48827 -2.26761 2
    endloop
  endfacet
  facet normal -0 0 1
    outer loop
      vertex -1.67128 -1.96971 2
      vertex -1.48827 -2.26761 2
      vertex -1.65286 -1.81384 2
    endloop
  endfacet
  facet normal 0 0 1
    outer loop
      vertex -1.48827 -2.26761 2
      vertex -1.67128 -1.96971 2
      vertex -1.62257 -2.14326 2
    endloop
  endfacet
  facet normal -0 0 1
    outer loop
      vertex 3.5038 1.44281 2
      vertex 4.6741 0.551941 2
      vertex 3.59056 1.47852 2
    endloop
  endfacet
  facet normal 0 0 1
    outer loop
      vertex 4.48338 -0.287476 2
      vertex 3.62009 -0.959518 2
      vertex 3.72871 -1.61345 2
    endloop
  endfacet
  facet normal -0 0 1
    outer loop
      vertex 3.43016 1.42575 2
      vertex 4.6741 0.551941 2
      vertex 3.5038 1.44281 2
    endloop
  endfacet
  facet normal 0 0 1
    outer loop
      vertex 4.6741 0.551941 2
      vertex 3.32355 -0.487305 2
      vertex 4.48338 -0.287476 2
    endloop
  endfacet
  facet normal 0 0 1
    outer loop
      vertex 4.6741 0.551941 2
      vertex 3.43016 1.42575 2
      vertex 3.32355 -0.487305 2
    endloop
  endfacet
  facet normal 0 0 1
    outer loop
      vertex 2.88303 -0.164993 2
      vertex 3.43016 1.42575 2
      vertex 3.34175 1.40738 2
    endloop
  endfacet
  facet normal 0 0 1
    outer loop
      vertex 4.48338 -0.287476 2
      vertex 3.32355 -0.487305 2
      vertex 3.62009 -0.959518 2
    endloop
  endfacet
  facet normal 0 0 1
    outer loop
      vertex 2.88303 -0.164993 2
      vertex 3.34175 1.40738 2
      vertex 3.24449 1.3887 2
    endloop
  endfacet
  facet normal 0 0 1
    outer loop
      vertex 2.88303 -0.164993 2
      vertex 3.24449 1.3887 2
      vertex 3.14427 1.37067 2
    endloop
  endfacet
  facet normal 0 0 1
    outer loop
      vertex 2.88303 -0.164993 2
      vertex 3.14427 1.37067 2
      vertex 3.047 1.35428 2
    endloop
  endfacet
  facet normal 0 0 1
    outer loop
      vertex 2.88303 -0.164993 2
      vertex 3.047 1.35428 2
      vertex 2.95859 1.34052 2
    endloop
  endfacet
  facet normal 0 0 1
    outer loop
      vertex 2.88303 -0.164993 2
      vertex 2.95859 1.34052 2
      vertex 2.88496 1.33035 2
    endloop
  endfacet
  facet normal 0 0 1
    outer loop
      vertex 3.43016 1.42575 2
      vertex 2.88303 -0.164993 2
      vertex 3.32355 -0.487305 2
    endloop
  endfacet
  facet normal 0 0 1
    outer loop
      vertex 2.34245 0.0392151 2
      vertex 2.88496 1.33035 2
      vertex 2.53325 1.29114 2
    endloop
  endfacet
  facet normal 0 0 1
    outer loop
      vertex 2.88496 1.33035 2
      vertex 2.34245 0.0392151 2
      vertex 2.88303 -0.164993 2
    endloop
  endfacet
  facet normal -0 0 1
    outer loop
      vertex 2.07103 1.25323 2
      vertex 2.34245 0.0392151 2
      vertex 2.53325 1.29114 2
    endloop
  endfacet
  facet normal 0 0 1
    outer loop
      vertex 2.07103 1.25323 2
      vertex 1.7458 0.157181 2
      vertex 2.34245 0.0392151 2
    endloop
  endfacet
  facet normal -0 0 1
    outer loop
      vertex 1.54385 1.21568 2
      vertex 1.7458 0.157181 2
      vertex 2.07103 1.25323 2
    endloop
  endfacet
  facet normal 0 0 1
    outer loop
      vertex 1.54385 1.21568 2
      vertex 1.13699 0.220688 2
      vertex 1.7458 0.157181 2
    endloop
  endfacet
  facet normal -0 0 1
    outer loop
      vertex 0.997314 1.17746 2
      vertex 1.13699 0.220688 2
      vertex 1.54385 1.21568 2
    endloop
  endfacet
  facet normal 0 0 1
    outer loop
      vertex 0.997314 1.17746 2
      vertex 0.559982 0.261551 2
      vertex 1.13699 0.220688 2
    endloop
  endfacet
  facet normal -0 0 1
    outer loop
      vertex 0.47702 1.1376 2
      vertex 0.559982 0.261551 2
      vertex 0.997314 1.17746 2
    endloop
  endfacet
  facet normal 0 0 1
    outer loop
      vertex 0.47702 1.1376 2
      vertex 0.254272 0.281403 2
      vertex 0.559982 0.261551 2
    endloop
  endfacet
  facet normal -0 0 1
    outer loop
      vertex 0.0285492 1.09512 2
      vertex 0.254272 0.281403 2
      vertex 0.47702 1.1376 2
    endloop
  endfacet
  facet normal 0 0 1
    outer loop
      vertex 0.0285492 1.09512 2
      vertex -0.0261993 0.310104 2
      vertex 0.254272 0.281403 2
    endloop
  endfacet
  facet normal -0 0 1
    outer loop
      vertex -0.302505 1.04901 2
      vertex -0.0261993 0.310104 2
      vertex 0.0285492 1.09512 2
    endloop
  endfacet
  facet normal 0 0 1
    outer loop
      vertex -0.0261993 0.310104 2
      vertex -0.302505 1.04901 2
      vertex -0.290604 0.349625 2
    endloop
  endfacet
  facet normal 0 0 1
    outer loop
      vertex -0.548141 0.401932 2
      vertex -0.302505 1.04901 2
      vertex -0.546692 1.00983 2
    endloop
  endfacet
  facet normal 0 0 1
    outer loop
      vertex -0.302505 1.04901 2
      vertex -0.548141 0.401932 2
      vertex -0.290604 0.349625 2
    endloop
  endfacet
  facet normal -0 0 1
    outer loop
      vertex -0.752167 0.971954 2
      vertex -0.548141 0.401932 2
      vertex -0.546692 1.00983 2
    endloop
  endfacet
  facet normal 0 0 1
    outer loop
      vertex -0.752167 0.971954 2
      vertex -0.807953 0.469009 2
      vertex -0.548141 0.401932 2
    endloop
  endfacet
  facet normal -0 0 1
    outer loop
      vertex -0.923874 0.934402 2
      vertex -0.807953 0.469009 2
      vertex -0.752167 0.971954 2
    endloop
  endfacet
  facet normal 0 0 1
    outer loop
      vertex -1.07924 0.552826 2
      vertex -0.923874 0.934402 2
      vertex -1.06671 0.896194 2
    endloop
  endfacet
  facet normal 0 0 1
    outer loop
      vertex -0.923874 0.934402 2
      vertex -1.07924 0.552826 2
      vertex -0.807953 0.469009 2
    endloop
  endfacet
  facet normal -0 0 1
    outer loop
      vertex -1.18559 0.856339 2
      vertex -1.07924 0.552826 2
      vertex -1.06671 0.896194 2
    endloop
  endfacet
  facet normal -0 0 1
    outer loop
      vertex -1.28545 0.813873 2
      vertex -1.07924 0.552826 2
      vertex -1.18559 0.856339 2
    endloop
  endfacet
  facet normal 0 0 1
    outer loop
      vertex -1.37117 0.65535 2
      vertex -1.28545 0.813873 2
      vertex -1.37117 0.767807 2
    endloop
  endfacet
  facet normal 0 0 1
    outer loop
      vertex -1.28545 0.813873 2
      vertex -1.37117 0.65535 2
      vertex -1.07924 0.552826 2
    endloop
  endfacet
  facet normal -0 0 1
    outer loop
      vertex -1.37917 0.758728 2
      vertex -1.37117 0.65535 2
      vertex -1.37117 0.767807 2
    endloop
  endfacet
  facet normal -0 0 1
    outer loop
      vertex -1.38683 0.748001 2
      vertex -1.37117 0.65535 2
      vertex -1.37917 0.758728 2
    endloop
  endfacet
  facet normal -0 0 1
    outer loop
      vertex -1.39383 0.736298 2
      vertex -1.37117 0.65535 2
      vertex -1.38683 0.748001 2
    endloop
  endfacet
  facet normal -0 0 1
    outer loop
      vertex -1.39984 0.724258 2
      vertex -1.37117 0.65535 2
      vertex -1.39383 0.736298 2
    endloop
  endfacet
  facet normal -0 0 1
    outer loop
      vertex -1.40454 0.712555 2
      vertex -1.37117 0.65535 2
      vertex -1.39984 0.724258 2
    endloop
  endfacet
  facet normal -0 0 1
    outer loop
      vertex -1.40761 0.701828 2
      vertex -1.37117 0.65535 2
      vertex -1.40454 0.712555 2
    endloop
  endfacet
  facet normal -0 -0 1
    outer loop
      vertex -1.39383 0.6642 2
      vertex -1.37117 0.65535 2
      vertex -1.40761 0.701828 2
    endloop
  endfacet
  facet normal 0 0 1
    outer loop
      vertex -1.37117 0.65535 2
      vertex -1.38683 0.6595 2
      vertex -1.37917 0.656448 2
    endloop
  endfacet
  facet normal 0 0 1
    outer loop
      vertex -1.37117 0.65535 2
      vertex -1.39383 0.6642 2
      vertex -1.38683 0.6595 2
    endloop
  endfacet
  facet normal 0 0 1
    outer loop
      vertex -1.39383 0.6642 2
      vertex -1.40761 0.701828 2
      vertex -1.39984 0.670212 2
    endloop
  endfacet
  facet normal 0 0 1
    outer loop
      vertex -1.39984 0.670212 2
      vertex -1.40761 0.701828 2
      vertex -1.40454 0.677185 2
    endloop
  endfacet
  facet normal 0 0 1
    outer loop
      vertex -1.40761 0.701828 2
      vertex -1.40761 0.684814 2
      vertex -1.40454 0.677185 2
    endloop
  endfacet
  facet normal 0 -0 1
    outer loop
      vertex -1.40761 0.684814 2
      vertex -1.40761 0.701828 2
      vertex -1.40871 0.692749 2
    endloop
  endfacet
  facet normal 0 0 1
    outer loop
      vertex 12.0866 2.18736 2
      vertex 8.03053 3.31985 2
      vertex 11.6819 2.11479 2
    endloop
  endfacet
  facet normal -0 -0 1
    outer loop
      vertex 8.38409 3.00148 2
      vertex 11.6819 2.11479 2
      vertex 8.03053 3.31985 2
    endloop
  endfacet
  facet normal 0 0 1
    outer loop
      vertex 11.6819 2.11479 2
      vertex 8.38409 3.00148 2
      vertex 11.3104 2.05666 2
    endloop
  endfacet
  facet normal 0 0 1
    outer loop
      vertex 11.3104 2.05666 2
      vertex 8.38409 3.00148 2
      vertex 10.9634 2.02411 2
    endloop
  endfacet
  facet normal 0 0 1
    outer loop
      vertex -0.18924 7.27013 2
      vertex 11.3926 22.2094 2
      vertex 10.6445 22.6207 2
    endloop
  endfacet
  facet normal 0 0 1
    outer loop
      vertex 10.9634 2.02411 2
      vertex 8.38409 3.00148 2
      vertex 10.836 2.01344 2
    endloop
  endfacet
  facet normal 0 0 1
    outer loop
      vertex 10.836 2.01344 2
      vertex 8.38409 3.00148 2
      vertex 10.7273 1.99622 2
    endloop
  endfacet
  facet normal -0 -0 1
    outer loop
      vertex 8.77046 2.49454 2
      vertex 10.7273 1.99622 2
      vertex 8.38409 3.00148 2
    endloop
  endfacet
  facet normal 0 0 1
    outer loop
      vertex 10.7273 1.99622 2
      vertex 8.77046 2.49454 2
      vertex 10.6377 1.97046 2
    endloop
  endfacet
  facet normal 0 0 1
    outer loop
      vertex 10.6377 1.97046 2
      vertex 8.77046 2.49454 2
      vertex 10.5674 1.9342 2
    endloop
  endfacet
  facet normal 0 0 1
    outer loop
      vertex 10.5674 1.9342 2
      vertex 8.77046 2.49454 2
      vertex 10.5168 1.88548 2
    endloop
  endfacet
  facet normal 0 -0 1
    outer loop
      vertex 9.69342 0.0356445 2
      vertex 10.4759 1.74277 2
      vertex 9.46843 0.992249 2
    endloop
  endfacet
  facet normal -0 -0 1
    outer loop
      vertex 9.77805 -1.03214 2
      vertex 10.3923 -1.8802 2
      vertex 9.69342 0.0356445 2
    endloop
  endfacet
  facet normal -0 0 1
    outer loop
      vertex 9.74628 -1.53148 2
      vertex 10.3923 -1.8802 2
      vertex 9.77805 -1.03214 2
    endloop
  endfacet
  facet normal 0 0 1
    outer loop
      vertex 9.65253 -2.03047 2
      vertex 10.3923 -1.8802 2
      vertex 9.74628 -1.53148 2
    endloop
  endfacet
  facet normal 0 0 1
    outer loop
      vertex 10.3923 -1.8802 2
      vertex 9.65253 -2.03047 2
      vertex 10.3142 -2.11313 2
    endloop
  endfacet
  facet normal 0 0 1
    outer loop
      vertex 10.3142 -2.11313 2
      vertex 9.65253 -2.03047 2
      vertex 10.2515 -2.33556 2
    endloop
  endfacet
  facet normal 0 0 1
    outer loop
      vertex 10.4759 1.74277 2
      vertex 9.69342 0.0356445 2
      vertex 10.3923 -1.8802 2
    endloop
  endfacet
  facet normal 0 0 1
    outer loop
      vertex 10.4759 1.74277 2
      vertex 9.14635 1.81833 2
      vertex 9.46843 0.992249 2
    endloop
  endfacet
  facet normal 0 0 1
    outer loop
      vertex 10.4862 1.82233 2
      vertex 9.14635 1.81833 2
      vertex 10.4759 1.74277 2
    endloop
  endfacet
  facet normal 0 0 1
    outer loop
      vertex 10.5168 1.88548 2
      vertex 9.14635 1.81833 2
      vertex 10.4862 1.82233 2
    endloop
  endfacet
  facet normal 0 -0 1
    outer loop
      vertex 9.14635 1.81833 2
      vertex 10.5168 1.88548 2
      vertex 8.77046 2.49454 2
    endloop
  endfacet
  facet normal 0 0 1
    outer loop
      vertex 11.3926 22.2094 2
      vertex 7.75304 3.43027 2
      vertex 8.03053 3.31985 2
    endloop
  endfacet
  facet normal 0 0 1
    outer loop
      vertex -0.18924 7.27013 2
      vertex 10.6445 22.6207 2
      vertex 7.72542 23.7764 2
    endloop
  endfacet
  facet normal 0 0 1
    outer loop
      vertex 11.3926 22.2094 2
      vertex -0.0287628 7.08449 2
      vertex 7.75304 3.43027 2
    endloop
  endfacet
  facet normal 0 0 1
    outer loop
      vertex 7.75304 3.43027 2
      vertex -0.0287628 7.08449 2
      vertex 7.68953 3.41634 2
    endloop
  endfacet
  facet normal -0 -0 1
    outer loop
      vertex 0.0821838 6.85489 2
      vertex 7.68953 3.41634 2
      vertex -0.0287628 7.08449 2
    endloop
  endfacet
  facet normal -0 -0 1
    outer loop
      vertex 0.123611 6.58037 2
      vertex 7.68953 3.41634 2
      vertex 0.0821838 6.85489 2
    endloop
  endfacet
  facet normal 0 0 1
    outer loop
      vertex 7.68953 3.41634 2
      vertex 0.123611 6.58037 2
      vertex 7.64207 3.37846 2
    endloop
  endfacet
  facet normal 0 -0 1
    outer loop
      vertex 3.43138 2.22021 2
      vertex 7.64207 3.37846 2
      vertex 0.123611 6.58037 2
    endloop
  endfacet
  facet normal 0 -0 1
    outer loop
      vertex 3.76273 2.14467 2
      vertex 7.64207 3.37846 2
      vertex 3.70995 2.15533 2
    endloop
  endfacet
  facet normal 0 0 1
    outer loop
      vertex 5.79527 1.85315 2
      vertex 7.56552 2.96155 2
      vertex 7.56552 3.03662 2
    endloop
  endfacet
  facet normal 0 -0 1
    outer loop
      vertex 5.52176 1.98659 2
      vertex 7.64207 3.37846 2
      vertex 3.76273 2.14467 2
    endloop
  endfacet
  facet normal 0 0 1
    outer loop
      vertex 7.56552 2.96155 2
      vertex 6.90765 0.334396 2
      vertex 7.33531 -0.343491 2
    endloop
  endfacet
  facet normal 0 0 1
    outer loop
      vertex 7.56552 2.96155 2
      vertex 6.50035 0.966705 2
      vertex 6.90765 0.334396 2
    endloop
  endfacet
  facet normal 0 0 1
    outer loop
      vertex 7.56552 2.96155 2
      vertex 6.1255 1.49307 2
      vertex 6.50035 0.966705 2
    endloop
  endfacet
  facet normal 0 0 1
    outer loop
      vertex 7.56552 2.96155 2
      vertex 5.79527 1.85315 2
      vertex 6.1255 1.49307 2
    endloop
  endfacet
  facet normal 0 0 1
    outer loop
      vertex 7.56552 3.03662 2
      vertex 5.52176 1.98659 2
      vertex 5.79527 1.85315 2
    endloop
  endfacet
  facet normal 0 0 1
    outer loop
      vertex 7.6084 3.32256 2
      vertex 5.52176 1.98659 2
      vertex 7.5862 3.25452 2
    endloop
  endfacet
  facet normal 0 0 1
    outer loop
      vertex 7.5862 3.25452 2
      vertex 5.52176 1.98659 2
      vertex 7.57318 3.18025 2
    endloop
  endfacet
  facet normal 0 0 1
    outer loop
      vertex -0.379227 7.41281 2
      vertex 7.72542 23.7764 2
      vertex 4.68452 24.5572 2
    endloop
  endfacet
  facet normal -0 -0 1
    outer loop
      vertex 3.87639 2.06541 2
      vertex 5.19624 1.79263 2
      vertex 3.84628 2.10167 2
    endloop
  endfacet
  facet normal -0 -0 1
    outer loop
      vertex 3.91168 1.95355 2
      vertex 5.19624 1.79263 2
      vertex 3.8983 2.01669 2
    endloop
  endfacet
  facet normal 0 0 1
    outer loop
      vertex 5.19624 1.79263 2
      vertex 3.91623 1.87399 2
      vertex 4.9127 1.27986 2
    endloop
  endfacet
  facet normal -0 0 1
    outer loop
      vertex 3.86232 1.70328 2
      vertex 4.9127 1.27986 2
      vertex 3.89828 1.78323 2
    endloop
  endfacet
  facet normal -0 0 1
    outer loop
      vertex 3.81093 1.6335 2
      vertex 4.9127 1.27986 2
      vertex 3.86232 1.70328 2
    endloop
  endfacet
  facet normal 0 0 1
    outer loop
      vertex 4.9127 1.27986 2
      vertex 3.74677 1.57321 2
      vertex 4.6741 0.551941 2
    endloop
  endfacet
  facet normal -0 0 1
    outer loop
      vertex 3.74677 1.57321 2
      vertex 4.9127 1.27986 2
      vertex 3.81093 1.6335 2
    endloop
  endfacet
  facet normal -0 0 1
    outer loop
      vertex 3.89828 1.78323 2
      vertex 4.9127 1.27986 2
      vertex 3.91623 1.87399 2
    endloop
  endfacet
  facet normal -0 -0 1
    outer loop
      vertex 3.91623 1.87399 2
      vertex 5.19624 1.79263 2
      vertex 3.91168 1.95355 2
    endloop
  endfacet
  facet normal -0 -0 1
    outer loop
      vertex 3.8983 2.01669 2
      vertex 5.19624 1.79263 2
      vertex 3.87639 2.06541 2
    endloop
  endfacet
  facet normal -0 -0 1
    outer loop
      vertex 3.84628 2.10167 2
      vertex 5.52176 1.98659 2
      vertex 3.80829 2.12744 2
    endloop
  endfacet
  facet normal 0 0 1
    outer loop
      vertex 5.52176 1.98659 2
      vertex 3.84628 2.10167 2
      vertex 5.19624 1.79263 2
    endloop
  endfacet
  facet normal 0 0 1
    outer loop
      vertex 5.52176 1.98659 2
      vertex 3.76273 2.14467 2
      vertex 3.80829 2.12744 2
    endloop
  endfacet
  facet normal 0 0 1
    outer loop
      vertex 7.56706 3.10565 2
      vertex 5.52176 1.98659 2
      vertex 7.56552 3.03662 2
    endloop
  endfacet
  facet normal 0 0 1
    outer loop
      vertex 7.64207 3.37846 2
      vertex 5.52176 1.98659 2
      vertex 7.6084 3.32256 2
    endloop
  endfacet
  facet normal 0 0 1
    outer loop
      vertex 7.64207 3.37846 2
      vertex 3.43138 2.22021 2
      vertex 3.70995 2.15533 2
    endloop
  endfacet
  facet normal 0 0 1
    outer loop
      vertex 3.43138 2.22021 2
      vertex 0.123611 6.58037 2
      vertex 3.12758 2.28412 2
    endloop
  endfacet
  facet normal 0 0 1
    outer loop
      vertex 3.12758 2.28412 2
      vertex 0.123611 6.58037 2
      vertex 2.8008 2.34375 2
    endloop
  endfacet
  facet normal -0 0 1
    outer loop
      vertex -0.0170746 5.95438 2
      vertex 2.8008 2.34375 2
      vertex 0.123611 6.58037 2
    endloop
  endfacet
  facet normal 0 0 1
    outer loop
      vertex -1.65681 8.14734 2
      vertex 4.68452 24.5572 2
      vertex 1.56975 24.9507 2
    endloop
  endfacet
  facet normal 0 0 1
    outer loop
      vertex 2.8008 2.34375 2
      vertex -0.0170746 5.95438 2
      vertex 2.45337 2.39584 2
    endloop
  endfacet
  facet normal 0 0 1
    outer loop
      vertex 2.45337 2.39584 2
      vertex -0.0170746 5.95438 2
      vertex 2.08755 2.43712 2
    endloop
  endfacet
  facet normal 0 0 1
    outer loop
      vertex 2.08755 2.43712 2
      vertex -0.0170746 5.95438 2
      vertex 1.70569 2.46428 2
    endloop
  endfacet
  facet normal -0 0 1
    outer loop
      vertex -0.395905 5.3356 2
      vertex 1.31004 2.47408 2
      vertex -0.0170746 5.95438 2
    endloop
  endfacet
  facet normal 0 0 1
    outer loop
      vertex 1.70569 2.46428 2
      vertex -0.0170746 5.95438 2
      vertex 1.31004 2.47408 2
    endloop
  endfacet
  facet normal 0 0 1
    outer loop
      vertex 7.57318 3.18025 2
      vertex 5.52176 1.98659 2
      vertex 7.56706 3.10565 2
    endloop
  endfacet
  facet normal 0 0 1
    outer loop
      vertex 11.3926 22.2094 2
      vertex -0.18924 7.27013 2
      vertex -0.0287628 7.08449 2
    endloop
  endfacet
  facet normal 0 0 1
    outer loop
      vertex 7.72542 23.7764 2
      vertex -0.379227 7.41281 2
      vertex -0.18924 7.27013 2
    endloop
  endfacet
  facet normal 0 0 1
    outer loop
      vertex 4.68452 24.5572 2
      vertex -1.41603 8.03502 2
      vertex -0.379227 7.41281 2
    endloop
  endfacet
  facet normal 0 0 1
    outer loop
      vertex -0.379227 7.41281 2
      vertex -1.41603 8.03502 2
      vertex -0.578735 7.51349 2
    endloop
  endfacet
  facet normal 0 0 1
    outer loop
      vertex -0.578735 7.51349 2
      vertex -1.22214 7.89941 2
      vertex -0.767746 7.57318 2
    endloop
  endfacet
  facet normal -0 -0 1
    outer loop
      vertex -1.08173 7.74446 2
      vertex -0.767746 7.57318 2
      vertex -1.22214 7.89941 2
    endloop
  endfacet
  facet normal 0 0 1
    outer loop
      vertex -0.92627 7.59286 2
      vertex -1.08173 7.74446 2
      vertex -0.941254 7.59183 2
    endloop
  endfacet
  facet normal 0 0 1
    outer loop
      vertex -0.941254 7.59183 2
      vertex -1.08173 7.74446 2
      vertex -0.954285 7.58914 2
    endloop
  endfacet
  facet normal 0 0 1
    outer loop
      vertex -0.954285 7.58914 2
      vertex -1.08173 7.74446 2
      vertex -0.965668 7.58548 2
    endloop
  endfacet
  facet normal 0 0 1
    outer loop
      vertex -0.965668 7.58548 2
      vertex -1.08173 7.74446 2
      vertex -0.975723 7.58148 2
    endloop
  endfacet
  facet normal 0 -0 1
    outer loop
      vertex -1.00133 7.5741 2
      vertex -0.975723 7.58148 2
      vertex -1.08173 7.74446 2
    endloop
  endfacet
  facet normal 0 0 1
    outer loop
      vertex -0.975723 7.58148 2
      vertex -1.00133 7.5741 2
      vertex -0.984802 7.57782 2
    endloop
  endfacet
  facet normal 0 0 1
    outer loop
      vertex -0.984802 7.57782 2
      vertex -1.00133 7.5741 2
      vertex -0.99324 7.57513 2
    endloop
  endfacet
  facet normal 0 0 1
    outer loop
      vertex -0.767746 7.57318 2
      vertex -1.08173 7.74446 2
      vertex -0.92627 7.59286 2
    endloop
  endfacet
  facet normal 0 0 1
    outer loop
      vertex -0.578735 7.51349 2
      vertex -1.41603 8.03502 2
      vertex -1.22214 7.89941 2
    endloop
  endfacet
  facet normal 0 0 1
    outer loop
      vertex -1.93794 8.23245 2
      vertex 1.56975 24.9507 2
      vertex -1.56975 24.9507 2
    endloop
  endfacet
  facet normal 0 0 1
    outer loop
      vertex 4.68452 24.5572 2
      vertex -1.65681 8.14734 2
      vertex -1.41603 8.03502 2
    endloop
  endfacet
  facet normal 0 0 1
    outer loop
      vertex 1.56975 24.9507 2
      vertex -1.93794 8.23245 2
      vertex -1.65681 8.14734 2
    endloop
  endfacet
  facet normal 0 0 1
    outer loop
      vertex -1.56975 24.9507 2
      vertex -2.25287 8.28641 2
      vertex -1.93794 8.23245 2
    endloop
  endfacet
  facet normal 0 0 1
    outer loop
      vertex -1.56975 24.9507 2
      vertex -2.595 8.30527 2
      vertex -2.25287 8.28641 2
    endloop
  endfacet
  facet normal -0 0 1
    outer loop
      vertex -4.68452 24.5572 2
      vertex -2.595 8.30527 2
      vertex -1.56975 24.9507 2
    endloop
  endfacet
  facet normal 0 0 1
    outer loop
      vertex -2.595 8.30527 2
      vertex -4.68452 24.5572 2
      vertex -3.35739 8.21025 2
    endloop
  endfacet
  facet normal -0 0 1
    outer loop
      vertex -7.72542 23.7764 2
      vertex -3.35739 8.21025 2
      vertex -4.68452 24.5572 2
    endloop
  endfacet
  facet normal -0 0 1
    outer loop
      vertex -10.6445 22.6207 2
      vertex -3.35739 8.21025 2
      vertex -7.72542 23.7764 2
    endloop
  endfacet
  facet normal 0 0 1
    outer loop
      vertex -3.35739 8.21025 2
      vertex -10.6445 22.6207 2
      vertex -4.09517 7.9493 2
    endloop
  endfacet
  facet normal -0 0 1
    outer loop
      vertex -11.3926 22.2094 2
      vertex -4.09517 7.9493 2
      vertex -10.6445 22.6207 2
    endloop
  endfacet
  facet normal 0 0 1
    outer loop
      vertex -12.2098 7.86351 2
      vertex -4.09517 7.9493 2
      vertex -11.3926 22.2094 2
    endloop
  endfacet
  facet normal 0 0 1
    outer loop
      vertex -4.09517 7.9493 2
      vertex -12.2098 7.86351 2
      vertex -4.77455 7.55846 2
    endloop
  endfacet
  facet normal 0 0 1
    outer loop
      vertex -5.96472 4.60768 2
      vertex -7.55023 4.73645 2
      vertex -6.2894 3.33417 2
    endloop
  endfacet
  facet normal 0 -0 1
    outer loop
      vertex -10.6597 7.03392 2
      vertex -4.77455 7.55846 2
      vertex -12.2098 7.86351 2
    endloop
  endfacet
  facet normal 0 0 1
    outer loop
      vertex -5.82303 6.53145 2
      vertex -9.05673 5.98062 2
      vertex -6.12456 5.96744 2
    endloop
  endfacet
  facet normal 0 0 1
    outer loop
      vertex -6.12456 5.96744 2
      vertex -7.55023 4.73645 2
      vertex -6.23257 5.41788 2
    endloop
  endfacet
  facet normal 0 0 1
    outer loop
      vertex -5.36177 7.07381 2
      vertex -9.05673 5.98062 2
      vertex -5.82303 6.53145 2
    endloop
  endfacet
  facet normal 0 -0 1
    outer loop
      vertex -7.55023 4.73645 2
      vertex -6.12456 5.96744 2
      vertex -9.05673 5.98062 2
    endloop
  endfacet
  facet normal 0 -0 1
    outer loop
      vertex -9.05673 5.98062 2
      vertex -5.36177 7.07381 2
      vertex -10.6597 7.03392 2
    endloop
  endfacet
  facet normal 0 0 1
    outer loop
      vertex -4.77455 7.55846 2
      vertex -10.6597 7.03392 2
      vertex -5.36177 7.07381 2
    endloop
  endfacet
  facet normal 0 0 1
    outer loop
      vertex 8.20314 -1.59468 2
      vertex 8.44649 -1.38454 2
      vertex 8.44681 -1.25719 2
    endloop
  endfacet
  facet normal 0 0 1
    outer loop
      vertex 8.44649 -1.38454 2
      vertex 8.20314 -1.59468 2
      vertex 8.44418 -1.49321 2
    endloop
  endfacet
  facet normal 0 -0 1
    outer loop
      vertex 8.233 -1.62662 2
      vertex 8.44418 -1.49321 2
      vertex 8.20314 -1.59468 2
    endloop
  endfacet
  facet normal -0 0 1
    outer loop
      vertex 7.77118 -1.00664 2
      vertex 8.44681 -1.25719 2
      vertex 8.4257 -0.585281 2
    endloop
  endfacet
  facet normal 0 0 1
    outer loop
      vertex 8.44418 -1.49321 2
      vertex 8.233 -1.62662 2
      vertex 8.43796 -1.58286 2
    endloop
  endfacet
  facet normal 0 -0 1
    outer loop
      vertex 8.25864 -1.65724 2
      vertex 8.43796 -1.58286 2
      vertex 8.233 -1.62662 2
    endloop
  endfacet
  facet normal -0 0 1
    outer loop
      vertex 7.33531 -0.343491 2
      vertex 8.4257 -0.585281 2
      vertex 8.36525 -0.0193329 2
    endloop
  endfacet
  facet normal 0 0 1
    outer loop
      vertex 8.43796 -1.58286 2
      vertex 8.25864 -1.65724 2
      vertex 8.42583 -1.65315 2
    endloop
  endfacet
  facet normal 0 -0 1
    outer loop
      vertex 8.29842 -1.70927 2
      vertex 8.40582 -1.70378 2
      vertex 8.28032 -1.68523 2
    endloop
  endfacet
  facet normal -0 -0 1
    outer loop
      vertex 8.31323 -1.72806 2
      vertex 8.37599 -1.73439 2
      vertex 8.29842 -1.70927 2
    endloop
  endfacet
  facet normal 0 0 1
    outer loop
      vertex 8.33435 -1.74466 2
      vertex 8.31323 -1.72806 2
      vertex 8.3251 -1.7403 2
    endloop
  endfacet
  facet normal 0 0 1
    outer loop
      vertex 8.37599 -1.73439 2
      vertex 8.31323 -1.72806 2
      vertex 8.33435 -1.74466 2
    endloop
  endfacet
  facet normal 0 0 1
    outer loop
      vertex 7.33531 -0.343491 2
      vertex 8.36525 -0.0193329 2
      vertex 8.26968 0.483948 2
    endloop
  endfacet
  facet normal 0 0 1
    outer loop
      vertex 8.40582 -1.70378 2
      vertex 8.29842 -1.70927 2
      vertex 8.37599 -1.73439 2
    endloop
  endfacet
  facet normal 0 0 1
    outer loop
      vertex 8.42583 -1.65315 2
      vertex 8.28032 -1.68523 2
      vertex 8.40582 -1.70378 2
    endloop
  endfacet
  facet normal 0 -0 1
    outer loop
      vertex 8.28032 -1.68523 2
      vertex 8.42583 -1.65315 2
      vertex 8.25864 -1.65724 2
    endloop
  endfacet
  facet normal 0 0 1
    outer loop
      vertex 7.33531 -0.343491 2
      vertex 8.26968 0.483948 2
      vertex 8.14331 0.967896 2
    endloop
  endfacet
  facet normal 0 0 1
    outer loop
      vertex 7.33531 -0.343491 2
      vertex 8.14331 0.967896 2
      vertex 7.99036 1.47577 2
    endloop
  endfacet
  facet normal 0 0 1
    outer loop
      vertex 7.33531 -0.343491 2
      vertex 7.99036 1.47577 2
      vertex 7.81511 2.05087 2
    endloop
  endfacet
  facet normal 0 0 1
    outer loop
      vertex 8.44681 -1.25719 2
      vertex 7.77118 -1.00664 2
      vertex 8.20314 -1.59468 2
    endloop
  endfacet
  facet normal 0 0 1
    outer loop
      vertex 7.33531 -0.343491 2
      vertex 7.81511 2.05087 2
      vertex 7.62183 2.73651 2
    endloop
  endfacet
  facet normal 0 0 1
    outer loop
      vertex 7.33531 -0.343491 2
      vertex 7.62183 2.73651 2
      vertex 7.56552 2.96155 2
    endloop
  endfacet
  facet normal 0 0 1
    outer loop
      vertex 8.4257 -0.585281 2
      vertex 7.33531 -0.343491 2
      vertex 7.77118 -1.00664 2
    endloop
  endfacet
  facet normal 0 0 1
    outer loop
      vertex 1.31004 2.47408 2
      vertex -0.395905 5.3356 2
      vertex 1.05023 2.46167 2
    endloop
  endfacet
  facet normal 0 0 1
    outer loop
      vertex 1.05023 2.46167 2
      vertex -0.395905 5.3356 2
      vertex 0.496521 2.40695 2
    endloop
  endfacet
  facet normal -0 0 1
    outer loop
      vertex -0.947906 4.75653 2
      vertex 0.496521 2.40695 2
      vertex -0.395905 5.3356 2
    endloop
  endfacet
  facet normal 0 0 1
    outer loop
      vertex 0.496521 2.40695 2
      vertex -0.947906 4.75653 2
      vertex -0.229355 2.28368 2
    endloop
  endfacet
  facet normal -0 0 1
    outer loop
      vertex -1.60814 4.24963 2
      vertex -0.229355 2.28368 2
      vertex -0.947906 4.75653 2
    endloop
  endfacet
  facet normal 0 0 1
    outer loop
      vertex -0.229355 2.28368 2
      vertex -1.60814 4.24963 2
      vertex -1.00577 2.06563 2
    endloop
  endfacet
  facet normal -0 0 1
    outer loop
      vertex -2.31168 3.84735 2
      vertex -1.00577 2.06563 2
      vertex -1.60814 4.24963 2
    endloop
  endfacet
  facet normal 0 0 1
    outer loop
      vertex -1.00577 2.06563 2
      vertex -2.31168 3.84735 2
      vertex -1.711 1.72653 2
    endloop
  endfacet
  facet normal -0 0 1
    outer loop
      vertex -2.99356 3.58218 2
      vertex -1.711 1.72653 2
      vertex -2.31168 3.84735 2
    endloop
  endfacet
  facet normal -0 0 1
    outer loop
      vertex -3.51572 1.82416 2
      vertex -1.711 1.72653 2
      vertex -2.99356 3.58218 2
    endloop
  endfacet
  facet normal 0 0 1
    outer loop
      vertex -1.711 1.72653 2
      vertex -3.51572 1.82416 2
      vertex -2.22337 1.24017 2
    endloop
  endfacet
  facet normal 0 0 1
    outer loop
      vertex 11.3497 0.990051 2
      vertex 11.0946 -0.132217 2
      vertex 11.5447 0.899017 2
    endloop
  endfacet
  facet normal 0 0 1
    outer loop
      vertex 11.1442 1.08765 2
      vertex 11.0946 -0.132217 2
      vertex 11.3497 0.990051 2
    endloop
  endfacet
  facet normal 0 0 1
    outer loop
      vertex 11.1442 1.08765 2
      vertex 11.0223 -0.143494 2
      vertex 11.0946 -0.132217 2
    endloop
  endfacet
  facet normal 0 0 1
    outer loop
      vertex 11.1442 1.08765 2
      vertex 10.9504 -0.160324 2
      vertex 11.0223 -0.143494 2
    endloop
  endfacet
  facet normal 0 0 1
    outer loop
      vertex 10.9429 1.19376 2
      vertex 10.9504 -0.160324 2
      vertex 11.1442 1.08765 2
    endloop
  endfacet
  facet normal 0 0 1
    outer loop
      vertex 10.9429 1.19376 2
      vertex 10.8791 -0.181412 2
      vertex 10.9504 -0.160324 2
    endloop
  endfacet
  facet normal 0 0 1
    outer loop
      vertex 10.9429 1.19376 2
      vertex 10.8088 -0.20546 2
      vertex 10.8791 -0.181412 2
    endloop
  endfacet
  facet normal 0 0 1
    outer loop
      vertex 10.7398 -0.23114 2
      vertex 10.9429 1.19376 2
      vertex 10.7607 1.31036 2
    endloop
  endfacet
  facet normal 0 0 1
    outer loop
      vertex 10.9429 1.19376 2
      vertex 10.7398 -0.23114 2
      vertex 10.8088 -0.20546 2
    endloop
  endfacet
  facet normal 0 0 1
    outer loop
      vertex 10.7607 1.31036 2
      vertex 10.6725 -0.257156 2
      vertex 10.7398 -0.23114 2
    endloop
  endfacet
  facet normal 0 0 1
    outer loop
      vertex 10.6071 -0.282211 2
      vertex 10.7607 1.31036 2
      vertex 10.6123 1.43944 2
    endloop
  endfacet
  facet normal 0 0 1
    outer loop
      vertex 10.7607 1.31036 2
      vertex 10.6071 -0.282211 2
      vertex 10.6725 -0.257156 2
    endloop
  endfacet
  facet normal 0 0 1
    outer loop
      vertex 10.5125 1.58292 2
      vertex 10.6071 -0.282211 2
      vertex 10.6123 1.43944 2
    endloop
  endfacet
  facet normal 0 -0 1
    outer loop
      vertex 10.5545 -0.445511 2
      vertex 10.6071 -0.282211 2
      vertex 10.5125 1.58292 2
    endloop
  endfacet
  facet normal 0 0 1
    outer loop
      vertex 10.6071 -0.282211 2
      vertex 10.5722 -0.395889 2
      vertex 10.5901 -0.342331 2
    endloop
  endfacet
  facet normal 0 0 1
    outer loop
      vertex 10.6071 -0.282211 2
      vertex 10.5545 -0.445511 2
      vertex 10.5722 -0.395889 2
    endloop
  endfacet
  facet normal 0 0 1
    outer loop
      vertex 10.5545 -0.445511 2
      vertex 10.5125 1.58292 2
      vertex 10.5385 -0.493835 2
    endloop
  endfacet
  facet normal 0 0 1
    outer loop
      vertex 10.5385 -0.493835 2
      vertex 10.5125 1.58292 2
      vertex 10.5255 -0.543472 2
    endloop
  endfacet
  facet normal 0 0 1
    outer loop
      vertex 10.4759 1.74277 2
      vertex 10.5255 -0.543472 2
      vertex 10.5125 1.58292 2
    endloop
  endfacet
  facet normal 0 0 1
    outer loop
      vertex 10.5255 -0.543472 2
      vertex 10.4759 1.74277 2
      vertex 10.5166 -0.597061 2
    endloop
  endfacet
  facet normal 0 0 1
    outer loop
      vertex 10.5725 -1.39337 2
      vertex 10.6374 -1.06851 2
      vertex 10.6091 -0.998856 2
    endloop
  endfacet
  facet normal 0 0 1
    outer loop
      vertex 10.5725 -1.39337 2
      vertex 10.6091 -0.998856 2
      vertex 10.5807 -0.933136 2
    endloop
  endfacet
  facet normal 0 0 1
    outer loop
      vertex 10.6374 -1.06851 2
      vertex 10.5725 -1.39337 2
      vertex 10.6634 -1.14473 2
    endloop
  endfacet
  facet normal 0 0 1
    outer loop
      vertex 10.5547 -0.868729 2
      vertex 10.5725 -1.39337 2
      vertex 10.5807 -0.933136 2
    endloop
  endfacet
  facet normal 0 0 1
    outer loop
      vertex 10.4803 -1.6394 2
      vertex 10.5547 -0.868729 2
      vertex 10.5333 -0.803024 2
    endloop
  endfacet
  facet normal 0 0 1
    outer loop
      vertex 10.4803 -1.6394 2
      vertex 10.5333 -0.803024 2
      vertex 10.5188 -0.733398 2
    endloop
  endfacet
  facet normal 0 0 1
    outer loop
      vertex 10.5547 -0.868729 2
      vertex 10.4803 -1.6394 2
      vertex 10.5725 -1.39337 2
    endloop
  endfacet
  facet normal 0 0 1
    outer loop
      vertex 10.3923 -1.8802 2
      vertex 10.5188 -0.733398 2
      vertex 10.5134 -0.657242 2
    endloop
  endfacet
  facet normal 0 0 1
    outer loop
      vertex 10.5166 -0.597061 2
      vertex 10.4759 1.74277 2
      vertex 10.5134 -0.657242 2
    endloop
  endfacet
  facet normal 0 0 1
    outer loop
      vertex 10.5134 -0.657242 2
      vertex 10.4759 1.74277 2
      vertex 10.3923 -1.8802 2
    endloop
  endfacet
  facet normal 0 0 1
    outer loop
      vertex 10.5188 -0.733398 2
      vertex 10.3923 -1.8802 2
      vertex 10.4803 -1.6394 2
    endloop
  endfacet
  facet normal 0 0 1
    outer loop
      vertex 15.4422 -2.45247 2
      vertex 14.6805 -2.64928 2
      vertex 14.6946 -2.75717 2
    endloop
  endfacet
  facet normal -0 0 1
    outer loop
      vertex 14.4858 -0.765808 2
      vertex 15.4291 -0.827835 2
      vertex 14.4884 -0.694641 2
    endloop
  endfacet
  facet normal 0 0 1
    outer loop
      vertex 14.477 -0.846176 2
      vertex 15.4291 -0.827835 2
      vertex 14.4858 -0.765808 2
    endloop
  endfacet
  facet normal 0 0 1
    outer loop
      vertex 14.3759 -0.150986 2
      vertex 14.7317 0.955475 2
      vertex 14.5634 0.936554 2
    endloop
  endfacet
  facet normal 0 0 1
    outer loop
      vertex 14.4604 -0.928848 2
      vertex 15.4291 -0.827835 2
      vertex 14.477 -0.846176 2
    endloop
  endfacet
  facet normal 0 0 1
    outer loop
      vertex 15.4291 -0.827835 2
      vertex 14.6411 -2.53908 2
      vertex 14.6805 -2.64928 2
    endloop
  endfacet
  facet normal 0 0 1
    outer loop
      vertex 15.4291 -0.827835 2
      vertex 14.487 -0.618271 2
      vertex 14.4884 -0.694641 2
    endloop
  endfacet
  facet normal 0 0 1
    outer loop
      vertex 15.4291 -0.827835 2
      vertex 14.4825 -0.536011 2
      vertex 14.487 -0.618271 2
    endloop
  endfacet
  facet normal 0 0 1
    outer loop
      vertex 15.4291 -0.827835 2
      vertex 14.4736 -0.451141 2
      vertex 14.4825 -0.536011 2
    endloop
  endfacet
  facet normal 0 0 1
    outer loop
      vertex 15.4291 -0.827835 2
      vertex 14.4595 -0.366913 2
      vertex 14.4736 -0.451141 2
    endloop
  endfacet
  facet normal 0 0 1
    outer loop
      vertex 15.7046 0.012085 2
      vertex 14.4595 -0.366913 2
      vertex 15.4291 -0.827835 2
    endloop
  endfacet
  facet normal 0 -0 1
    outer loop
      vertex 14.4595 -0.366913 2
      vertex 15.7046 0.012085 2
      vertex 14.4392 -0.286636 2
    endloop
  endfacet
  facet normal 0 0 1
    outer loop
      vertex 14.7317 0.955475 2
      vertex 14.3759 -0.150986 2
      vertex 14.4116 -0.213562 2
    endloop
  endfacet
  facet normal -0 0 1
    outer loop
      vertex 14.2531 0.916702 2
      vertex 14.3759 -0.150986 2
      vertex 14.5634 0.936554 2
    endloop
  endfacet
  facet normal 0 0 1
    outer loop
      vertex 14.2531 0.916702 2
      vertex 14.1135 -0.113464 2
      vertex 14.3759 -0.150986 2
    endloop
  endfacet
  facet normal -0 0 1
    outer loop
      vertex 14.002 0.904053 2
      vertex 14.1135 -0.113464 2
      vertex 14.2531 0.916702 2
    endloop
  endfacet
  facet normal -0 0 1
    outer loop
      vertex 13.794 0.896667 2
      vertex 14.1135 -0.113464 2
      vertex 14.002 0.904053 2
    endloop
  endfacet
  facet normal -0 0 1
    outer loop
      vertex 13.6125 0.892563 2
      vertex 14.1135 -0.113464 2
      vertex 13.794 0.896667 2
    endloop
  endfacet
  facet normal -0 0 1
    outer loop
      vertex 13.4412 0.889786 2
      vertex 14.1135 -0.113464 2
      vertex 13.6125 0.892563 2
    endloop
  endfacet
  facet normal 0 0 1
    outer loop
      vertex 12.7259 -0.113464 2
      vertex 13.4412 0.889786 2
      vertex 13.2636 0.886337 2
    endloop
  endfacet
  facet normal 0 0 1
    outer loop
      vertex 12.7259 -0.113464 2
      vertex 13.2636 0.886337 2
      vertex 13.0634 0.880264 2
    endloop
  endfacet
  facet normal 0 0 1
    outer loop
      vertex 12.6221 0.557159 2
      vertex 13.0634 0.880264 2
      vertex 13.0232 0.880203 2
    endloop
  endfacet
  facet normal 0 0 1
    outer loop
      vertex 12.6621 0.667694 2
      vertex 13.0232 0.880203 2
      vertex 12.983 0.879822 2
    endloop
  endfacet
  facet normal 0 0 1
    outer loop
      vertex 12.6621 0.667694 2
      vertex 12.983 0.879822 2
      vertex 12.9429 0.878784 2
    endloop
  endfacet
  facet normal 0 0 1
    outer loop
      vertex 12.7047 0.754608 2
      vertex 12.9429 0.878784 2
      vertex 12.9027 0.876755 2
    endloop
  endfacet
  facet normal 0 0 1
    outer loop
      vertex 12.7047 0.754608 2
      vertex 12.9027 0.876755 2
      vertex 12.8625 0.873428 2
    endloop
  endfacet
  facet normal 0 0 1
    outer loop
      vertex 12.746 0.818878 2
      vertex 12.8625 0.873428 2
      vertex 12.8223 0.868439 2
    endloop
  endfacet
  facet normal 0 0 1
    outer loop
      vertex 12.746 0.818878 2
      vertex 12.8223 0.868439 2
      vertex 12.7821 0.861496 2
    endloop
  endfacet
  facet normal 0 0 1
    outer loop
      vertex 12.8625 0.873428 2
      vertex 12.746 0.818878 2
      vertex 12.7047 0.754608 2
    endloop
  endfacet
  facet normal 0 0 1
    outer loop
      vertex 13.0232 0.880203 2
      vertex 12.6621 0.667694 2
      vertex 12.6221 0.557159 2
    endloop
  endfacet
  facet normal 0 0 1
    outer loop
      vertex 12.9429 0.878784 2
      vertex 12.7047 0.754608 2
      vertex 12.6621 0.667694 2
    endloop
  endfacet
  facet normal 0 0 1
    outer loop
      vertex 13.4412 0.889786 2
      vertex 12.7259 -0.113464 2
      vertex 14.1135 -0.113464 2
    endloop
  endfacet
  facet normal 0 0 1
    outer loop
      vertex 13.0634 0.880264 2
      vertex 12.6221 0.557159 2
      vertex 12.5887 0.422028 2
    endloop
  endfacet
  facet normal 0 0 1
    outer loop
      vertex 13.0634 0.880264 2
      vertex 12.5887 0.422028 2
      vertex 12.7259 -0.113464 2
    endloop
  endfacet
  facet normal -0 0 1
    outer loop
      vertex 12.5657 0.261307 2
      vertex 12.7259 -0.113464 2
      vertex 12.5887 0.422028 2
    endloop
  endfacet
  facet normal -0 0 1
    outer loop
      vertex 12.5572 0.0740356 2
      vertex 12.7259 -0.113464 2
      vertex 12.5657 0.261307 2
    endloop
  endfacet
  facet normal -0 -0 1
    outer loop
      vertex 12.5596 0.0400543 2
      vertex 12.7259 -0.113464 2
      vertex 12.5572 0.0740356 2
    endloop
  endfacet
  facet normal -0 -0 1
    outer loop
      vertex 12.5677 0.00410461 2
      vertex 12.7259 -0.113464 2
      vertex 12.5596 0.0400543 2
    endloop
  endfacet
  facet normal -0 -0 1
    outer loop
      vertex 12.5823 -0.0312042 2
      vertex 12.7259 -0.113464 2
      vertex 12.5677 0.00410461 2
    endloop
  endfacet
  facet normal 0 0 1
    outer loop
      vertex 12.7259 -0.113464 2
      vertex 12.5823 -0.0312042 2
      vertex 12.6753 -0.10701 2
    endloop
  endfacet
  facet normal -0 -0 1
    outer loop
      vertex 12.6044 -0.0632477 2
      vertex 12.6753 -0.10701 2
      vertex 12.5823 -0.0312042 2
    endloop
  endfacet
  facet normal 0 0 1
    outer loop
      vertex 12.6753 -0.10701 2
      vertex 12.6044 -0.0632477 2
      vertex 12.6351 -0.089386 2
    endloop
  endfacet
  facet normal 0 0 1
    outer loop
      vertex 14.4342 -1.00693 2
      vertex 15.4291 -0.827835 2
      vertex 14.4604 -0.928848 2
    endloop
  endfacet
  facet normal 0 0 1
    outer loop
      vertex 15.4291 -0.827835 2
      vertex 14.581 -2.43346 2
      vertex 14.6411 -2.53908 2
    endloop
  endfacet
  facet normal 0 0 1
    outer loop
      vertex 14.3969 -1.07352 2
      vertex 15.4291 -0.827835 2
      vertex 14.4342 -1.00693 2
    endloop
  endfacet
  facet normal 0 0 1
    outer loop
      vertex 15.4291 -0.827835 2
      vertex 14.5049 -2.33931 2
      vertex 14.581 -2.43346 2
    endloop
  endfacet
  facet normal 0 0 1
    outer loop
      vertex 15.4291 -0.827835 2
      vertex 14.3969 -1.07352 2
      vertex 14.5049 -2.33931 2
    endloop
  endfacet
  facet normal 0 0 1
    outer loop
      vertex 14.5049 -2.33931 2
      vertex 14.3969 -1.07352 2
      vertex 14.4173 -2.26352 2
    endloop
  endfacet
  facet normal -0 0 1
    outer loop
      vertex 14.3468 -1.12175 2
      vertex 14.4173 -2.26352 2
      vertex 14.3969 -1.07352 2
    endloop
  endfacet
  facet normal 0 0 1
    outer loop
      vertex 14.3468 -1.12175 2
      vertex 14.3228 -2.213 2
      vertex 14.4173 -2.26352 2
    endloop
  endfacet
  facet normal -0 0 1
    outer loop
      vertex 14.2822 -1.14473 2
      vertex 14.3228 -2.213 2
      vertex 14.3468 -1.12175 2
    endloop
  endfacet
  facet normal 0 0 1
    outer loop
      vertex 14.2822 -1.14473 2
      vertex 14.2259 -2.19463 2
      vertex 14.3228 -2.213 2
    endloop
  endfacet
  facet normal -0 0 1
    outer loop
      vertex 14.1078 -1.15375 2
      vertex 14.2259 -2.19463 2
      vertex 14.2822 -1.14473 2
    endloop
  endfacet
  facet normal 0 0 1
    outer loop
      vertex 14.2259 -2.19463 2
      vertex 14.1078 -1.15375 2
      vertex 14.1424 -2.19571 2
    endloop
  endfacet
  facet normal 0 0 1
    outer loop
      vertex 14.1078 -1.15375 2
      vertex 14.054 -2.19878 2
      vertex 14.1424 -2.19571 2
    endloop
  endfacet
  facet normal -0 0 1
    outer loop
      vertex 13.8786 -1.16406 2
      vertex 14.054 -2.19878 2
      vertex 14.1078 -1.15375 2
    endloop
  endfacet
  facet normal 0 0 1
    outer loop
      vertex 14.054 -2.19878 2
      vertex 13.8786 -1.16406 2
      vertex 13.9627 -2.20348 2
    endloop
  endfacet
  facet normal 0 0 1
    outer loop
      vertex 13.8786 -1.16406 2
      vertex 13.8704 -2.2095 2
      vertex 13.9627 -2.20348 2
    endloop
  endfacet
  facet normal 0 0 1
    outer loop
      vertex 13.8786 -1.16406 2
      vertex 13.779 -2.21651 2
      vertex 13.8704 -2.2095 2
    endloop
  endfacet
  facet normal -0 0 1
    outer loop
      vertex 13.6018 -1.17471 2
      vertex 13.779 -2.21651 2
      vertex 13.8786 -1.16406 2
    endloop
  endfacet
  facet normal 0 0 1
    outer loop
      vertex 13.779 -2.21651 2
      vertex 13.6018 -1.17471 2
      vertex 13.6907 -2.22417 2
    endloop
  endfacet
  facet normal 0 0 1
    outer loop
      vertex 13.6907 -2.22417 2
      vertex 13.6018 -1.17471 2
      vertex 13.6072 -2.23215 2
    endloop
  endfacet
  facet normal -0 0 1
    outer loop
      vertex 13.2847 -1.18469 2
      vertex 13.6072 -2.23215 2
      vertex 13.6018 -1.17471 2
    endloop
  endfacet
  facet normal 0 0 1
    outer loop
      vertex 13.2847 -1.18469 2
      vertex 13.1232 -2.28421 2
      vertex 13.6072 -2.23215 2
    endloop
  endfacet
  facet normal -0 0 1
    outer loop
      vertex 12.9344 -1.19304 2
      vertex 13.1232 -2.28421 2
      vertex 13.2847 -1.18469 2
    endloop
  endfacet
  facet normal 0 0 1
    outer loop
      vertex 12.9344 -1.19304 2
      vertex 12.7011 -2.34085 2
      vertex 13.1232 -2.28421 2
    endloop
  endfacet
  facet normal -0 0 1
    outer loop
      vertex 12.5583 -1.19876 2
      vertex 12.7011 -2.34085 2
      vertex 12.9344 -1.19304 2
    endloop
  endfacet
  facet normal -0 0 1
    outer loop
      vertex 11.9535 -1.62505 2
      vertex 12.7011 -2.34085 2
      vertex 12.5583 -1.19876 2
    endloop
  endfacet
  facet normal 0 0 1
    outer loop
      vertex 12.0063 -1.44788 2
      vertex 12.5583 -1.19876 2
      vertex 12.1634 -1.20088 2
    endloop
  endfacet
  facet normal 0 0 1
    outer loop
      vertex 12.067 -1.24815 2
      vertex 12.1634 -1.20088 2
      vertex 12.1473 -1.20111 2
    endloop
  endfacet
  facet normal 0 0 1
    outer loop
      vertex 12.0831 -1.22824 2
      vertex 12.1473 -1.20111 2
      vertex 12.1313 -1.20264 2
    endloop
  endfacet
  facet normal 0 0 1
    outer loop
      vertex 12.0831 -1.22824 2
      vertex 12.1313 -1.20264 2
      vertex 12.1152 -1.20679 2
    endloop
  endfacet
  facet normal 0 0 1
    outer loop
      vertex 12.0831 -1.22824 2
      vertex 12.1152 -1.20679 2
      vertex 12.0991 -1.21489 2
    endloop
  endfacet
  facet normal 0 0 1
    outer loop
      vertex 12.1473 -1.20111 2
      vertex 12.0831 -1.22824 2
      vertex 12.067 -1.24815 2
    endloop
  endfacet
  facet normal 0 0 1
    outer loop
      vertex 12.1634 -1.20088 2
      vertex 12.067 -1.24815 2
      vertex 12.0509 -1.27594 2
    endloop
  endfacet
  facet normal 0 0 1
    outer loop
      vertex 11.9535 -1.62505 2
      vertex 12.5583 -1.19876 2
      vertex 12.0063 -1.44788 2
    endloop
  endfacet
  facet normal 0 0 1
    outer loop
      vertex 12.1634 -1.20088 2
      vertex 12.0509 -1.27594 2
      vertex 12.0063 -1.44788 2
    endloop
  endfacet
  facet normal 0 0 1
    outer loop
      vertex 12.7011 -2.34085 2
      vertex 11.9535 -1.62505 2
      vertex 12.3433 -2.39748 2
    endloop
  endfacet
  facet normal -0 0 1
    outer loop
      vertex 11.8934 -1.80582 2
      vertex 12.3433 -2.39748 2
      vertex 11.9535 -1.62505 2
    endloop
  endfacet
  facet normal -0 0 1
    outer loop
      vertex 11.8272 -1.98856 2
      vertex 12.3433 -2.39748 2
      vertex 11.8934 -1.80582 2
    endloop
  endfacet
  facet normal 0 0 1
    outer loop
      vertex 12.3433 -2.39748 2
      vertex 11.8272 -1.98856 2
      vertex 12.0521 -2.44951 2
    endloop
  endfacet
  facet normal -0 0 1
    outer loop
      vertex 11.7557 -2.1716 2
      vertex 12.0521 -2.44951 2
      vertex 11.8272 -1.98856 2
    endloop
  endfacet
  facet normal 0 0 1
    outer loop
      vertex 12.0521 -2.44951 2
      vertex 11.7557 -2.1716 2
      vertex 11.8297 -2.49234 2
    endloop
  endfacet
  facet normal -0 0 1
    outer loop
      vertex 11.6799 -2.35335 2
      vertex 11.8297 -2.49234 2
      vertex 11.7557 -2.1716 2
    endloop
  endfacet
  facet normal 0 0 1
    outer loop
      vertex 11.6799 -2.35335 2
      vertex 11.6786 -2.52141 2
      vertex 11.8297 -2.49234 2
    endloop
  endfacet
  facet normal 0 -0 1
    outer loop
      vertex 11.6786 -2.52141 2
      vertex 11.6799 -2.35335 2
      vertex 11.6008 -2.53212 2
    endloop
  endfacet
  facet normal 0 0 1
    outer loop
      vertex 31.6219 14.7492 2
      vertex 39.1102 25.4436 2
      vertex 39.073 27.2236 2
    endloop
  endfacet
  facet normal 0 0 1
    outer loop
      vertex 29.9366 14.1754 2
      vertex 39.073 27.2236 2
      vertex 38.8005 29.015 2
    endloop
  endfacet
  facet normal 0 0 1
    outer loop
      vertex 39.1102 25.4436 2
      vertex 31.6219 14.7492 2
      vertex 38.9115 23.7032 2
    endloop
  endfacet
  facet normal 0 0 1
    outer loop
      vertex 28.16 13.8187 2
      vertex 38.8005 29.015 2
      vertex 38.2969 30.7896 2
    endloop
  endfacet
  facet normal 0 0 1
    outer loop
      vertex 38.9115 23.7032 2
      vertex 33.1894 15.5312 2
      vertex 38.4799 22.0298 2
    endloop
  endfacet
  facet normal 0 0 1
    outer loop
      vertex 26.3201 13.685 2
      vertex 38.2969 30.7896 2
      vertex 37.5703 32.5195 2
    endloop
  endfacet
  facet normal 0 0 1
    outer loop
      vertex 38.4799 22.0298 2
      vertex 33.1894 15.5312 2
      vertex 37.8224 20.4497 2
    endloop
  endfacet
  facet normal 0 0 1
    outer loop
      vertex 24.4461 13.7762 2
      vertex 37.5703 32.5195 2
      vertex 36.6319 34.1772 2
    endloop
  endfacet
  facet normal 0 0 1
    outer loop
      vertex 37.8224 20.4497 2
      vertex 35.8742 17.6674 2
      vertex 36.9492 18.9879 2
    endloop
  endfacet
  facet normal 0 0 1
    outer loop
      vertex 22.5674 14.091 2
      vertex 36.6319 34.1772 2
      vertex 35.4967 35.7368 2
    endloop
  endfacet
  facet normal 0 0 1
    outer loop
      vertex 37.8224 20.4497 2
      vertex 34.6143 16.5091 2
      vertex 35.8742 17.6674 2
    endloop
  endfacet
  facet normal 0 0 1
    outer loop
      vertex 20.0603 14.8942 2
      vertex 35.4967 35.7368 2
      vertex 34.1826 37.1736 2
    endloop
  endfacet
  facet normal 0 0 1
    outer loop
      vertex 37.8224 20.4497 2
      vertex 33.1894 15.5312 2
      vertex 34.6143 16.5091 2
    endloop
  endfacet
  facet normal 0 0 1
    outer loop
      vertex 20.0603 14.8942 2
      vertex 34.1826 37.1736 2
      vertex 32.7103 38.4649 2
    endloop
  endfacet
  facet normal 0 0 1
    outer loop
      vertex 38.9115 23.7032 2
      vertex 31.6219 14.7492 2
      vertex 33.1894 15.5312 2
    endloop
  endfacet
  facet normal 0 0 1
    outer loop
      vertex 20.0603 14.8942 2
      vertex 32.7103 38.4649 2
      vertex 31.103 39.5903 2
    endloop
  endfacet
  facet normal 0 0 1
    outer loop
      vertex 39.073 27.2236 2
      vertex 29.9366 14.1754 2
      vertex 31.6219 14.7492 2
    endloop
  endfacet
  facet normal 0 0 1
    outer loop
      vertex 20.0603 14.8942 2
      vertex 31.103 39.5903 2
      vertex 29.386 40.5322 2
    endloop
  endfacet
  facet normal 0 0 1
    outer loop
      vertex 38.8005 29.015 2
      vertex 28.16 13.8187 2
      vertex 29.9366 14.1754 2
    endloop
  endfacet
  facet normal 0 0 1
    outer loop
      vertex 11.3926 22.2094 2
      vertex 29.386 40.5322 2
      vertex 27.5864 41.2757 2
    endloop
  endfacet
  facet normal 0 0 1
    outer loop
      vertex 38.2969 30.7896 2
      vertex 26.3201 13.685 2
      vertex 28.16 13.8187 2
    endloop
  endfacet
  facet normal 0 0 1
    outer loop
      vertex 11.3926 22.2094 2
      vertex 27.5864 41.2757 2
      vertex 25.7326 41.809 2
    endloop
  endfacet
  facet normal 0 0 1
    outer loop
      vertex 37.5703 32.5195 2
      vertex 24.4461 13.7762 2
      vertex 26.3201 13.685 2
    endloop
  endfacet
  facet normal 0 0 1
    outer loop
      vertex 11.3926 22.2094 2
      vertex 25.7326 41.809 2
      vertex 23.8539 42.1238 2
    endloop
  endfacet
  facet normal 0 0 1
    outer loop
      vertex 36.6319 34.1772 2
      vertex 22.5674 14.091 2
      vertex 24.4461 13.7762 2
    endloop
  endfacet
  facet normal 0 0 1
    outer loop
      vertex 11.3926 22.2094 2
      vertex 23.8539 42.1238 2
      vertex 21.9798 42.215 2
    endloop
  endfacet
  facet normal 0 0 1
    outer loop
      vertex 35.4967 35.7368 2
      vertex 20.0603 14.8942 2
      vertex 22.5674 14.091 2
    endloop
  endfacet
  facet normal 0 0 1
    outer loop
      vertex 10.0031 25.1104 2
      vertex 21.9798 42.215 2
      vertex 20.14 42.0812 2
    endloop
  endfacet
  facet normal 0 0 1
    outer loop
      vertex 22.5674 14.091 2
      vertex 20.0603 14.8942 2
      vertex 20.7136 14.6243 2
    endloop
  endfacet
  facet normal 0 0 1
    outer loop
      vertex 29.386 40.5322 2
      vertex 11.3926 22.2094 2
      vertex 20.0603 14.8942 2
    endloop
  endfacet
  facet normal 0 0 1
    outer loop
      vertex 8.03053 3.31985 2
      vertex 20.0603 14.8942 2
      vertex 11.3926 22.2094 2
    endloop
  endfacet
  facet normal 0 -0 1
    outer loop
      vertex 17.7484 2.52507 2
      vertex 20.0603 14.8942 2
      vertex 17.6735 2.56334 2
    endloop
  endfacet
  facet normal 0 0 1
    outer loop
      vertex 9.49947 26.885 2
      vertex 20.14 42.0812 2
      vertex 18.3634 41.7246 2
    endloop
  endfacet
  facet normal -0 -0 1
    outer loop
      vertex 17.8606 2.30663 2
      vertex 19.7584 1.82092 2
      vertex 17.8387 2.39803 2
    endloop
  endfacet
  facet normal -0 0 1
    outer loop
      vertex 17.86 1.90663 2
      vertex 19.2212 1.47499 2
      vertex 17.8742 2.06151 2
    endloop
  endfacet
  facet normal 0 0 1
    outer loop
      vertex 19.2212 1.47499 2
      vertex 17.86 1.90663 2
      vertex 18.6387 0.969009 2
    endloop
  endfacet
  facet normal -0 -0 1
    outer loop
      vertex 17.8742 2.06151 2
      vertex 19.2212 1.47499 2
      vertex 17.8713 2.19489 2
    endloop
  endfacet
  facet normal -0 -0 1
    outer loop
      vertex 17.8713 2.19489 2
      vertex 19.2212 1.47499 2
      vertex 17.8606 2.30663 2
    endloop
  endfacet
  facet normal 0 0 1
    outer loop
      vertex 19.7584 1.82092 2
      vertex 17.8606 2.30663 2
      vertex 19.2212 1.47499 2
    endloop
  endfacet
  facet normal -0 -0 1
    outer loop
      vertex 17.8024 2.4704 2
      vertex 19.7584 1.82092 2
      vertex 17.7484 2.52507 2
    endloop
  endfacet
  facet normal -0 -0 1
    outer loop
      vertex 17.8387 2.39803 2
      vertex 19.7584 1.82092 2
      vertex 17.8024 2.4704 2
    endloop
  endfacet
  facet normal 0 0 1
    outer loop
      vertex 20.0603 14.8942 2
      vertex 17.7484 2.52507 2
      vertex 19.7584 1.82092 2
    endloop
  endfacet
  facet normal 0 0 1
    outer loop
      vertex 20.0603 14.8942 2
      vertex 17.5742 2.58652 2
      vertex 17.6735 2.56334 2
    endloop
  endfacet
  facet normal 0 -0 1
    outer loop
      vertex 14.4566 2.38277 2
      vertex 20.0603 14.8942 2
      vertex 14.3645 2.39267 2
    endloop
  endfacet
  facet normal 0 0 1
    outer loop
      vertex 9.49947 26.885 2
      vertex 18.3634 41.7246 2
      vertex 16.6781 41.1508 2
    endloop
  endfacet
  facet normal 0 -0 1
    outer loop
      vertex 14.5612 2.36665 2
      vertex 17.5742 2.58652 2
      vertex 14.4566 2.38277 2
    endloop
  endfacet
  facet normal 0 -0 1
    outer loop
      vertex 14.9758 2.26779 2
      vertex 17.5742 2.58652 2
      vertex 14.8182 2.31047 2
    endloop
  endfacet
  facet normal -0 -0 1
    outer loop
      vertex 15.0622 2.16867 2
      vertex 16.9641 2.06413 2
      vertex 14.9758 2.26779 2
    endloop
  endfacet
  facet normal -0 0 1
    outer loop
      vertex 15.5385 1.2682 2
      vertex 16.0917 0.804459 2
      vertex 15.5759 1.34912 2
    endloop
  endfacet
  facet normal 0 0 1
    outer loop
      vertex 16.5312 1.50366 2
      vertex 15.5759 1.34912 2
      vertex 16.0917 0.804459 2
    endloop
  endfacet
  facet normal 0 -0 1
    outer loop
      vertex 15.5759 1.34912 2
      vertex 16.5312 1.50366 2
      vertex 15.5515 1.48953 2
    endloop
  endfacet
  facet normal -0 -0 1
    outer loop
      vertex 15.4865 1.63455 2
      vertex 16.5312 1.50366 2
      vertex 15.3929 1.77956 2
    endloop
  endfacet
  facet normal 0 -0 1
    outer loop
      vertex 15.5515 1.48953 2
      vertex 16.5312 1.50366 2
      vertex 15.4865 1.63455 2
    endloop
  endfacet
  facet normal 0 0 1
    outer loop
      vertex 16.9641 2.06413 2
      vertex 15.3929 1.77956 2
      vertex 16.5312 1.50366 2
    endloop
  endfacet
  facet normal 0 0 1
    outer loop
      vertex 9.49947 26.885 2
      vertex 16.6781 41.1508 2
      vertex 15.1106 40.3688 2
    endloop
  endfacet
  facet normal 0 -0 1
    outer loop
      vertex 15.3929 1.77956 2
      vertex 16.9641 2.06413 2
      vertex 15.2829 1.91997 2
    endloop
  endfacet
  facet normal 0 -0 1
    outer loop
      vertex 15.1686 2.05121 2
      vertex 16.9641 2.06413 2
      vertex 15.0622 2.16867 2
    endloop
  endfacet
  facet normal 0 -0 1
    outer loop
      vertex 15.2829 1.91997 2
      vertex 16.9641 2.06413 2
      vertex 15.1686 2.05121 2
    endloop
  endfacet
  facet normal 0 0 1
    outer loop
      vertex 17.3315 2.44029 2
      vertex 14.9758 2.26779 2
      vertex 16.9641 2.06413 2
    endloop
  endfacet
  facet normal 0 0 1
    outer loop
      vertex 17.5742 2.58652 2
      vertex 14.9758 2.26779 2
      vertex 17.3315 2.44029 2
    endloop
  endfacet
  facet normal 0 -0 1
    outer loop
      vertex 14.8182 2.31047 2
      vertex 17.5742 2.58652 2
      vertex 14.6808 2.34299 2
    endloop
  endfacet
  facet normal 0 -0 1
    outer loop
      vertex 14.6808 2.34299 2
      vertex 17.5742 2.58652 2
      vertex 14.5612 2.36665 2
    endloop
  endfacet
  facet normal 0 0 1
    outer loop
      vertex 20.0603 14.8942 2
      vertex 14.4566 2.38277 2
      vertex 17.5742 2.58652 2
    endloop
  endfacet
  facet normal 0 0 1
    outer loop
      vertex 20.0603 14.8942 2
      vertex 14.2822 2.39764 2
      vertex 14.3645 2.39267 2
    endloop
  endfacet
  facet normal 0 0 1
    outer loop
      vertex 9.49947 26.885 2
      vertex 15.1106 40.3688 2
      vertex 13.6857 39.3909 2
    endloop
  endfacet
  facet normal 0 0 1
    outer loop
      vertex 20.0603 14.8942 2
      vertex 14.2072 2.39902 2
      vertex 14.2822 2.39764 2
    endloop
  endfacet
  facet normal 0 0 1
    outer loop
      vertex 20.0603 14.8942 2
      vertex 13.5847 2.3802 2
      vertex 14.2072 2.39902 2
    endloop
  endfacet
  facet normal 0 0 1
    outer loop
      vertex 20.0603 14.8942 2
      vertex 13.0295 2.33122 2
      vertex 13.5847 2.3802 2
    endloop
  endfacet
  facet normal 0 0 1
    outer loop
      vertex 9.49947 26.885 2
      vertex 13.6857 39.3909 2
      vertex 12.4258 38.2326 2
    endloop
  endfacet
  facet normal -0 0 1
    outer loop
      vertex 8.03053 3.31985 2
      vertex 13.0295 2.33122 2
      vertex 20.0603 14.8942 2
    endloop
  endfacet
  facet normal 0 0 1
    outer loop
      vertex 13.0295 2.33122 2
      vertex 8.03053 3.31985 2
      vertex 12.533 2.26323 2
    endloop
  endfacet
  facet normal 0 0 1
    outer loop
      vertex 12.533 2.26323 2
      vertex 8.03053 3.31985 2
      vertex 12.0866 2.18736 2
    endloop
  endfacet
  facet normal 0 0 1
    outer loop
      vertex 9.49947 26.885 2
      vertex 12.4258 38.2326 2
      vertex 11.3507 36.9121 2
    endloop
  endfacet
  facet normal 0 0 1
    outer loop
      vertex 21.9798 42.215 2
      vertex 10.7297 23.3805 2
      vertex 11.3926 22.2094 2
    endloop
  endfacet
  facet normal 0 0 1
    outer loop
      vertex 9.49947 26.885 2
      vertex 11.3507 36.9121 2
      vertex 10.4776 35.4503 2
    endloop
  endfacet
  facet normal 0 0 1
    outer loop
      vertex 21.9798 42.215 2
      vertex 10.0031 25.1104 2
      vertex 10.7297 23.3805 2
    endloop
  endfacet
  facet normal 0 0 1
    outer loop
      vertex 9.49947 26.885 2
      vertex 10.4776 35.4503 2
      vertex 9.82005 33.8702 2
    endloop
  endfacet
  facet normal 0 0 1
    outer loop
      vertex 20.14 42.0812 2
      vertex 9.49947 26.885 2
      vertex 10.0031 25.1104 2
    endloop
  endfacet
  facet normal -0 0 1
    outer loop
      vertex 9.3885 32.1968 2
      vertex 9.49947 26.885 2
      vertex 9.82005 33.8702 2
    endloop
  endfacet
  facet normal 0 0 1
    outer loop
      vertex 9.3885 32.1968 2
      vertex 9.22694 28.6764 2
      vertex 9.49947 26.885 2
    endloop
  endfacet
  facet normal 0 -0 1
    outer loop
      vertex 9.22694 28.6764 2
      vertex 9.3885 32.1968 2
      vertex 9.18976 30.4563 2
    endloop
  endfacet
  facet normal -0 0 1
    outer loop
      vertex 21.264 0.854004 2
      vertex 25 0 2
      vertex 24.8029 3.13332 2
    endloop
  endfacet
  facet normal 0 0 1
    outer loop
      vertex 20.5924 1.85962 2
      vertex 24.8029 3.13332 2
      vertex 24.2146 6.21724 2
    endloop
  endfacet
  facet normal 0 0 1
    outer loop
      vertex 25 0 2
      vertex 21.3656 0.412964 2
      vertex 21.4203 -0.0109863 2
    endloop
  endfacet
  facet normal 0 0 1
    outer loop
      vertex 20.2179 1.94905 2
      vertex 24.2146 6.21724 2
      vertex 23.2444 9.20311 2
    endloop
  endfacet
  facet normal 0 -0 1
    outer loop
      vertex 21.4367 -0.3759 2
      vertex 25 0 2
      vertex 21.4203 -0.0109863 2
    endloop
  endfacet
  facet normal 0 0 1
    outer loop
      vertex 19.7584 1.82092 2
      vertex 23.2444 9.20311 2
      vertex 21.9077 12.0438 2
    endloop
  endfacet
  facet normal 0 0 1
    outer loop
      vertex 25 0 2
      vertex 21.2793 -1.28236 2
      vertex 24.8029 -3.13332 2
    endloop
  endfacet
  facet normal -0 0 1
    outer loop
      vertex 20.2456 -2.7955 2
      vertex 24.8029 -3.13332 2
      vertex 20.8572 -2.09436 2
    endloop
  endfacet
  facet normal -0 0 1
    outer loop
      vertex 20.8572 -2.09436 2
      vertex 24.8029 -3.13332 2
      vertex 21.2793 -1.28236 2
    endloop
  endfacet
  facet normal 0 0 1
    outer loop
      vertex 21.2793 -1.28236 2
      vertex 25 0 2
      vertex 21.4367 -0.3759 2
    endloop
  endfacet
  facet normal 0 0 1
    outer loop
      vertex 25 0 2
      vertex 21.264 0.854004 2
      vertex 21.3656 0.412964 2
    endloop
  endfacet
  facet normal 0 0 1
    outer loop
      vertex 24.8029 3.13332 2
      vertex 21.1069 1.27011 2
      vertex 21.264 0.854004 2
    endloop
  endfacet
  facet normal 0 0 1
    outer loop
      vertex 24.8029 3.13332 2
      vertex 20.8859 1.61931 2
      vertex 21.1069 1.27011 2
    endloop
  endfacet
  facet normal 0 0 1
    outer loop
      vertex 24.8029 3.13332 2
      vertex 20.5924 1.85962 2
      vertex 20.8859 1.61931 2
    endloop
  endfacet
  facet normal 0 0 1
    outer loop
      vertex 19.7584 1.82092 2
      vertex 21.9077 12.0438 2
      vertex 20.2254 14.6946 2
    endloop
  endfacet
  facet normal 0 0 1
    outer loop
      vertex 24.2146 6.21724 2
      vertex 20.2179 1.94905 2
      vertex 20.5924 1.85962 2
    endloop
  endfacet
  facet normal 0 0 1
    outer loop
      vertex 19.7584 1.82092 2
      vertex 20.2254 14.6946 2
      vertex 20.0603 14.8942 2
    endloop
  endfacet
  facet normal 0 0 1
    outer loop
      vertex 23.2444 9.20311 2
      vertex 19.7584 1.82092 2
      vertex 20.2179 1.94905 2
    endloop
  endfacet
  facet normal 0 0 1
    outer loop
      vertex 24.8029 -3.13332 2
      vertex 20.2456 -2.7955 2
      vertex 24.2146 -6.21724 2
    endloop
  endfacet
  facet normal -0 0 1
    outer loop
      vertex 19.5195 -3.36938 2
      vertex 24.2146 -6.21724 2
      vertex 20.2456 -2.7955 2
    endloop
  endfacet
  facet normal -0 0 1
    outer loop
      vertex 18.754 -3.79961 2
      vertex 24.2146 -6.21724 2
      vertex 19.5195 -3.36938 2
    endloop
  endfacet
  facet normal 0 0 1
    outer loop
      vertex 24.2146 -6.21724 2
      vertex 18.754 -3.79961 2
      vertex 23.2444 -9.20311 2
    endloop
  endfacet
  facet normal -0 0 1
    outer loop
      vertex 16.3066 -6.4606 2
      vertex 23.2444 -9.20311 2
      vertex 18.754 -3.79961 2
    endloop
  endfacet
  facet normal -0 0 1
    outer loop
      vertex 15.989 -7.76311 2
      vertex 23.2444 -9.20311 2
      vertex 16.1452 -7.10513 2
    endloop
  endfacet
  facet normal 0 0 1
    outer loop
      vertex 23.2444 -9.20311 2
      vertex 15.821 -8.47522 2
      vertex 21.9077 -12.0438 2
    endloop
  endfacet
  facet normal 0 0 1
    outer loop
      vertex 16.4903 -5.78885 2
      vertex 18.754 -3.79961 2
      vertex 18.0243 -4.06976 2
    endloop
  endfacet
  facet normal 0 0 1
    outer loop
      vertex 16.7134 -5.04919 2
      vertex 18.0243 -4.06976 2
      vertex 17.4055 -4.16347 2
    endloop
  endfacet
  facet normal 0 0 1
    outer loop
      vertex 16.7134 -5.04919 2
      vertex 17.4055 -4.16347 2
      vertex 17.3492 -4.16455 2
    endloop
  endfacet
  facet normal 0 0 1
    outer loop
      vertex 16.7134 -5.04919 2
      vertex 17.3492 -4.16455 2
      vertex 17.2925 -4.16762 2
    endloop
  endfacet
  facet normal 0 0 1
    outer loop
      vertex 16.7134 -5.04919 2
      vertex 17.2925 -4.16762 2
      vertex 17.2352 -4.17232 2
    endloop
  endfacet
  facet normal 0 0 1
    outer loop
      vertex 16.7134 -5.04919 2
      vertex 17.2352 -4.17232 2
      vertex 17.1769 -4.17834 2
    endloop
  endfacet
  facet normal 0 0 1
    outer loop
      vertex 16.7134 -5.04919 2
      vertex 17.1769 -4.17834 2
      vertex 17.1173 -4.18535 2
    endloop
  endfacet
  facet normal 0 0 1
    outer loop
      vertex 16.7134 -5.04919 2
      vertex 17.1173 -4.18535 2
      vertex 17.0561 -4.19301 2
    endloop
  endfacet
  facet normal 0 0 1
    outer loop
      vertex 16.7134 -5.04919 2
      vertex 17.0561 -4.19301 2
      vertex 16.9929 -4.20099 2
    endloop
  endfacet
  facet normal 0 0 1
    outer loop
      vertex 18.0243 -4.06976 2
      vertex 16.7134 -5.04919 2
      vertex 16.4903 -5.78885 2
    endloop
  endfacet
  facet normal 0 0 1
    outer loop
      vertex 18.754 -3.79961 2
      vertex 16.4903 -5.78885 2
      vertex 16.3066 -6.4606 2
    endloop
  endfacet
  facet normal 0 0 1
    outer loop
      vertex 23.2444 -9.20311 2
      vertex 16.3066 -6.4606 2
      vertex 16.1452 -7.10513 2
    endloop
  endfacet
  facet normal -0 0 1
    outer loop
      vertex 15.821 -8.47522 2
      vertex 23.2444 -9.20311 2
      vertex 15.989 -7.76311 2
    endloop
  endfacet
  facet normal -0 0 1
    outer loop
      vertex 15.6241 -9.28212 2
      vertex 21.9077 -12.0438 2
      vertex 15.821 -8.47522 2
    endloop
  endfacet
  facet normal -0 0 1
    outer loop
      vertex 15.568 -9.43224 2
      vertex 21.9077 -12.0438 2
      vertex 15.6241 -9.28212 2
    endloop
  endfacet
  facet normal 0 0 1
    outer loop
      vertex 21.9077 -12.0438 2
      vertex 15.568 -9.43224 2
      vertex 20.2254 -14.6946 2
    endloop
  endfacet
  facet normal 0 0 1
    outer loop
      vertex 20.2254 -14.6946 2
      vertex 15.568 -9.43224 2
      vertex 18.2242 -17.1137 2
    endloop
  endfacet
  facet normal 0 0 1
    outer loop
      vertex 15.2622 -9.36783 2
      vertex 18.2242 -17.1137 2
      vertex 15.568 -9.43224 2
    endloop
  endfacet
  facet normal 0 0 1
    outer loop
      vertex 18.2242 -17.1137 2
      vertex 15.2622 -9.36783 2
      vertex 15.9356 -19.2628 2
    endloop
  endfacet
  facet normal 0 0 1
    outer loop
      vertex 14.9909 -9.24307 2
      vertex 15.9356 -19.2628 2
      vertex 15.2622 -9.36783 2
    endloop
  endfacet
  facet normal 0 0 1
    outer loop
      vertex 14.7586 -9.06419 2
      vertex 15.9356 -19.2628 2
      vertex 14.9909 -9.24307 2
    endloop
  endfacet
  facet normal 0 0 1
    outer loop
      vertex 13.3957 -21.1082 2
      vertex 14.7586 -9.06419 2
      vertex 14.57 -8.83743 2
    endloop
  endfacet
  facet normal 0 0 1
    outer loop
      vertex 4.95935 -3.91965 2
      vertex 14.57 -8.83743 2
      vertex 14.4295 -8.56902 2
    endloop
  endfacet
  facet normal 0 0 1
    outer loop
      vertex 8.33435 -3.54462 2
      vertex 14.4295 -8.56902 2
      vertex 14.3419 -8.26517 2
    endloop
  endfacet
  facet normal -0 0 1
    outer loop
      vertex 12.2177 -4.26347 2
      vertex 14.5124 -6.64764 2
      vertex 12.7198 -4.12955 2
    endloop
  endfacet
  facet normal 0 0 1
    outer loop
      vertex 14.5124 -6.64764 2
      vertex 12.2177 -4.26347 2
      vertex 14.3956 -7.24571 2
    endloop
  endfacet
  facet normal -0 0 1
    outer loop
      vertex 11.6947 -4.31345 2
      vertex 14.3956 -7.24571 2
      vertex 12.2177 -4.26347 2
    endloop
  endfacet
  facet normal 0 0 1
    outer loop
      vertex 14.3956 -7.24571 2
      vertex 11.6947 -4.31345 2
      vertex 14.3313 -7.68076 2
    endloop
  endfacet
  facet normal 0 0 1
    outer loop
      vertex 11.2869 -4.26851 2
      vertex 14.3313 -7.68076 2
      vertex 11.6947 -4.31345 2
    endloop
  endfacet
  facet normal 0 0 1
    outer loop
      vertex 14.3313 -7.68076 2
      vertex 11.2869 -4.26851 2
      vertex 14.3117 -7.93211 2
    endloop
  endfacet
  facet normal 0 0 1
    outer loop
      vertex 14.3117 -7.93211 2
      vertex 11.2869 -4.26851 2
      vertex 14.3419 -8.26517 2
    endloop
  endfacet
  facet normal 0 0 1
    outer loop
      vertex 10.9463 -4.14223 2
      vertex 14.3419 -8.26517 2
      vertex 11.2869 -4.26851 2
    endloop
  endfacet
  facet normal 0 0 1
    outer loop
      vertex 14.7586 -9.06419 2
      vertex 13.3957 -21.1082 2
      vertex 15.9356 -19.2628 2
    endloop
  endfacet
  facet normal 0 0 1
    outer loop
      vertex 8.33435 -3.54462 2
      vertex 14.3419 -8.26517 2
      vertex 10.9463 -4.14223 2
    endloop
  endfacet
  facet normal 0 0 1
    outer loop
      vertex 8.33435 -3.54462 2
      vertex 10.9463 -4.14223 2
      vertex 10.6714 -3.94739 2
    endloop
  endfacet
  facet normal 0 0 1
    outer loop
      vertex 14.4295 -8.56902 2
      vertex 8.33435 -3.54462 2
      vertex 5.11742 -3.88461 2
    endloop
  endfacet
  facet normal 0 0 1
    outer loop
      vertex 8.70358 -3.46547 2
      vertex 10.6714 -3.94739 2
      vertex 10.4604 -3.69679 2
    endloop
  endfacet
  facet normal 0 0 1
    outer loop
      vertex 9.02232 -3.24661 2
      vertex 10.4604 -3.69679 2
      vertex 10.3117 -3.40323 2
    endloop
  endfacet
  facet normal 0 0 1
    outer loop
      vertex 9.28825 -2.91591 2
      vertex 10.3117 -3.40323 2
      vertex 10.2237 -3.0795 2
    endloop
  endfacet
  facet normal -0 0 1
    outer loop
      vertex 9.28825 -2.91591 2
      vertex 10.2237 -3.0795 2
      vertex 10.1947 -2.7384 2
    endloop
  endfacet
  facet normal 0 0 1
    outer loop
      vertex 9.49908 -2.50124 2
      vertex 10.2515 -2.33556 2
      vertex 9.65253 -2.03047 2
    endloop
  endfacet
  facet normal 0 0 1
    outer loop
      vertex 10.2515 -2.33556 2
      vertex 9.49908 -2.50124 2
      vertex 10.2098 -2.54485 2
    endloop
  endfacet
  facet normal 0 0 1
    outer loop
      vertex 10.2098 -2.54485 2
      vertex 9.49908 -2.50124 2
      vertex 10.1947 -2.7384 2
    endloop
  endfacet
  facet normal 0 0 1
    outer loop
      vertex 9.28825 -2.91591 2
      vertex 10.1947 -2.7384 2
      vertex 9.49908 -2.50124 2
    endloop
  endfacet
  facet normal 0 0 1
    outer loop
      vertex 10.3117 -3.40323 2
      vertex 9.28825 -2.91591 2
      vertex 9.02232 -3.24661 2
    endloop
  endfacet
  facet normal 0 0 1
    outer loop
      vertex 10.4604 -3.69679 2
      vertex 9.02232 -3.24661 2
      vertex 8.70358 -3.46547 2
    endloop
  endfacet
  facet normal 0 0 1
    outer loop
      vertex 10.6714 -3.94739 2
      vertex 8.70358 -3.46547 2
      vertex 8.33435 -3.54462 2
    endloop
  endfacet
  facet normal 0 0 1
    outer loop
      vertex 14.4295 -8.56902 2
      vertex 5.11742 -3.88461 2
      vertex 4.95935 -3.91965 2
    endloop
  endfacet
  facet normal 0 0 1
    outer loop
      vertex 5.24139 -3.79086 2
      vertex 8.33435 -3.54462 2
      vertex 7.86755 -3.35144 2
    endloop
  endfacet
  facet normal 0 0 1
    outer loop
      vertex 14.57 -8.83743 2
      vertex 10.6445 -22.6207 2
      vertex 13.3957 -21.1082 2
    endloop
  endfacet
  facet normal 0 0 1
    outer loop
      vertex 5.40669 -3.49547 2
      vertex 7.86755 -3.35144 2
      vertex 7.41026 -2.85323 2
    endloop
  endfacet
  facet normal -0 0 1
    outer loop
      vertex 5.55875 -2.71347 2
      vertex 7.41026 -2.85323 2
      vertex 6.97891 -2.17201 2
    endloop
  endfacet
  facet normal 0 0 1
    outer loop
      vertex 5.59015 -2.27345 2
      vertex 6.97891 -2.17201 2
      vertex 6.58987 -1.42978 2
    endloop
  endfacet
  facet normal -0 0 1
    outer loop
      vertex 5.64143 -1.26711 2
      vertex 6.58987 -1.42978 2
      vertex 6.25954 -0.74855 2
    endloop
  endfacet
  facet normal -0 0 1
    outer loop
      vertex 5.68613 -0.45752 2
      vertex 6.25954 -0.74855 2
      vertex 6.00433 -0.250351 2
    endloop
  endfacet
  facet normal -0 0 1
    outer loop
      vertex 5.76492 -0.119293 2
      vertex 6.00433 -0.250351 2
      vertex 5.84064 -0.0571594 2
    endloop
  endfacet
  facet normal 0 0 1
    outer loop
      vertex 5.80475 -0.0718231 2
      vertex 5.84064 -0.0571594 2
      vertex 5.82352 -0.0607147 2
    endloop
  endfacet
  facet normal 0 0 1
    outer loop
      vertex 5.84064 -0.0571594 2
      vertex 5.80475 -0.0718231 2
      vertex 5.78499 -0.0911255 2
    endloop
  endfacet
  facet normal 0 0 1
    outer loop
      vertex 5.84064 -0.0571594 2
      vertex 5.78499 -0.0911255 2
      vertex 5.76492 -0.119293 2
    endloop
  endfacet
  facet normal 0 0 1
    outer loop
      vertex 6.00433 -0.250351 2
      vertex 5.76492 -0.119293 2
      vertex 5.74516 -0.156952 2
    endloop
  endfacet
  facet normal 0 0 1
    outer loop
      vertex 6.00433 -0.250351 2
      vertex 5.74516 -0.156952 2
      vertex 5.72639 -0.204788 2
    endloop
  endfacet
  facet normal 0 0 1
    outer loop
      vertex 6.00433 -0.250351 2
      vertex 5.72639 -0.204788 2
      vertex 5.70927 -0.263443 2
    endloop
  endfacet
  facet normal 0 0 1
    outer loop
      vertex 6.00433 -0.250351 2
      vertex 5.70927 -0.263443 2
      vertex 5.68613 -0.45752 2
    endloop
  endfacet
  facet normal 0 0 1
    outer loop
      vertex 6.25954 -0.74855 2
      vertex 5.68613 -0.45752 2
      vertex 5.66396 -0.810333 2
    endloop
  endfacet
  facet normal 0 0 1
    outer loop
      vertex 6.25954 -0.74855 2
      vertex 5.66396 -0.810333 2
      vertex 5.64143 -1.26711 2
    endloop
  endfacet
  facet normal 0 0 1
    outer loop
      vertex 6.58987 -1.42978 2
      vertex 5.64143 -1.26711 2
      vertex 5.61728 -1.77307 2
    endloop
  endfacet
  facet normal 0 0 1
    outer loop
      vertex 6.58987 -1.42978 2
      vertex 5.61728 -1.77307 2
      vertex 5.59015 -2.27345 2
    endloop
  endfacet
  facet normal 0 0 1
    outer loop
      vertex 6.97891 -2.17201 2
      vertex 5.59015 -2.27345 2
      vertex 5.55875 -2.71347 2
    endloop
  endfacet
  facet normal 0 0 1
    outer loop
      vertex 7.41026 -2.85323 2
      vertex 5.55875 -2.71347 2
      vertex 5.52176 -3.03838 2
    endloop
  endfacet
  facet normal 0 0 1
    outer loop
      vertex 7.41026 -2.85323 2
      vertex 5.52176 -3.03838 2
      vertex 5.49457 -3.16986 2
    endloop
  endfacet
  facet normal 0 0 1
    outer loop
      vertex 7.41026 -2.85323 2
      vertex 5.49457 -3.16986 2
      vertex 5.45786 -3.32791 2
    endloop
  endfacet
  facet normal 0 0 1
    outer loop
      vertex 7.41026 -2.85323 2
      vertex 5.45786 -3.32791 2
      vertex 5.40669 -3.49547 2
    endloop
  endfacet
  facet normal 0 0 1
    outer loop
      vertex 7.86755 -3.35144 2
      vertex 5.40669 -3.49547 2
      vertex 5.33617 -3.65547 2
    endloop
  endfacet
  facet normal 0 0 1
    outer loop
      vertex 7.86755 -3.35144 2
      vertex 5.33617 -3.65547 2
      vertex 5.24139 -3.79086 2
    endloop
  endfacet
  facet normal 0 0 1
    outer loop
      vertex 8.33435 -3.54462 2
      vertex 5.24139 -3.79086 2
      vertex 5.11742 -3.88461 2
    endloop
  endfacet
  facet normal 0 0 1
    outer loop
      vertex 14.57 -8.83743 2
      vertex 4.95935 -3.91965 2
      vertex 10.6445 -22.6207 2
    endloop
  endfacet
  facet normal 0 0 1
    outer loop
      vertex 10.6445 -22.6207 2
      vertex 4.95935 -3.91965 2
      vertex 7.72542 -23.7764 2
    endloop
  endfacet
  facet normal 0 0 1
    outer loop
      vertex 1.70616 -3.68138 2
      vertex 4.95935 -3.91965 2
      vertex 4.7299 -3.86121 2
    endloop
  endfacet
  facet normal 0 0 1
    outer loop
      vertex 4.95935 -3.91965 2
      vertex 4.68452 -24.5572 2
      vertex 7.72542 -23.7764 2
    endloop
  endfacet
  facet normal 0 0 1
    outer loop
      vertex 2.25237 -3.54724 2
      vertex 4.7299 -3.86121 2
      vertex 4.55196 -3.70471 2
    endloop
  endfacet
  facet normal 0 0 1
    outer loop
      vertex 2.79594 -3.30487 2
      vertex 4.55196 -3.70471 2
      vertex 4.4196 -3.47833 2
    endloop
  endfacet
  facet normal 0 0 1
    outer loop
      vertex 3.26866 -2.92276 2
      vertex 4.4196 -3.47833 2
      vertex 4.32693 -3.21033 2
    endloop
  endfacet
  facet normal 0 0 1
    outer loop
      vertex 3.26866 -2.92276 2
      vertex 4.32693 -3.21033 2
      vertex 4.26807 -2.92886 2
    endloop
  endfacet
  facet normal -0 0 1
    outer loop
      vertex 3.26866 -2.92276 2
      vertex 4.26807 -2.92886 2
      vertex 4.23708 -2.66216 2
    endloop
  endfacet
  facet normal 0 0 1
    outer loop
      vertex 3.60233 -2.36946 2
      vertex 4.23708 -2.66216 2
      vertex 4.22806 -2.43843 2
    endloop
  endfacet
  facet normal -0 0 1
    outer loop
      vertex 3.67242 1.52177 2
      vertex 4.6741 0.551941 2
      vertex 3.74677 1.57321 2
    endloop
  endfacet
  facet normal -0 0 1
    outer loop
      vertex 3.59056 1.47852 2
      vertex 4.6741 0.551941 2
      vertex 3.67242 1.52177 2
    endloop
  endfacet
  facet normal 0 0 1
    outer loop
      vertex 3.60233 -2.36946 2
      vertex 4.25742 -1.88632 2
      vertex 3.72871 -1.61345 2
    endloop
  endfacet
  facet normal 0 0 1
    outer loop
      vertex 4.48338 -0.287476 2
      vertex 3.72871 -1.61345 2
      vertex 4.34351 -1.1348 2
    endloop
  endfacet
  facet normal 0 0 1
    outer loop
      vertex 4.34351 -1.1348 2
      vertex 3.72871 -1.61345 2
      vertex 4.25742 -1.88632 2
    endloop
  endfacet
  facet normal 0 0 1
    outer loop
      vertex 4.25742 -1.88632 2
      vertex 3.60233 -2.36946 2
      vertex 4.22806 -2.43843 2
    endloop
  endfacet
  facet normal 0 0 1
    outer loop
      vertex 4.23708 -2.66216 2
      vertex 3.60233 -2.36946 2
      vertex 3.26866 -2.92276 2
    endloop
  endfacet
  facet normal 0 0 1
    outer loop
      vertex 4.4196 -3.47833 2
      vertex 3.26866 -2.92276 2
      vertex 2.79594 -3.30487 2
    endloop
  endfacet
  facet normal 0 0 1
    outer loop
      vertex 4.55196 -3.70471 2
      vertex 2.79594 -3.30487 2
      vertex 2.25237 -3.54724 2
    endloop
  endfacet
  facet normal 0 0 1
    outer loop
      vertex 4.7299 -3.86121 2
      vertex 2.25237 -3.54724 2
      vertex 1.70616 -3.68138 2
    endloop
  endfacet
  facet normal 0 0 1
    outer loop
      vertex 4.95935 -3.91965 2
      vertex 1.70616 -3.68138 2
      vertex 1.22554 -3.73877 2
    endloop
  endfacet
  facet normal 0 0 1
    outer loop
      vertex 4.95935 -3.91965 2
      vertex 1.22554 -3.73877 2
      vertex 4.68452 -24.5572 2
    endloop
  endfacet
  facet normal 0 0 1
    outer loop
      vertex 4.68452 -24.5572 2
      vertex 1.22554 -3.73877 2
      vertex 1.56975 -24.9507 2
    endloop
  endfacet
  facet normal -0 0 1
    outer loop
      vertex 0.878723 -3.7509 2
      vertex 1.56975 -24.9507 2
      vertex 1.22554 -3.73877 2
    endloop
  endfacet
  facet normal 0 0 1
    outer loop
      vertex -1.56975 -24.9507 2
      vertex 0.878723 -3.7509 2
      vertex 0.210739 -3.69257 2
    endloop
  endfacet
  facet normal 0 0 1
    outer loop
      vertex -3.5311 -3.89832 2
      vertex 0.210739 -3.69257 2
      vertex -0.412949 -3.53224 2
    endloop
  endfacet
  facet normal 0 0 1
    outer loop
      vertex -3.42574 -3.81212 2
      vertex -0.412949 -3.53224 2
      vertex -0.971069 -3.29189 2
    endloop
  endfacet
  facet normal 0 0 1
    outer loop
      vertex -3.35121 -3.70393 2
      vertex -0.971069 -3.29189 2
      vertex -1.44229 -2.99347 2
    endloop
  endfacet
  facet normal 0 0 1
    outer loop
      vertex 0.210739 -3.69257 2
      vertex -3.5311 -3.89832 2
      vertex -3.67152 -3.95534 2
    endloop
  endfacet
  facet normal 0 0 1
    outer loop
      vertex -3.2776 -3.45052 2
      vertex -1.44229 -2.99347 2
      vertex -1.80527 -2.659 2
    endloop
  endfacet
  facet normal 0 0 1
    outer loop
      vertex -3.27843 -2.6716 2
      vertex -1.80527 -2.659 2
      vertex -2.03868 -2.31041 2
    endloop
  endfacet
  facet normal 0 0 1
    outer loop
      vertex -3.27843 -2.6716 2
      vertex -2.03868 -2.31041 2
      vertex -2.12123 -1.96971 2
    endloop
  endfacet
  facet normal 0 0 1
    outer loop
      vertex -3.27843 -2.6716 2
      vertex -2.06609 -1.61601 2
      vertex -2.31517 0.0338745 2
    endloop
  endfacet
  facet normal 0 0 1
    outer loop
      vertex -3.27843 -2.6716 2
      vertex -2.12123 -1.96971 2
      vertex -2.06609 -1.61601 2
    endloop
  endfacet
  facet normal 0 0 1
    outer loop
      vertex -3.27843 -2.6716 2
      vertex -2.31517 0.0338745 2
      vertex -2.39934 0.276093 2
    endloop
  endfacet
  facet normal 0 0 1
    outer loop
      vertex -3.27843 -2.6716 2
      vertex -2.39934 0.276093 2
      vertex -2.4212 0.580292 2
    endloop
  endfacet
  facet normal -0 -0 1
    outer loop
      vertex -3.47858 1.57851 2
      vertex -2.22337 1.24017 2
      vertex -3.51572 1.82416 2
    endloop
  endfacet
  facet normal 0 0 1
    outer loop
      vertex -1.80527 -2.659 2
      vertex -3.27 -3.31972 2
      vertex -3.2776 -3.45052 2
    endloop
  endfacet
  facet normal 0 0 1
    outer loop
      vertex -1.44229 -2.99347 2
      vertex -3.2776 -3.45052 2
      vertex -3.30325 -3.58099 2
    endloop
  endfacet
  facet normal 0 0 1
    outer loop
      vertex -1.44229 -2.99347 2
      vertex -3.30325 -3.58099 2
      vertex -3.35121 -3.70393 2
    endloop
  endfacet
  facet normal 0 0 1
    outer loop
      vertex -0.971069 -3.29189 2
      vertex -3.35121 -3.70393 2
      vertex -3.42574 -3.81212 2
    endloop
  endfacet
  facet normal 0 0 1
    outer loop
      vertex -0.412949 -3.53224 2
      vertex -3.42574 -3.81212 2
      vertex -3.5311 -3.89832 2
    endloop
  endfacet
  facet normal 0 0 1
    outer loop
      vertex 0.210739 -3.69257 2
      vertex -3.67152 -3.95534 2
      vertex -1.56975 -24.9507 2
    endloop
  endfacet
  facet normal 0 0 1
    outer loop
      vertex 0.878723 -3.7509 2
      vertex -1.56975 -24.9507 2
      vertex 1.56975 -24.9507 2
    endloop
  endfacet
  facet normal 0 0 1
    outer loop
      vertex -4.68452 -24.5572 2
      vertex -3.67152 -3.95534 2
      vertex -3.85132 -3.97595 2
    endloop
  endfacet
  facet normal 0 0 1
    outer loop
      vertex -7.72542 -23.7764 2
      vertex -3.85132 -3.97595 2
      vertex -3.91975 -3.97266 2
    endloop
  endfacet
  facet normal 0 0 1
    outer loop
      vertex -7.72542 -23.7764 2
      vertex -3.91975 -3.97266 2
      vertex -3.99475 -3.96347 2
    endloop
  endfacet
  facet normal 0 0 1
    outer loop
      vertex -10.6445 -22.6207 2
      vertex -3.99475 -3.96347 2
      vertex -4.0737 -3.94937 2
    endloop
  endfacet
  facet normal 0 0 1
    outer loop
      vertex -9.29169 -4.45422 2
      vertex -4.0737 -3.94937 2
      vertex -4.15395 -3.93134 2
    endloop
  endfacet
  facet normal 0 0 1
    outer loop
      vertex -9.29169 -4.45422 2
      vertex -4.15395 -3.93134 2
      vertex -4.23289 -3.91034 2
    endloop
  endfacet
  facet normal 0 0 1
    outer loop
      vertex -7.96695 -3.94653 2
      vertex -4.23289 -3.91034 2
      vertex -4.30789 -3.88741 2
    endloop
  endfacet
  facet normal 0 0 1
    outer loop
      vertex -7.96695 -3.94653 2
      vertex -4.30789 -3.88741 2
      vertex -4.37633 -3.86349 2
    endloop
  endfacet
  facet normal 0 0 1
    outer loop
      vertex -7.96695 -3.94653 2
      vertex -4.37633 -3.86349 2
      vertex -4.47284 -3.79465 2
    endloop
  endfacet
  facet normal 0 0 1
    outer loop
      vertex -6.8167 -3.23125 2
      vertex -4.47284 -3.79465 2
      vertex -4.55396 -3.66643 2
    endloop
  endfacet
  facet normal 0 0 1
    outer loop
      vertex -6.8167 -3.23125 2
      vertex -4.55396 -3.66643 2
      vertex -4.62033 -3.49985 2
    endloop
  endfacet
  facet normal 0 0 1
    outer loop
      vertex -6.8167 -3.23125 2
      vertex -4.62033 -3.49985 2
      vertex -4.67261 -3.31589 2
    endloop
  endfacet
  facet normal 0 0 1
    outer loop
      vertex -3.67152 -3.95534 2
      vertex -4.68452 -24.5572 2
      vertex -1.56975 -24.9507 2
    endloop
  endfacet
  facet normal -0 0 1
    outer loop
      vertex -6.8167 -3.23125 2
      vertex -4.67261 -3.31589 2
      vertex -4.71143 -3.13553 2
    endloop
  endfacet
  facet normal 0 0 1
    outer loop
      vertex -5.90981 -2.30571 2
      vertex -4.71143 -3.13553 2
      vertex -4.73747 -2.97978 2
    endloop
  endfacet
  facet normal 0 0 1
    outer loop
      vertex -5.90981 -2.30571 2
      vertex -4.73747 -2.97978 2
      vertex -4.75136 -2.86961 2
    endloop
  endfacet
  facet normal 0 0 1
    outer loop
      vertex -4.45393 3.57269 2
      vertex -4.92258 3.45862 2
      vertex -4.98949 3.37291 2
    endloop
  endfacet
  facet normal 0 0 1
    outer loop
      vertex -4.74103 -2.00623 2
      vertex -5.90981 -2.30571 2
      vertex -4.74677 -2.23499 2
    endloop
  endfacet
  facet normal 0 0 1
    outer loop
      vertex -4.35893 2.35355 2
      vertex -5.13412 3.23824 2
      vertex -4.36812 2.32332 2
    endloop
  endfacet
  facet normal 0 0 1
    outer loop
      vertex -4.46973 1.52747 2
      vertex -5.10165 0.186493 2
      vertex -4.5428 0.87236 2
    endloop
  endfacet
  facet normal 0 0 1
    outer loop
      vertex -4.5428 0.87236 2
      vertex -5.10165 0.186493 2
      vertex -4.59818 0.31958 2
    endloop
  endfacet
  facet normal 0 0 1
    outer loop
      vertex -4.74677 -2.23499 2
      vertex -5.90981 -2.30571 2
      vertex -4.75021 -2.51164 2
    endloop
  endfacet
  facet normal 0 0 1
    outer loop
      vertex -4.75021 -2.51164 2
      vertex -5.90981 -2.30571 2
      vertex -4.75136 -2.86961 2
    endloop
  endfacet
  facet normal 0 0 1
    outer loop
      vertex -4.71143 -3.13553 2
      vertex -5.90981 -2.30571 2
      vertex -6.8167 -3.23125 2
    endloop
  endfacet
  facet normal 0 0 1
    outer loop
      vertex -4.47284 -3.79465 2
      vertex -6.8167 -3.23125 2
      vertex -7.96695 -3.94653 2
    endloop
  endfacet
  facet normal 0 0 1
    outer loop
      vertex -4.23289 -3.91034 2
      vertex -7.96695 -3.94653 2
      vertex -9.29169 -4.45422 2
    endloop
  endfacet
  facet normal 0 0 1
    outer loop
      vertex -3.85132 -3.97595 2
      vertex -7.72542 -23.7764 2
      vertex -4.68452 -24.5572 2
    endloop
  endfacet
  facet normal 0 0 1
    outer loop
      vertex -4.0737 -3.94937 2
      vertex -9.29169 -4.45422 2
      vertex -10.6445 -22.6207 2
    endloop
  endfacet
  facet normal 0 0 1
    outer loop
      vertex -3.99475 -3.96347 2
      vertex -10.6445 -22.6207 2
      vertex -7.72542 -23.7764 2
    endloop
  endfacet
  facet normal 0 0 1
    outer loop
      vertex -13.3957 -21.1082 2
      vertex -9.29169 -4.45422 2
      vertex -10.722 -4.75691 2
    endloop
  endfacet
  facet normal 0 0 1
    outer loop
      vertex -15.9356 -19.2628 2
      vertex -10.722 -4.75691 2
      vertex -12.1891 -4.85722 2
    endloop
  endfacet
  facet normal 0 0 1
    outer loop
      vertex -15.1516 -5.36348 2
      vertex -12.1891 -4.85722 2
      vertex -12.5681 -4.84854 2
    endloop
  endfacet
  facet normal 0 0 1
    outer loop
      vertex -15.1516 -5.36348 2
      vertex -12.5681 -4.84854 2
      vertex -12.9614 -4.82443 2
    endloop
  endfacet
  facet normal 0 0 1
    outer loop
      vertex -15.1516 -5.36348 2
      vertex -12.9614 -4.82443 2
      vertex -13.363 -4.78786 2
    endloop
  endfacet
  facet normal 0 0 1
    outer loop
      vertex -9.29169 -4.45422 2
      vertex -13.3957 -21.1082 2
      vertex -10.6445 -22.6207 2
    endloop
  endfacet
  facet normal 0 0 1
    outer loop
      vertex -15.1516 -5.36348 2
      vertex -13.363 -4.78786 2
      vertex -13.7665 -4.74176 2
    endloop
  endfacet
  facet normal 0 0 1
    outer loop
      vertex -15.1516 -5.36348 2
      vertex -13.7665 -4.74176 2
      vertex -14.1657 -4.6891 2
    endloop
  endfacet
  facet normal 0 0 1
    outer loop
      vertex -15.0594 -5.05479 2
      vertex -14.1657 -4.6891 2
      vertex -14.5545 -4.63283 2
    endloop
  endfacet
  facet normal 0 0 1
    outer loop
      vertex -14.9498 -4.66183 2
      vertex -14.5545 -4.63283 2
      vertex -14.9265 -4.57588 2
    endloop
  endfacet
  facet normal 0 0 1
    outer loop
      vertex -14.9728 -4.74678 2
      vertex -14.5545 -4.63283 2
      vertex -14.9498 -4.66183 2
    endloop
  endfacet
  facet normal 0 0 1
    outer loop
      vertex -14.9974 -4.83665 2
      vertex -14.5545 -4.63283 2
      vertex -14.9728 -4.74678 2
    endloop
  endfacet
  facet normal 0 0 1
    outer loop
      vertex -15.0257 -4.93736 2
      vertex -14.5545 -4.63283 2
      vertex -14.9974 -4.83665 2
    endloop
  endfacet
  facet normal 0 0 1
    outer loop
      vertex -15.0594 -5.05479 2
      vertex -14.5545 -4.63283 2
      vertex -15.0257 -4.93736 2
    endloop
  endfacet
  facet normal 0 0 1
    outer loop
      vertex -14.1657 -4.6891 2
      vertex -15.0594 -5.05479 2
      vertex -15.1008 -5.19485 2
    endloop
  endfacet
  facet normal 0 0 1
    outer loop
      vertex -14.1657 -4.6891 2
      vertex -15.1008 -5.19485 2
      vertex -15.1516 -5.36348 2
    endloop
  endfacet
  facet normal 0 0 1
    outer loop
      vertex -12.1891 -4.85722 2
      vertex -15.1516 -5.36348 2
      vertex -18.2242 -17.1137 2
    endloop
  endfacet
  facet normal 0 0 1
    outer loop
      vertex -18.2242 -17.1137 2
      vertex -15.1516 -5.36348 2
      vertex -15.246 -5.37939 2
    endloop
  endfacet
  facet normal 0 0 1
    outer loop
      vertex -18.2242 -17.1137 2
      vertex -15.246 -5.37939 2
      vertex -15.3375 -5.39468 2
    endloop
  endfacet
  facet normal 0 0 1
    outer loop
      vertex -18.2242 -17.1137 2
      vertex -15.3375 -5.39468 2
      vertex -15.4276 -5.40866 2
    endloop
  endfacet
  facet normal 0 0 1
    outer loop
      vertex -20.2254 -14.6946 2
      vertex -15.4276 -5.40866 2
      vertex -15.5181 -5.42068 2
    endloop
  endfacet
  facet normal 0 0 1
    outer loop
      vertex -20.2254 -14.6946 2
      vertex -15.5181 -5.42068 2
      vertex -15.6105 -5.43008 2
    endloop
  endfacet
  facet normal 0 0 1
    outer loop
      vertex -20.2254 -14.6946 2
      vertex -15.6105 -5.43008 2
      vertex -15.7066 -5.43622 2
    endloop
  endfacet
  facet normal 0 0 1
    outer loop
      vertex -20.2254 -14.6946 2
      vertex -15.7066 -5.43622 2
      vertex -15.8078 -5.4384 2
    endloop
  endfacet
  facet normal 0 0 1
    outer loop
      vertex -10.722 -4.75691 2
      vertex -15.9356 -19.2628 2
      vertex -13.3957 -21.1082 2
    endloop
  endfacet
  facet normal 0 0 1
    outer loop
      vertex -20.2254 -14.6946 2
      vertex -15.8078 -5.4384 2
      vertex -16.2392 -5.40086 2
    endloop
  endfacet
  facet normal 0 0 1
    outer loop
      vertex -23.2444 -9.20311 2
      vertex -16.2392 -5.40086 2
      vertex -16.3488 -5.24409 2
    endloop
  endfacet
  facet normal 0 0 1
    outer loop
      vertex -23.2444 -9.20311 2
      vertex -16.3488 -5.24409 2
      vertex -16.4391 -5.06503 2
    endloop
  endfacet
  facet normal 0 0 1
    outer loop
      vertex -18.0422 -3.12599 2
      vertex -16.4391 -5.06503 2
      vertex -16.5136 -4.86661 2
    endloop
  endfacet
  facet normal 0 0 1
    outer loop
      vertex -17.4212 -3.52203 2
      vertex -16.5136 -4.86661 2
      vertex -16.576 -4.65179 2
    endloop
  endfacet
  facet normal 0 0 1
    outer loop
      vertex -17.4212 -3.52203 2
      vertex -16.576 -4.65179 2
      vertex -16.6299 -4.42352 2
    endloop
  endfacet
  facet normal 0 0 1
    outer loop
      vertex -17.4212 -3.52203 2
      vertex -16.6299 -4.42352 2
      vertex -16.6789 -4.18475 2
    endloop
  endfacet
  facet normal 0 0 1
    outer loop
      vertex -17.4212 -3.52203 2
      vertex -16.6789 -4.18475 2
      vertex -16.7266 -3.93842 2
    endloop
  endfacet
  facet normal 0 0 1
    outer loop
      vertex -16.5136 -4.86661 2
      vertex -17.4212 -3.52203 2
      vertex -18.0422 -3.12599 2
    endloop
  endfacet
  facet normal 0 0 1
    outer loop
      vertex -16.4391 -5.06503 2
      vertex -18.0422 -3.12599 2
      vertex -23.2444 -9.20311 2
    endloop
  endfacet
  facet normal 0 0 1
    outer loop
      vertex -12.1891 -4.85722 2
      vertex -18.2242 -17.1137 2
      vertex -15.9356 -19.2628 2
    endloop
  endfacet
  facet normal 0 0 1
    outer loop
      vertex -24.2146 -6.21724 2
      vertex -18.0422 -3.12599 2
      vertex -18.5898 -2.75226 2
    endloop
  endfacet
  facet normal 0 0 1
    outer loop
      vertex -24.2146 -6.21724 2
      vertex -18.5898 -2.75226 2
      vertex -19.0639 -2.40277 2
    endloop
  endfacet
  facet normal 0 0 1
    outer loop
      vertex -24.2146 -6.21724 2
      vertex -19.0639 -2.40277 2
      vertex -19.4645 -2.07953 2
    endloop
  endfacet
  facet normal 0 0 1
    outer loop
      vertex -24.2146 -6.21724 2
      vertex -19.4645 -2.07953 2
      vertex -19.7916 -1.7845 2
    endloop
  endfacet
  facet normal 0 0 1
    outer loop
      vertex -24.8029 -3.13332 2
      vertex -19.7916 -1.7845 2
      vertex -20.0453 -1.51962 2
    endloop
  endfacet
  facet normal 0 0 1
    outer loop
      vertex -15.4276 -5.40866 2
      vertex -20.2254 -14.6946 2
      vertex -18.2242 -17.1137 2
    endloop
  endfacet
  facet normal 0 0 1
    outer loop
      vertex -24.8029 -3.13332 2
      vertex -20.0453 -1.51962 2
      vertex -20.232 -1.31808 2
    endloop
  endfacet
  facet normal 0 0 1
    outer loop
      vertex -24.8029 -3.13332 2
      vertex -20.232 -1.31808 2
      vertex -20.4161 -1.10115 2
    endloop
  endfacet
  facet normal 0 0 1
    outer loop
      vertex -24.8029 -3.13332 2
      vertex -20.4161 -1.10115 2
      vertex -20.588 -0.871735 2
    endloop
  endfacet
  facet normal 0 0 1
    outer loop
      vertex -24.8029 -3.13332 2
      vertex -20.588 -0.871735 2
      vertex -20.7383 -0.632812 2
    endloop
  endfacet
  facet normal 0 0 1
    outer loop
      vertex -24.8029 -3.13332 2
      vertex -20.7383 -0.632812 2
      vertex -20.8574 -0.387314 2
    endloop
  endfacet
  facet normal 0 0 1
    outer loop
      vertex -25 0 2
      vertex -20.8574 -0.387314 2
      vertex -20.9359 -0.138199 2
    endloop
  endfacet
  facet normal -0 0 1
    outer loop
      vertex -25 0 2
      vertex -20.9359 -0.138199 2
      vertex -20.9641 0.111572 2
    endloop
  endfacet
  facet normal 0 0 1
    outer loop
      vertex -22.1504 7.65025 2
      vertex -20.9829 8.47401 2
      vertex -21.2009 8.47156 2
    endloop
  endfacet
  facet normal 0 0 1
    outer loop
      vertex -22.1466 7.66939 2
      vertex -21.2009 8.47156 2
      vertex -21.4205 8.46353 2
    endloop
  endfacet
  facet normal 0 0 1
    outer loop
      vertex -20.9829 8.47401 2
      vertex -22.1809 7.58437 2
      vertex -22.1985 7.56064 2
    endloop
  endfacet
  facet normal 0 0 1
    outer loop
      vertex -22.1476 7.71062 2
      vertex -21.4205 8.46353 2
      vertex -21.6411 8.44896 2
    endloop
  endfacet
  facet normal 0 0 1
    outer loop
      vertex -22.1476 7.71062 2
      vertex -21.6411 8.44896 2
      vertex -21.8621 8.42682 2
    endloop
  endfacet
  facet normal 0 0 1
    outer loop
      vertex -20.9829 8.47401 2
      vertex -22.1572 7.62949 2
      vertex -22.1673 7.60742 2
    endloop
  endfacet
  facet normal 0 0 1
    outer loop
      vertex -22.1959 7.80025 2
      vertex -21.8621 8.42682 2
      vertex -22.0827 8.39616 2
    endloop
  endfacet
  facet normal 0 0 1
    outer loop
      vertex -21.4205 8.46353 2
      vertex -22.1454 7.68655 2
      vertex -22.1466 7.66939 2
    endloop
  endfacet
  facet normal 0 0 1
    outer loop
      vertex -21.2009 8.47156 2
      vertex -22.1466 7.66939 2
      vertex -22.1504 7.65025 2
    endloop
  endfacet
  facet normal 0 0 1
    outer loop
      vertex -20.9829 8.47401 2
      vertex -22.1504 7.65025 2
      vertex -22.1572 7.62949 2
    endloop
  endfacet
  facet normal 0 0 1
    outer loop
      vertex -20.9829 8.47401 2
      vertex -22.1673 7.60742 2
      vertex -22.1809 7.58437 2
    endloop
  endfacet
  facet normal 0 0 1
    outer loop
      vertex -16.2392 -5.40086 2
      vertex -21.9077 -12.0438 2
      vertex -20.2254 -14.6946 2
    endloop
  endfacet
  facet normal 0 0 1
    outer loop
      vertex -22.2203 7.53658 2
      vertex -20.9829 8.47401 2
      vertex -22.1985 7.56064 2
    endloop
  endfacet
  facet normal 0 0 1
    outer loop
      vertex -25 0 2
      vertex -20.9169 0.361267 2
      vertex -24.8029 3.13332 2
    endloop
  endfacet
  facet normal 0 0 1
    outer loop
      vertex -20.9169 0.361267 2
      vertex -25 0 2
      vertex -20.9525 0.238052 2
    endloop
  endfacet
  facet normal 0 0 1
    outer loop
      vertex -24.2146 6.21724 2
      vertex -22.2203 7.53658 2
      vertex -22.2581 7.53554 2
    endloop
  endfacet
  facet normal 0 0 1
    outer loop
      vertex -24.2146 6.21724 2
      vertex -22.2581 7.53554 2
      vertex -22.3063 7.53285 2
    endloop
  endfacet
  facet normal 0 0 1
    outer loop
      vertex -24.2146 6.21724 2
      vertex -22.3063 7.53285 2
      vertex -22.364 7.52919 2
    endloop
  endfacet
  facet normal 0 0 1
    outer loop
      vertex -24.2146 6.21724 2
      vertex -22.364 7.52919 2
      vertex -22.4303 7.52519 2
    endloop
  endfacet
  facet normal 0 0 1
    outer loop
      vertex -24.2146 6.21724 2
      vertex -22.4303 7.52519 2
      vertex -22.5041 7.52153 2
    endloop
  endfacet
  facet normal 0 0 1
    outer loop
      vertex -24.2146 6.21724 2
      vertex -22.5041 7.52153 2
      vertex -22.5845 7.51884 2
    endloop
  endfacet
  facet normal 0 0 1
    outer loop
      vertex -24.2146 6.21724 2
      vertex -22.5845 7.51884 2
      vertex -22.6704 7.51781 2
    endloop
  endfacet
  facet normal 0 0 1
    outer loop
      vertex -24.2146 6.21724 2
      vertex -22.6704 7.51781 2
      vertex -22.8501 7.52164 2
    endloop
  endfacet
  facet normal 0 0 1
    outer loop
      vertex -24.2146 6.21724 2
      vertex -22.8501 7.52164 2
      vertex -23.0292 7.53465 2
    endloop
  endfacet
  facet normal 0 0 1
    outer loop
      vertex -24.2146 6.21724 2
      vertex -23.0292 7.53465 2
      vertex -23.1978 7.55914 2
    endloop
  endfacet
  facet normal 0 0 1
    outer loop
      vertex -16.2392 -5.40086 2
      vertex -23.2444 -9.20311 2
      vertex -21.9077 -12.0438 2
    endloop
  endfacet
  facet normal 0 0 1
    outer loop
      vertex -24.2146 6.21724 2
      vertex -23.1978 7.55914 2
      vertex -23.346 7.59741 2
    endloop
  endfacet
  facet normal 0 0 1
    outer loop
      vertex -24.2146 6.21724 2
      vertex -23.346 7.59741 2
      vertex -23.4641 7.65175 2
    endloop
  endfacet
  facet normal 0 0 1
    outer loop
      vertex -24.2146 6.21724 2
      vertex -23.4641 7.65175 2
      vertex -23.5421 7.72443 2
    endloop
  endfacet
  facet normal 0 0 1
    outer loop
      vertex -24.2146 6.21724 2
      vertex -23.5421 7.72443 2
      vertex -23.5703 7.81778 2
    endloop
  endfacet
  facet normal 0 0 1
    outer loop
      vertex -20.5154 0.847595 2
      vertex -24.8029 3.13332 2
      vertex -20.6566 0.72438 2
    endloop
  endfacet
  facet normal 0 0 1
    outer loop
      vertex -18.0422 -3.12599 2
      vertex -24.2146 -6.21724 2
      vertex -23.2444 -9.20311 2
    endloop
  endfacet
  facet normal 0 0 1
    outer loop
      vertex -20.9525 0.238052 2
      vertex -25 0 2
      vertex -20.9641 0.111572 2
    endloop
  endfacet
  facet normal 0 0 1
    outer loop
      vertex -19.7916 -1.7845 2
      vertex -24.8029 -3.13332 2
      vertex -24.2146 -6.21724 2
    endloop
  endfacet
  facet normal 0 0 1
    outer loop
      vertex -20.8574 -0.387314 2
      vertex -25 0 2
      vertex -24.8029 -3.13332 2
    endloop
  endfacet
  facet normal -0 0 1
    outer loop
      vertex 17.816 1.75435 2
      vertex 18.6387 0.969009 2
      vertex 17.86 1.90663 2
    endloop
  endfacet
  facet normal -0 0 1
    outer loop
      vertex 17.7399 1.59123 2
      vertex 18.6387 0.969009 2
      vertex 17.816 1.75435 2
    endloop
  endfacet
  facet normal -0 0 1
    outer loop
      vertex 17.6293 1.40384 2
      vertex 18.6387 0.969009 2
      vertex 17.7399 1.59123 2
    endloop
  endfacet
  facet normal -0 0 1
    outer loop
      vertex 17.4819 1.17871 2
      vertex 18.6387 0.969009 2
      vertex 17.6293 1.40384 2
    endloop
  endfacet
  facet normal 0 0 1
    outer loop
      vertex 18.6387 0.969009 2
      vertex 17.4819 1.17871 2
      vertex 18.0434 0.360687 2
    endloop
  endfacet
  facet normal -0 0 1
    outer loop
      vertex 17.2956 0.902435 2
      vertex 18.0434 0.360687 2
      vertex 17.4819 1.17871 2
    endloop
  endfacet
  facet normal -0 0 1
    outer loop
      vertex 17.068 0.561523 2
      vertex 18.0434 0.360687 2
      vertex 17.2956 0.902435 2
    endloop
  endfacet
  facet normal 0 0 1
    outer loop
      vertex 18.0434 0.360687 2
      vertex 17.068 0.561523 2
      vertex 17.4678 -0.292221 2
    endloop
  endfacet
  facet normal -0 0 1
    outer loop
      vertex 16.933 0.34343 2
      vertex 17.4678 -0.292221 2
      vertex 17.068 0.561523 2
    endloop
  endfacet
  facet normal -0 0 1
    outer loop
      vertex 16.7918 0.0954895 2
      vertex 17.4678 -0.292221 2
      vertex 16.933 0.34343 2
    endloop
  endfacet
  facet normal -0 0 1
    outer loop
      vertex 16.6542 -0.1754 2
      vertex 17.4678 -0.292221 2
      vertex 16.7918 0.0954895 2
    endloop
  endfacet
  facet normal 0 0 1
    outer loop
      vertex 17.4678 -0.292221 2
      vertex 16.6542 -0.1754 2
      vertex 16.9443 -0.932037 2
    endloop
  endfacet
  facet normal -0 0 1
    outer loop
      vertex 16.53 -0.462372 2
      vertex 16.9443 -0.932037 2
      vertex 16.6542 -0.1754 2
    endloop
  endfacet
  facet normal -0 0 1
    outer loop
      vertex 16.4292 -0.75853 2
      vertex 16.9443 -0.932037 2
      vertex 16.53 -0.462372 2
    endloop
  endfacet
  facet normal 0 0 1
    outer loop
      vertex 16.3614 -1.05699 2
      vertex 16.9443 -0.932037 2
      vertex 16.4292 -0.75853 2
    endloop
  endfacet
  facet normal 0 0 1
    outer loop
      vertex 16.9443 -0.932037 2
      vertex 16.3614 -1.05699 2
      vertex 16.5054 -1.50099 2
    endloop
  endfacet
  facet normal -0 0 1
    outer loop
      vertex 16.3367 -1.35088 2
      vertex 16.5054 -1.50099 2
      vertex 16.3614 -1.05699 2
    endloop
  endfacet
  facet normal -0 -0 1
    outer loop
      vertex 16.3368 -1.38499 2
      vertex 16.5054 -1.50099 2
      vertex 16.3367 -1.35088 2
    endloop
  endfacet
  facet normal -0 -0 1
    outer loop
      vertex 16.338 -1.42174 2
      vertex 16.5054 -1.50099 2
      vertex 16.3368 -1.38499 2
    endloop
  endfacet
  facet normal -0 -0 1
    outer loop
      vertex 16.3411 -1.45914 2
      vertex 16.5054 -1.50099 2
      vertex 16.338 -1.42174 2
    endloop
  endfacet
  facet normal 0 0 1
    outer loop
      vertex 16.5054 -1.50099 2
      vertex 16.3411 -1.45914 2
      vertex 16.4904 -1.52283 2
    endloop
  endfacet
  facet normal -0 -0 1
    outer loop
      vertex 16.3472 -1.49522 2
      vertex 16.4904 -1.52283 2
      vertex 16.3411 -1.45914 2
    endloop
  endfacet
  facet normal 0 0 1
    outer loop
      vertex 16.4904 -1.52283 2
      vertex 16.3472 -1.49522 2
      vertex 16.4774 -1.54041 2
    endloop
  endfacet
  facet normal -0 -0 1
    outer loop
      vertex 16.3572 -1.52802 2
      vertex 16.4774 -1.54041 2
      vertex 16.3472 -1.49522 2
    endloop
  endfacet
  facet normal 0 0 1
    outer loop
      vertex 16.4774 -1.54041 2
      vertex 16.3572 -1.52802 2
      vertex 16.466 -1.55406 2
    endloop
  endfacet
  facet normal 0 -0 1
    outer loop
      vertex 16.3721 -1.55557 2
      vertex 16.466 -1.55406 2
      vertex 16.3572 -1.52802 2
    endloop
  endfacet
  facet normal 0 0 1
    outer loop
      vertex 16.466 -1.55406 2
      vertex 16.3721 -1.55557 2
      vertex 16.456 -1.5641 2
    endloop
  endfacet
  facet normal 0 0 1
    outer loop
      vertex 16.456 -1.5641 2
      vertex 16.4305 -1.57591 2
      vertex 16.4469 -1.57089 2
    endloop
  endfacet
  facet normal 0 0 1
    outer loop
      vertex 16.4469 -1.57089 2
      vertex 16.4305 -1.57591 2
      vertex 16.4385 -1.57471 2
    endloop
  endfacet
  facet normal 0 0 1
    outer loop
      vertex 16.4305 -1.57591 2
      vertex 16.3721 -1.55557 2
      vertex 16.393 -1.57591 2
    endloop
  endfacet
  facet normal 0 0 1
    outer loop
      vertex 16.456 -1.5641 2
      vertex 16.3721 -1.55557 2
      vertex 16.4305 -1.57591 2
    endloop
  endfacet
  facet normal -0 0 1
    outer loop
      vertex 15.4375 1.1886 2
      vertex 16.0917 0.804459 2
      vertex 15.5385 1.2682 2
    endloop
  endfacet
  facet normal -0 0 1
    outer loop
      vertex 15.2896 1.11392 2
      vertex 16.0917 0.804459 2
      vertex 15.4375 1.1886 2
    endloop
  endfacet
  facet normal 0 0 1
    outer loop
      vertex 16.0917 0.804459 2
      vertex 15.2896 1.11392 2
      vertex 15.7046 0.012085 2
    endloop
  endfacet
  facet normal -0 0 1
    outer loop
      vertex 15.1115 1.04778 2
      vertex 15.7046 0.012085 2
      vertex 15.2896 1.11392 2
    endloop
  endfacet
  facet normal -0 0 1
    outer loop
      vertex 14.92 0.993744 2
      vertex 15.7046 0.012085 2
      vertex 15.1115 1.04778 2
    endloop
  endfacet
  facet normal -0 0 1
    outer loop
      vertex 14.6658 -2.93953 2
      vertex 15.6617 -3.03838 2
      vertex 15.578 -2.8445 2
    endloop
  endfacet
  facet normal 0 0 1
    outer loop
      vertex 14.6887 -2.85226 2
      vertex 15.578 -2.8445 2
      vertex 15.5045 -2.64897 2
    endloop
  endfacet
  facet normal 0 0 1
    outer loop
      vertex 14.6946 -2.75717 2
      vertex 15.5045 -2.64897 2
      vertex 15.4422 -2.45247 2
    endloop
  endfacet
  facet normal 0 0 1
    outer loop
      vertex 14.6805 -2.64928 2
      vertex 15.4422 -2.45247 2
      vertex 15.392 -2.25565 2
    endloop
  endfacet
  facet normal 0 0 1
    outer loop
      vertex 14.6805 -2.64928 2
      vertex 15.392 -2.25565 2
      vertex 15.355 -2.05914 2
    endloop
  endfacet
  facet normal 0 0 1
    outer loop
      vertex 14.6805 -2.64928 2
      vertex 15.355 -2.05914 2
      vertex 15.332 -1.86362 2
    endloop
  endfacet
  facet normal 0 0 1
    outer loop
      vertex 14.6805 -2.64928 2
      vertex 15.332 -1.86362 2
      vertex 15.3242 -1.66974 2
    endloop
  endfacet
  facet normal 0 0 1
    outer loop
      vertex 14.4116 -0.213562 2
      vertex 14.92 0.993744 2
      vertex 14.7317 0.955475 2
    endloop
  endfacet
  facet normal 0 0 1
    outer loop
      vertex 14.92 0.993744 2
      vertex 14.4116 -0.213562 2
      vertex 15.7046 0.012085 2
    endloop
  endfacet
  facet normal 0 0 1
    outer loop
      vertex 15.5045 -2.64897 2
      vertex 14.6946 -2.75717 2
      vertex 14.6933 -2.80521 2
    endloop
  endfacet
  facet normal 0 -0 1
    outer loop
      vertex 14.4392 -0.286636 2
      vertex 15.7046 0.012085 2
      vertex 14.4116 -0.213562 2
    endloop
  endfacet
  facet normal 0 0 1
    outer loop
      vertex 14.6805 -2.64928 2
      vertex 15.3242 -1.66974 2
      vertex 15.4291 -0.827835 2
    endloop
  endfacet
  facet normal 0 0 1
    outer loop
      vertex 15.5045 -2.64897 2
      vertex 14.6933 -2.80521 2
      vertex 14.6887 -2.85226 2
    endloop
  endfacet
  facet normal 0 0 1
    outer loop
      vertex 15.578 -2.8445 2
      vertex 14.6887 -2.85226 2
      vertex 14.6799 -2.89737 2
    endloop
  endfacet
  facet normal 0 0 1
    outer loop
      vertex 15.578 -2.8445 2
      vertex 14.6799 -2.89737 2
      vertex 14.6658 -2.93953 2
    endloop
  endfacet
  facet normal 0 0 1
    outer loop
      vertex 15.6617 -3.03838 2
      vertex 14.6658 -2.93953 2
      vertex 14.6455 -2.97774 2
    endloop
  endfacet
  facet normal -0 0 1
    outer loop
      vertex 14.6179 -3.01102 2
      vertex 15.6617 -3.03838 2
      vertex 14.6455 -2.97774 2
    endloop
  endfacet
  facet normal 0 0 1
    outer loop
      vertex 15.6617 -3.03838 2
      vertex 14.6179 -3.01102 2
      vertex 15.2563 -4.08191 2
    endloop
  endfacet
  facet normal -0 0 1
    outer loop
      vertex 14.3278 -3.233 2
      vertex 15.2563 -4.08191 2
      vertex 14.6179 -3.01102 2
    endloop
  endfacet
  facet normal -0 0 1
    outer loop
      vertex 14.0048 -3.46336 2
      vertex 15.2563 -4.08191 2
      vertex 14.3278 -3.233 2
    endloop
  endfacet
  facet normal 0 0 1
    outer loop
      vertex 15.2563 -4.08191 2
      vertex 14.0048 -3.46336 2
      vertex 14.9348 -5.04507 2
    endloop
  endfacet
  facet normal -0 0 1
    outer loop
      vertex 13.6228 -3.70555 2
      vertex 14.9348 -5.04507 2
      vertex 14.0048 -3.46336 2
    endloop
  endfacet
  facet normal -0 0 1
    outer loop
      vertex 13.1913 -3.93559 2
      vertex 14.9348 -5.04507 2
      vertex 13.6228 -3.70555 2
    endloop
  endfacet
  facet normal 0 0 1
    outer loop
      vertex 14.9348 -5.04507 2
      vertex 13.1913 -3.93559 2
      vertex 14.6895 -5.90721 2
    endloop
  endfacet
  facet normal -0 0 1
    outer loop
      vertex 12.7198 -4.12955 2
      vertex 14.6895 -5.90721 2
      vertex 13.1913 -3.93559 2
    endloop
  endfacet
  facet normal 0 0 1
    outer loop
      vertex 14.6895 -5.90721 2
      vertex 12.7198 -4.12955 2
      vertex 14.5124 -6.64764 2
    endloop
  endfacet
  facet normal 0 0 1
    outer loop
      vertex -16.5766 0.936554 2
      vertex -17.1163 -2.60513 2
      vertex -16.7454 -2.70087 2
    endloop
  endfacet
  facet normal 0 0 1
    outer loop
      vertex -17.486 -2.48117 2
      vertex -16.5766 0.936554 2
      vertex -17.3782 0.868713 2
    endloop
  endfacet
  facet normal 0 0 1
    outer loop
      vertex -16.5766 0.936554 2
      vertex -17.486 -2.48117 2
      vertex -17.1163 -2.60513 2
    endloop
  endfacet
  facet normal 0 0 1
    outer loop
      vertex -17.3782 0.868713 2
      vertex -17.8484 -2.33293 2
      vertex -17.486 -2.48117 2
    endloop
  endfacet
  facet normal 0 0 1
    outer loop
      vertex -18.528 -1.97934 2
      vertex -17.3782 0.868713 2
      vertex -18.1653 0.788742 2
    endloop
  endfacet
  facet normal 0 0 1
    outer loop
      vertex -17.3782 0.868713 2
      vertex -18.1977 -2.16434 2
      vertex -17.8484 -2.33293 2
    endloop
  endfacet
  facet normal 0 0 1
    outer loop
      vertex -17.3782 0.868713 2
      vertex -18.528 -1.97934 2
      vertex -18.1977 -2.16434 2
    endloop
  endfacet
  facet normal 0 0 1
    outer loop
      vertex -18.1653 0.788742 2
      vertex -18.8333 -1.78189 2
      vertex -18.528 -1.97934 2
    endloop
  endfacet
  facet normal 0 0 1
    outer loop
      vertex -19.1079 -1.57591 2
      vertex -18.1653 0.788742 2
      vertex -18.8983 0.689102 2
    endloop
  endfacet
  facet normal 0 0 1
    outer loop
      vertex -18.1653 0.788742 2
      vertex -19.1079 -1.57591 2
      vertex -18.8333 -1.78189 2
    endloop
  endfacet
  facet normal 0 0 1
    outer loop
      vertex -18.8983 0.689102 2
      vertex -19.3501 -1.39436 2
      vertex -19.1079 -1.57591 2
    endloop
  endfacet
  facet normal 0 0 1
    outer loop
      vertex -19.6125 -1.19116 2
      vertex -18.8983 0.689102 2
      vertex -19.5374 0.562225 2
    endloop
  endfacet
  facet normal 0 0 1
    outer loop
      vertex -18.8983 0.689102 2
      vertex -19.6125 -1.19116 2
      vertex -19.3501 -1.39436 2
    endloop
  endfacet
  facet normal 0 0 1
    outer loop
      vertex -19.5374 0.562225 2
      vertex -19.8744 -0.972229 2
      vertex -19.6125 -1.19116 2
    endloop
  endfacet
  facet normal 0 0 1
    outer loop
      vertex -20.1145 -0.743469 2
      vertex -19.5374 0.562225 2
      vertex -20.0431 0.400574 2
    endloop
  endfacet
  facet normal 0 0 1
    outer loop
      vertex -19.5374 0.562225 2
      vertex -20.1145 -0.743469 2
      vertex -19.8744 -0.972229 2
    endloop
  endfacet
  facet normal 0 0 1
    outer loop
      vertex -20.0431 0.400574 2
      vertex -20.3121 -0.510757 2
      vertex -20.1145 -0.743469 2
    endloop
  endfacet
  facet normal 0 0 1
    outer loop
      vertex -20.446 -0.280029 2
      vertex -20.0431 0.400574 2
      vertex -20.3756 0.196625 2
    endloop
  endfacet
  facet normal 0 0 1
    outer loop
      vertex -20.0431 0.400574 2
      vertex -20.446 -0.280029 2
      vertex -20.3121 -0.510757 2
    endloop
  endfacet
  facet normal 0 -0 1
    outer loop
      vertex -20.446 -0.280029 2
      vertex -20.3756 0.196625 2
      vertex -20.4953 -0.0571594 2
    endloop
  endfacet
  facet normal 0 0 1
    outer loop
      vertex -3.72009 7.03032 2
      vertex -3.68257 6.93663 2
      vertex -3.68268 6.94571 2
    endloop
  endfacet
  facet normal 0 0 1
    outer loop
      vertex -3.70621 7.0143 2
      vertex -3.68268 6.94571 2
      vertex -3.68344 6.95679 2
    endloop
  endfacet
  facet normal 0 0 1
    outer loop
      vertex -3.70621 7.0143 2
      vertex -3.68344 6.95679 2
      vertex -3.68552 6.96951 2
    endloop
  endfacet
  facet normal 0 0 1
    outer loop
      vertex -3.70621 7.0143 2
      vertex -3.68552 6.96951 2
      vertex -3.68958 6.98355 2
    endloop
  endfacet
  facet normal 0 0 1
    outer loop
      vertex -3.70621 7.0143 2
      vertex -3.68958 6.98355 2
      vertex -3.69624 6.9986 2
    endloop
  endfacet
  facet normal 0 0 1
    outer loop
      vertex -3.68268 6.94571 2
      vertex -3.70621 7.0143 2
      vertex -3.72009 7.03032 2
    endloop
  endfacet
  facet normal 0 0 1
    outer loop
      vertex -3.68257 6.93663 2
      vertex -3.72009 7.03032 2
      vertex -3.68257 6.91786 2
    endloop
  endfacet
  facet normal 0 0 1
    outer loop
      vertex -3.72009 7.03032 2
      vertex -3.88655 6.72258 2
      vertex -3.68257 6.91786 2
    endloop
  endfacet
  facet normal -0 0 1
    outer loop
      vertex -4.09961 6.92033 2
      vertex -3.88655 6.72258 2
      vertex -3.72009 7.03032 2
    endloop
  endfacet
  facet normal 0 0 1
    outer loop
      vertex -4.09961 6.92033 2
      vertex -4.11844 6.49911 2
      vertex -3.88655 6.72258 2
    endloop
  endfacet
  facet normal -0 0 1
    outer loop
      vertex -4.43289 6.75655 2
      vertex -4.11844 6.49911 2
      vertex -4.09961 6.92033 2
    endloop
  endfacet
  facet normal 0 0 1
    outer loop
      vertex -4.11844 6.49911 2
      vertex -4.43289 6.75655 2
      vertex -4.36247 6.26056 2
    endloop
  endfacet
  facet normal -0 0 1
    outer loop
      vertex -4.71732 6.54718 2
      vertex -4.36247 6.26056 2
      vertex -4.43289 6.75655 2
    endloop
  endfacet
  facet normal 0 0 1
    outer loop
      vertex -4.36247 6.26056 2
      vertex -4.71732 6.54718 2
      vertex -4.60289 6.02003 2
    endloop
  endfacet
  facet normal -0 0 1
    outer loop
      vertex -4.95024 6.30043 2
      vertex -4.60289 6.02003 2
      vertex -4.71732 6.54718 2
    endloop
  endfacet
  facet normal 0 0 1
    outer loop
      vertex -4.60289 6.02003 2
      vertex -4.95024 6.30043 2
      vertex -4.82394 5.79068 2
    endloop
  endfacet
  facet normal -0 0 1
    outer loop
      vertex -5.12904 6.02449 2
      vertex -4.82394 5.79068 2
      vertex -4.95024 6.30043 2
    endloop
  endfacet
  facet normal 0 0 1
    outer loop
      vertex -5.2511 5.72758 2
      vertex -4.82394 5.79068 2
      vertex -5.12904 6.02449 2
    endloop
  endfacet
  facet normal 0 0 1
    outer loop
      vertex -4.82394 5.79068 2
      vertex -5.2511 5.72758 2
      vertex -5.00992 5.58559 2
    endloop
  endfacet
  facet normal 0 0 1
    outer loop
      vertex -5.00992 5.58559 2
      vertex -5.2511 5.72758 2
      vertex -5.14502 5.41788 2
    endloop
  endfacet
  facet normal 0 0 1
    outer loop
      vertex -5.31377 5.41788 2
      vertex -5.14502 5.41788 2
      vertex -5.2511 5.72758 2
    endloop
  endfacet
  facet normal 0 0 1
    outer loop
      vertex -5.14502 5.41788 2
      vertex -5.31377 5.41788 2
      vertex -5.15416 5.4099 2
    endloop
  endfacet
  facet normal 0 0 1
    outer loop
      vertex -5.15416 5.4099 2
      vertex -5.31377 5.41788 2
      vertex -5.16527 5.40224 2
    endloop
  endfacet
  facet normal 0 0 1
    outer loop
      vertex -5.16527 5.40224 2
      vertex -5.31377 5.41788 2
      vertex -5.17801 5.39523 2
    endloop
  endfacet
  facet normal 0 0 1
    outer loop
      vertex -5.17801 5.39523 2
      vertex -5.31377 5.41788 2
      vertex -5.19206 5.38921 2
    endloop
  endfacet
  facet normal 0 0 1
    outer loop
      vertex -5.19206 5.38921 2
      vertex -5.31377 5.41788 2
      vertex -5.20711 5.38451 2
    endloop
  endfacet
  facet normal -0 -0 1
    outer loop
      vertex -5.30568 5.4099 2
      vertex -5.20711 5.38451 2
      vertex -5.31377 5.41788 2
    endloop
  endfacet
  facet normal 0 0 1
    outer loop
      vertex -5.20711 5.38451 2
      vertex -5.30568 5.4099 2
      vertex -5.22281 5.38144 2
    endloop
  endfacet
  facet normal -0 -0 1
    outer loop
      vertex -5.29727 5.40224 2
      vertex -5.22281 5.38144 2
      vertex -5.30568 5.4099 2
    endloop
  endfacet
  facet normal 0 0 1
    outer loop
      vertex -5.22281 5.38144 2
      vertex -5.29727 5.40224 2
      vertex -5.23885 5.38036 2
    endloop
  endfacet
  facet normal 0 0 1
    outer loop
      vertex -5.23885 5.38036 2
      vertex -5.29727 5.40224 2
      vertex -5.25383 5.38144 2
    endloop
  endfacet
  facet normal 0 0 1
    outer loop
      vertex -5.25383 5.38144 2
      vertex -5.28822 5.39523 2
      vertex -5.26683 5.38451 2
    endloop
  endfacet
  facet normal 0 0 1
    outer loop
      vertex -5.26683 5.38451 2
      vertex -5.28822 5.39523 2
      vertex -5.27818 5.38921 2
    endloop
  endfacet
  facet normal -0 -0 1
    outer loop
      vertex -5.28822 5.39523 2
      vertex -5.25383 5.38144 2
      vertex -5.29727 5.40224 2
    endloop
  endfacet
  facet normal 0 0 1
    outer loop
      vertex -1.08327 6.83061 2
      vertex -0.77771 6.48268 2
      vertex -0.787659 6.58177 2
    endloop
  endfacet
  facet normal 0 0 1
    outer loop
      vertex -0.953934 6.79579 2
      vertex -0.787659 6.58177 2
      vertex -0.814651 6.66875 2
    endloop
  endfacet
  facet normal 0 0 1
    outer loop
      vertex -0.953934 6.79579 2
      vertex -0.814651 6.66875 2
      vertex -0.867249 6.74095 2
    endloop
  endfacet
  facet normal 0 0 1
    outer loop
      vertex -0.787659 6.58177 2
      vertex -0.953934 6.79579 2
      vertex -1.08327 6.83061 2
    endloop
  endfacet
  facet normal 0 0 1
    outer loop
      vertex -0.77771 6.48268 2
      vertex -1.08327 6.83061 2
      vertex -0.776291 6.37408 2
    endloop
  endfacet
  facet normal 0 0 1
    outer loop
      vertex -1.26376 6.8428 2
      vertex -0.776291 6.37408 2
      vertex -1.08327 6.83061 2
    endloop
  endfacet
  facet normal 0 0 1
    outer loop
      vertex -0.776291 6.37408 2
      vertex -1.26376 6.8428 2
      vertex -0.884964 5.91528 2
    endloop
  endfacet
  facet normal -0 0 1
    outer loop
      vertex -1.72791 6.78159 2
      vertex -0.884964 5.91528 2
      vertex -1.26376 6.8428 2
    endloop
  endfacet
  facet normal 0 0 1
    outer loop
      vertex -0.884964 5.91528 2
      vertex -1.72791 6.78159 2
      vertex -1.17731 5.52077 2
    endloop
  endfacet
  facet normal -0 0 1
    outer loop
      vertex -2.18481 6.61014 2
      vertex -1.17731 5.52077 2
      vertex -1.72791 6.78159 2
    endloop
  endfacet
  facet normal 0 0 1
    outer loop
      vertex -1.17731 5.52077 2
      vertex -2.18481 6.61014 2
      vertex -1.60283 5.19283 2
    endloop
  endfacet
  facet normal -0 0 1
    outer loop
      vertex -2.62958 6.34688 2
      vertex -1.60283 5.19283 2
      vertex -2.18481 6.61014 2
    endloop
  endfacet
  facet normal 0 0 1
    outer loop
      vertex -1.60283 5.19283 2
      vertex -2.62958 6.34688 2
      vertex -2.11099 4.93375 2
    endloop
  endfacet
  facet normal -0 0 1
    outer loop
      vertex -3.05728 6.01013 2
      vertex -2.11099 4.93375 2
      vertex -2.62958 6.34688 2
    endloop
  endfacet
  facet normal 0 0 1
    outer loop
      vertex -2.11099 4.93375 2
      vertex -3.05728 6.01013 2
      vertex -2.65131 4.74583 2
    endloop
  endfacet
  facet normal -0 0 1
    outer loop
      vertex -3.46301 5.61829 2
      vertex -2.65131 4.74583 2
      vertex -3.05728 6.01013 2
    endloop
  endfacet
  facet normal 0 0 1
    outer loop
      vertex -2.65131 4.74583 2
      vertex -3.46301 5.61829 2
      vertex -3.17323 4.63141 2
    endloop
  endfacet
  facet normal -0 0 1
    outer loop
      vertex -3.84183 5.1897 2
      vertex -3.17323 4.63141 2
      vertex -3.46301 5.61829 2
    endloop
  endfacet
  facet normal 0 0 1
    outer loop
      vertex -3.17323 4.63141 2
      vertex -3.84183 5.1897 2
      vertex -3.62627 4.59276 2
    endloop
  endfacet
  facet normal 0 0 1
    outer loop
      vertex -3.84183 5.1897 2
      vertex -4.03883 4.59276 2
      vertex -3.62627 4.59276 2
    endloop
  endfacet
  facet normal -0 0 1
    outer loop
      vertex -4.18881 4.74275 2
      vertex -4.03883 4.59276 2
      vertex -3.84183 5.1897 2
    endloop
  endfacet
  facet normal -0 -0 1
    outer loop
      vertex -4.14751 4.66801 2
      vertex -4.03883 4.59276 2
      vertex -4.18881 4.74275 2
    endloop
  endfacet
  facet normal -0 -0 1
    outer loop
      vertex -4.09319 4.61595 2
      vertex -4.03883 4.59276 2
      vertex -4.12149 4.64001 2
    endloop
  endfacet
  facet normal 0 0 1
    outer loop
      vertex -4.03883 4.59276 2
      vertex -4.09319 4.61595 2
      vertex -4.06487 4.59911 2
    endloop
  endfacet
  facet normal 0 0 1
    outer loop
      vertex -4.03883 4.59276 2
      vertex -4.14751 4.66801 2
      vertex -4.12149 4.64001 2
    endloop
  endfacet
  facet normal 0 0 1
    outer loop
      vertex -4.14751 4.66801 2
      vertex -4.18881 4.74275 2
      vertex -4.16893 4.69666 2
    endloop
  endfacet
  facet normal 0 0 1
    outer loop
      vertex -4.16893 4.69666 2
      vertex -4.18881 4.74275 2
      vertex -4.18346 4.72266 2
    endloop
  endfacet
  facet normal 0 0 1
    outer loop
      vertex 19.98 0.498535 2
      vertex 20.5735 0.243088 2
      vertex 20.5685 0.343338 2
    endloop
  endfacet
  facet normal 0 0 1
    outer loop
      vertex 20.5735 0.243088 2
      vertex 19.98 0.498535 2
      vertex 20.5742 0.149094 2
    endloop
  endfacet
  facet normal 0 0 1
    outer loop
      vertex 20.1721 0.626343 2
      vertex 20.5685 0.343338 2
      vertex 20.555 0.442276 2
    endloop
  endfacet
  facet normal 0 0 1
    outer loop
      vertex 20.1721 0.626343 2
      vertex 20.555 0.442276 2
      vertex 20.5287 0.532379 2
    endloop
  endfacet
  facet normal -0 0 1
    outer loop
      vertex 19.7686 0.31398 2
      vertex 20.5742 0.149094 2
      vertex 19.98 0.498535 2
    endloop
  endfacet
  facet normal 0 0 1
    outer loop
      vertex 20.3304 0.674118 2
      vertex 20.5287 0.532379 2
      vertex 20.4853 0.606094 2
    endloop
  endfacet
  facet normal 0 0 1
    outer loop
      vertex 20.5742 0.149094 2
      vertex 19.7686 0.31398 2
      vertex 20.5571 -0.171143 2
    endloop
  endfacet
  facet normal 0 0 1
    outer loop
      vertex 20.3304 0.674118 2
      vertex 20.4853 0.606094 2
      vertex 20.4206 0.655853 2
    endloop
  endfacet
  facet normal 0 0 1
    outer loop
      vertex 20.5287 0.532379 2
      vertex 20.3304 0.674118 2
      vertex 20.1721 0.626343 2
    endloop
  endfacet
  facet normal -0 0 1
    outer loop
      vertex 19.5522 0.0959778 2
      vertex 20.5571 -0.171143 2
      vertex 19.7686 0.31398 2
    endloop
  endfacet
  facet normal 0 0 1
    outer loop
      vertex 20.5685 0.343338 2
      vertex 20.1721 0.626343 2
      vertex 19.98 0.498535 2
    endloop
  endfacet
  facet normal 0 0 1
    outer loop
      vertex 20.5571 -0.171143 2
      vertex 19.5522 0.0959778 2
      vertex 20.5062 -0.472672 2
    endloop
  endfacet
  facet normal -0 0 1
    outer loop
      vertex 19.3454 -0.132187 2
      vertex 20.5062 -0.472672 2
      vertex 19.5522 0.0959778 2
    endloop
  endfacet
  facet normal 0 0 1
    outer loop
      vertex 20.5062 -0.472672 2
      vertex 19.3454 -0.132187 2
      vertex 20.4222 -0.755188 2
    endloop
  endfacet
  facet normal 0 0 1
    outer loop
      vertex 20.4222 -0.755188 2
      vertex 19.3454 -0.132187 2
      vertex 20.3057 -1.01834 2
    endloop
  endfacet
  facet normal -0 0 1
    outer loop
      vertex 19.1625 -0.347229 2
      vertex 20.3057 -1.01834 2
      vertex 19.3454 -0.132187 2
    endloop
  endfacet
  facet normal 0 0 1
    outer loop
      vertex 20.3057 -1.01834 2
      vertex 19.1625 -0.347229 2
      vertex 20.1574 -1.2618 2
    endloop
  endfacet
  facet normal -0 0 1
    outer loop
      vertex 19.0179 -0.525879 2
      vertex 20.1574 -1.2618 2
      vertex 19.1625 -0.347229 2
    endloop
  endfacet
  facet normal 0 0 1
    outer loop
      vertex 20.1574 -1.2618 2
      vertex 19.0179 -0.525879 2
      vertex 19.9779 -1.48526 2
    endloop
  endfacet
  facet normal -0 0 1
    outer loop
      vertex 18.8996 -0.709915 2
      vertex 19.9779 -1.48526 2
      vertex 19.0179 -0.525879 2
    endloop
  endfacet
  facet normal 0 0 1
    outer loop
      vertex 19.9779 -1.48526 2
      vertex 18.8996 -0.709915 2
      vertex 19.768 -1.68837 2
    endloop
  endfacet
  facet normal -0 0 1
    outer loop
      vertex 18.7351 -0.994629 2
      vertex 19.768 -1.68837 2
      vertex 18.8996 -0.709915 2
    endloop
  endfacet
  facet normal 0 0 1
    outer loop
      vertex 19.768 -1.68837 2
      vertex 18.7351 -0.994629 2
      vertex 19.5166 -1.89162 2
    endloop
  endfacet
  facet normal -0 0 1
    outer loop
      vertex 18.5446 -1.34065 2
      vertex 19.5166 -1.89162 2
      vertex 18.7351 -0.994629 2
    endloop
  endfacet
  facet normal 0 0 1
    outer loop
      vertex 19.5166 -1.89162 2
      vertex 18.5446 -1.34065 2
      vertex 19.261 -2.06764 2
    endloop
  endfacet
  facet normal 0 0 1
    outer loop
      vertex 19.261 -2.06764 2
      vertex 18.5446 -1.34065 2
      vertex 19.0014 -2.21678 2
    endloop
  endfacet
  facet normal -0 0 1
    outer loop
      vertex 18.3486 -1.70865 2
      vertex 19.0014 -2.21678 2
      vertex 18.5446 -1.34065 2
    endloop
  endfacet
  facet normal 0 0 1
    outer loop
      vertex 19.0014 -2.21678 2
      vertex 18.3486 -1.70865 2
      vertex 18.7383 -2.33936 2
    endloop
  endfacet
  facet normal -0 0 1
    outer loop
      vertex 18.1674 -2.05925 2
      vertex 18.7383 -2.33936 2
      vertex 18.3486 -1.70865 2
    endloop
  endfacet
  facet normal 0 0 1
    outer loop
      vertex 18.7383 -2.33936 2
      vertex 18.1674 -2.05925 2
      vertex 18.4718 -2.43568 2
    endloop
  endfacet
  facet normal 0 0 1
    outer loop
      vertex 18.4718 -2.43568 2
      vertex 18.1674 -2.05925 2
      vertex 18.2025 -2.50609 2
    endloop
  endfacet
  facet normal -0 0 1
    outer loop
      vertex 18.0212 -2.35312 2
      vertex 18.2025 -2.50609 2
      vertex 18.1674 -2.05925 2
    endloop
  endfacet
  facet normal 0 0 1
    outer loop
      vertex 18.2025 -2.50609 2
      vertex 18.0212 -2.35312 2
      vertex 17.9305 -2.55089 2
    endloop
  endfacet
  facet normal 0.248699 -0.968581 0
    outer loop
      vertex 4.68452 -24.5572 0
      vertex 7.72542 -23.7764 2
      vertex 4.68452 -24.5572 2
    endloop
  endfacet
  facet normal 0.248699 -0.968581 0
    outer loop
      vertex 7.72542 -23.7764 2
      vertex 4.68452 -24.5572 0
      vertex 7.72542 -23.7764 0
    endloop
  endfacet
  facet normal 0.368112 -0.929781 0
    outer loop
      vertex 7.72542 -23.7764 0
      vertex 10.6445 -22.6207 2
      vertex 7.72542 -23.7764 2
    endloop
  endfacet
  facet normal 0.368112 -0.929781 0
    outer loop
      vertex 10.6445 -22.6207 2
      vertex 7.72542 -23.7764 0
      vertex 10.6445 -22.6207 0
    endloop
  endfacet
  facet normal 0.481757 -0.876305 0
    outer loop
      vertex 10.6445 -22.6207 0
      vertex 13.3957 -21.1082 2
      vertex 10.6445 -22.6207 2
    endloop
  endfacet
  facet normal 0.481757 -0.876305 0
    outer loop
      vertex 13.3957 -21.1082 2
      vertex 10.6445 -22.6207 0
      vertex 13.3957 -21.1082 0
    endloop
  endfacet
  facet normal 0.587797 -0.809009 0
    outer loop
      vertex 13.3957 -21.1082 0
      vertex 15.9356 -19.2628 2
      vertex 13.3957 -21.1082 2
    endloop
  endfacet
  facet normal 0.587797 -0.809009 0
    outer loop
      vertex 15.9356 -19.2628 2
      vertex 13.3957 -21.1082 0
      vertex 15.9356 -19.2628 0
    endloop
  endfacet
  facet normal 0.684541 -0.728975 0
    outer loop
      vertex 15.9356 -19.2628 0
      vertex 18.2242 -17.1137 2
      vertex 15.9356 -19.2628 2
    endloop
  endfacet
  facet normal 0.684541 -0.728975 0
    outer loop
      vertex 18.2242 -17.1137 2
      vertex 15.9356 -19.2628 0
      vertex 18.2242 -17.1137 0
    endloop
  endfacet
  facet normal 0.770522 -0.637414 0
    outer loop
      vertex 18.2242 -17.1137 2
      vertex 20.2254 -14.6946 0
      vertex 20.2254 -14.6946 2
    endloop
  endfacet
  facet normal 0.770522 -0.637414 0
    outer loop
      vertex 20.2254 -14.6946 0
      vertex 18.2242 -17.1137 2
      vertex 18.2242 -17.1137 0
    endloop
  endfacet
  facet normal 0.844321 -0.535838 0
    outer loop
      vertex 20.2254 -14.6946 2
      vertex 21.9077 -12.0438 0
      vertex 21.9077 -12.0438 2
    endloop
  endfacet
  facet normal 0.844321 -0.535838 0
    outer loop
      vertex 21.9077 -12.0438 0
      vertex 20.2254 -14.6946 2
      vertex 20.2254 -14.6946 0
    endloop
  endfacet
  facet normal 0.90483 -0.425772 0
    outer loop
      vertex 21.9077 -12.0438 2
      vertex 23.2444 -9.20311 0
      vertex 23.2444 -9.20311 2
    endloop
  endfacet
  facet normal 0.90483 -0.425772 0
    outer loop
      vertex 23.2444 -9.20311 0
      vertex 21.9077 -12.0438 2
      vertex 21.9077 -12.0438 0
    endloop
  endfacet
  facet normal 0.951054 -0.309026 0
    outer loop
      vertex 23.2444 -9.20311 2
      vertex 24.2146 -6.21724 0
      vertex 24.2146 -6.21724 2
    endloop
  endfacet
  facet normal 0.951054 -0.309026 0
    outer loop
      vertex 24.2146 -6.21724 0
      vertex 23.2444 -9.20311 2
      vertex 23.2444 -9.20311 0
    endloop
  endfacet
  facet normal 0.982287 -0.187385 0
    outer loop
      vertex 24.2146 -6.21724 2
      vertex 24.8029 -3.13332 0
      vertex 24.8029 -3.13332 2
    endloop
  endfacet
  facet normal 0.982287 -0.187385 0
    outer loop
      vertex 24.8029 -3.13332 0
      vertex 24.2146 -6.21724 2
      vertex 24.2146 -6.21724 0
    endloop
  endfacet
  facet normal 0.998027 -0.0627804 0
    outer loop
      vertex 24.8029 -3.13332 2
      vertex 25 0 0
      vertex 25 0 2
    endloop
  endfacet
  facet normal 0.998027 -0.0627804 0
    outer loop
      vertex 25 0 0
      vertex 24.8029 -3.13332 2
      vertex 24.8029 -3.13332 0
    endloop
  endfacet
  facet normal 0.998027 0.0627804 0
    outer loop
      vertex 25 0 2
      vertex 24.8029 3.13332 0
      vertex 24.8029 3.13332 2
    endloop
  endfacet
  facet normal 0.998027 0.0627804 0
    outer loop
      vertex 24.8029 3.13332 0
      vertex 25 0 2
      vertex 25 0 0
    endloop
  endfacet
  facet normal 0.982287 0.187385 0
    outer loop
      vertex 24.8029 3.13332 2
      vertex 24.2146 6.21724 0
      vertex 24.2146 6.21724 2
    endloop
  endfacet
  facet normal 0.982287 0.187385 0
    outer loop
      vertex 24.2146 6.21724 0
      vertex 24.8029 3.13332 2
      vertex 24.8029 3.13332 0
    endloop
  endfacet
  facet normal 0.951054 0.309026 0
    outer loop
      vertex 24.2146 6.21724 2
      vertex 23.2444 9.20311 0
      vertex 23.2444 9.20311 2
    endloop
  endfacet
  facet normal 0.951054 0.309026 0
    outer loop
      vertex 23.2444 9.20311 0
      vertex 24.2146 6.21724 2
      vertex 24.2146 6.21724 0
    endloop
  endfacet
  facet normal 0.90483 0.425772 0
    outer loop
      vertex 23.2444 9.20311 2
      vertex 21.9077 12.0438 0
      vertex 21.9077 12.0438 2
    endloop
  endfacet
  facet normal 0.90483 0.425772 0
    outer loop
      vertex 21.9077 12.0438 0
      vertex 23.2444 9.20311 2
      vertex 23.2444 9.20311 0
    endloop
  endfacet
  facet normal 0.844321 0.535838 0
    outer loop
      vertex 21.9077 12.0438 2
      vertex 20.2254 14.6946 0
      vertex 20.2254 14.6946 2
    endloop
  endfacet
  facet normal 0.844321 0.535838 0
    outer loop
      vertex 20.2254 14.6946 0
      vertex 21.9077 12.0438 2
      vertex 21.9077 12.0438 0
    endloop
  endfacet
  facet normal 0.770558 0.63737 0
    outer loop
      vertex 20.2254 14.6946 2
      vertex 20.0603 14.8942 0
      vertex 20.0603 14.8942 2
    endloop
  endfacet
  facet normal 0.770558 0.63737 0
    outer loop
      vertex 20.0603 14.8942 0
      vertex 20.2254 14.6946 2
      vertex 20.2254 14.6946 0
    endloop
  endfacet
  facet normal -0.381831 -0.924232 0
    outer loop
      vertex 20.0603 14.8942 0
      vertex 20.7136 14.6243 2
      vertex 20.0603 14.8942 2
    endloop
  endfacet
  facet normal -0.381831 -0.924232 -0
    outer loop
      vertex 20.7136 14.6243 2
      vertex 20.0603 14.8942 0
      vertex 20.7136 14.6243 0
    endloop
  endfacet
  facet normal -0.276467 -0.961024 0
    outer loop
      vertex 20.7136 14.6243 0
      vertex 22.5674 14.091 2
      vertex 20.7136 14.6243 2
    endloop
  endfacet
  facet normal -0.276467 -0.961024 -0
    outer loop
      vertex 22.5674 14.091 2
      vertex 20.7136 14.6243 0
      vertex 22.5674 14.091 0
    endloop
  endfacet
  facet normal -0.165259 -0.98625 0
    outer loop
      vertex 22.5674 14.091 0
      vertex 24.4461 13.7762 2
      vertex 22.5674 14.091 2
    endloop
  endfacet
  facet normal -0.165259 -0.98625 -0
    outer loop
      vertex 24.4461 13.7762 2
      vertex 22.5674 14.091 0
      vertex 24.4461 13.7762 0
    endloop
  endfacet
  facet normal -0.0486084 -0.998818 0
    outer loop
      vertex 24.4461 13.7762 0
      vertex 26.3201 13.685 2
      vertex 24.4461 13.7762 2
    endloop
  endfacet
  facet normal -0.0486084 -0.998818 -0
    outer loop
      vertex 26.3201 13.685 2
      vertex 24.4461 13.7762 0
      vertex 26.3201 13.685 0
    endloop
  endfacet
  facet normal 0.0724759 -0.99737 0
    outer loop
      vertex 26.3201 13.685 0
      vertex 28.16 13.8187 2
      vertex 26.3201 13.685 2
    endloop
  endfacet
  facet normal 0.0724759 -0.99737 0
    outer loop
      vertex 28.16 13.8187 2
      vertex 26.3201 13.685 0
      vertex 28.16 13.8187 0
    endloop
  endfacet
  facet normal 0.196848 -0.980434 0
    outer loop
      vertex 28.16 13.8187 0
      vertex 29.9366 14.1754 2
      vertex 28.16 13.8187 2
    endloop
  endfacet
  facet normal 0.196848 -0.980434 0
    outer loop
      vertex 29.9366 14.1754 2
      vertex 28.16 13.8187 0
      vertex 29.9366 14.1754 0
    endloop
  endfacet
  facet normal 0.322304 -0.946636 0
    outer loop
      vertex 29.9366 14.1754 0
      vertex 31.6219 14.7492 2
      vertex 29.9366 14.1754 2
    endloop
  endfacet
  facet normal 0.322304 -0.946636 0
    outer loop
      vertex 31.6219 14.7492 2
      vertex 29.9366 14.1754 0
      vertex 31.6219 14.7492 0
    endloop
  endfacet
  facet normal 0.446414 -0.894826 0
    outer loop
      vertex 31.6219 14.7492 0
      vertex 33.1894 15.5312 2
      vertex 31.6219 14.7492 2
    endloop
  endfacet
  facet normal 0.446414 -0.894826 0
    outer loop
      vertex 33.1894 15.5312 2
      vertex 31.6219 14.7492 0
      vertex 33.1894 15.5312 0
    endloop
  endfacet
  facet normal 0.565853 -0.824506 0
    outer loop
      vertex 33.1894 15.5312 0
      vertex 34.6143 16.5091 2
      vertex 33.1894 15.5312 2
    endloop
  endfacet
  facet normal 0.565853 -0.824506 0
    outer loop
      vertex 34.6143 16.5091 2
      vertex 33.1894 15.5312 0
      vertex 34.6143 16.5091 0
    endloop
  endfacet
  facet normal 0.676801 -0.736166 0
    outer loop
      vertex 34.6143 16.5091 0
      vertex 35.8742 17.6674 2
      vertex 34.6143 16.5091 2
    endloop
  endfacet
  facet normal 0.676801 -0.736166 0
    outer loop
      vertex 35.8742 17.6674 2
      vertex 34.6143 16.5091 0
      vertex 35.8742 17.6674 0
    endloop
  endfacet
  facet normal 0.775512 -0.631333 0
    outer loop
      vertex 35.8742 17.6674 2
      vertex 36.9492 18.9879 0
      vertex 36.9492 18.9879 2
    endloop
  endfacet
  facet normal 0.775512 -0.631333 0
    outer loop
      vertex 36.9492 18.9879 0
      vertex 35.8742 17.6674 2
      vertex 35.8742 17.6674 0
    endloop
  endfacet
  facet normal 0.858497 -0.512819 0
    outer loop
      vertex 36.9492 18.9879 2
      vertex 37.8224 20.4497 0
      vertex 37.8224 20.4497 2
    endloop
  endfacet
  facet normal 0.858497 -0.512819 0
    outer loop
      vertex 37.8224 20.4497 0
      vertex 36.9492 18.9879 2
      vertex 36.9492 18.9879 0
    endloop
  endfacet
  facet normal 0.923258 -0.38418 0
    outer loop
      vertex 37.8224 20.4497 2
      vertex 38.4799 22.0298 0
      vertex 38.4799 22.0298 2
    endloop
  endfacet
  facet normal 0.923258 -0.38418 0
    outer loop
      vertex 38.4799 22.0298 0
      vertex 37.8224 20.4497 2
      vertex 37.8224 20.4497 0
    endloop
  endfacet
  facet normal 0.968312 -0.249745 0
    outer loop
      vertex 38.4799 22.0298 2
      vertex 38.9115 23.7032 0
      vertex 38.9115 23.7032 2
    endloop
  endfacet
  facet normal 0.968312 -0.249745 0
    outer loop
      vertex 38.9115 23.7032 0
      vertex 38.4799 22.0298 2
      vertex 38.4799 22.0298 0
    endloop
  endfacet
  facet normal 0.993546 -0.113432 0
    outer loop
      vertex 38.9115 23.7032 2
      vertex 39.1102 25.4436 0
      vertex 39.1102 25.4436 2
    endloop
  endfacet
  facet normal 0.993546 -0.113432 0
    outer loop
      vertex 39.1102 25.4436 0
      vertex 38.9115 23.7032 2
      vertex 38.9115 23.7032 0
    endloop
  endfacet
  facet normal 0.999782 0.0208943 0
    outer loop
      vertex 39.1102 25.4436 2
      vertex 39.073 27.2236 0
      vertex 39.073 27.2236 2
    endloop
  endfacet
  facet normal 0.999782 0.0208943 0
    outer loop
      vertex 39.073 27.2236 0
      vertex 39.1102 25.4436 2
      vertex 39.1102 25.4436 0
    endloop
  endfacet
  facet normal 0.988627 0.150386 0
    outer loop
      vertex 39.073 27.2236 2
      vertex 38.8005 29.015 0
      vertex 38.8005 29.015 2
    endloop
  endfacet
  facet normal 0.988627 0.150386 0
    outer loop
      vertex 38.8005 29.015 0
      vertex 39.073 27.2236 2
      vertex 39.073 27.2236 0
    endloop
  endfacet
  facet normal 0.962013 0.273002 0
    outer loop
      vertex 38.8005 29.015 2
      vertex 38.2969 30.7896 0
      vertex 38.2969 30.7896 2
    endloop
  endfacet
  facet normal 0.962013 0.273002 0
    outer loop
      vertex 38.2969 30.7896 0
      vertex 38.8005 29.015 2
      vertex 38.8005 29.015 0
    endloop
  endfacet
  facet normal 0.921974 0.387252 0
    outer loop
      vertex 38.2969 30.7896 2
      vertex 37.5703 32.5195 0
      vertex 37.5703 32.5195 2
    endloop
  endfacet
  facet normal 0.921974 0.387252 0
    outer loop
      vertex 37.5703 32.5195 0
      vertex 38.2969 30.7896 2
      vertex 38.2969 30.7896 0
    endloop
  endfacet
  facet normal 0.870239 0.49263 0
    outer loop
      vertex 37.5703 32.5195 2
      vertex 36.6319 34.1772 0
      vertex 36.6319 34.1772 2
    endloop
  endfacet
  facet normal 0.870239 0.49263 0
    outer loop
      vertex 36.6319 34.1772 0
      vertex 37.5703 32.5195 2
      vertex 37.5703 32.5195 0
    endloop
  endfacet
  facet normal 0.808503 0.588492 0
    outer loop
      vertex 36.6319 34.1772 2
      vertex 35.4967 35.7368 0
      vertex 35.4967 35.7368 2
    endloop
  endfacet
  facet normal 0.808503 0.588492 0
    outer loop
      vertex 35.4967 35.7368 0
      vertex 36.6319 34.1772 2
      vertex 36.6319 34.1772 0
    endloop
  endfacet
  facet normal 0.737913 0.674896 0
    outer loop
      vertex 35.4967 35.7368 2
      vertex 34.1826 37.1736 0
      vertex 34.1826 37.1736 2
    endloop
  endfacet
  facet normal 0.737913 0.674896 0
    outer loop
      vertex 34.1826 37.1736 0
      vertex 35.4967 35.7368 2
      vertex 35.4967 35.7368 0
    endloop
  endfacet
  facet normal 0.659383 0.751808 -0
    outer loop
      vertex 34.1826 37.1736 0
      vertex 32.7103 38.4649 2
      vertex 34.1826 37.1736 2
    endloop
  endfacet
  facet normal 0.659383 0.751808 0
    outer loop
      vertex 32.7103 38.4649 2
      vertex 34.1826 37.1736 0
      vertex 32.7103 38.4649 0
    endloop
  endfacet
  facet normal 0.573562 0.819162 -0
    outer loop
      vertex 32.7103 38.4649 0
      vertex 31.103 39.5903 2
      vertex 32.7103 38.4649 2
    endloop
  endfacet
  facet normal 0.573562 0.819162 0
    outer loop
      vertex 31.103 39.5903 2
      vertex 32.7103 38.4649 0
      vertex 31.103 39.5903 0
    endloop
  endfacet
  facet normal 0.480958 0.876744 -0
    outer loop
      vertex 31.103 39.5903 0
      vertex 29.386 40.5322 2
      vertex 31.103 39.5903 2
    endloop
  endfacet
  facet normal 0.480958 0.876744 0
    outer loop
      vertex 29.386 40.5322 2
      vertex 31.103 39.5903 0
      vertex 29.386 40.5322 0
    endloop
  endfacet
  facet normal 0.381842 0.924228 -0
    outer loop
      vertex 29.386 40.5322 0
      vertex 27.5864 41.2757 2
      vertex 29.386 40.5322 2
    endloop
  endfacet
  facet normal 0.381842 0.924228 0
    outer loop
      vertex 27.5864 41.2757 2
      vertex 29.386 40.5322 0
      vertex 27.5864 41.2757 0
    endloop
  endfacet
  facet normal 0.276467 0.961024 -0
    outer loop
      vertex 27.5864 41.2757 0
      vertex 25.7326 41.809 2
      vertex 27.5864 41.2757 2
    endloop
  endfacet
  facet normal 0.276467 0.961024 0
    outer loop
      vertex 25.7326 41.809 2
      vertex 27.5864 41.2757 0
      vertex 25.7326 41.809 0
    endloop
  endfacet
  facet normal 0.165259 0.98625 -0
    outer loop
      vertex 25.7326 41.809 0
      vertex 23.8539 42.1238 2
      vertex 25.7326 41.809 2
    endloop
  endfacet
  facet normal 0.165259 0.98625 0
    outer loop
      vertex 23.8539 42.1238 2
      vertex 25.7326 41.809 0
      vertex 23.8539 42.1238 0
    endloop
  endfacet
  facet normal 0.0486058 0.998818 -0
    outer loop
      vertex 23.8539 42.1238 0
      vertex 21.9798 42.215 2
      vertex 23.8539 42.1238 2
    endloop
  endfacet
  facet normal 0.0486058 0.998818 0
    outer loop
      vertex 21.9798 42.215 2
      vertex 23.8539 42.1238 0
      vertex 21.9798 42.215 0
    endloop
  endfacet
  facet normal -0.0725337 0.997366 0
    outer loop
      vertex 21.9798 42.215 0
      vertex 20.14 42.0812 2
      vertex 21.9798 42.215 2
    endloop
  endfacet
  facet normal -0.0725337 0.997366 0
    outer loop
      vertex 20.14 42.0812 2
      vertex 21.9798 42.215 0
      vertex 20.14 42.0812 0
    endloop
  endfacet
  facet normal -0.196795 0.980445 0
    outer loop
      vertex 20.14 42.0812 0
      vertex 18.3634 41.7246 2
      vertex 20.14 42.0812 2
    endloop
  endfacet
  facet normal -0.196795 0.980445 0
    outer loop
      vertex 18.3634 41.7246 2
      vertex 20.14 42.0812 0
      vertex 18.3634 41.7246 0
    endloop
  endfacet
  facet normal -0.322304 0.946636 0
    outer loop
      vertex 18.3634 41.7246 0
      vertex 16.6781 41.1508 2
      vertex 18.3634 41.7246 2
    endloop
  endfacet
  facet normal -0.322304 0.946636 0
    outer loop
      vertex 16.6781 41.1508 2
      vertex 18.3634 41.7246 0
      vertex 16.6781 41.1508 0
    endloop
  endfacet
  facet normal -0.446414 0.894826 0
    outer loop
      vertex 16.6781 41.1508 0
      vertex 15.1106 40.3688 2
      vertex 16.6781 41.1508 2
    endloop
  endfacet
  facet normal -0.446414 0.894826 0
    outer loop
      vertex 15.1106 40.3688 2
      vertex 16.6781 41.1508 0
      vertex 15.1106 40.3688 0
    endloop
  endfacet
  facet normal -0.565853 0.824506 0
    outer loop
      vertex 15.1106 40.3688 0
      vertex 13.6857 39.3909 2
      vertex 15.1106 40.3688 2
    endloop
  endfacet
  facet normal -0.565853 0.824506 0
    outer loop
      vertex 13.6857 39.3909 2
      vertex 15.1106 40.3688 0
      vertex 13.6857 39.3909 0
    endloop
  endfacet
  facet normal -0.676801 0.736166 0
    outer loop
      vertex 13.6857 39.3909 0
      vertex 12.4258 38.2326 2
      vertex 13.6857 39.3909 2
    endloop
  endfacet
  facet normal -0.676801 0.736166 0
    outer loop
      vertex 12.4258 38.2326 2
      vertex 13.6857 39.3909 0
      vertex 12.4258 38.2326 0
    endloop
  endfacet
  facet normal -0.775483 0.631368 0
    outer loop
      vertex 11.3507 36.9121 0
      vertex 12.4258 38.2326 2
      vertex 12.4258 38.2326 0
    endloop
  endfacet
  facet normal -0.775483 0.631368 0
    outer loop
      vertex 12.4258 38.2326 2
      vertex 11.3507 36.9121 0
      vertex 11.3507 36.9121 2
    endloop
  endfacet
  facet normal -0.858522 0.512776 0
    outer loop
      vertex 10.4776 35.4503 0
      vertex 11.3507 36.9121 2
      vertex 11.3507 36.9121 0
    endloop
  endfacet
  facet normal -0.858522 0.512776 0
    outer loop
      vertex 11.3507 36.9121 2
      vertex 10.4776 35.4503 0
      vertex 10.4776 35.4503 2
    endloop
  endfacet
  facet normal -0.923248 0.384205 0
    outer loop
      vertex 9.82005 33.8702 0
      vertex 10.4776 35.4503 2
      vertex 10.4776 35.4503 0
    endloop
  endfacet
  facet normal -0.923248 0.384205 0
    outer loop
      vertex 10.4776 35.4503 2
      vertex 9.82005 33.8702 0
      vertex 9.82005 33.8702 2
    endloop
  endfacet
  facet normal -0.968319 0.249718 0
    outer loop
      vertex 9.3885 32.1968 0
      vertex 9.82005 33.8702 2
      vertex 9.82005 33.8702 0
    endloop
  endfacet
  facet normal -0.968319 0.249718 0
    outer loop
      vertex 9.82005 33.8702 2
      vertex 9.3885 32.1968 0
      vertex 9.3885 32.1968 2
    endloop
  endfacet
  facet normal -0.993544 0.113448 0
    outer loop
      vertex 9.18976 30.4563 0
      vertex 9.3885 32.1968 2
      vertex 9.3885 32.1968 0
    endloop
  endfacet
  facet normal -0.993544 0.113448 0
    outer loop
      vertex 9.3885 32.1968 2
      vertex 9.18976 30.4563 0
      vertex 9.18976 30.4563 2
    endloop
  endfacet
  facet normal -0.999782 -0.0208843 0
    outer loop
      vertex 9.22694 28.6764 0
      vertex 9.18976 30.4563 2
      vertex 9.18976 30.4563 0
    endloop
  endfacet
  facet normal -0.999782 -0.0208843 0
    outer loop
      vertex 9.18976 30.4563 2
      vertex 9.22694 28.6764 0
      vertex 9.22694 28.6764 2
    endloop
  endfacet
  facet normal -0.988625 -0.150402 0
    outer loop
      vertex 9.49947 26.885 0
      vertex 9.22694 28.6764 2
      vertex 9.22694 28.6764 0
    endloop
  endfacet
  facet normal -0.988625 -0.150402 0
    outer loop
      vertex 9.22694 28.6764 2
      vertex 9.49947 26.885 0
      vertex 9.49947 26.885 2
    endloop
  endfacet
  facet normal -0.962009 -0.273017 0
    outer loop
      vertex 10.0031 25.1104 0
      vertex 9.49947 26.885 2
      vertex 9.49947 26.885 0
    endloop
  endfacet
  facet normal -0.962009 -0.273017 0
    outer loop
      vertex 9.49947 26.885 2
      vertex 10.0031 25.1104 0
      vertex 10.0031 25.1104 2
    endloop
  endfacet
  facet normal -0.921974 -0.387252 0
    outer loop
      vertex 10.7297 23.3805 0
      vertex 10.0031 25.1104 2
      vertex 10.0031 25.1104 0
    endloop
  endfacet
  facet normal -0.921974 -0.387252 0
    outer loop
      vertex 10.0031 25.1104 2
      vertex 10.7297 23.3805 0
      vertex 10.7297 23.3805 2
    endloop
  endfacet
  facet normal -0.870253 -0.492606 0
    outer loop
      vertex 11.3926 22.2094 0
      vertex 10.7297 23.3805 2
      vertex 10.7297 23.3805 0
    endloop
  endfacet
  facet normal -0.870253 -0.492606 0
    outer loop
      vertex 10.7297 23.3805 2
      vertex 11.3926 22.2094 0
      vertex 11.3926 22.2094 2
    endloop
  endfacet
  facet normal 0.481779 0.876293 -0
    outer loop
      vertex 11.3926 22.2094 0
      vertex 10.6445 22.6207 2
      vertex 11.3926 22.2094 2
    endloop
  endfacet
  facet normal 0.481779 0.876293 0
    outer loop
      vertex 10.6445 22.6207 2
      vertex 11.3926 22.2094 0
      vertex 10.6445 22.6207 0
    endloop
  endfacet
  facet normal 0.368112 0.929781 -0
    outer loop
      vertex 10.6445 22.6207 0
      vertex 7.72542 23.7764 2
      vertex 10.6445 22.6207 2
    endloop
  endfacet
  facet normal 0.368112 0.929781 0
    outer loop
      vertex 7.72542 23.7764 2
      vertex 10.6445 22.6207 0
      vertex 7.72542 23.7764 0
    endloop
  endfacet
  facet normal 0.248699 0.968581 -0
    outer loop
      vertex 7.72542 23.7764 0
      vertex 4.68452 24.5572 2
      vertex 7.72542 23.7764 2
    endloop
  endfacet
  facet normal 0.248699 0.968581 0
    outer loop
      vertex 4.68452 24.5572 2
      vertex 7.72542 23.7764 0
      vertex 4.68452 24.5572 0
    endloop
  endfacet
  facet normal 0.125337 0.992114 -0
    outer loop
      vertex 4.68452 24.5572 0
      vertex 1.56975 24.9507 2
      vertex 4.68452 24.5572 2
    endloop
  endfacet
  facet normal 0.125337 0.992114 0
    outer loop
      vertex 1.56975 24.9507 2
      vertex 4.68452 24.5572 0
      vertex 1.56975 24.9507 0
    endloop
  endfacet
  facet normal 0 1 -0
    outer loop
      vertex 1.56975 24.9507 0
      vertex -1.56975 24.9507 2
      vertex 1.56975 24.9507 2
    endloop
  endfacet
  facet normal 0 1 0
    outer loop
      vertex -1.56975 24.9507 2
      vertex 1.56975 24.9507 0
      vertex -1.56975 24.9507 0
    endloop
  endfacet
  facet normal -0.125337 0.992114 0
    outer loop
      vertex -1.56975 24.9507 0
      vertex -4.68452 24.5572 2
      vertex -1.56975 24.9507 2
    endloop
  endfacet
  facet normal -0.125337 0.992114 0
    outer loop
      vertex -4.68452 24.5572 2
      vertex -1.56975 24.9507 0
      vertex -4.68452 24.5572 0
    endloop
  endfacet
  facet normal -0.248699 0.968581 0
    outer loop
      vertex -4.68452 24.5572 0
      vertex -7.72542 23.7764 2
      vertex -4.68452 24.5572 2
    endloop
  endfacet
  facet normal -0.248699 0.968581 0
    outer loop
      vertex -7.72542 23.7764 2
      vertex -4.68452 24.5572 0
      vertex -7.72542 23.7764 0
    endloop
  endfacet
  facet normal -0.368112 0.929781 0
    outer loop
      vertex -7.72542 23.7764 0
      vertex -10.6445 22.6207 2
      vertex -7.72542 23.7764 2
    endloop
  endfacet
  facet normal -0.368112 0.929781 0
    outer loop
      vertex -10.6445 22.6207 2
      vertex -7.72542 23.7764 0
      vertex -10.6445 22.6207 0
    endloop
  endfacet
  facet normal -0.481779 0.876293 0
    outer loop
      vertex -10.6445 22.6207 0
      vertex -11.3926 22.2094 2
      vertex -10.6445 22.6207 2
    endloop
  endfacet
  facet normal -0.481779 0.876293 0
    outer loop
      vertex -11.3926 22.2094 2
      vertex -10.6445 22.6207 0
      vertex -11.3926 22.2094 0
    endloop
  endfacet
  facet normal 0.870253 -0.492606 0
    outer loop
      vertex -11.3926 22.2094 2
      vertex -10.7297 23.3805 0
      vertex -10.7297 23.3805 2
    endloop
  endfacet
  facet normal 0.870253 -0.492606 0
    outer loop
      vertex -10.7297 23.3805 0
      vertex -11.3926 22.2094 2
      vertex -11.3926 22.2094 0
    endloop
  endfacet
  facet normal 0.921974 -0.387252 0
    outer loop
      vertex -10.7297 23.3805 2
      vertex -10.0031 25.1104 0
      vertex -10.0031 25.1104 2
    endloop
  endfacet
  facet normal 0.921974 -0.387252 0
    outer loop
      vertex -10.0031 25.1104 0
      vertex -10.7297 23.3805 2
      vertex -10.7297 23.3805 0
    endloop
  endfacet
  facet normal 0.962009 -0.273017 0
    outer loop
      vertex -10.0031 25.1104 2
      vertex -9.49947 26.885 0
      vertex -9.49947 26.885 2
    endloop
  endfacet
  facet normal 0.962009 -0.273017 0
    outer loop
      vertex -9.49947 26.885 0
      vertex -10.0031 25.1104 2
      vertex -10.0031 25.1104 0
    endloop
  endfacet
  facet normal 0.988625 -0.150402 0
    outer loop
      vertex -9.49947 26.885 2
      vertex -9.22694 28.6764 0
      vertex -9.22694 28.6764 2
    endloop
  endfacet
  facet normal 0.988625 -0.150402 0
    outer loop
      vertex -9.22694 28.6764 0
      vertex -9.49947 26.885 2
      vertex -9.49947 26.885 0
    endloop
  endfacet
  facet normal 0.999782 -0.0208843 0
    outer loop
      vertex -9.22694 28.6764 2
      vertex -9.18976 30.4563 0
      vertex -9.18976 30.4563 2
    endloop
  endfacet
  facet normal 0.999782 -0.0208843 0
    outer loop
      vertex -9.18976 30.4563 0
      vertex -9.22694 28.6764 2
      vertex -9.22694 28.6764 0
    endloop
  endfacet
  facet normal 0.993544 0.113448 0
    outer loop
      vertex -9.18976 30.4563 2
      vertex -9.3885 32.1968 0
      vertex -9.3885 32.1968 2
    endloop
  endfacet
  facet normal 0.993544 0.113448 0
    outer loop
      vertex -9.3885 32.1968 0
      vertex -9.18976 30.4563 2
      vertex -9.18976 30.4563 0
    endloop
  endfacet
  facet normal 0.968319 0.249718 0
    outer loop
      vertex -9.3885 32.1968 2
      vertex -9.82005 33.8702 0
      vertex -9.82005 33.8702 2
    endloop
  endfacet
  facet normal 0.968319 0.249718 0
    outer loop
      vertex -9.82005 33.8702 0
      vertex -9.3885 32.1968 2
      vertex -9.3885 32.1968 0
    endloop
  endfacet
  facet normal 0.923248 0.384205 0
    outer loop
      vertex -9.82005 33.8702 2
      vertex -10.4776 35.4503 0
      vertex -10.4776 35.4503 2
    endloop
  endfacet
  facet normal 0.923248 0.384205 0
    outer loop
      vertex -10.4776 35.4503 0
      vertex -9.82005 33.8702 2
      vertex -9.82005 33.8702 0
    endloop
  endfacet
  facet normal 0.858522 0.512776 0
    outer loop
      vertex -10.4776 35.4503 2
      vertex -11.3507 36.9121 0
      vertex -11.3507 36.9121 2
    endloop
  endfacet
  facet normal 0.858522 0.512776 0
    outer loop
      vertex -11.3507 36.9121 0
      vertex -10.4776 35.4503 2
      vertex -10.4776 35.4503 0
    endloop
  endfacet
  facet normal 0.775483 0.631368 0
    outer loop
      vertex -11.3507 36.9121 2
      vertex -12.4258 38.2326 0
      vertex -12.4258 38.2326 2
    endloop
  endfacet
  facet normal 0.775483 0.631368 0
    outer loop
      vertex -12.4258 38.2326 0
      vertex -11.3507 36.9121 2
      vertex -11.3507 36.9121 0
    endloop
  endfacet
  facet normal 0.676801 0.736166 -0
    outer loop
      vertex -12.4258 38.2326 0
      vertex -13.6857 39.3909 2
      vertex -12.4258 38.2326 2
    endloop
  endfacet
  facet normal 0.676801 0.736166 0
    outer loop
      vertex -13.6857 39.3909 2
      vertex -12.4258 38.2326 0
      vertex -13.6857 39.3909 0
    endloop
  endfacet
  facet normal 0.565853 0.824506 -0
    outer loop
      vertex -13.6857 39.3909 0
      vertex -15.1106 40.3688 2
      vertex -13.6857 39.3909 2
    endloop
  endfacet
  facet normal 0.565853 0.824506 0
    outer loop
      vertex -15.1106 40.3688 2
      vertex -13.6857 39.3909 0
      vertex -15.1106 40.3688 0
    endloop
  endfacet
  facet normal 0.446414 0.894826 -0
    outer loop
      vertex -15.1106 40.3688 0
      vertex -16.6781 41.1508 2
      vertex -15.1106 40.3688 2
    endloop
  endfacet
  facet normal 0.446414 0.894826 0
    outer loop
      vertex -16.6781 41.1508 2
      vertex -15.1106 40.3688 0
      vertex -16.6781 41.1508 0
    endloop
  endfacet
  facet normal 0.322304 0.946636 -0
    outer loop
      vertex -16.6781 41.1508 0
      vertex -18.3634 41.7246 2
      vertex -16.6781 41.1508 2
    endloop
  endfacet
  facet normal 0.322304 0.946636 0
    outer loop
      vertex -18.3634 41.7246 2
      vertex -16.6781 41.1508 0
      vertex -18.3634 41.7246 0
    endloop
  endfacet
  facet normal 0.196795 0.980445 -0
    outer loop
      vertex -18.3634 41.7246 0
      vertex -20.14 42.0812 2
      vertex -18.3634 41.7246 2
    endloop
  endfacet
  facet normal 0.196795 0.980445 0
    outer loop
      vertex -20.14 42.0812 2
      vertex -18.3634 41.7246 0
      vertex -20.14 42.0812 0
    endloop
  endfacet
  facet normal 0.0725337 0.997366 -0
    outer loop
      vertex -20.14 42.0812 0
      vertex -21.9798 42.215 2
      vertex -20.14 42.0812 2
    endloop
  endfacet
  facet normal 0.0725337 0.997366 0
    outer loop
      vertex -21.9798 42.215 2
      vertex -20.14 42.0812 0
      vertex -21.9798 42.215 0
    endloop
  endfacet
  facet normal -0.0486058 0.998818 0
    outer loop
      vertex -21.9798 42.215 0
      vertex -23.8539 42.1238 2
      vertex -21.9798 42.215 2
    endloop
  endfacet
  facet normal -0.0486058 0.998818 0
    outer loop
      vertex -23.8539 42.1238 2
      vertex -21.9798 42.215 0
      vertex -23.8539 42.1238 0
    endloop
  endfacet
  facet normal -0.165259 0.98625 0
    outer loop
      vertex -23.8539 42.1238 0
      vertex -25.7326 41.809 2
      vertex -23.8539 42.1238 2
    endloop
  endfacet
  facet normal -0.165259 0.98625 0
    outer loop
      vertex -25.7326 41.809 2
      vertex -23.8539 42.1238 0
      vertex -25.7326 41.809 0
    endloop
  endfacet
  facet normal -0.276467 0.961024 0
    outer loop
      vertex -25.7326 41.809 0
      vertex -27.5864 41.2757 2
      vertex -25.7326 41.809 2
    endloop
  endfacet
  facet normal -0.276467 0.961024 0
    outer loop
      vertex -27.5864 41.2757 2
      vertex -25.7326 41.809 0
      vertex -27.5864 41.2757 0
    endloop
  endfacet
  facet normal -0.381842 0.924228 0
    outer loop
      vertex -27.5864 41.2757 0
      vertex -29.386 40.5322 2
      vertex -27.5864 41.2757 2
    endloop
  endfacet
  facet normal -0.381842 0.924228 0
    outer loop
      vertex -29.386 40.5322 2
      vertex -27.5864 41.2757 0
      vertex -29.386 40.5322 0
    endloop
  endfacet
  facet normal -0.480958 0.876744 0
    outer loop
      vertex -29.386 40.5322 0
      vertex -31.103 39.5903 2
      vertex -29.386 40.5322 2
    endloop
  endfacet
  facet normal -0.480958 0.876744 0
    outer loop
      vertex -31.103 39.5903 2
      vertex -29.386 40.5322 0
      vertex -31.103 39.5903 0
    endloop
  endfacet
  facet normal -0.573562 0.819162 0
    outer loop
      vertex -31.103 39.5903 0
      vertex -32.7103 38.4649 2
      vertex -31.103 39.5903 2
    endloop
  endfacet
  facet normal -0.573562 0.819162 0
    outer loop
      vertex -32.7103 38.4649 2
      vertex -31.103 39.5903 0
      vertex -32.7103 38.4649 0
    endloop
  endfacet
  facet normal -0.659383 0.751808 0
    outer loop
      vertex -32.7103 38.4649 0
      vertex -34.1826 37.1736 2
      vertex -32.7103 38.4649 2
    endloop
  endfacet
  facet normal -0.659383 0.751808 0
    outer loop
      vertex -34.1826 37.1736 2
      vertex -32.7103 38.4649 0
      vertex -34.1826 37.1736 0
    endloop
  endfacet
  facet normal -0.737913 0.674896 0
    outer loop
      vertex -35.4967 35.7368 0
      vertex -34.1826 37.1736 2
      vertex -34.1826 37.1736 0
    endloop
  endfacet
  facet normal -0.737913 0.674896 0
    outer loop
      vertex -34.1826 37.1736 2
      vertex -35.4967 35.7368 0
      vertex -35.4967 35.7368 2
    endloop
  endfacet
  facet normal -0.808503 0.588492 0
    outer loop
      vertex -36.6319 34.1772 0
      vertex -35.4967 35.7368 2
      vertex -35.4967 35.7368 0
    endloop
  endfacet
  facet normal -0.808503 0.588492 0
    outer loop
      vertex -35.4967 35.7368 2
      vertex -36.6319 34.1772 0
      vertex -36.6319 34.1772 2
    endloop
  endfacet
  facet normal -0.870239 0.49263 0
    outer loop
      vertex -37.5703 32.5195 0
      vertex -36.6319 34.1772 2
      vertex -36.6319 34.1772 0
    endloop
  endfacet
  facet normal -0.870239 0.49263 0
    outer loop
      vertex -36.6319 34.1772 2
      vertex -37.5703 32.5195 0
      vertex -37.5703 32.5195 2
    endloop
  endfacet
  facet normal -0.921974 0.387252 0
    outer loop
      vertex -38.2969 30.7896 0
      vertex -37.5703 32.5195 2
      vertex -37.5703 32.5195 0
    endloop
  endfacet
  facet normal -0.921974 0.387252 0
    outer loop
      vertex -37.5703 32.5195 2
      vertex -38.2969 30.7896 0
      vertex -38.2969 30.7896 2
    endloop
  endfacet
  facet normal -0.962013 0.273002 0
    outer loop
      vertex -38.8005 29.015 0
      vertex -38.2969 30.7896 2
      vertex -38.2969 30.7896 0
    endloop
  endfacet
  facet normal -0.962013 0.273002 0
    outer loop
      vertex -38.2969 30.7896 2
      vertex -38.8005 29.015 0
      vertex -38.8005 29.015 2
    endloop
  endfacet
  facet normal -0.988627 0.150386 0
    outer loop
      vertex -39.073 27.2236 0
      vertex -38.8005 29.015 2
      vertex -38.8005 29.015 0
    endloop
  endfacet
  facet normal -0.988627 0.150386 0
    outer loop
      vertex -38.8005 29.015 2
      vertex -39.073 27.2236 0
      vertex -39.073 27.2236 2
    endloop
  endfacet
  facet normal -0.999782 0.0208943 0
    outer loop
      vertex -39.1102 25.4436 0
      vertex -39.073 27.2236 2
      vertex -39.073 27.2236 0
    endloop
  endfacet
  facet normal -0.999782 0.0208943 0
    outer loop
      vertex -39.073 27.2236 2
      vertex -39.1102 25.4436 0
      vertex -39.1102 25.4436 2
    endloop
  endfacet
  facet normal -0.993546 -0.113432 0
    outer loop
      vertex -38.9115 23.7032 0
      vertex -39.1102 25.4436 2
      vertex -39.1102 25.4436 0
    endloop
  endfacet
  facet normal -0.993546 -0.113432 0
    outer loop
      vertex -39.1102 25.4436 2
      vertex -38.9115 23.7032 0
      vertex -38.9115 23.7032 2
    endloop
  endfacet
  facet normal -0.968312 -0.249745 0
    outer loop
      vertex -38.4799 22.0298 0
      vertex -38.9115 23.7032 2
      vertex -38.9115 23.7032 0
    endloop
  endfacet
  facet normal -0.968312 -0.249745 0
    outer loop
      vertex -38.9115 23.7032 2
      vertex -38.4799 22.0298 0
      vertex -38.4799 22.0298 2
    endloop
  endfacet
  facet normal -0.923258 -0.38418 0
    outer loop
      vertex -37.8224 20.4497 0
      vertex -38.4799 22.0298 2
      vertex -38.4799 22.0298 0
    endloop
  endfacet
  facet normal -0.923258 -0.38418 0
    outer loop
      vertex -38.4799 22.0298 2
      vertex -37.8224 20.4497 0
      vertex -37.8224 20.4497 2
    endloop
  endfacet
  facet normal -0.858497 -0.512819 0
    outer loop
      vertex -36.9492 18.9879 0
      vertex -37.8224 20.4497 2
      vertex -37.8224 20.4497 0
    endloop
  endfacet
  facet normal -0.858497 -0.512819 0
    outer loop
      vertex -37.8224 20.4497 2
      vertex -36.9492 18.9879 0
      vertex -36.9492 18.9879 2
    endloop
  endfacet
  facet normal -0.775512 -0.631333 0
    outer loop
      vertex -35.8742 17.6674 0
      vertex -36.9492 18.9879 2
      vertex -36.9492 18.9879 0
    endloop
  endfacet
  facet normal -0.775512 -0.631333 0
    outer loop
      vertex -36.9492 18.9879 2
      vertex -35.8742 17.6674 0
      vertex -35.8742 17.6674 2
    endloop
  endfacet
  facet normal -0.676801 -0.736166 0
    outer loop
      vertex -35.8742 17.6674 0
      vertex -34.6143 16.5091 2
      vertex -35.8742 17.6674 2
    endloop
  endfacet
  facet normal -0.676801 -0.736166 -0
    outer loop
      vertex -34.6143 16.5091 2
      vertex -35.8742 17.6674 0
      vertex -34.6143 16.5091 0
    endloop
  endfacet
  facet normal -0.565853 -0.824506 0
    outer loop
      vertex -34.6143 16.5091 0
      vertex -33.1894 15.5312 2
      vertex -34.6143 16.5091 2
    endloop
  endfacet
  facet normal -0.565853 -0.824506 -0
    outer loop
      vertex -33.1894 15.5312 2
      vertex -34.6143 16.5091 0
      vertex -33.1894 15.5312 0
    endloop
  endfacet
  facet normal -0.446414 -0.894826 0
    outer loop
      vertex -33.1894 15.5312 0
      vertex -31.6219 14.7492 2
      vertex -33.1894 15.5312 2
    endloop
  endfacet
  facet normal -0.446414 -0.894826 -0
    outer loop
      vertex -31.6219 14.7492 2
      vertex -33.1894 15.5312 0
      vertex -31.6219 14.7492 0
    endloop
  endfacet
  facet normal -0.322304 -0.946636 0
    outer loop
      vertex -31.6219 14.7492 0
      vertex -29.9366 14.1754 2
      vertex -31.6219 14.7492 2
    endloop
  endfacet
  facet normal -0.322304 -0.946636 -0
    outer loop
      vertex -29.9366 14.1754 2
      vertex -31.6219 14.7492 0
      vertex -29.9366 14.1754 0
    endloop
  endfacet
  facet normal -0.196848 -0.980434 0
    outer loop
      vertex -29.9366 14.1754 0
      vertex -28.16 13.8187 2
      vertex -29.9366 14.1754 2
    endloop
  endfacet
  facet normal -0.196848 -0.980434 -0
    outer loop
      vertex -28.16 13.8187 2
      vertex -29.9366 14.1754 0
      vertex -28.16 13.8187 0
    endloop
  endfacet
  facet normal -0.0724759 -0.99737 0
    outer loop
      vertex -28.16 13.8187 0
      vertex -26.3201 13.685 2
      vertex -28.16 13.8187 2
    endloop
  endfacet
  facet normal -0.0724759 -0.99737 -0
    outer loop
      vertex -26.3201 13.685 2
      vertex -28.16 13.8187 0
      vertex -26.3201 13.685 0
    endloop
  endfacet
  facet normal 0.0486084 -0.998818 0
    outer loop
      vertex -26.3201 13.685 0
      vertex -24.4461 13.7762 2
      vertex -26.3201 13.685 2
    endloop
  endfacet
  facet normal 0.0486084 -0.998818 0
    outer loop
      vertex -24.4461 13.7762 2
      vertex -26.3201 13.685 0
      vertex -24.4461 13.7762 0
    endloop
  endfacet
  facet normal 0.165259 -0.98625 0
    outer loop
      vertex -24.4461 13.7762 0
      vertex -22.5674 14.091 2
      vertex -24.4461 13.7762 2
    endloop
  endfacet
  facet normal 0.165259 -0.98625 0
    outer loop
      vertex -22.5674 14.091 2
      vertex -24.4461 13.7762 0
      vertex -22.5674 14.091 0
    endloop
  endfacet
  facet normal 0.276467 -0.961024 0
    outer loop
      vertex -22.5674 14.091 0
      vertex -20.7136 14.6243 2
      vertex -22.5674 14.091 2
    endloop
  endfacet
  facet normal 0.276467 -0.961024 0
    outer loop
      vertex -20.7136 14.6243 2
      vertex -22.5674 14.091 0
      vertex -20.7136 14.6243 0
    endloop
  endfacet
  facet normal 0.381831 -0.924232 0
    outer loop
      vertex -20.7136 14.6243 0
      vertex -20.0603 14.8942 2
      vertex -20.7136 14.6243 2
    endloop
  endfacet
  facet normal 0.381831 -0.924232 0
    outer loop
      vertex -20.0603 14.8942 2
      vertex -20.7136 14.6243 0
      vertex -20.0603 14.8942 0
    endloop
  endfacet
  facet normal -0.770558 0.63737 0
    outer loop
      vertex -20.2254 14.6946 0
      vertex -20.0603 14.8942 2
      vertex -20.0603 14.8942 0
    endloop
  endfacet
  facet normal -0.770558 0.63737 0
    outer loop
      vertex -20.0603 14.8942 2
      vertex -20.2254 14.6946 0
      vertex -20.2254 14.6946 2
    endloop
  endfacet
  facet normal -0.844321 0.535838 0
    outer loop
      vertex -21.9077 12.0438 0
      vertex -20.2254 14.6946 2
      vertex -20.2254 14.6946 0
    endloop
  endfacet
  facet normal -0.844321 0.535838 0
    outer loop
      vertex -20.2254 14.6946 2
      vertex -21.9077 12.0438 0
      vertex -21.9077 12.0438 2
    endloop
  endfacet
  facet normal -0.90483 0.425772 0
    outer loop
      vertex -23.2444 9.20311 0
      vertex -21.9077 12.0438 2
      vertex -21.9077 12.0438 0
    endloop
  endfacet
  facet normal -0.90483 0.425772 0
    outer loop
      vertex -21.9077 12.0438 2
      vertex -23.2444 9.20311 0
      vertex -23.2444 9.20311 2
    endloop
  endfacet
  facet normal -0.951054 0.309026 0
    outer loop
      vertex -24.2146 6.21724 0
      vertex -23.2444 9.20311 2
      vertex -23.2444 9.20311 0
    endloop
  endfacet
  facet normal -0.951054 0.309026 0
    outer loop
      vertex -23.2444 9.20311 2
      vertex -24.2146 6.21724 0
      vertex -24.2146 6.21724 2
    endloop
  endfacet
  facet normal -0.982287 0.187385 0
    outer loop
      vertex -24.8029 3.13332 0
      vertex -24.2146 6.21724 2
      vertex -24.2146 6.21724 0
    endloop
  endfacet
  facet normal -0.982287 0.187385 0
    outer loop
      vertex -24.2146 6.21724 2
      vertex -24.8029 3.13332 0
      vertex -24.8029 3.13332 2
    endloop
  endfacet
  facet normal -0.998027 0.0627804 0
    outer loop
      vertex -25 0 0
      vertex -24.8029 3.13332 2
      vertex -24.8029 3.13332 0
    endloop
  endfacet
  facet normal -0.998027 0.0627804 0
    outer loop
      vertex -24.8029 3.13332 2
      vertex -25 0 0
      vertex -25 0 2
    endloop
  endfacet
  facet normal -0.998027 -0.0627804 0
    outer loop
      vertex -24.8029 -3.13332 0
      vertex -25 0 2
      vertex -25 0 0
    endloop
  endfacet
  facet normal -0.998027 -0.0627804 0
    outer loop
      vertex -25 0 2
      vertex -24.8029 -3.13332 0
      vertex -24.8029 -3.13332 2
    endloop
  endfacet
  facet normal -0.982287 -0.187385 0
    outer loop
      vertex -24.2146 -6.21724 0
      vertex -24.8029 -3.13332 2
      vertex -24.8029 -3.13332 0
    endloop
  endfacet
  facet normal -0.982287 -0.187385 0
    outer loop
      vertex -24.8029 -3.13332 2
      vertex -24.2146 -6.21724 0
      vertex -24.2146 -6.21724 2
    endloop
  endfacet
  facet normal -0.951054 -0.309026 0
    outer loop
      vertex -23.2444 -9.20311 0
      vertex -24.2146 -6.21724 2
      vertex -24.2146 -6.21724 0
    endloop
  endfacet
  facet normal -0.951054 -0.309026 0
    outer loop
      vertex -24.2146 -6.21724 2
      vertex -23.2444 -9.20311 0
      vertex -23.2444 -9.20311 2
    endloop
  endfacet
  facet normal -0.90483 -0.425772 0
    outer loop
      vertex -21.9077 -12.0438 0
      vertex -23.2444 -9.20311 2
      vertex -23.2444 -9.20311 0
    endloop
  endfacet
  facet normal -0.90483 -0.425772 0
    outer loop
      vertex -23.2444 -9.20311 2
      vertex -21.9077 -12.0438 0
      vertex -21.9077 -12.0438 2
    endloop
  endfacet
  facet normal -0.844321 -0.535838 0
    outer loop
      vertex -20.2254 -14.6946 0
      vertex -21.9077 -12.0438 2
      vertex -21.9077 -12.0438 0
    endloop
  endfacet
  facet normal -0.844321 -0.535838 0
    outer loop
      vertex -21.9077 -12.0438 2
      vertex -20.2254 -14.6946 0
      vertex -20.2254 -14.6946 2
    endloop
  endfacet
  facet normal -0.770522 -0.637414 0
    outer loop
      vertex -18.2242 -17.1137 0
      vertex -20.2254 -14.6946 2
      vertex -20.2254 -14.6946 0
    endloop
  endfacet
  facet normal -0.770522 -0.637414 0
    outer loop
      vertex -20.2254 -14.6946 2
      vertex -18.2242 -17.1137 0
      vertex -18.2242 -17.1137 2
    endloop
  endfacet
  facet normal -0.684541 -0.728975 0
    outer loop
      vertex -18.2242 -17.1137 0
      vertex -15.9356 -19.2628 2
      vertex -18.2242 -17.1137 2
    endloop
  endfacet
  facet normal -0.684541 -0.728975 -0
    outer loop
      vertex -15.9356 -19.2628 2
      vertex -18.2242 -17.1137 0
      vertex -15.9356 -19.2628 0
    endloop
  endfacet
  facet normal -0.587797 -0.809009 0
    outer loop
      vertex -15.9356 -19.2628 0
      vertex -13.3957 -21.1082 2
      vertex -15.9356 -19.2628 2
    endloop
  endfacet
  facet normal -0.587797 -0.809009 -0
    outer loop
      vertex -13.3957 -21.1082 2
      vertex -15.9356 -19.2628 0
      vertex -13.3957 -21.1082 0
    endloop
  endfacet
  facet normal -0.481757 -0.876305 0
    outer loop
      vertex -13.3957 -21.1082 0
      vertex -10.6445 -22.6207 2
      vertex -13.3957 -21.1082 2
    endloop
  endfacet
  facet normal -0.481757 -0.876305 -0
    outer loop
      vertex -10.6445 -22.6207 2
      vertex -13.3957 -21.1082 0
      vertex -10.6445 -22.6207 0
    endloop
  endfacet
  facet normal -0.368112 -0.929781 0
    outer loop
      vertex -10.6445 -22.6207 0
      vertex -7.72542 -23.7764 2
      vertex -10.6445 -22.6207 2
    endloop
  endfacet
  facet normal -0.368112 -0.929781 -0
    outer loop
      vertex -7.72542 -23.7764 2
      vertex -10.6445 -22.6207 0
      vertex -7.72542 -23.7764 0
    endloop
  endfacet
  facet normal -0.248699 -0.968581 0
    outer loop
      vertex -7.72542 -23.7764 0
      vertex -4.68452 -24.5572 2
      vertex -7.72542 -23.7764 2
    endloop
  endfacet
  facet normal -0.248699 -0.968581 -0
    outer loop
      vertex -4.68452 -24.5572 2
      vertex -7.72542 -23.7764 0
      vertex -4.68452 -24.5572 0
    endloop
  endfacet
  facet normal -0.125337 -0.992114 0
    outer loop
      vertex -4.68452 -24.5572 0
      vertex -1.56975 -24.9507 2
      vertex -4.68452 -24.5572 2
    endloop
  endfacet
  facet normal -0.125337 -0.992114 -0
    outer loop
      vertex -1.56975 -24.9507 2
      vertex -4.68452 -24.5572 0
      vertex -1.56975 -24.9507 0
    endloop
  endfacet
  facet normal 0 -1 0
    outer loop
      vertex -1.56975 -24.9507 0
      vertex 1.56975 -24.9507 2
      vertex -1.56975 -24.9507 2
    endloop
  endfacet
  facet normal 0 -1 -0
    outer loop
      vertex 1.56975 -24.9507 2
      vertex -1.56975 -24.9507 0
      vertex 1.56975 -24.9507 0
    endloop
  endfacet
  facet normal 0.125337 -0.992114 0
    outer loop
      vertex 1.56975 -24.9507 0
      vertex 4.68452 -24.5572 2
      vertex 1.56975 -24.9507 2
    endloop
  endfacet
  facet normal 0.125337 -0.992114 0
    outer loop
      vertex 4.68452 -24.5572 2
      vertex 1.56975 -24.9507 0
      vertex 4.68452 -24.5572 0
    endloop
  endfacet
  facet normal 0 0 1
    outer loop
      vertex -22.1476 7.71062 2.9999
      vertex -22.1466 7.66939 2.9999
      vertex -22.1454 7.68655 2.9999
    endloop
  endfacet
  facet normal 0 0 1
    outer loop
      vertex -22.1476 7.71062 2.9999
      vertex -22.1504 7.65025 2.9999
      vertex -22.1466 7.66939 2.9999
    endloop
  endfacet
  facet normal 0 0 1
    outer loop
      vertex -22.1541 7.73434 2.9999
      vertex -22.1504 7.65025 2.9999
      vertex -22.1476 7.71062 2.9999
    endloop
  endfacet
  facet normal 0 0 1
    outer loop
      vertex -22.1541 7.73434 2.9999
      vertex -22.1572 7.62949 2.9999
      vertex -22.1504 7.65025 2.9999
    endloop
  endfacet
  facet normal 0 0 1
    outer loop
      vertex -22.1646 7.7574 2.9999
      vertex -22.1572 7.62949 2.9999
      vertex -22.1541 7.73434 2.9999
    endloop
  endfacet
  facet normal 0 0 1
    outer loop
      vertex -22.3063 7.53285 2.9999
      vertex -22.1572 7.62949 2.9999
      vertex -22.1646 7.7574 2.9999
    endloop
  endfacet
  facet normal 0 0 1
    outer loop
      vertex -22.3063 7.53285 2.9999
      vertex -22.1646 7.7574 2.9999
      vertex -22.1786 7.77948 2.9999
    endloop
  endfacet
  facet normal 0 0 1
    outer loop
      vertex -22.1572 7.62949 2.9999
      vertex -22.3063 7.53285 2.9999
      vertex -22.1673 7.60742 2.9999
    endloop
  endfacet
  facet normal 0 0 1
    outer loop
      vertex -22.3063 7.53285 2.9999
      vertex -22.1786 7.77948 2.9999
      vertex -22.1959 7.80025 2.9999
    endloop
  endfacet
  facet normal 0 -0 1
    outer loop
      vertex -22.2581 7.53554 2.9999
      vertex -22.1673 7.60742 2.9999
      vertex -22.3063 7.53285 2.9999
    endloop
  endfacet
  facet normal 0 0 1
    outer loop
      vertex -22.3063 7.53285 2.9999
      vertex -22.1959 7.80025 2.9999
      vertex -22.2162 7.81937 2.9999
    endloop
  endfacet
  facet normal 0 0 1
    outer loop
      vertex -22.1809 7.58437 2.9999
      vertex -22.2581 7.53554 2.9999
      vertex -22.1985 7.56064 2.9999
    endloop
  endfacet
  facet normal 0 0 1
    outer loop
      vertex -22.3022 7.85498 2.9999
      vertex -22.2162 7.81937 2.9999
      vertex -22.2391 7.83653 2.9999
    endloop
  endfacet
  facet normal 0 0 1
    outer loop
      vertex -22.1985 7.56064 2.9999
      vertex -22.2581 7.53554 2.9999
      vertex -22.2203 7.53658 2.9999
    endloop
  endfacet
  facet normal 0 0 1
    outer loop
      vertex -22.2162 7.81937 2.9999
      vertex -22.3022 7.85498 2.9999
      vertex -22.3063 7.53285 2.9999
    endloop
  endfacet
  facet normal 0 0 1
    outer loop
      vertex -22.1673 7.60742 2.9999
      vertex -22.2581 7.53554 2.9999
      vertex -22.1809 7.58437 2.9999
    endloop
  endfacet
  facet normal 0 0 1
    outer loop
      vertex -22.3022 7.85498 2.9999
      vertex -22.364 7.52919 2.9999
      vertex -22.3063 7.53285 2.9999
    endloop
  endfacet
  facet normal 0 0 1
    outer loop
      vertex -22.4132 7.87833 2.9999
      vertex -22.364 7.52919 2.9999
      vertex -22.3022 7.85498 2.9999
    endloop
  endfacet
  facet normal 0 0 1
    outer loop
      vertex -22.4132 7.87833 2.9999
      vertex -22.4303 7.52519 2.9999
      vertex -22.364 7.52919 2.9999
    endloop
  endfacet
  facet normal 0 0 1
    outer loop
      vertex -22.4132 7.87833 2.9999
      vertex -22.5041 7.52153 2.9999
      vertex -22.4303 7.52519 2.9999
    endloop
  endfacet
  facet normal 0 0 1
    outer loop
      vertex -22.551 7.90694 2.9999
      vertex -22.5041 7.52153 2.9999
      vertex -22.4132 7.87833 2.9999
    endloop
  endfacet
  facet normal 0 0 1
    outer loop
      vertex -22.551 7.90694 2.9999
      vertex -22.5845 7.51884 2.9999
      vertex -22.5041 7.52153 2.9999
    endloop
  endfacet
  facet normal 0 0 1
    outer loop
      vertex -22.551 7.90694 2.9999
      vertex -22.6704 7.51781 2.9999
      vertex -22.5845 7.51884 2.9999
    endloop
  endfacet
  facet normal 0 0 1
    outer loop
      vertex -22.6948 7.94112 2.9999
      vertex -22.6704 7.51781 2.9999
      vertex -22.551 7.90694 2.9999
    endloop
  endfacet
  facet normal 0 0 1
    outer loop
      vertex -22.8501 7.52164 2.9999
      vertex -22.6948 7.94112 2.9999
      vertex -22.8235 7.9812 2.9999
    endloop
  endfacet
  facet normal 0 0 1
    outer loop
      vertex -22.6948 7.94112 2.9999
      vertex -22.8501 7.52164 2.9999
      vertex -22.6704 7.51781 2.9999
    endloop
  endfacet
  facet normal 0 0 1
    outer loop
      vertex -23.0292 7.53465 2.9999
      vertex -22.8235 7.9812 2.9999
      vertex -22.9161 8.0275 2.9999
    endloop
  endfacet
  facet normal 0 0 1
    outer loop
      vertex -23.1978 7.55914 2.9999
      vertex -22.9161 8.0275 2.9999
      vertex -22.9516 8.08035 2.9999
    endloop
  endfacet
  facet normal 0 0 1
    outer loop
      vertex -22.8235 7.9812 2.9999
      vertex -23.0292 7.53465 2.9999
      vertex -22.8501 7.52164 2.9999
    endloop
  endfacet
  facet normal -0 0 1
    outer loop
      vertex -10.6329 0.017746 2.9999
      vertex -9.35861 0.0106812 2.9999
      vertex -9.3204 0.22403 2.9999
    endloop
  endfacet
  facet normal 0 0 1
    outer loop
      vertex -10.6329 0.017746 2.9999
      vertex -9.3204 0.22403 2.9999
      vertex -9.54649 0.943909 2.9999
    endloop
  endfacet
  facet normal 0 0 1
    outer loop
      vertex -9.35861 0.0106812 2.9999
      vertex -10.6329 0.017746 2.9999
      vertex -9.46536 -0.229218 2.9999
    endloop
  endfacet
  facet normal 0 0 1
    outer loop
      vertex -9.46536 -0.229218 2.9999
      vertex -10.6329 0.017746 2.9999
      vertex -9.62886 -0.474045 2.9999
    endloop
  endfacet
  facet normal 0 0 1
    outer loop
      vertex -9.62886 -0.474045 2.9999
      vertex -10.6329 0.017746 2.9999
      vertex -9.8373 -0.702164 2.9999
    endloop
  endfacet
  facet normal 0 0 1
    outer loop
      vertex -10.6329 0.017746 2.9999
      vertex -9.54649 0.943909 2.9999
      vertex -10.1465 1.49457 2.9999
    endloop
  endfacet
  facet normal -0 0 1
    outer loop
      vertex -10.6982 -0.088974 2.9999
      vertex -9.8373 -0.702164 2.9999
      vertex -10.6329 0.017746 2.9999
    endloop
  endfacet
  facet normal 0 0 1
    outer loop
      vertex -9.8373 -0.702164 2.9999
      vertex -10.6982 -0.088974 2.9999
      vertex -10.0788 -0.891891 2.9999
    endloop
  endfacet
  facet normal -0 0 1
    outer loop
      vertex -10.7927 -0.200302 2.9999
      vertex -10.0788 -0.891891 2.9999
      vertex -10.6982 -0.088974 2.9999
    endloop
  endfacet
  facet normal 0 0 1
    outer loop
      vertex -10.1465 1.49457 2.9999
      vertex -10.8882 0.213486 2.9999
      vertex -10.6329 0.017746 2.9999
    endloop
  endfacet
  facet normal 0 0 1
    outer loop
      vertex -11.3072 0.407898 2.9999
      vertex -10.1465 1.49457 2.9999
      vertex -11.003 1.89728 2.9999
    endloop
  endfacet
  facet normal 0 0 1
    outer loop
      vertex -10.1465 1.49457 2.9999
      vertex -11.3072 0.407898 2.9999
      vertex -10.8882 0.213486 2.9999
    endloop
  endfacet
  facet normal 0 0 1
    outer loop
      vertex -11.003 1.89728 2.9999
      vertex -11.8515 0.590485 2.9999
      vertex -11.3072 0.407898 2.9999
    endloop
  endfacet
  facet normal 0 0 1
    outer loop
      vertex -11.9985 2.1734 2.9999
      vertex -11.8515 0.590485 2.9999
      vertex -11.003 1.89728 2.9999
    endloop
  endfacet
  facet normal 0 0 1
    outer loop
      vertex -11.9985 2.1734 2.9999
      vertex -12.4827 0.750778 2.9999
      vertex -11.8515 0.590485 2.9999
    endloop
  endfacet
  facet normal 0 0 1
    outer loop
      vertex -13.0157 2.34422 2.9999
      vertex -12.4827 0.750778 2.9999
      vertex -11.9985 2.1734 2.9999
    endloop
  endfacet
  facet normal 0 0 1
    outer loop
      vertex -13.0157 2.34422 2.9999
      vertex -13.1625 0.878265 2.9999
      vertex -12.4827 0.750778 2.9999
    endloop
  endfacet
  facet normal 0 0 1
    outer loop
      vertex -13.0157 2.34422 2.9999
      vertex -13.8524 0.962448 2.9999
      vertex -13.1625 0.878265 2.9999
    endloop
  endfacet
  facet normal 0 0 1
    outer loop
      vertex -13.9371 2.43109 2.9999
      vertex -13.8524 0.962448 2.9999
      vertex -13.0157 2.34422 2.9999
    endloop
  endfacet
  facet normal 0 0 1
    outer loop
      vertex -13.9371 2.43109 2.9999
      vertex -14.5141 0.992844 2.9999
      vertex -13.8524 0.962448 2.9999
    endloop
  endfacet
  facet normal 0 0 1
    outer loop
      vertex -14.6453 2.45531 2.9999
      vertex -14.5141 0.992844 2.9999
      vertex -13.9371 2.43109 2.9999
    endloop
  endfacet
  facet normal 0 0 1
    outer loop
      vertex -14.5141 0.992844 2.9999
      vertex -14.6453 2.45531 2.9999
      vertex -14.61 0.992798 2.9999
    endloop
  endfacet
  facet normal 0 0 1
    outer loop
      vertex -14.6453 2.45531 2.9999
      vertex -14.6911 0.992416 2.9999
      vertex -14.61 0.992798 2.9999
    endloop
  endfacet
  facet normal 0 0 1
    outer loop
      vertex -14.6453 2.45531 2.9999
      vertex -14.7611 0.991379 2.9999
      vertex -14.6911 0.992416 2.9999
    endloop
  endfacet
  facet normal -0 0 1
    outer loop
      vertex -14.9079 2.45531 2.9999
      vertex -14.7611 0.991379 2.9999
      vertex -14.6453 2.45531 2.9999
    endloop
  endfacet
  facet normal 0 0 1
    outer loop
      vertex -14.7611 0.991379 2.9999
      vertex -14.9079 2.45531 2.9999
      vertex -14.8235 0.989349 2.9999
    endloop
  endfacet
  facet normal 0 0 1
    outer loop
      vertex -14.8235 0.989349 2.9999
      vertex -14.9079 2.45531 2.9999
      vertex -14.882 0.986008 2.9999
    endloop
  endfacet
  facet normal 0 0 1
    outer loop
      vertex -16.5016 2.30531 2.9999
      vertex -14.9079 2.45531 2.9999
      vertex -14.9298 2.63097 2.9999
    endloop
  endfacet
  facet normal 0 0 1
    outer loop
      vertex -14.9079 2.45531 2.9999
      vertex -14.9402 0.981033 2.9999
      vertex -14.882 0.986008 2.9999
    endloop
  endfacet
  facet normal 0 0 1
    outer loop
      vertex -16.5016 2.30531 2.9999
      vertex -14.9298 2.63097 2.9999
      vertex -14.9478 2.80431 2.9999
    endloop
  endfacet
  facet normal 0 0 1
    outer loop
      vertex -16.4641 3.07401 2.9999
      vertex -14.9478 2.80431 2.9999
      vertex -14.9625 2.97534 2.9999
    endloop
  endfacet
  facet normal -0 0 1
    outer loop
      vertex -16.4641 3.07401 2.9999
      vertex -14.9625 2.97534 2.9999
      vertex -14.9745 3.14409 2.9999
    endloop
  endfacet
  facet normal -0 0 1
    outer loop
      vertex -16.4455 3.25566 2.9999
      vertex -14.9745 3.14409 2.9999
      vertex -14.9846 3.31053 2.9999
    endloop
  endfacet
  facet normal 0 0 1
    outer loop
      vertex -16.4049 3.59967 2.9999
      vertex -14.9846 3.31053 2.9999
      vertex -14.9935 3.47469 2.9999
    endloop
  endfacet
  facet normal -0 0 1
    outer loop
      vertex -16.4049 3.59967 2.9999
      vertex -14.9935 3.47469 2.9999
      vertex -15.0016 3.63655 2.9999
    endloop
  endfacet
  facet normal 0 0 1
    outer loop
      vertex -14.9079 2.45531 2.9999
      vertex -15.0016 0.974091 2.9999
      vertex -14.9402 0.981033 2.9999
    endloop
  endfacet
  facet normal 0 0 1
    outer loop
      vertex -14.9079 2.45531 2.9999
      vertex -16.5016 2.30531 2.9999
      vertex -15.0016 0.974091 2.9999
    endloop
  endfacet
  facet normal 0 0 1
    outer loop
      vertex -16.3411 4.04568 2.9999
      vertex -15.0016 3.63655 2.9999
      vertex -15.0286 3.98975 2.9999
    endloop
  endfacet
  facet normal 0 0 1
    outer loop
      vertex -16.7454 -2.70087 2.9999
      vertex -15.0016 0.974091 2.9999
      vertex -16.5766 0.936554 2.9999
    endloop
  endfacet
  facet normal -0 0 1
    outer loop
      vertex -16.3411 4.04568 2.9999
      vertex -15.0286 3.98975 2.9999
      vertex -15.0684 4.31311 2.9999
    endloop
  endfacet
  facet normal 0 0 1
    outer loop
      vertex -15.0016 0.974091 2.9999
      vertex -16.7454 -2.70087 2.9999
      vertex -15.0257 -4.93736 2.9999
    endloop
  endfacet
  facet normal -0 0 1
    outer loop
      vertex -16.2527 4.53336 2.9999
      vertex -15.0684 4.31311 2.9999
      vertex -15.1315 4.61121 2.9999
    endloop
  endfacet
  facet normal -0 -0 1
    outer loop
      vertex -16.7266 -3.93842 2.9999
      vertex -15.0257 -4.93736 2.9999
      vertex -16.7454 -2.70087 2.9999
    endloop
  endfacet
  facet normal 0 0 1
    outer loop
      vertex -16.2527 4.53336 2.9999
      vertex -15.1315 4.61121 2.9999
      vertex -15.2283 4.88863 2.9999
    endloop
  endfacet
  facet normal -0 -0 1
    outer loop
      vertex -16.6789 -4.18475 2.9999
      vertex -15.0257 -4.93736 2.9999
      vertex -16.7266 -3.93842 2.9999
    endloop
  endfacet
  facet normal -0 -0 1
    outer loop
      vertex -16.6299 -4.42352 2.9999
      vertex -15.0257 -4.93736 2.9999
      vertex -16.6789 -4.18475 2.9999
    endloop
  endfacet
  facet normal -0 0 1
    outer loop
      vertex -16.1383 5.00232 2.9999
      vertex -15.2283 4.88863 2.9999
      vertex -15.3695 5.14998 2.9999
    endloop
  endfacet
  facet normal -0 -0 1
    outer loop
      vertex -16.576 -4.65179 2.9999
      vertex -15.0257 -4.93736 2.9999
      vertex -16.6299 -4.42352 2.9999
    endloop
  endfacet
  facet normal -0 -0 1
    outer loop
      vertex -16.5136 -4.86661 2.9999
      vertex -15.0257 -4.93736 2.9999
      vertex -16.576 -4.65179 2.9999
    endloop
  endfacet
  facet normal 0 0 1
    outer loop
      vertex -16.1383 5.00232 2.9999
      vertex -15.3695 5.14998 2.9999
      vertex -15.5654 5.39984 2.9999
    endloop
  endfacet
  facet normal 0 -0 1
    outer loop
      vertex -15.7066 -5.43622 2.9999
      vertex -15.0257 -4.93736 2.9999
      vertex -16.5136 -4.86661 2.9999
    endloop
  endfacet
  facet normal 0 0 1
    outer loop
      vertex -15.1008 -5.19485 2.9999
      vertex -15.246 -5.37939 2.9999
      vertex -15.1516 -5.36348 2.9999
    endloop
  endfacet
  facet normal 0 0 1
    outer loop
      vertex -15.1008 -5.19485 2.9999
      vertex -15.3375 -5.39468 2.9999
      vertex -15.246 -5.37939 2.9999
    endloop
  endfacet
  facet normal 0 0 1
    outer loop
      vertex -15.9967 5.39226 2.9999
      vertex -15.5654 5.39984 2.9999
      vertex -15.8266 5.64279 2.9999
    endloop
  endfacet
  facet normal 0 0 1
    outer loop
      vertex -15.5654 5.39984 2.9999
      vertex -15.9967 5.39226 2.9999
      vertex -16.1383 5.00232 2.9999
    endloop
  endfacet
  facet normal 0 0 1
    outer loop
      vertex -15.2283 4.88863 2.9999
      vertex -16.1383 5.00232 2.9999
      vertex -16.2527 4.53336 2.9999
    endloop
  endfacet
  facet normal 0 -0 1
    outer loop
      vertex -15.6105 -5.43008 2.9999
      vertex -15.0257 -4.93736 2.9999
      vertex -15.7066 -5.43622 2.9999
    endloop
  endfacet
  facet normal 0 0 1
    outer loop
      vertex -15.0684 4.31311 2.9999
      vertex -16.2527 4.53336 2.9999
      vertex -16.3411 4.04568 2.9999
    endloop
  endfacet
  facet normal 0 0 1
    outer loop
      vertex -15.0016 3.63655 2.9999
      vertex -16.3411 4.04568 2.9999
      vertex -16.4049 3.59967 2.9999
    endloop
  endfacet
  facet normal 0 0 1
    outer loop
      vertex -15.0016 0.974091 2.9999
      vertex -16.5016 2.30531 2.9999
      vertex -16.5766 0.936554 2.9999
    endloop
  endfacet
  facet normal 0 0 1
    outer loop
      vertex -14.9846 3.31053 2.9999
      vertex -16.4049 3.59967 2.9999
      vertex -16.4455 3.25566 2.9999
    endloop
  endfacet
  facet normal 0 0 1
    outer loop
      vertex -15.1008 -5.19485 2.9999
      vertex -15.4276 -5.40866 2.9999
      vertex -15.3375 -5.39468 2.9999
    endloop
  endfacet
  facet normal 0 0 1
    outer loop
      vertex -14.9745 3.14409 2.9999
      vertex -16.4455 3.25566 2.9999
      vertex -16.4641 3.07401 2.9999
    endloop
  endfacet
  facet normal 0 0 1
    outer loop
      vertex -14.9478 2.80431 2.9999
      vertex -16.4641 3.07401 2.9999
      vertex -16.5016 2.30531 2.9999
    endloop
  endfacet
  facet normal 0 0 1
    outer loop
      vertex -15.0594 -5.05479 2.9999
      vertex -15.4276 -5.40866 2.9999
      vertex -15.1008 -5.19485 2.9999
    endloop
  endfacet
  facet normal 0 0 1
    outer loop
      vertex -15.0257 -4.93736 2.9999
      vertex -15.5181 -5.42068 2.9999
      vertex -15.0594 -5.05479 2.9999
    endloop
  endfacet
  facet normal 0 -0 1
    outer loop
      vertex -15.5181 -5.42068 2.9999
      vertex -15.0257 -4.93736 2.9999
      vertex -15.6105 -5.43008 2.9999
    endloop
  endfacet
  facet normal -0 -0 1
    outer loop
      vertex -16.4391 -5.06503 2.9999
      vertex -15.8078 -5.4384 2.9999
      vertex -16.5136 -4.86661 2.9999
    endloop
  endfacet
  facet normal -0 0 1
    outer loop
      vertex -17.2468 2.16565 2.9999
      vertex -16.5766 0.936554 2.9999
      vertex -16.5016 2.30531 2.9999
    endloop
  endfacet
  facet normal 0 0 1
    outer loop
      vertex -17.2468 2.16565 2.9999
      vertex -17.3782 0.868713 2.9999
      vertex -16.5766 0.936554 2.9999
    endloop
  endfacet
  facet normal -0 0 1
    outer loop
      vertex -17.913 2.0168 2.9999
      vertex -17.3782 0.868713 2.9999
      vertex -17.2468 2.16565 2.9999
    endloop
  endfacet
  facet normal 0 0 1
    outer loop
      vertex -17.913 2.0168 2.9999
      vertex -18.1653 0.788742 2.9999
      vertex -17.3782 0.868713 2.9999
    endloop
  endfacet
  facet normal -0 0 1
    outer loop
      vertex -18.5084 1.85419 2.9999
      vertex -18.1653 0.788742 2.9999
      vertex -17.913 2.0168 2.9999
    endloop
  endfacet
  facet normal 0 0 1
    outer loop
      vertex -18.5084 1.85419 2.9999
      vertex -18.8983 0.689102 2.9999
      vertex -18.1653 0.788742 2.9999
    endloop
  endfacet
  facet normal -0 0 1
    outer loop
      vertex -19.0411 1.67319 2.9999
      vertex -18.8983 0.689102 2.9999
      vertex -18.5084 1.85419 2.9999
    endloop
  endfacet
  facet normal -0 0 1
    outer loop
      vertex -19.5194 1.46924 2.9999
      vertex -18.8983 0.689102 2.9999
      vertex -19.0411 1.67319 2.9999
    endloop
  endfacet
  facet normal 0 0 1
    outer loop
      vertex -19.5194 1.46924 2.9999
      vertex -19.5374 0.562225 2.9999
      vertex -18.8983 0.689102 2.9999
    endloop
  endfacet
  facet normal -0 0 1
    outer loop
      vertex -19.9514 1.23773 2.9999
      vertex -19.5374 0.562225 2.9999
      vertex -19.5194 1.46924 2.9999
    endloop
  endfacet
  facet normal 0 0 1
    outer loop
      vertex -19.9514 1.23773 2.9999
      vertex -20.0431 0.400574 2.9999
      vertex -19.5374 0.562225 2.9999
    endloop
  endfacet
  facet normal -0 0 1
    outer loop
      vertex -20.3453 0.974091 2.9999
      vertex -20.0431 0.400574 2.9999
      vertex -19.9514 1.23773 2.9999
    endloop
  endfacet
  facet normal -0 0 1
    outer loop
      vertex -20.5154 0.847595 2.9999
      vertex -20.0431 0.400574 2.9999
      vertex -20.3453 0.974091 2.9999
    endloop
  endfacet
  facet normal 0 0 1
    outer loop
      vertex -20.0431 0.400574 2.9999
      vertex -20.5154 0.847595 2.9999
      vertex -20.3756 0.196625 2.9999
    endloop
  endfacet
  facet normal -0 0 1
    outer loop
      vertex -20.6566 0.72438 2.9999
      vertex -20.3756 0.196625 2.9999
      vertex -20.5154 0.847595 2.9999
    endloop
  endfacet
  facet normal 0 0 1
    outer loop
      vertex -10.0788 -0.891891 2.9999
      vertex -10.7927 -0.200302 2.9999
      vertex -10.3417 -1.02162 2.9999
    endloop
  endfacet
  facet normal -0 0 1
    outer loop
      vertex -10.9089 -0.316223 2.9999
      vertex -10.3417 -1.02162 2.9999
      vertex -10.7927 -0.200302 2.9999
    endloop
  endfacet
  facet normal 0 0 1
    outer loop
      vertex -10.3417 -1.02162 2.9999
      vertex -10.9089 -0.316223 2.9999
      vertex -10.6141 -1.06967 2.9999
    endloop
  endfacet
  facet normal 0 0 1
    outer loop
      vertex -10.6141 -1.06967 2.9999
      vertex -10.9089 -0.316223 2.9999
      vertex -10.7208 -1.06404 2.9999
    endloop
  endfacet
  facet normal -0 0 1
    outer loop
      vertex -11.0391 -0.436752 2.9999
      vertex -10.7208 -1.06404 2.9999
      vertex -10.9089 -0.316223 2.9999
    endloop
  endfacet
  facet normal 0 0 1
    outer loop
      vertex -10.7208 -1.06404 2.9999
      vertex -11.0391 -0.436752 2.9999
      vertex -10.8433 -1.04759 2.9999
    endloop
  endfacet
  facet normal 0 0 1
    outer loop
      vertex -10.8433 -1.04759 2.9999
      vertex -11.0391 -0.436752 2.9999
      vertex -10.9742 -1.02098 2.9999
    endloop
  endfacet
  facet normal -0 0 1
    outer loop
      vertex -11.1759 -0.56189 2.9999
      vertex -10.9742 -1.02098 2.9999
      vertex -11.0391 -0.436752 2.9999
    endloop
  endfacet
  facet normal 0 0 1
    outer loop
      vertex -10.9742 -1.02098 2.9999
      vertex -11.1759 -0.56189 2.9999
      vertex -11.1065 -0.984863 2.9999
    endloop
  endfacet
  facet normal 0 0 1
    outer loop
      vertex -11.1759 -0.56189 2.9999
      vertex -11.2329 -0.939896 2.9999
      vertex -11.1065 -0.984863 2.9999
    endloop
  endfacet
  facet normal -0 0 1
    outer loop
      vertex -11.3118 -0.691635 2.9999
      vertex -11.2329 -0.939896 2.9999
      vertex -11.1759 -0.56189 2.9999
    endloop
  endfacet
  facet normal 0 0 1
    outer loop
      vertex -11.3118 -0.691635 2.9999
      vertex -11.3462 -0.886719 2.9999
      vertex -11.2329 -0.939896 2.9999
    endloop
  endfacet
  facet normal 0 -0 1
    outer loop
      vertex -11.3462 -0.886719 2.9999
      vertex -11.3118 -0.691635 2.9999
      vertex -11.4391 -0.825989 2.9999
    endloop
  endfacet
  facet normal 0 0 1
    outer loop
      vertex -6.84531 0.149094 2.9999
      vertex -5.10165 0.186493 2.9999
      vertex -5.42346 1.80658 2.9999
    endloop
  endfacet
  facet normal 0 0 1
    outer loop
      vertex -5.10165 0.186493 2.9999
      vertex -6.84531 0.149094 2.9999
      vertex -5.31517 -1.16734 2.9999
    endloop
  endfacet
  facet normal 0 0 1
    outer loop
      vertex -7.08818 1.5157 2.9999
      vertex -5.42346 1.80658 2.9999
      vertex -6.2894 3.33417 2.9999
    endloop
  endfacet
  facet normal -0 0 1
    outer loop
      vertex -7.08813 -1.1064 2.9999
      vertex -5.31517 -1.16734 2.9999
      vertex -6.84531 0.149094 2.9999
    endloop
  endfacet
  facet normal 0 0 1
    outer loop
      vertex -5.31517 -1.16734 2.9999
      vertex -7.08813 -1.1064 2.9999
      vertex -5.90981 -2.30571 2.9999
    endloop
  endfacet
  facet normal 0 0 1
    outer loop
      vertex -5.42346 1.80658 2.9999
      vertex -7.08818 1.5157 2.9999
      vertex -6.84531 0.149094 2.9999
    endloop
  endfacet
  facet normal 0 0 1
    outer loop
      vertex -7.75516 2.77997 2.9999
      vertex -6.2894 3.33417 2.9999
      vertex -7.55023 4.73645 2.9999
    endloop
  endfacet
  facet normal 0 0 1
    outer loop
      vertex -6.2894 3.33417 2.9999
      vertex -7.75516 2.77997 2.9999
      vertex -7.08818 1.5157 2.9999
    endloop
  endfacet
  facet normal 0 0 1
    outer loop
      vertex -7.55023 4.73645 2.9999
      vertex -8.75372 3.93143 2.9999
      vertex -7.75516 2.77997 2.9999
    endloop
  endfacet
  facet normal 0 0 1
    outer loop
      vertex -9.05673 5.98062 2.9999
      vertex -8.75372 3.93143 2.9999
      vertex -7.55023 4.73645 2.9999
    endloop
  endfacet
  facet normal 0 0 1
    outer loop
      vertex -9.05673 5.98062 2.9999
      vertex -9.99139 4.95955 2.9999
      vertex -8.75372 3.93143 2.9999
    endloop
  endfacet
  facet normal 0 0 1
    outer loop
      vertex -10.6597 7.03392 2.9999
      vertex -9.99139 4.95955 2.9999
      vertex -9.05673 5.98062 2.9999
    endloop
  endfacet
  facet normal 0 0 1
    outer loop
      vertex -10.6597 7.03392 2.9999
      vertex -11.3757 5.85387 2.9999
      vertex -9.99139 4.95955 2.9999
    endloop
  endfacet
  facet normal 0 0 1
    outer loop
      vertex -12.2098 7.86351 2.9999
      vertex -11.3757 5.85387 2.9999
      vertex -10.6597 7.03392 2.9999
    endloop
  endfacet
  facet normal 0 0 1
    outer loop
      vertex -12.2098 7.86351 2.9999
      vertex -12.8141 6.60387 2.9999
      vertex -11.3757 5.85387 2.9999
    endloop
  endfacet
  facet normal 0 0 1
    outer loop
      vertex -13.5579 8.43661 2.9999
      vertex -12.8141 6.60387 2.9999
      vertex -12.2098 7.86351 2.9999
    endloop
  endfacet
  facet normal 0 0 1
    outer loop
      vertex -13.5579 8.43661 2.9999
      vertex -14.2141 7.19907 2.9999
      vertex -12.8141 6.60387 2.9999
    endloop
  endfacet
  facet normal 0 0 1
    outer loop
      vertex -14.3626 8.70868 2.9999
      vertex -14.2141 7.19907 2.9999
      vertex -13.5579 8.43661 2.9999
    endloop
  endfacet
  facet normal 0 0 1
    outer loop
      vertex -14.3626 8.70868 2.9999
      vertex -15.1568 7.53537 2.9999
      vertex -14.2141 7.19907 2.9999
    endloop
  endfacet
  facet normal 0 0 1
    outer loop
      vertex -15.1926 8.95778 2.9999
      vertex -15.1568 7.53537 2.9999
      vertex -14.3626 8.70868 2.9999
    endloop
  endfacet
  facet normal 0 0 1
    outer loop
      vertex -16.0939 7.82082 2.9999
      vertex -15.1926 8.95778 2.9999
      vertex -16.034 9.17705 2.9999
    endloop
  endfacet
  facet normal 0 0 1
    outer loop
      vertex -15.1926 8.95778 2.9999
      vertex -16.0939 7.82082 2.9999
      vertex -15.1568 7.53537 2.9999
    endloop
  endfacet
  facet normal 0 0 1
    outer loop
      vertex -17.0337 8.0551 2.9999
      vertex -16.034 9.17705 2.9999
      vertex -16.8732 9.35957 2.9999
    endloop
  endfacet
  facet normal 0 0 1
    outer loop
      vertex -16.034 9.17705 2.9999
      vertex -17.0337 8.0551 2.9999
      vertex -16.0939 7.82082 2.9999
    endloop
  endfacet
  facet normal 0 0 1
    outer loop
      vertex -17.9843 8.23788 2.9999
      vertex -16.8732 9.35957 2.9999
      vertex -17.6963 9.49847 2.9999
    endloop
  endfacet
  facet normal 0 0 1
    outer loop
      vertex -16.8732 9.35957 2.9999
      vertex -17.9843 8.23788 2.9999
      vertex -17.0337 8.0551 2.9999
    endloop
  endfacet
  facet normal 0 0 1
    outer loop
      vertex -18.4895 9.58687 2.9999
      vertex -17.9843 8.23788 2.9999
      vertex -17.6963 9.49847 2.9999
    endloop
  endfacet
  facet normal 0 0 1
    outer loop
      vertex -18.4895 9.58687 2.9999
      vertex -18.9538 8.36885 2.9999
      vertex -17.9843 8.23788 2.9999
    endloop
  endfacet
  facet normal 0 0 1
    outer loop
      vertex -19.2391 9.61786 2.9999
      vertex -18.9538 8.36885 2.9999
      vertex -18.4895 9.58687 2.9999
    endloop
  endfacet
  facet normal 0 0 1
    outer loop
      vertex -19.9507 8.44766 2.9999
      vertex -19.2391 9.61786 2.9999
      vertex -19.8864 9.60867 2.9999
    endloop
  endfacet
  facet normal 0 0 1
    outer loop
      vertex -19.2391 9.61786 2.9999
      vertex -19.9507 8.44766 2.9999
      vertex -18.9538 8.36885 2.9999
    endloop
  endfacet
  facet normal -0 0 1
    outer loop
      vertex -20.6635 9.56274 2.9999
      vertex -19.9507 8.44766 2.9999
      vertex -19.8864 9.60867 2.9999
    endloop
  endfacet
  facet normal 0 0 1
    outer loop
      vertex -20.6635 9.56274 2.9999
      vertex -20.9829 8.47401 2.9999
      vertex -19.9507 8.44766 2.9999
    endloop
  endfacet
  facet normal -0 0 1
    outer loop
      vertex -21.487 9.45253 2.9999
      vertex -20.9829 8.47401 2.9999
      vertex -20.6635 9.56274 2.9999
    endloop
  endfacet
  facet normal 0 0 1
    outer loop
      vertex -20.9829 8.47401 2.9999
      vertex -21.487 9.45253 2.9999
      vertex -21.2009 8.47156 2.9999
    endloop
  endfacet
  facet normal 0 0 1
    outer loop
      vertex -21.2009 8.47156 2.9999
      vertex -21.487 9.45253 2.9999
      vertex -21.4205 8.46353 2.9999
    endloop
  endfacet
  facet normal 0 0 1
    outer loop
      vertex -21.487 9.45253 2.9999
      vertex -21.6411 8.44896 2.9999
      vertex -21.4205 8.46353 2.9999
    endloop
  endfacet
  facet normal -0 0 1
    outer loop
      vertex -22.273 9.25047 2.9999
      vertex -21.6411 8.44896 2.9999
      vertex -21.487 9.45253 2.9999
    endloop
  endfacet
  facet normal 0 0 1
    outer loop
      vertex -21.6411 8.44896 2.9999
      vertex -22.273 9.25047 2.9999
      vertex -21.8621 8.42682 2.9999
    endloop
  endfacet
  facet normal 0 0 1
    outer loop
      vertex -21.8621 8.42682 2.9999
      vertex -22.273 9.25047 2.9999
      vertex -22.0827 8.39616 2.9999
    endloop
  endfacet
  facet normal 0 0 1
    outer loop
      vertex -22.273 9.25047 2.9999
      vertex -22.3023 8.35597 2.9999
      vertex -22.0827 8.39616 2.9999
    endloop
  endfacet
  facet normal -0 0 1
    outer loop
      vertex -22.938 8.92903 2.9999
      vertex -22.3023 8.35597 2.9999
      vertex -22.273 9.25047 2.9999
    endloop
  endfacet
  facet normal 0 0 1
    outer loop
      vertex -22.3023 8.35597 2.9999
      vertex -22.938 8.92903 2.9999
      vertex -22.5203 8.30527 2.9999
    endloop
  endfacet
  facet normal 0 0 1
    outer loop
      vertex -22.5203 8.30527 2.9999
      vertex -22.938 8.92903 2.9999
      vertex -22.6446 8.27315 2.9999
    endloop
  endfacet
  facet normal 0 0 1
    outer loop
      vertex -22.6446 8.27315 2.9999
      vertex -22.938 8.92903 2.9999
      vertex -22.7453 8.24101 2.9999
    endloop
  endfacet
  facet normal 0 0 1
    outer loop
      vertex -22.7453 8.24101 2.9999
      vertex -22.938 8.92903 2.9999
      vertex -22.8239 8.20888 2.9999
    endloop
  endfacet
  facet normal -0 0 1
    outer loop
      vertex -23.3983 8.46065 2.9999
      vertex -22.8239 8.20888 2.9999
      vertex -22.938 8.92903 2.9999
    endloop
  endfacet
  facet normal 0 0 1
    outer loop
      vertex -22.8239 8.20888 2.9999
      vertex -23.3983 8.46065 2.9999
      vertex -22.8823 8.17674 2.9999
    endloop
  endfacet
  facet normal 0 0 1
    outer loop
      vertex -22.8823 8.17674 2.9999
      vertex -23.3983 8.46065 2.9999
      vertex -22.9219 8.14459 2.9999
    endloop
  endfacet
  facet normal 0 0 1
    outer loop
      vertex -22.9219 8.14459 2.9999
      vertex -23.3983 8.46065 2.9999
      vertex -22.9445 8.11247 2.9999
    endloop
  endfacet
  facet normal 0 0 1
    outer loop
      vertex -22.9445 8.11247 2.9999
      vertex -23.3983 8.46065 2.9999
      vertex -22.9516 8.08035 2.9999
    endloop
  endfacet
  facet normal 0 0 1
    outer loop
      vertex -23.5703 7.81778 2.9999
      vertex -22.9516 8.08035 2.9999
      vertex -23.3983 8.46065 2.9999
    endloop
  endfacet
  facet normal 0 0 1
    outer loop
      vertex -22.9161 8.0275 2.9999
      vertex -23.1978 7.55914 2.9999
      vertex -23.0292 7.53465 2.9999
    endloop
  endfacet
  facet normal 0 -0 1
    outer loop
      vertex -23.346 7.59741 2.9999
      vertex -22.9516 8.08035 2.9999
      vertex -23.5703 7.81778 2.9999
    endloop
  endfacet
  facet normal 0 0 1
    outer loop
      vertex -22.9516 8.08035 2.9999
      vertex -23.346 7.59741 2.9999
      vertex -23.1978 7.55914 2.9999
    endloop
  endfacet
  facet normal 0 0 1
    outer loop
      vertex -23.346 7.59741 2.9999
      vertex -23.5703 7.81778 2.9999
      vertex -23.4641 7.65175 2.9999
    endloop
  endfacet
  facet normal 0 0 1
    outer loop
      vertex -23.4641 7.65175 2.9999
      vertex -23.5703 7.81778 2.9999
      vertex -23.5421 7.72443 2.9999
    endloop
  endfacet
  facet normal -0 0 1
    outer loop
      vertex -7.74095 -2.04277 2.9999
      vertex -5.90981 -2.30571 2.9999
      vertex -7.08813 -1.1064 2.9999
    endloop
  endfacet
  facet normal 0 0 1
    outer loop
      vertex -5.90981 -2.30571 2.9999
      vertex -7.74095 -2.04277 2.9999
      vertex -6.8167 -3.23125 2.9999
    endloop
  endfacet
  facet normal 0 0 1
    outer loop
      vertex -7.74095 -2.04277 2.9999
      vertex -7.96695 -3.94653 2.9999
      vertex -6.8167 -3.23125 2.9999
    endloop
  endfacet
  facet normal -0 0 1
    outer loop
      vertex -8.69026 -2.7059 2.9999
      vertex -7.96695 -3.94653 2.9999
      vertex -7.74095 -2.04277 2.9999
    endloop
  endfacet
  facet normal 0 0 1
    outer loop
      vertex -8.69026 -2.7059 2.9999
      vertex -9.29169 -4.45422 2.9999
      vertex -7.96695 -3.94653 2.9999
    endloop
  endfacet
  facet normal -0 0 1
    outer loop
      vertex -9.8226 -3.14172 2.9999
      vertex -9.29169 -4.45422 2.9999
      vertex -8.69026 -2.7059 2.9999
    endloop
  endfacet
  facet normal 0 0 1
    outer loop
      vertex -9.8226 -3.14172 2.9999
      vertex -10.722 -4.75691 2.9999
      vertex -9.29169 -4.45422 2.9999
    endloop
  endfacet
  facet normal -0 0 1
    outer loop
      vertex -11.0245 -3.39618 2.9999
      vertex -10.722 -4.75691 2.9999
      vertex -9.8226 -3.14172 2.9999
    endloop
  endfacet
  facet normal 0 0 1
    outer loop
      vertex -12.1891 -4.85722 2.9999
      vertex -11.0245 -3.39618 2.9999
      vertex -12.1824 -3.51517 2.9999
    endloop
  endfacet
  facet normal 0 0 1
    outer loop
      vertex -11.0245 -3.39618 2.9999
      vertex -12.1891 -4.85722 2.9999
      vertex -10.722 -4.75691 2.9999
    endloop
  endfacet
  facet normal 0 0 1
    outer loop
      vertex -12.1824 -3.51517 2.9999
      vertex -12.5681 -4.84854 2.9999
      vertex -12.1891 -4.85722 2.9999
    endloop
  endfacet
  facet normal -0 0 1
    outer loop
      vertex -13.1829 -3.54462 2.9999
      vertex -12.5681 -4.84854 2.9999
      vertex -12.1824 -3.51517 2.9999
    endloop
  endfacet
  facet normal 0 0 1
    outer loop
      vertex -12.5681 -4.84854 2.9999
      vertex -13.1829 -3.54462 2.9999
      vertex -12.9614 -4.82443 2.9999
    endloop
  endfacet
  facet normal 0 0 1
    outer loop
      vertex -13.1829 -3.54462 2.9999
      vertex -13.363 -4.78786 2.9999
      vertex -12.9614 -4.82443 2.9999
    endloop
  endfacet
  facet normal 0 0 1
    outer loop
      vertex -13.3987 -3.54146 2.9999
      vertex -13.363 -4.78786 2.9999
      vertex -13.1829 -3.54462 2.9999
    endloop
  endfacet
  facet normal 0 0 1
    outer loop
      vertex -13.7665 -4.74176 2.9999
      vertex -13.3987 -3.54146 2.9999
      vertex -13.6398 -3.52846 2.9999
    endloop
  endfacet
  facet normal 0 0 1
    outer loop
      vertex -13.3987 -3.54146 2.9999
      vertex -13.7665 -4.74176 2.9999
      vertex -13.363 -4.78786 2.9999
    endloop
  endfacet
  facet normal 0 0 1
    outer loop
      vertex -13.8992 -3.50038 2.9999
      vertex -13.7665 -4.74176 2.9999
      vertex -13.6398 -3.52846 2.9999
    endloop
  endfacet
  facet normal 0 0 1
    outer loop
      vertex -13.8992 -3.50038 2.9999
      vertex -14.1657 -4.6891 2.9999
      vertex -13.7665 -4.74176 2.9999
    endloop
  endfacet
  facet normal 0 0 1
    outer loop
      vertex -14.1701 -3.45197 2.9999
      vertex -14.1657 -4.6891 2.9999
      vertex -13.8992 -3.50038 2.9999
    endloop
  endfacet
  facet normal 0 0 1
    outer loop
      vertex -14.5545 -4.63283 2.9999
      vertex -14.1701 -3.45197 2.9999
      vertex -14.4456 -3.37796 2.9999
    endloop
  endfacet
  facet normal 0 0 1
    outer loop
      vertex -14.1701 -3.45197 2.9999
      vertex -14.5545 -4.63283 2.9999
      vertex -14.1657 -4.6891 2.9999
    endloop
  endfacet
  facet normal 0 0 1
    outer loop
      vertex -14.9265 -4.57588 2.9999
      vertex -14.4456 -3.37796 2.9999
      vertex -14.7188 -3.27313 2.9999
    endloop
  endfacet
  facet normal 0 0 1
    outer loop
      vertex -14.4456 -3.37796 2.9999
      vertex -14.9265 -4.57588 2.9999
      vertex -14.5545 -4.63283 2.9999
    endloop
  endfacet
  facet normal 0 0 1
    outer loop
      vertex -14.9828 -3.1322 2.9999
      vertex -14.9265 -4.57588 2.9999
      vertex -14.7188 -3.27313 2.9999
    endloop
  endfacet
  facet normal 0 0 1
    outer loop
      vertex -14.9265 -4.57588 2.9999
      vertex -14.9828 -3.1322 2.9999
      vertex -14.9498 -4.66183 2.9999
    endloop
  endfacet
  facet normal 0 0 1
    outer loop
      vertex -14.9498 -4.66183 2.9999
      vertex -14.9828 -3.1322 2.9999
      vertex -14.9728 -4.74678 2.9999
    endloop
  endfacet
  facet normal 0 0 1
    outer loop
      vertex -14.9828 -3.1322 2.9999
      vertex -14.9974 -4.83665 2.9999
      vertex -14.9728 -4.74678 2.9999
    endloop
  endfacet
  facet normal 0 0 1
    outer loop
      vertex -15.0257 -4.93736 2.9999
      vertex -14.9828 -3.1322 2.9999
      vertex -15.0016 0.974091 2.9999
    endloop
  endfacet
  facet normal 0 0 1
    outer loop
      vertex -14.9828 -3.1322 2.9999
      vertex -15.0257 -4.93736 2.9999
      vertex -14.9974 -4.83665 2.9999
    endloop
  endfacet
  facet normal -0 -0 1
    outer loop
      vertex -16.3488 -5.24409 2.9999
      vertex -15.8078 -5.4384 2.9999
      vertex -16.4391 -5.06503 2.9999
    endloop
  endfacet
  facet normal 0 0 1
    outer loop
      vertex -15.8078 -5.4384 2.9999
      vertex -16.3488 -5.24409 2.9999
      vertex -16.2392 -5.40086 2.9999
    endloop
  endfacet
  facet normal 0 0 1
    outer loop
      vertex -15.7066 -5.43622 2.9999
      vertex -16.5136 -4.86661 2.9999
      vertex -15.8078 -5.4384 2.9999
    endloop
  endfacet
  facet normal 0 -0 1
    outer loop
      vertex -15.4276 -5.40866 2.9999
      vertex -15.0594 -5.05479 2.9999
      vertex -15.5181 -5.42068 2.9999
    endloop
  endfacet
  facet normal 0 0 1
    outer loop
      vertex -17.4212 -3.52203 2.9999
      vertex -16.7454 -2.70087 2.9999
      vertex -17.1163 -2.60513 2.9999
    endloop
  endfacet
  facet normal 0 0 1
    outer loop
      vertex -16.7454 -2.70087 2.9999
      vertex -17.4212 -3.52203 2.9999
      vertex -16.7266 -3.93842 2.9999
    endloop
  endfacet
  facet normal 0 0 1
    outer loop
      vertex -17.486 -2.48117 2.9999
      vertex -17.4212 -3.52203 2.9999
      vertex -17.1163 -2.60513 2.9999
    endloop
  endfacet
  facet normal 0 0 1
    outer loop
      vertex -18.0422 -3.12599 2.9999
      vertex -17.486 -2.48117 2.9999
      vertex -17.8484 -2.33293 2.9999
    endloop
  endfacet
  facet normal 0 0 1
    outer loop
      vertex -17.486 -2.48117 2.9999
      vertex -18.0422 -3.12599 2.9999
      vertex -17.4212 -3.52203 2.9999
    endloop
  endfacet
  facet normal 0 0 1
    outer loop
      vertex -18.5898 -2.75226 2.9999
      vertex -17.8484 -2.33293 2.9999
      vertex -18.1977 -2.16434 2.9999
    endloop
  endfacet
  facet normal 0 0 1
    outer loop
      vertex -18.5898 -2.75226 2.9999
      vertex -18.1977 -2.16434 2.9999
      vertex -18.528 -1.97934 2.9999
    endloop
  endfacet
  facet normal 0 0 1
    outer loop
      vertex -17.8484 -2.33293 2.9999
      vertex -18.5898 -2.75226 2.9999
      vertex -18.0422 -3.12599 2.9999
    endloop
  endfacet
  facet normal 0 0 1
    outer loop
      vertex -19.0639 -2.40277 2.9999
      vertex -18.528 -1.97934 2.9999
      vertex -18.8333 -1.78189 2.9999
    endloop
  endfacet
  facet normal 0 0 1
    outer loop
      vertex -18.528 -1.97934 2.9999
      vertex -19.0639 -2.40277 2.9999
      vertex -18.5898 -2.75226 2.9999
    endloop
  endfacet
  facet normal 0 0 1
    outer loop
      vertex -19.4645 -2.07953 2.9999
      vertex -18.8333 -1.78189 2.9999
      vertex -19.1079 -1.57591 2.9999
    endloop
  endfacet
  facet normal 0 0 1
    outer loop
      vertex -19.4645 -2.07953 2.9999
      vertex -19.1079 -1.57591 2.9999
      vertex -19.3501 -1.39436 2.9999
    endloop
  endfacet
  facet normal 0 0 1
    outer loop
      vertex -18.8333 -1.78189 2.9999
      vertex -19.4645 -2.07953 2.9999
      vertex -19.0639 -2.40277 2.9999
    endloop
  endfacet
  facet normal 0 0 1
    outer loop
      vertex -19.7916 -1.7845 2.9999
      vertex -19.3501 -1.39436 2.9999
      vertex -19.6125 -1.19116 2.9999
    endloop
  endfacet
  facet normal 0 0 1
    outer loop
      vertex -19.3501 -1.39436 2.9999
      vertex -19.7916 -1.7845 2.9999
      vertex -19.4645 -2.07953 2.9999
    endloop
  endfacet
  facet normal 0 0 1
    outer loop
      vertex -20.0453 -1.51962 2.9999
      vertex -19.6125 -1.19116 2.9999
      vertex -19.8744 -0.972229 2.9999
    endloop
  endfacet
  facet normal 0 0 1
    outer loop
      vertex -19.6125 -1.19116 2.9999
      vertex -20.0453 -1.51962 2.9999
      vertex -19.7916 -1.7845 2.9999
    endloop
  endfacet
  facet normal 0 0 1
    outer loop
      vertex -20.4161 -1.10115 2.9999
      vertex -19.8744 -0.972229 2.9999
      vertex -20.1145 -0.743469 2.9999
    endloop
  endfacet
  facet normal 0 0 1
    outer loop
      vertex -19.8744 -0.972229 2.9999
      vertex -20.232 -1.31808 2.9999
      vertex -20.0453 -1.51962 2.9999
    endloop
  endfacet
  facet normal 0 0 1
    outer loop
      vertex -20.588 -0.871735 2.9999
      vertex -20.1145 -0.743469 2.9999
      vertex -20.3121 -0.510757 2.9999
    endloop
  endfacet
  facet normal 0 0 1
    outer loop
      vertex -19.8744 -0.972229 2.9999
      vertex -20.4161 -1.10115 2.9999
      vertex -20.232 -1.31808 2.9999
    endloop
  endfacet
  facet normal 0 0 1
    outer loop
      vertex -20.7383 -0.632812 2.9999
      vertex -20.3121 -0.510757 2.9999
      vertex -20.446 -0.280029 2.9999
    endloop
  endfacet
  facet normal 0 0 1
    outer loop
      vertex -20.8574 -0.387314 2.9999
      vertex -20.446 -0.280029 2.9999
      vertex -20.4953 -0.0571594 2.9999
    endloop
  endfacet
  facet normal 0 0 1
    outer loop
      vertex -20.1145 -0.743469 2.9999
      vertex -20.588 -0.871735 2.9999
      vertex -20.4161 -1.10115 2.9999
    endloop
  endfacet
  facet normal -0 0 1
    outer loop
      vertex -20.77 0.603134 2.9999
      vertex -20.3756 0.196625 2.9999
      vertex -20.6566 0.72438 2.9999
    endloop
  endfacet
  facet normal -0 0 1
    outer loop
      vertex -20.8564 0.482529 2.9999
      vertex -20.3756 0.196625 2.9999
      vertex -20.77 0.603134 2.9999
    endloop
  endfacet
  facet normal 0 0 1
    outer loop
      vertex -20.3121 -0.510757 2.9999
      vertex -20.7383 -0.632812 2.9999
      vertex -20.588 -0.871735 2.9999
    endloop
  endfacet
  facet normal -0 0 1
    outer loop
      vertex -20.9169 0.361267 2.9999
      vertex -20.3756 0.196625 2.9999
      vertex -20.8564 0.482529 2.9999
    endloop
  endfacet
  facet normal -0 0 1
    outer loop
      vertex -20.9525 0.238052 2.9999
      vertex -20.3756 0.196625 2.9999
      vertex -20.9169 0.361267 2.9999
    endloop
  endfacet
  facet normal 0 0 1
    outer loop
      vertex -20.446 -0.280029 2.9999
      vertex -20.8574 -0.387314 2.9999
      vertex -20.7383 -0.632812 2.9999
    endloop
  endfacet
  facet normal 0 0 1
    outer loop
      vertex -20.3756 0.196625 2.9999
      vertex -20.9525 0.238052 2.9999
      vertex -20.4953 -0.0571594 2.9999
    endloop
  endfacet
  facet normal 0 0 1
    outer loop
      vertex -20.4953 -0.0571594 2.9999
      vertex -20.9359 -0.138199 2.9999
      vertex -20.8574 -0.387314 2.9999
    endloop
  endfacet
  facet normal 0 0 1
    outer loop
      vertex -20.4953 -0.0571594 2.9999
      vertex -20.9525 0.238052 2.9999
      vertex -20.9641 0.111572 2.9999
    endloop
  endfacet
  facet normal 0 0 1
    outer loop
      vertex -20.4953 -0.0571594 2.9999
      vertex -20.9641 0.111572 2.9999
      vertex -20.9359 -0.138199 2.9999
    endloop
  endfacet
  facet normal 0 0 1
    outer loop
      vertex 0.123611 6.58037 2.9999
      vertex -0.77771 6.48268 2.9999
      vertex -0.776291 6.37408 2.9999
    endloop
  endfacet
  facet normal 0 0 1
    outer loop
      vertex -0.578735 7.51349 2.9999
      vertex -0.787659 6.58177 2.9999
      vertex -0.77771 6.48268 2.9999
    endloop
  endfacet
  facet normal 0 0 1
    outer loop
      vertex -0.578735 7.51349 2.9999
      vertex -0.814651 6.66875 2.9999
      vertex -0.787659 6.58177 2.9999
    endloop
  endfacet
  facet normal 0 0 1
    outer loop
      vertex -0.578735 7.51349 2.9999
      vertex -0.867249 6.74095 2.9999
      vertex -0.814651 6.66875 2.9999
    endloop
  endfacet
  facet normal -0 0 1
    outer loop
      vertex -0.984802 7.57782 2.9999
      vertex -0.767746 7.57318 2.9999
      vertex -0.92627 7.59286 2.9999
    endloop
  endfacet
  facet normal 0 0 1
    outer loop
      vertex -0.965668 7.58548 2.9999
      vertex -0.92627 7.59286 2.9999
      vertex -0.941254 7.59183 2.9999
    endloop
  endfacet
  facet normal 0 0 1
    outer loop
      vertex -0.578735 7.51349 2.9999
      vertex -0.953934 6.79579 2.9999
      vertex -0.867249 6.74095 2.9999
    endloop
  endfacet
  facet normal 0 0 1
    outer loop
      vertex -0.965668 7.58548 2.9999
      vertex -0.941254 7.59183 2.9999
      vertex -0.954285 7.58914 2.9999
    endloop
  endfacet
  facet normal 0 0 1
    outer loop
      vertex -0.92627 7.59286 2.9999
      vertex -0.965668 7.58548 2.9999
      vertex -0.975723 7.58148 2.9999
    endloop
  endfacet
  facet normal 0 0 1
    outer loop
      vertex -0.92627 7.59286 2.9999
      vertex -0.975723 7.58148 2.9999
      vertex -0.984802 7.57782 2.9999
    endloop
  endfacet
  facet normal -0 0 1
    outer loop
      vertex -0.99324 7.57513 2.9999
      vertex -0.767746 7.57318 2.9999
      vertex -0.984802 7.57782 2.9999
    endloop
  endfacet
  facet normal 0 0 1
    outer loop
      vertex -0.767746 7.57318 2.9999
      vertex -0.99324 7.57513 2.9999
      vertex -0.953934 6.79579 2.9999
    endloop
  endfacet
  facet normal 0 0 1
    outer loop
      vertex -1.08327 6.83061 2.9999
      vertex -0.99324 7.57513 2.9999
      vertex -1.00133 7.5741 2.9999
    endloop
  endfacet
  facet normal 0 0 1
    outer loop
      vertex -1.72791 6.78159 2.9999
      vertex -1.00133 7.5741 2.9999
      vertex -1.08173 7.74446 2.9999
    endloop
  endfacet
  facet normal 0 0 1
    outer loop
      vertex -0.99324 7.57513 2.9999
      vertex -1.08327 6.83061 2.9999
      vertex -0.953934 6.79579 2.9999
    endloop
  endfacet
  facet normal 0 0 1
    outer loop
      vertex -1.72791 6.78159 2.9999
      vertex -1.08173 7.74446 2.9999
      vertex -1.22214 7.89941 2.9999
    endloop
  endfacet
  facet normal 0 0 1
    outer loop
      vertex -1.00133 7.5741 2.9999
      vertex -1.26376 6.8428 2.9999
      vertex -1.08327 6.83061 2.9999
    endloop
  endfacet
  facet normal 0 0 1
    outer loop
      vertex -1.72791 6.78159 2.9999
      vertex -1.22214 7.89941 2.9999
      vertex -1.41603 8.03502 2.9999
    endloop
  endfacet
  facet normal 0 0 1
    outer loop
      vertex -1.72791 6.78159 2.9999
      vertex -1.41603 8.03502 2.9999
      vertex -1.65681 8.14734 2.9999
    endloop
  endfacet
  facet normal 0 0 1
    outer loop
      vertex -1.00133 7.5741 2.9999
      vertex -1.72791 6.78159 2.9999
      vertex -1.26376 6.8428 2.9999
    endloop
  endfacet
  facet normal 0 0 1
    outer loop
      vertex -1.93794 8.23245 2.9999
      vertex -1.72791 6.78159 2.9999
      vertex -1.65681 8.14734 2.9999
    endloop
  endfacet
  facet normal 0 0 1
    outer loop
      vertex -1.93794 8.23245 2.9999
      vertex -2.18481 6.61014 2.9999
      vertex -1.72791 6.78159 2.9999
    endloop
  endfacet
  facet normal 0 0 1
    outer loop
      vertex -2.25287 8.28641 2.9999
      vertex -2.18481 6.61014 2.9999
      vertex -1.93794 8.23245 2.9999
    endloop
  endfacet
  facet normal 0 0 1
    outer loop
      vertex -2.595 8.30527 2.9999
      vertex -2.18481 6.61014 2.9999
      vertex -2.25287 8.28641 2.9999
    endloop
  endfacet
  facet normal -0 0 1
    outer loop
      vertex -3.68958 6.98355 2.9999
      vertex -2.18481 6.61014 2.9999
      vertex -2.595 8.30527 2.9999
    endloop
  endfacet
  facet normal -0 -0 1
    outer loop
      vertex -3.68552 6.96951 2.9999
      vertex -2.18481 6.61014 2.9999
      vertex -3.68958 6.98355 2.9999
    endloop
  endfacet
  facet normal 0 0 1
    outer loop
      vertex -3.69624 6.9986 2.9999
      vertex -2.595 8.30527 2.9999
      vertex -3.35739 8.21025 2.9999
    endloop
  endfacet
  facet normal 0 0 1
    outer loop
      vertex -2.62958 6.34688 2.9999
      vertex -3.68552 6.96951 2.9999
      vertex -3.68344 6.95679 2.9999
    endloop
  endfacet
  facet normal 0 0 1
    outer loop
      vertex -2.62958 6.34688 2.9999
      vertex -3.68257 6.91786 2.9999
      vertex -3.05728 6.01013 2.9999
    endloop
  endfacet
  facet normal -0 0 1
    outer loop
      vertex -3.68257 6.91786 2.9999
      vertex -2.62958 6.34688 2.9999
      vertex -3.68257 6.93663 2.9999
    endloop
  endfacet
  facet normal -0 -0 1
    outer loop
      vertex -3.68257 6.93663 2.9999
      vertex -2.62958 6.34688 2.9999
      vertex -3.68268 6.94571 2.9999
    endloop
  endfacet
  facet normal -0 -0 1
    outer loop
      vertex -3.68268 6.94571 2.9999
      vertex -2.62958 6.34688 2.9999
      vertex -3.68344 6.95679 2.9999
    endloop
  endfacet
  facet normal 0 0 1
    outer loop
      vertex -2.18481 6.61014 2.9999
      vertex -3.68552 6.96951 2.9999
      vertex -2.62958 6.34688 2.9999
    endloop
  endfacet
  facet normal 0 0 1
    outer loop
      vertex -2.595 8.30527 2.9999
      vertex -3.69624 6.9986 2.9999
      vertex -3.68958 6.98355 2.9999
    endloop
  endfacet
  facet normal 0 0 1
    outer loop
      vertex -3.35739 8.21025 2.9999
      vertex -3.70621 7.0143 2.9999
      vertex -3.69624 6.9986 2.9999
    endloop
  endfacet
  facet normal 0 0 1
    outer loop
      vertex -3.35739 8.21025 2.9999
      vertex -3.72009 7.03032 2.9999
      vertex -3.70621 7.0143 2.9999
    endloop
  endfacet
  facet normal -0 0 1
    outer loop
      vertex -4.09517 7.9493 2.9999
      vertex -3.72009 7.03032 2.9999
      vertex -3.35739 8.21025 2.9999
    endloop
  endfacet
  facet normal 0 0 1
    outer loop
      vertex -4.09517 7.9493 2.9999
      vertex -4.09961 6.92033 2.9999
      vertex -3.72009 7.03032 2.9999
    endloop
  endfacet
  facet normal -0 0 1
    outer loop
      vertex -4.77455 7.55846 2.9999
      vertex -4.09961 6.92033 2.9999
      vertex -4.09517 7.9493 2.9999
    endloop
  endfacet
  facet normal 0 0 1
    outer loop
      vertex -4.09961 6.92033 2.9999
      vertex -4.77455 7.55846 2.9999
      vertex -4.43289 6.75655 2.9999
    endloop
  endfacet
  facet normal -0 0 1
    outer loop
      vertex -5.36177 7.07381 2.9999
      vertex -4.43289 6.75655 2.9999
      vertex -4.77455 7.55846 2.9999
    endloop
  endfacet
  facet normal 0 0 1
    outer loop
      vertex -4.43289 6.75655 2.9999
      vertex -5.36177 7.07381 2.9999
      vertex -4.71732 6.54718 2.9999
    endloop
  endfacet
  facet normal 0 0 1
    outer loop
      vertex -4.71732 6.54718 2.9999
      vertex -5.36177 7.07381 2.9999
      vertex -4.95024 6.30043 2.9999
    endloop
  endfacet
  facet normal -0 0 1
    outer loop
      vertex -5.82303 6.53145 2.9999
      vertex -4.95024 6.30043 2.9999
      vertex -5.36177 7.07381 2.9999
    endloop
  endfacet
  facet normal 0 0 1
    outer loop
      vertex -4.95024 6.30043 2.9999
      vertex -5.82303 6.53145 2.9999
      vertex -5.12904 6.02449 2.9999
    endloop
  endfacet
  facet normal 0 0 1
    outer loop
      vertex -6.12456 5.96744 2.9999
      vertex -5.12904 6.02449 2.9999
      vertex -5.82303 6.53145 2.9999
    endloop
  endfacet
  facet normal 0 0 1
    outer loop
      vertex -5.12904 6.02449 2.9999
      vertex -6.12456 5.96744 2.9999
      vertex -5.2511 5.72758 2.9999
    endloop
  endfacet
  facet normal 0 0 1
    outer loop
      vertex -5.31377 5.41788 2.9999
      vertex -5.7451 4.29279 2.9999
      vertex -5.33253 3.16783 2.9999
    endloop
  endfacet
  facet normal -0 0 1
    outer loop
      vertex -5.75412 4.25055 2.9999
      vertex -5.33253 3.16783 2.9999
      vertex -5.7451 4.29279 2.9999
    endloop
  endfacet
  facet normal -0 0 1
    outer loop
      vertex -5.76443 4.20502 2.9999
      vertex -5.33253 3.16783 2.9999
      vertex -5.75412 4.25055 2.9999
    endloop
  endfacet
  facet normal -0 -0 1
    outer loop
      vertex -5.66011 3.49535 2.9999
      vertex -5.33253 3.16783 2.9999
      vertex -5.72478 3.64037 2.9999
    endloop
  endfacet
  facet normal -0 -0 1
    outer loop
      vertex -5.50092 3.27191 2.9999
      vertex -5.33253 3.16783 2.9999
      vertex -5.58397 3.371 2.9999
    endloop
  endfacet
  facet normal 0 0 1
    outer loop
      vertex -5.33253 3.16783 2.9999
      vertex -5.50092 3.27191 2.9999
      vertex -5.41557 3.20267 2.9999
    endloop
  endfacet
  facet normal 0 0 1
    outer loop
      vertex -5.2511 5.72758 2.9999
      vertex -6.12456 5.96744 2.9999
      vertex -5.31377 5.41788 2.9999
    endloop
  endfacet
  facet normal 0 0 1
    outer loop
      vertex -5.31377 5.41788 2.9999
      vertex -5.86064 4.45155 2.9999
      vertex -5.7451 4.29279 2.9999
    endloop
  endfacet
  facet normal 0 0 1
    outer loop
      vertex -5.31377 5.41788 2.9999
      vertex -5.96472 4.60768 2.9999
      vertex -5.86064 4.45155 2.9999
    endloop
  endfacet
  facet normal 0 0 1
    outer loop
      vertex -6.23257 5.41788 2.9999
      vertex -5.31377 5.41788 2.9999
      vertex -6.12456 5.96744 2.9999
    endloop
  endfacet
  facet normal 0 0 1
    outer loop
      vertex -5.31377 5.41788 2.9999
      vertex -6.05502 4.76315 2.9999
      vertex -5.96472 4.60768 2.9999
    endloop
  endfacet
  facet normal 0 0 1
    outer loop
      vertex -5.31377 5.41788 2.9999
      vertex -6.12926 4.91994 2.9999
      vertex -6.05502 4.76315 2.9999
    endloop
  endfacet
  facet normal 0 0 1
    outer loop
      vertex -5.31377 5.41788 2.9999
      vertex -6.18512 5.08002 2.9999
      vertex -6.12926 4.91994 2.9999
    endloop
  endfacet
  facet normal 0 -0 1
    outer loop
      vertex -6.22034 5.24533 2.9999
      vertex -5.31377 5.41788 2.9999
      vertex -6.23257 5.41788 2.9999
    endloop
  endfacet
  facet normal 0 0 1
    outer loop
      vertex -5.31377 5.41788 2.9999
      vertex -6.22034 5.24533 2.9999
      vertex -6.18512 5.08002 2.9999
    endloop
  endfacet
  facet normal 0 0 1
    outer loop
      vertex -0.77771 6.48268 2.9999
      vertex 0.123611 6.58037 2.9999
      vertex 0.0821838 6.85489 2.9999
    endloop
  endfacet
  facet normal 0 0 1
    outer loop
      vertex -0.77771 6.48268 2.9999
      vertex 0.0821838 6.85489 2.9999
      vertex -0.0287628 7.08449 2.9999
    endloop
  endfacet
  facet normal 0 0 1
    outer loop
      vertex -0.77771 6.48268 2.9999
      vertex -0.0287628 7.08449 2.9999
      vertex -0.18924 7.27013 2.9999
    endloop
  endfacet
  facet normal 0 0 1
    outer loop
      vertex -0.77771 6.48268 2.9999
      vertex -0.18924 7.27013 2.9999
      vertex -0.379227 7.41281 2.9999
    endloop
  endfacet
  facet normal 0 0 1
    outer loop
      vertex 0.123611 6.58037 2.9999
      vertex -0.776291 6.37408 2.9999
      vertex -0.0170746 5.95438 2.9999
    endloop
  endfacet
  facet normal 0 0 1
    outer loop
      vertex -0.77771 6.48268 2.9999
      vertex -0.379227 7.41281 2.9999
      vertex -0.578735 7.51349 2.9999
    endloop
  endfacet
  facet normal 0 0 1
    outer loop
      vertex -0.953934 6.79579 2.9999
      vertex -0.578735 7.51349 2.9999
      vertex -0.767746 7.57318 2.9999
    endloop
  endfacet
  facet normal 0 0 1
    outer loop
      vertex -0.884964 5.91528 2.9999
      vertex -0.0170746 5.95438 2.9999
      vertex -0.776291 6.37408 2.9999
    endloop
  endfacet
  facet normal 0 0 1
    outer loop
      vertex -0.0170746 5.95438 2.9999
      vertex -0.884964 5.91528 2.9999
      vertex -0.395905 5.3356 2.9999
    endloop
  endfacet
  facet normal -0 0 1
    outer loop
      vertex -1.17731 5.52077 2.9999
      vertex -0.395905 5.3356 2.9999
      vertex -0.884964 5.91528 2.9999
    endloop
  endfacet
  facet normal 0 0 1
    outer loop
      vertex -0.395905 5.3356 2.9999
      vertex -1.17731 5.52077 2.9999
      vertex -0.947906 4.75653 2.9999
    endloop
  endfacet
  facet normal -0 0 1
    outer loop
      vertex -1.60283 5.19283 2.9999
      vertex -0.947906 4.75653 2.9999
      vertex -1.17731 5.52077 2.9999
    endloop
  endfacet
  facet normal 0 0 1
    outer loop
      vertex -1.60283 5.19283 2.9999
      vertex -1.60814 4.24963 2.9999
      vertex -0.947906 4.75653 2.9999
    endloop
  endfacet
  facet normal -0 0 1
    outer loop
      vertex -2.11099 4.93375 2.9999
      vertex -1.60814 4.24963 2.9999
      vertex -1.60283 5.19283 2.9999
    endloop
  endfacet
  facet normal 0 0 1
    outer loop
      vertex -2.11099 4.93375 2.9999
      vertex -2.31168 3.84735 2.9999
      vertex -1.60814 4.24963 2.9999
    endloop
  endfacet
  facet normal -0 0 1
    outer loop
      vertex -2.65131 4.74583 2.9999
      vertex -2.31168 3.84735 2.9999
      vertex -2.11099 4.93375 2.9999
    endloop
  endfacet
  facet normal -0 0 1
    outer loop
      vertex -3.17323 4.63141 2.9999
      vertex -2.31168 3.84735 2.9999
      vertex -2.65131 4.74583 2.9999
    endloop
  endfacet
  facet normal 0 0 1
    outer loop
      vertex -2.31168 3.84735 2.9999
      vertex -3.17323 4.63141 2.9999
      vertex -2.99356 3.58218 2.9999
    endloop
  endfacet
  facet normal -0 0 1
    outer loop
      vertex -3.62627 4.59276 2.9999
      vertex -2.99356 3.58218 2.9999
      vertex -3.17323 4.63141 2.9999
    endloop
  endfacet
  facet normal 0 0 1
    outer loop
      vertex -2.99356 3.58218 2.9999
      vertex -3.62627 4.59276 2.9999
      vertex -3.58888 3.48657 2.9999
    endloop
  endfacet
  facet normal 0 0 1
    outer loop
      vertex -3.62627 4.59276 2.9999
      vertex -3.75464 3.49002 2.9999
      vertex -3.58888 3.48657 2.9999
    endloop
  endfacet
  facet normal 0 0 1
    outer loop
      vertex -3.62627 4.59276 2.9999
      vertex -3.92796 3.50035 2.9999
      vertex -3.75464 3.49002 2.9999
    endloop
  endfacet
  facet normal -0 0 1
    outer loop
      vertex -4.03883 4.59276 2.9999
      vertex -3.92796 3.50035 2.9999
      vertex -3.62627 4.59276 2.9999
    endloop
  endfacet
  facet normal 0 0 1
    outer loop
      vertex -4.28156 3.54169 2.9999
      vertex -4.03883 4.59276 2.9999
      vertex -4.06487 4.59911 2.9999
    endloop
  endfacet
  facet normal 0 0 1
    outer loop
      vertex -4.45393 3.57269 2.9999
      vertex -4.06487 4.59911 2.9999
      vertex -4.09319 4.61595 2.9999
    endloop
  endfacet
  facet normal 0 0 1
    outer loop
      vertex -4.03883 4.59276 2.9999
      vertex -4.10492 3.51758 2.9999
      vertex -3.92796 3.50035 2.9999
    endloop
  endfacet
  facet normal 0 0 1
    outer loop
      vertex -4.6181 3.61057 2.9999
      vertex -4.09319 4.61595 2.9999
      vertex -4.12149 4.64001 2.9999
    endloop
  endfacet
  facet normal 0 0 1
    outer loop
      vertex -4.77013 3.65532 2.9999
      vertex -4.12149 4.64001 2.9999
      vertex -4.14751 4.66801 2.9999
    endloop
  endfacet
  facet normal 0 0 1
    outer loop
      vertex -4.77013 3.65532 2.9999
      vertex -4.14751 4.66801 2.9999
      vertex -4.16893 4.69666 2.9999
    endloop
  endfacet
  facet normal 0 0 1
    outer loop
      vertex -4.77013 3.65532 2.9999
      vertex -4.16893 4.69666 2.9999
      vertex -4.18346 4.72266 2.9999
    endloop
  endfacet
  facet normal 0 0 1
    outer loop
      vertex -4.77013 3.65532 2.9999
      vertex -4.18346 4.72266 2.9999
      vertex -4.18881 4.74275 2.9999
    endloop
  endfacet
  facet normal 0 0 1
    outer loop
      vertex -4.03883 4.59276 2.9999
      vertex -4.28156 3.54169 2.9999
      vertex -4.10492 3.51758 2.9999
    endloop
  endfacet
  facet normal -0 0 1
    outer loop
      vertex -3.88655 6.72258 2.9999
      vertex -3.05728 6.01013 2.9999
      vertex -3.68257 6.91786 2.9999
    endloop
  endfacet
  facet normal -0 0 1
    outer loop
      vertex -4.11844 6.49911 2.9999
      vertex -3.05728 6.01013 2.9999
      vertex -3.88655 6.72258 2.9999
    endloop
  endfacet
  facet normal 0 0 1
    outer loop
      vertex -3.05728 6.01013 2.9999
      vertex -4.11844 6.49911 2.9999
      vertex -3.46301 5.61829 2.9999
    endloop
  endfacet
  facet normal -0 0 1
    outer loop
      vertex -4.36247 6.26056 2.9999
      vertex -3.46301 5.61829 2.9999
      vertex -4.11844 6.49911 2.9999
    endloop
  endfacet
  facet normal 0 0 1
    outer loop
      vertex -3.46301 5.61829 2.9999
      vertex -4.36247 6.26056 2.9999
      vertex -3.84183 5.1897 2.9999
    endloop
  endfacet
  facet normal -0 0 1
    outer loop
      vertex -4.60289 6.02003 2.9999
      vertex -3.84183 5.1897 2.9999
      vertex -4.36247 6.26056 2.9999
    endloop
  endfacet
  facet normal -0 0 1
    outer loop
      vertex -4.82394 5.79068 2.9999
      vertex -3.84183 5.1897 2.9999
      vertex -4.60289 6.02003 2.9999
    endloop
  endfacet
  facet normal 0 0 1
    outer loop
      vertex -3.84183 5.1897 2.9999
      vertex -4.82394 5.79068 2.9999
      vertex -4.18881 4.74275 2.9999
    endloop
  endfacet
  facet normal -0 0 1
    outer loop
      vertex -5.00992 5.58559 2.9999
      vertex -4.18881 4.74275 2.9999
      vertex -4.82394 5.79068 2.9999
    endloop
  endfacet
  facet normal -0 0 1
    outer loop
      vertex -5.14502 5.41788 2.9999
      vertex -4.18881 4.74275 2.9999
      vertex -5.00992 5.58559 2.9999
    endloop
  endfacet
  facet normal -0 0 1
    outer loop
      vertex -5.15416 5.4099 2.9999
      vertex -4.18881 4.74275 2.9999
      vertex -5.14502 5.41788 2.9999
    endloop
  endfacet
  facet normal 0 0 1
    outer loop
      vertex -4.06487 4.59911 2.9999
      vertex -4.45393 3.57269 2.9999
      vertex -4.28156 3.54169 2.9999
    endloop
  endfacet
  facet normal 0 0 1
    outer loop
      vertex -4.09319 4.61595 2.9999
      vertex -4.6181 3.61057 2.9999
      vertex -4.45393 3.57269 2.9999
    endloop
  endfacet
  facet normal 0 0 1
    outer loop
      vertex -4.12149 4.64001 2.9999
      vertex -4.77013 3.65532 2.9999
      vertex -4.6181 3.61057 2.9999
    endloop
  endfacet
  facet normal -0 0 1
    outer loop
      vertex -5.16527 5.40224 2.9999
      vertex -4.18881 4.74275 2.9999
      vertex -5.15416 5.4099 2.9999
    endloop
  endfacet
  facet normal -0 0 1
    outer loop
      vertex -5.17801 5.39523 2.9999
      vertex -4.18881 4.74275 2.9999
      vertex -5.16527 5.40224 2.9999
    endloop
  endfacet
  facet normal -0 0 1
    outer loop
      vertex -5.19206 5.38921 2.9999
      vertex -4.18881 4.74275 2.9999
      vertex -5.17801 5.39523 2.9999
    endloop
  endfacet
  facet normal -0 0 1
    outer loop
      vertex -5.20711 5.38451 2.9999
      vertex -4.18881 4.74275 2.9999
      vertex -5.19206 5.38921 2.9999
    endloop
  endfacet
  facet normal 0 0 1
    outer loop
      vertex -4.18881 4.74275 2.9999
      vertex -5.20711 5.38451 2.9999
      vertex -4.77013 3.65532 2.9999
    endloop
  endfacet
  facet normal -0 0 1
    outer loop
      vertex -5.22281 5.38144 2.9999
      vertex -4.77013 3.65532 2.9999
      vertex -5.20711 5.38451 2.9999
    endloop
  endfacet
  facet normal -0 0 1
    outer loop
      vertex -5.23885 5.38036 2.9999
      vertex -4.77013 3.65532 2.9999
      vertex -5.22281 5.38144 2.9999
    endloop
  endfacet
  facet normal 0 0 1
    outer loop
      vertex -5.25383 5.38144 2.9999
      vertex -4.77013 3.65532 2.9999
      vertex -5.23885 5.38036 2.9999
    endloop
  endfacet
  facet normal 0 0 1
    outer loop
      vertex -5.26683 5.38451 2.9999
      vertex -4.77013 3.65532 2.9999
      vertex -5.25383 5.38144 2.9999
    endloop
  endfacet
  facet normal 0 0 1
    outer loop
      vertex -4.77013 3.65532 2.9999
      vertex -5.26683 5.38451 2.9999
      vertex -4.85143 3.55351 2.9999
    endloop
  endfacet
  facet normal 0 0 1
    outer loop
      vertex -5.27818 5.38921 2.9999
      vertex -4.85143 3.55351 2.9999
      vertex -5.26683 5.38451 2.9999
    endloop
  endfacet
  facet normal 0 0 1
    outer loop
      vertex -5.33253 3.16783 2.9999
      vertex -4.85143 3.55351 2.9999
      vertex -5.27818 5.38921 2.9999
    endloop
  endfacet
  facet normal 0 0 1
    outer loop
      vertex -4.85143 3.55351 2.9999
      vertex -5.33253 3.16783 2.9999
      vertex -4.92258 3.45862 2.9999
    endloop
  endfacet
  facet normal 0 0 1
    outer loop
      vertex -4.98949 3.37291 2.9999
      vertex -5.33253 3.16783 2.9999
      vertex -5.05803 3.29869 2.9999
    endloop
  endfacet
  facet normal 0 0 1
    outer loop
      vertex -5.05803 3.29869 2.9999
      vertex -5.33253 3.16783 2.9999
      vertex -5.13412 3.23824 2.9999
    endloop
  endfacet
  facet normal 0 0 1
    outer loop
      vertex -4.92258 3.45862 2.9999
      vertex -5.33253 3.16783 2.9999
      vertex -4.98949 3.37291 2.9999
    endloop
  endfacet
  facet normal 0 0 1
    outer loop
      vertex -5.33253 3.16783 2.9999
      vertex -5.27818 5.38921 2.9999
      vertex -5.28822 5.39523 2.9999
    endloop
  endfacet
  facet normal 0 0 1
    outer loop
      vertex -5.33253 3.16783 2.9999
      vertex -5.28822 5.39523 2.9999
      vertex -5.29727 5.40224 2.9999
    endloop
  endfacet
  facet normal 0 0 1
    outer loop
      vertex -5.33253 3.16783 2.9999
      vertex -5.29727 5.40224 2.9999
      vertex -5.30568 5.4099 2.9999
    endloop
  endfacet
  facet normal 0 0 1
    outer loop
      vertex -5.33253 3.16783 2.9999
      vertex -5.30568 5.4099 2.9999
      vertex -5.31377 5.41788 2.9999
    endloop
  endfacet
  facet normal 0 0 1
    outer loop
      vertex -5.13412 3.23824 2.9999
      vertex -5.33253 3.16783 2.9999
      vertex -5.22366 3.19386 2.9999
    endloop
  endfacet
  facet normal -0 -0 1
    outer loop
      vertex -5.58397 3.371 2.9999
      vertex -5.33253 3.16783 2.9999
      vertex -5.66011 3.49535 2.9999
    endloop
  endfacet
  facet normal 0 0 1
    outer loop
      vertex -5.33253 3.16783 2.9999
      vertex -5.76443 4.20502 2.9999
      vertex -5.72478 3.64037 2.9999
    endloop
  endfacet
  facet normal 0 0 1
    outer loop
      vertex -5.76443 4.20502 2.9999
      vertex -5.77336 3.80147 2.9999
      vertex -5.72478 3.64037 2.9999
    endloop
  endfacet
  facet normal -0 0 1
    outer loop
      vertex -5.77507 4.1575 2.9999
      vertex -5.77336 3.80147 2.9999
      vertex -5.76443 4.20502 2.9999
    endloop
  endfacet
  facet normal -0 0 1
    outer loop
      vertex -5.78506 4.10934 2.9999
      vertex -5.77336 3.80147 2.9999
      vertex -5.77507 4.1575 2.9999
    endloop
  endfacet
  facet normal -0 0 1
    outer loop
      vertex -5.79341 4.06183 2.9999
      vertex -5.77336 3.80147 2.9999
      vertex -5.78506 4.10934 2.9999
    endloop
  endfacet
  facet normal -0 0 1
    outer loop
      vertex -5.79913 4.0163 2.9999
      vertex -5.77336 3.80147 2.9999
      vertex -5.79341 4.06183 2.9999
    endloop
  endfacet
  facet normal 0 0 1
    outer loop
      vertex -5.77336 3.80147 2.9999
      vertex -5.79913 4.0163 2.9999
      vertex -5.80125 3.97406 2.9999
    endloop
  endfacet
  facet normal -0 0 1
    outer loop
      vertex 8.4257 -0.585281 2.9999
      vertex 9.77805 -1.03214 2.9999
      vertex 9.69342 0.0356445 2.9999
    endloop
  endfacet
  facet normal 0 -0 1
    outer loop
      vertex 8.44681 -1.25719 2.9999
      vertex 9.77805 -1.03214 2.9999
      vertex 8.4257 -0.585281 2.9999
    endloop
  endfacet
  facet normal -0 0 1
    outer loop
      vertex 8.44649 -1.38454 2.9999
      vertex 9.74628 -1.53148 2.9999
      vertex 8.44681 -1.25719 2.9999
    endloop
  endfacet
  facet normal -0 0 1
    outer loop
      vertex 8.26968 0.483948 2.9999
      vertex 9.69342 0.0356445 2.9999
      vertex 9.46843 0.992249 2.9999
    endloop
  endfacet
  facet normal 0 0 1
    outer loop
      vertex 9.77805 -1.03214 2.9999
      vertex 8.44681 -1.25719 2.9999
      vertex 9.74628 -1.53148 2.9999
    endloop
  endfacet
  facet normal 0 0 1
    outer loop
      vertex 8.14331 0.967896 2.9999
      vertex 9.46843 0.992249 2.9999
      vertex 9.14635 1.81833 2.9999
    endloop
  endfacet
  facet normal -0 0 1
    outer loop
      vertex 8.44418 -1.49321 2.9999
      vertex 9.74628 -1.53148 2.9999
      vertex 8.44649 -1.38454 2.9999
    endloop
  endfacet
  facet normal 0 0 1
    outer loop
      vertex 7.99036 1.47577 2.9999
      vertex 9.14635 1.81833 2.9999
      vertex 8.77046 2.49454 2.9999
    endloop
  endfacet
  facet normal 0 0 1
    outer loop
      vertex 8.43796 -1.58286 2.9999
      vertex 9.74628 -1.53148 2.9999
      vertex 8.44418 -1.49321 2.9999
    endloop
  endfacet
  facet normal -0 0 1
    outer loop
      vertex 8.42583 -1.65315 2.9999
      vertex 9.65253 -2.03047 2.9999
      vertex 8.43796 -1.58286 2.9999
    endloop
  endfacet
  facet normal 0 0 1
    outer loop
      vertex 9.74628 -1.53148 2.9999
      vertex 8.43796 -1.58286 2.9999
      vertex 9.65253 -2.03047 2.9999
    endloop
  endfacet
  facet normal 0 0 1
    outer loop
      vertex 7.81511 2.05087 2.9999
      vertex 8.77046 2.49454 2.9999
      vertex 8.38409 3.00148 2.9999
    endloop
  endfacet
  facet normal 0 0 1
    outer loop
      vertex 9.69342 0.0356445 2.9999
      vertex 8.36525 -0.0193329 2.9999
      vertex 8.4257 -0.585281 2.9999
    endloop
  endfacet
  facet normal 0 0 1
    outer loop
      vertex 9.69342 0.0356445 2.9999
      vertex 8.26968 0.483948 2.9999
      vertex 8.36525 -0.0193329 2.9999
    endloop
  endfacet
  facet normal 0 0 1
    outer loop
      vertex 9.46843 0.992249 2.9999
      vertex 8.14331 0.967896 2.9999
      vertex 8.26968 0.483948 2.9999
    endloop
  endfacet
  facet normal 0 0 1
    outer loop
      vertex 7.62183 2.73651 2.9999
      vertex 8.38409 3.00148 2.9999
      vertex 8.03053 3.31985 2.9999
    endloop
  endfacet
  facet normal 0 0 1
    outer loop
      vertex 9.14635 1.81833 2.9999
      vertex 7.99036 1.47577 2.9999
      vertex 8.14331 0.967896 2.9999
    endloop
  endfacet
  facet normal 0 0 1
    outer loop
      vertex 8.77046 2.49454 2.9999
      vertex 7.81511 2.05087 2.9999
      vertex 7.99036 1.47577 2.9999
    endloop
  endfacet
  facet normal 0 0 1
    outer loop
      vertex 7.5862 3.25452 2.9999
      vertex 8.03053 3.31985 2.9999
      vertex 7.75304 3.43027 2.9999
    endloop
  endfacet
  facet normal 0 0 1
    outer loop
      vertex 7.64207 3.37846 2.9999
      vertex 7.75304 3.43027 2.9999
      vertex 7.68953 3.41634 2.9999
    endloop
  endfacet
  facet normal 0 0 1
    outer loop
      vertex 7.75304 3.43027 2.9999
      vertex 7.64207 3.37846 2.9999
      vertex 7.6084 3.32256 2.9999
    endloop
  endfacet
  facet normal 0 0 1
    outer loop
      vertex 8.38409 3.00148 2.9999
      vertex 7.62183 2.73651 2.9999
      vertex 7.81511 2.05087 2.9999
    endloop
  endfacet
  facet normal 0 0 1
    outer loop
      vertex 7.75304 3.43027 2.9999
      vertex 7.6084 3.32256 2.9999
      vertex 7.5862 3.25452 2.9999
    endloop
  endfacet
  facet normal 0 0 1
    outer loop
      vertex 8.03053 3.31985 2.9999
      vertex 7.5862 3.25452 2.9999
      vertex 7.57318 3.18025 2.9999
    endloop
  endfacet
  facet normal 0 0 1
    outer loop
      vertex 8.03053 3.31985 2.9999
      vertex 7.57318 3.18025 2.9999
      vertex 7.56706 3.10565 2.9999
    endloop
  endfacet
  facet normal 0 0 1
    outer loop
      vertex 8.03053 3.31985 2.9999
      vertex 7.56706 3.10565 2.9999
      vertex 7.56552 3.03662 2.9999
    endloop
  endfacet
  facet normal 0 0 1
    outer loop
      vertex 8.03053 3.31985 2.9999
      vertex 7.56552 3.03662 2.9999
      vertex 7.56552 2.96155 2.9999
    endloop
  endfacet
  facet normal 0 0 1
    outer loop
      vertex 8.03053 3.31985 2.9999
      vertex 7.56552 2.96155 2.9999
      vertex 7.62183 2.73651 2.9999
    endloop
  endfacet
  facet normal -0 0 1
    outer loop
      vertex 8.40582 -1.70378 2.9999
      vertex 9.65253 -2.03047 2.9999
      vertex 8.42583 -1.65315 2.9999
    endloop
  endfacet
  facet normal 0 0 1
    outer loop
      vertex 9.65253 -2.03047 2.9999
      vertex 8.40582 -1.70378 2.9999
      vertex 9.49908 -2.50124 2.9999
    endloop
  endfacet
  facet normal -0 0 1
    outer loop
      vertex 8.37599 -1.73439 2.9999
      vertex 9.49908 -2.50124 2.9999
      vertex 8.40582 -1.70378 2.9999
    endloop
  endfacet
  facet normal 0 0 1
    outer loop
      vertex 9.49908 -2.50124 2.9999
      vertex 8.37599 -1.73439 2.9999
      vertex 9.28825 -2.91591 2.9999
    endloop
  endfacet
  facet normal -0 0 1
    outer loop
      vertex 8.33435 -1.74466 2.9999
      vertex 9.28825 -2.91591 2.9999
      vertex 8.37599 -1.73439 2.9999
    endloop
  endfacet
  facet normal 0 0 1
    outer loop
      vertex 9.28825 -2.91591 2.9999
      vertex 8.33435 -1.74466 2.9999
      vertex 9.02232 -3.24661 2.9999
    endloop
  endfacet
  facet normal 0 0 1
    outer loop
      vertex 7.86755 -3.35144 2.9999
      vertex 9.02232 -3.24661 2.9999
      vertex 8.33435 -1.74466 2.9999
    endloop
  endfacet
  facet normal 0 0 1
    outer loop
      vertex 9.02232 -3.24661 2.9999
      vertex 7.86755 -3.35144 2.9999
      vertex 8.70358 -3.46547 2.9999
    endloop
  endfacet
  facet normal 0 0 1
    outer loop
      vertex 7.41026 -2.85323 2.9999
      vertex 8.33435 -1.74466 2.9999
      vertex 8.3251 -1.7403 2.9999
    endloop
  endfacet
  facet normal 0 0 1
    outer loop
      vertex 7.41026 -2.85323 2.9999
      vertex 8.3251 -1.7403 2.9999
      vertex 8.31323 -1.72806 2.9999
    endloop
  endfacet
  facet normal 0 0 1
    outer loop
      vertex 7.41026 -2.85323 2.9999
      vertex 8.31323 -1.72806 2.9999
      vertex 8.29842 -1.70927 2.9999
    endloop
  endfacet
  facet normal 0 0 1
    outer loop
      vertex 6.97891 -2.17201 2.9999
      vertex 8.29842 -1.70927 2.9999
      vertex 8.28032 -1.68523 2.9999
    endloop
  endfacet
  facet normal 0 0 1
    outer loop
      vertex 6.97891 -2.17201 2.9999
      vertex 8.28032 -1.68523 2.9999
      vertex 8.25864 -1.65724 2.9999
    endloop
  endfacet
  facet normal 0 0 1
    outer loop
      vertex 6.97891 -2.17201 2.9999
      vertex 8.25864 -1.65724 2.9999
      vertex 8.233 -1.62662 2.9999
    endloop
  endfacet
  facet normal 0 0 1
    outer loop
      vertex 6.97891 -2.17201 2.9999
      vertex 8.233 -1.62662 2.9999
      vertex 8.20314 -1.59468 2.9999
    endloop
  endfacet
  facet normal 0 0 1
    outer loop
      vertex 8.70358 -3.46547 2.9999
      vertex 7.86755 -3.35144 2.9999
      vertex 8.33435 -3.54462 2.9999
    endloop
  endfacet
  facet normal 0 0 1
    outer loop
      vertex 6.97891 -2.17201 2.9999
      vertex 8.20314 -1.59468 2.9999
      vertex 7.77118 -1.00664 2.9999
    endloop
  endfacet
  facet normal 0 0 1
    outer loop
      vertex 8.33435 -1.74466 2.9999
      vertex 7.41026 -2.85323 2.9999
      vertex 7.86755 -3.35144 2.9999
    endloop
  endfacet
  facet normal 0 0 1
    outer loop
      vertex 6.58987 -1.42978 2.9999
      vertex 7.77118 -1.00664 2.9999
      vertex 7.33531 -0.343491 2.9999
    endloop
  endfacet
  facet normal 0 0 1
    outer loop
      vertex 8.29842 -1.70927 2.9999
      vertex 6.97891 -2.17201 2.9999
      vertex 7.41026 -2.85323 2.9999
    endloop
  endfacet
  facet normal 0 0 1
    outer loop
      vertex 6.25954 -0.74855 2.9999
      vertex 7.33531 -0.343491 2.9999
      vertex 6.90765 0.334396 2.9999
    endloop
  endfacet
  facet normal 0 0 1
    outer loop
      vertex 7.77118 -1.00664 2.9999
      vertex 6.58987 -1.42978 2.9999
      vertex 6.97891 -2.17201 2.9999
    endloop
  endfacet
  facet normal 0 0 1
    outer loop
      vertex 5.84064 -0.0571594 2.9999
      vertex 6.90765 0.334396 2.9999
      vertex 6.50035 0.966705 2.9999
    endloop
  endfacet
  facet normal 0 0 1
    outer loop
      vertex 7.33531 -0.343491 2.9999
      vertex 6.25954 -0.74855 2.9999
      vertex 6.58987 -1.42978 2.9999
    endloop
  endfacet
  facet normal 0 0 1
    outer loop
      vertex 5.84064 -0.0571594 2.9999
      vertex 6.50035 0.966705 2.9999
      vertex 6.1255 1.49307 2.9999
    endloop
  endfacet
  facet normal 0 0 1
    outer loop
      vertex 6.90765 0.334396 2.9999
      vertex 6.00433 -0.250351 2.9999
      vertex 6.25954 -0.74855 2.9999
    endloop
  endfacet
  facet normal 0 0 1
    outer loop
      vertex 6.90765 0.334396 2.9999
      vertex 5.84064 -0.0571594 2.9999
      vertex 6.00433 -0.250351 2.9999
    endloop
  endfacet
  facet normal 0 0 1
    outer loop
      vertex 6.1255 1.49307 2.9999
      vertex 5.82352 -0.0607147 2.9999
      vertex 5.84064 -0.0571594 2.9999
    endloop
  endfacet
  facet normal -0 0 1
    outer loop
      vertex 4.9127 1.27986 2.9999
      vertex 5.82352 -0.0607147 2.9999
      vertex 6.1255 1.49307 2.9999
    endloop
  endfacet
  facet normal -0 0 1
    outer loop
      vertex 5.19624 1.79263 2.9999
      vertex 6.1255 1.49307 2.9999
      vertex 5.79527 1.85315 2.9999
    endloop
  endfacet
  facet normal -0 0 1
    outer loop
      vertex 4.6741 0.551941 2.9999
      vertex 5.82352 -0.0607147 2.9999
      vertex 4.9127 1.27986 2.9999
    endloop
  endfacet
  facet normal 0 0 1
    outer loop
      vertex 5.82352 -0.0607147 2.9999
      vertex 4.6741 0.551941 2.9999
      vertex 5.80475 -0.0718231 2.9999
    endloop
  endfacet
  facet normal 0 0 1
    outer loop
      vertex 5.80475 -0.0718231 2.9999
      vertex 4.6741 0.551941 2.9999
      vertex 5.78499 -0.0911255 2.9999
    endloop
  endfacet
  facet normal 0 0 1
    outer loop
      vertex 5.78499 -0.0911255 2.9999
      vertex 4.6741 0.551941 2.9999
      vertex 5.76492 -0.119293 2.9999
    endloop
  endfacet
  facet normal 0 0 1
    outer loop
      vertex 5.76492 -0.119293 2.9999
      vertex 4.6741 0.551941 2.9999
      vertex 5.74516 -0.156952 2.9999
    endloop
  endfacet
  facet normal 0 0 1
    outer loop
      vertex 5.74516 -0.156952 2.9999
      vertex 4.6741 0.551941 2.9999
      vertex 5.72639 -0.204788 2.9999
    endloop
  endfacet
  facet normal 0 0 1
    outer loop
      vertex 4.48338 -0.287476 2.9999
      vertex 5.72639 -0.204788 2.9999
      vertex 4.6741 0.551941 2.9999
    endloop
  endfacet
  facet normal 0 0 1
    outer loop
      vertex 5.70927 -0.263443 2.9999
      vertex 4.48338 -0.287476 2.9999
      vertex 5.68613 -0.45752 2.9999
    endloop
  endfacet
  facet normal 0 0 1
    outer loop
      vertex 4.34351 -1.1348 2.9999
      vertex 5.61728 -1.77307 2.9999
      vertex 5.64143 -1.26711 2.9999
    endloop
  endfacet
  facet normal 0 0 1
    outer loop
      vertex 5.68613 -0.45752 2.9999
      vertex 4.48338 -0.287476 2.9999
      vertex 5.66396 -0.810333 2.9999
    endloop
  endfacet
  facet normal 0 0 1
    outer loop
      vertex 4.34351 -1.1348 2.9999
      vertex 5.66396 -0.810333 2.9999
      vertex 4.48338 -0.287476 2.9999
    endloop
  endfacet
  facet normal 0 0 1
    outer loop
      vertex 5.19624 1.79263 2.9999
      vertex 5.79527 1.85315 2.9999
      vertex 5.52176 1.98659 2.9999
    endloop
  endfacet
  facet normal 0 0 1
    outer loop
      vertex 5.66396 -0.810333 2.9999
      vertex 4.34351 -1.1348 2.9999
      vertex 5.64143 -1.26711 2.9999
    endloop
  endfacet
  facet normal 0 0 1
    outer loop
      vertex 5.61728 -1.77307 2.9999
      vertex 4.34351 -1.1348 2.9999
      vertex 4.25742 -1.88632 2.9999
    endloop
  endfacet
  facet normal 0 0 1
    outer loop
      vertex 5.61728 -1.77307 2.9999
      vertex 4.25742 -1.88632 2.9999
      vertex 5.59015 -2.27345 2.9999
    endloop
  endfacet
  facet normal 0 0 1
    outer loop
      vertex 4.22806 -2.43843 2.9999
      vertex 5.59015 -2.27345 2.9999
      vertex 4.25742 -1.88632 2.9999
    endloop
  endfacet
  facet normal -0 -0 1
    outer loop
      vertex 4.23708 -2.66216 2.9999
      vertex 5.55875 -2.71347 2.9999
      vertex 4.22806 -2.43843 2.9999
    endloop
  endfacet
  facet normal 0 -0 1
    outer loop
      vertex 4.26807 -2.92886 2.9999
      vertex 5.55875 -2.71347 2.9999
      vertex 4.23708 -2.66216 2.9999
    endloop
  endfacet
  facet normal 0 0 1
    outer loop
      vertex 6.1255 1.49307 2.9999
      vertex 5.19624 1.79263 2.9999
      vertex 4.9127 1.27986 2.9999
    endloop
  endfacet
  facet normal 0 0 1
    outer loop
      vertex 5.59015 -2.27345 2.9999
      vertex 4.22806 -2.43843 2.9999
      vertex 5.55875 -2.71347 2.9999
    endloop
  endfacet
  facet normal 0 0 1
    outer loop
      vertex 5.55875 -2.71347 2.9999
      vertex 4.26807 -2.92886 2.9999
      vertex 5.52176 -3.03838 2.9999
    endloop
  endfacet
  facet normal 0 0 1
    outer loop
      vertex 5.72639 -0.204788 2.9999
      vertex 4.48338 -0.287476 2.9999
      vertex 5.70927 -0.263443 2.9999
    endloop
  endfacet
  facet normal 0 -0 1
    outer loop
      vertex 4.32693 -3.21033 2.9999
      vertex 5.52176 -3.03838 2.9999
      vertex 4.26807 -2.92886 2.9999
    endloop
  endfacet
  facet normal 0 0 1
    outer loop
      vertex 5.52176 -3.03838 2.9999
      vertex 4.32693 -3.21033 2.9999
      vertex 5.49457 -3.16986 2.9999
    endloop
  endfacet
  facet normal 0 0 1
    outer loop
      vertex 5.49457 -3.16986 2.9999
      vertex 4.32693 -3.21033 2.9999
      vertex 5.45786 -3.32791 2.9999
    endloop
  endfacet
  facet normal 0 -0 1
    outer loop
      vertex 4.4196 -3.47833 2.9999
      vertex 5.45786 -3.32791 2.9999
      vertex 4.32693 -3.21033 2.9999
    endloop
  endfacet
  facet normal 0 0 1
    outer loop
      vertex 5.45786 -3.32791 2.9999
      vertex 4.4196 -3.47833 2.9999
      vertex 5.40669 -3.49547 2.9999
    endloop
  endfacet
  facet normal 0 -0 1
    outer loop
      vertex 4.55196 -3.70471 2.9999
      vertex 5.40669 -3.49547 2.9999
      vertex 4.4196 -3.47833 2.9999
    endloop
  endfacet
  facet normal 0 0 1
    outer loop
      vertex 5.40669 -3.49547 2.9999
      vertex 4.55196 -3.70471 2.9999
      vertex 5.33617 -3.65547 2.9999
    endloop
  endfacet
  facet normal 0 -0 1
    outer loop
      vertex 4.7299 -3.86121 2.9999
      vertex 5.33617 -3.65547 2.9999
      vertex 4.55196 -3.70471 2.9999
    endloop
  endfacet
  facet normal 0 0 1
    outer loop
      vertex 5.33617 -3.65547 2.9999
      vertex 4.7299 -3.86121 2.9999
      vertex 5.24139 -3.79086 2.9999
    endloop
  endfacet
  facet normal 0 0 1
    outer loop
      vertex 5.24139 -3.79086 2.9999
      vertex 4.95935 -3.91965 2.9999
      vertex 5.11742 -3.88461 2.9999
    endloop
  endfacet
  facet normal 0 -0 1
    outer loop
      vertex 4.95935 -3.91965 2.9999
      vertex 5.24139 -3.79086 2.9999
      vertex 4.7299 -3.86121 2.9999
    endloop
  endfacet
  facet normal 0 0 1
    outer loop
      vertex 16.3368 -1.38499 2.9999
      vertex 15.578 -2.8445 2.9999
      vertex 15.6617 -3.03838 2.9999
    endloop
  endfacet
  facet normal 0 0 1
    outer loop
      vertex 16.3367 -1.35088 2.9999
      vertex 15.3242 -1.66974 2.9999
      vertex 16.3368 -1.38499 2.9999
    endloop
  endfacet
  facet normal 0 0 1
    outer loop
      vertex 16.3368 -1.38499 2.9999
      vertex 15.5045 -2.64897 2.9999
      vertex 15.578 -2.8445 2.9999
    endloop
  endfacet
  facet normal 0 0 1
    outer loop
      vertex 16.3368 -1.38499 2.9999
      vertex 15.4422 -2.45247 2.9999
      vertex 15.5045 -2.64897 2.9999
    endloop
  endfacet
  facet normal 0 0 1
    outer loop
      vertex 16.3368 -1.38499 2.9999
      vertex 15.392 -2.25565 2.9999
      vertex 15.4422 -2.45247 2.9999
    endloop
  endfacet
  facet normal 0 0 1
    outer loop
      vertex 16.3368 -1.38499 2.9999
      vertex 15.355 -2.05914 2.9999
      vertex 15.392 -2.25565 2.9999
    endloop
  endfacet
  facet normal 0 -0 1
    outer loop
      vertex 15.332 -1.86362 2.9999
      vertex 16.3368 -1.38499 2.9999
      vertex 15.3242 -1.66974 2.9999
    endloop
  endfacet
  facet normal 0 0 1
    outer loop
      vertex 16.3368 -1.38499 2.9999
      vertex 15.332 -1.86362 2.9999
      vertex 15.355 -2.05914 2.9999
    endloop
  endfacet
  facet normal 0 0 1
    outer loop
      vertex 17.3315 2.44029 2.9999
      vertex 17.8713 2.19489 2.9999
      vertex 17.8606 2.30663 2.9999
    endloop
  endfacet
  facet normal 0 0 1
    outer loop
      vertex 17.8713 2.19489 2.9999
      vertex 17.3315 2.44029 2.9999
      vertex 17.8742 2.06151 2.9999
    endloop
  endfacet
  facet normal 0 0 1
    outer loop
      vertex 17.3315 2.44029 2.9999
      vertex 17.8606 2.30663 2.9999
      vertex 17.8387 2.39803 2.9999
    endloop
  endfacet
  facet normal 0 0 1
    outer loop
      vertex 17.8742 2.06151 2.9999
      vertex 17.3315 2.44029 2.9999
      vertex 17.86 1.90663 2.9999
    endloop
  endfacet
  facet normal 0 0 1
    outer loop
      vertex 17.6735 2.56334 2.9999
      vertex 17.8387 2.39803 2.9999
      vertex 17.8024 2.4704 2.9999
    endloop
  endfacet
  facet normal 0 0 1
    outer loop
      vertex 17.6735 2.56334 2.9999
      vertex 17.8024 2.4704 2.9999
      vertex 17.7484 2.52507 2.9999
    endloop
  endfacet
  facet normal -0 0 1
    outer loop
      vertex 16.9641 2.06413 2.9999
      vertex 17.86 1.90663 2.9999
      vertex 17.3315 2.44029 2.9999
    endloop
  endfacet
  facet normal 0 0 1
    outer loop
      vertex 17.8387 2.39803 2.9999
      vertex 17.6735 2.56334 2.9999
      vertex 17.3315 2.44029 2.9999
    endloop
  endfacet
  facet normal 0 0 1
    outer loop
      vertex 17.86 1.90663 2.9999
      vertex 16.9641 2.06413 2.9999
      vertex 17.816 1.75435 2.9999
    endloop
  endfacet
  facet normal 0 0 1
    outer loop
      vertex 17.3315 2.44029 2.9999
      vertex 17.6735 2.56334 2.9999
      vertex 17.5742 2.58652 2.9999
    endloop
  endfacet
  facet normal 0 0 1
    outer loop
      vertex 17.816 1.75435 2.9999
      vertex 16.9641 2.06413 2.9999
      vertex 17.7399 1.59123 2.9999
    endloop
  endfacet
  facet normal 0 0 1
    outer loop
      vertex 17.7399 1.59123 2.9999
      vertex 16.9641 2.06413 2.9999
      vertex 17.6293 1.40384 2.9999
    endloop
  endfacet
  facet normal 0 0 1
    outer loop
      vertex 17.6293 1.40384 2.9999
      vertex 16.9641 2.06413 2.9999
      vertex 17.4819 1.17871 2.9999
    endloop
  endfacet
  facet normal -0 0 1
    outer loop
      vertex 16.5312 1.50366 2.9999
      vertex 17.4819 1.17871 2.9999
      vertex 16.9641 2.06413 2.9999
    endloop
  endfacet
  facet normal 0 0 1
    outer loop
      vertex 17.4819 1.17871 2.9999
      vertex 16.5312 1.50366 2.9999
      vertex 17.2956 0.902435 2.9999
    endloop
  endfacet
  facet normal 0 0 1
    outer loop
      vertex 17.2956 0.902435 2.9999
      vertex 16.5312 1.50366 2.9999
      vertex 17.068 0.561523 2.9999
    endloop
  endfacet
  facet normal -0 0 1
    outer loop
      vertex 16.0917 0.804459 2.9999
      vertex 17.068 0.561523 2.9999
      vertex 16.5312 1.50366 2.9999
    endloop
  endfacet
  facet normal 0 0 1
    outer loop
      vertex 17.068 0.561523 2.9999
      vertex 16.0917 0.804459 2.9999
      vertex 16.933 0.34343 2.9999
    endloop
  endfacet
  facet normal 0 0 1
    outer loop
      vertex 16.933 0.34343 2.9999
      vertex 16.0917 0.804459 2.9999
      vertex 16.7918 0.0954895 2.9999
    endloop
  endfacet
  facet normal 0 0 1
    outer loop
      vertex 15.7046 0.012085 2.9999
      vertex 16.7918 0.0954895 2.9999
      vertex 16.0917 0.804459 2.9999
    endloop
  endfacet
  facet normal 0 0 1
    outer loop
      vertex 16.7918 0.0954895 2.9999
      vertex 15.7046 0.012085 2.9999
      vertex 16.6542 -0.1754 2.9999
    endloop
  endfacet
  facet normal 0 0 1
    outer loop
      vertex 16.6542 -0.1754 2.9999
      vertex 15.7046 0.012085 2.9999
      vertex 16.53 -0.462372 2.9999
    endloop
  endfacet
  facet normal 0 0 1
    outer loop
      vertex 16.53 -0.462372 2.9999
      vertex 15.7046 0.012085 2.9999
      vertex 16.4292 -0.75853 2.9999
    endloop
  endfacet
  facet normal 0 0 1
    outer loop
      vertex 16.3472 -1.49522 2.9999
      vertex 16.1452 -7.10513 2.9999
      vertex 16.3066 -6.4606 2.9999
    endloop
  endfacet
  facet normal 0 0 1
    outer loop
      vertex 15.4291 -0.827835 2.9999
      vertex 16.4292 -0.75853 2.9999
      vertex 15.7046 0.012085 2.9999
    endloop
  endfacet
  facet normal 0 0 1
    outer loop
      vertex 16.4292 -0.75853 2.9999
      vertex 15.4291 -0.827835 2.9999
      vertex 16.3614 -1.05699 2.9999
    endloop
  endfacet
  facet normal 0 0 1
    outer loop
      vertex 16.3368 -1.38499 2.9999
      vertex 15.6617 -3.03838 2.9999
      vertex 16.1452 -7.10513 2.9999
    endloop
  endfacet
  facet normal -0 0 1
    outer loop
      vertex 15.2563 -4.08191 2.9999
      vertex 16.1452 -7.10513 2.9999
      vertex 15.6617 -3.03838 2.9999
    endloop
  endfacet
  facet normal 0 0 1
    outer loop
      vertex 15.3242 -1.66974 2.9999
      vertex 16.3367 -1.35088 2.9999
      vertex 15.4291 -0.827835 2.9999
    endloop
  endfacet
  facet normal -0 0 1
    outer loop
      vertex 14.9348 -5.04507 2.9999
      vertex 16.1452 -7.10513 2.9999
      vertex 15.2563 -4.08191 2.9999
    endloop
  endfacet
  facet normal -0 0 1
    outer loop
      vertex 14.6895 -5.90721 2.9999
      vertex 16.1452 -7.10513 2.9999
      vertex 14.9348 -5.04507 2.9999
    endloop
  endfacet
  facet normal -0 0 1
    outer loop
      vertex 14.5124 -6.64764 2.9999
      vertex 16.1452 -7.10513 2.9999
      vertex 14.6895 -5.90721 2.9999
    endloop
  endfacet
  facet normal 0 0 1
    outer loop
      vertex 14.3956 -7.24571 2.9999
      vertex 16.1452 -7.10513 2.9999
      vertex 14.5124 -6.64764 2.9999
    endloop
  endfacet
  facet normal 0 0 1
    outer loop
      vertex 16.1452 -7.10513 2.9999
      vertex 14.3956 -7.24571 2.9999
      vertex 15.989 -7.76311 2.9999
    endloop
  endfacet
  facet normal -0 0 1
    outer loop
      vertex 14.3313 -7.68076 2.9999
      vertex 15.989 -7.76311 2.9999
      vertex 14.3956 -7.24571 2.9999
    endloop
  endfacet
  facet normal 0 0 1
    outer loop
      vertex 14.3117 -7.93211 2.9999
      vertex 15.989 -7.76311 2.9999
      vertex 14.3313 -7.68076 2.9999
    endloop
  endfacet
  facet normal 0 0 1
    outer loop
      vertex 15.989 -7.76311 2.9999
      vertex 14.3117 -7.93211 2.9999
      vertex 15.821 -8.47522 2.9999
    endloop
  endfacet
  facet normal -0 -0 1
    outer loop
      vertex 14.3419 -8.26517 2.9999
      vertex 15.821 -8.47522 2.9999
      vertex 14.3117 -7.93211 2.9999
    endloop
  endfacet
  facet normal 0 -0 1
    outer loop
      vertex 14.4295 -8.56902 2.9999
      vertex 15.821 -8.47522 2.9999
      vertex 14.3419 -8.26517 2.9999
    endloop
  endfacet
  facet normal 0 -0 1
    outer loop
      vertex 14.57 -8.83743 2.9999
      vertex 15.821 -8.47522 2.9999
      vertex 14.4295 -8.56902 2.9999
    endloop
  endfacet
  facet normal 0 -0 1
    outer loop
      vertex 14.7586 -9.06419 2.9999
      vertex 15.821 -8.47522 2.9999
      vertex 14.57 -8.83743 2.9999
    endloop
  endfacet
  facet normal 0 0 1
    outer loop
      vertex 15.6241 -9.28212 2.9999
      vertex 15.2622 -9.36783 2.9999
      vertex 15.568 -9.43224 2.9999
    endloop
  endfacet
  facet normal 0 0 1
    outer loop
      vertex 15.821 -8.47522 2.9999
      vertex 14.9909 -9.24307 2.9999
      vertex 15.6241 -9.28212 2.9999
    endloop
  endfacet
  facet normal 0 -0 1
    outer loop
      vertex 14.9909 -9.24307 2.9999
      vertex 15.821 -8.47522 2.9999
      vertex 14.7586 -9.06419 2.9999
    endloop
  endfacet
  facet normal 0 0 1
    outer loop
      vertex 15.6241 -9.28212 2.9999
      vertex 14.9909 -9.24307 2.9999
      vertex 15.2622 -9.36783 2.9999
    endloop
  endfacet
  facet normal 0 0 1
    outer loop
      vertex 21.3656 0.412964 2.9999
      vertex 20.5735 0.243088 2.9999
      vertex 20.5742 0.149094 2.9999
    endloop
  endfacet
  facet normal 0 0 1
    outer loop
      vertex 20.8859 1.61931 2.9999
      vertex 20.5685 0.343338 2.9999
      vertex 20.5735 0.243088 2.9999
    endloop
  endfacet
  facet normal 0 0 1
    outer loop
      vertex 20.8859 1.61931 2.9999
      vertex 20.555 0.442276 2.9999
      vertex 20.5685 0.343338 2.9999
    endloop
  endfacet
  facet normal 0 0 1
    outer loop
      vertex 20.8859 1.61931 2.9999
      vertex 20.5287 0.532379 2.9999
      vertex 20.555 0.442276 2.9999
    endloop
  endfacet
  facet normal 0 0 1
    outer loop
      vertex 20.8859 1.61931 2.9999
      vertex 20.4853 0.606094 2.9999
      vertex 20.5287 0.532379 2.9999
    endloop
  endfacet
  facet normal 0 0 1
    outer loop
      vertex 20.8859 1.61931 2.9999
      vertex 20.4206 0.655853 2.9999
      vertex 20.4853 0.606094 2.9999
    endloop
  endfacet
  facet normal 0 0 1
    outer loop
      vertex 20.8859 1.61931 2.9999
      vertex 20.3304 0.674118 2.9999
      vertex 20.4206 0.655853 2.9999
    endloop
  endfacet
  facet normal 0 0 1
    outer loop
      vertex 20.2179 1.94905 2.9999
      vertex 20.3304 0.674118 2.9999
      vertex 20.5924 1.85962 2.9999
    endloop
  endfacet
  facet normal -0 0 1
    outer loop
      vertex 19.7584 1.82092 2.9999
      vertex 20.3304 0.674118 2.9999
      vertex 20.2179 1.94905 2.9999
    endloop
  endfacet
  facet normal 0 0 1
    outer loop
      vertex 20.3304 0.674118 2.9999
      vertex 19.7584 1.82092 2.9999
      vertex 20.1721 0.626343 2.9999
    endloop
  endfacet
  facet normal -0 0 1
    outer loop
      vertex 19.2212 1.47499 2.9999
      vertex 20.1721 0.626343 2.9999
      vertex 19.7584 1.82092 2.9999
    endloop
  endfacet
  facet normal 0 0 1
    outer loop
      vertex 20.1721 0.626343 2.9999
      vertex 19.2212 1.47499 2.9999
      vertex 19.98 0.498535 2.9999
    endloop
  endfacet
  facet normal 0 0 1
    outer loop
      vertex 19.98 0.498535 2.9999
      vertex 19.2212 1.47499 2.9999
      vertex 19.7686 0.31398 2.9999
    endloop
  endfacet
  facet normal -0 0 1
    outer loop
      vertex 18.6387 0.969009 2.9999
      vertex 19.7686 0.31398 2.9999
      vertex 19.2212 1.47499 2.9999
    endloop
  endfacet
  facet normal 0 0 1
    outer loop
      vertex 19.7686 0.31398 2.9999
      vertex 18.6387 0.969009 2.9999
      vertex 19.5522 0.0959778 2.9999
    endloop
  endfacet
  facet normal 0 0 1
    outer loop
      vertex 19.5522 0.0959778 2.9999
      vertex 18.6387 0.969009 2.9999
      vertex 19.3454 -0.132187 2.9999
    endloop
  endfacet
  facet normal -0 0 1
    outer loop
      vertex 18.0434 0.360687 2.9999
      vertex 19.3454 -0.132187 2.9999
      vertex 18.6387 0.969009 2.9999
    endloop
  endfacet
  facet normal 0 0 1
    outer loop
      vertex 19.3454 -0.132187 2.9999
      vertex 18.0434 0.360687 2.9999
      vertex 19.1625 -0.347229 2.9999
    endloop
  endfacet
  facet normal 0 0 1
    outer loop
      vertex 19.1625 -0.347229 2.9999
      vertex 18.0434 0.360687 2.9999
      vertex 19.0179 -0.525879 2.9999
    endloop
  endfacet
  facet normal 0 0 1
    outer loop
      vertex 19.0179 -0.525879 2.9999
      vertex 18.0434 0.360687 2.9999
      vertex 18.8996 -0.709915 2.9999
    endloop
  endfacet
  facet normal -0 0 1
    outer loop
      vertex 17.4678 -0.292221 2.9999
      vertex 18.8996 -0.709915 2.9999
      vertex 18.0434 0.360687 2.9999
    endloop
  endfacet
  facet normal 0 0 1
    outer loop
      vertex 18.8996 -0.709915 2.9999
      vertex 17.4678 -0.292221 2.9999
      vertex 18.7351 -0.994629 2.9999
    endloop
  endfacet
  facet normal 0 0 1
    outer loop
      vertex 18.7351 -0.994629 2.9999
      vertex 17.4678 -0.292221 2.9999
      vertex 18.5446 -1.34065 2.9999
    endloop
  endfacet
  facet normal -0 0 1
    outer loop
      vertex 16.9443 -0.932037 2.9999
      vertex 18.5446 -1.34065 2.9999
      vertex 17.4678 -0.292221 2.9999
    endloop
  endfacet
  facet normal 0 0 1
    outer loop
      vertex 18.5446 -1.34065 2.9999
      vertex 16.9443 -0.932037 2.9999
      vertex 18.3486 -1.70865 2.9999
    endloop
  endfacet
  facet normal 0 0 1
    outer loop
      vertex 18.3486 -1.70865 2.9999
      vertex 16.9443 -0.932037 2.9999
      vertex 18.1674 -2.05925 2.9999
    endloop
  endfacet
  facet normal -0 0 1
    outer loop
      vertex 16.5054 -1.50099 2.9999
      vertex 18.1674 -2.05925 2.9999
      vertex 16.9443 -0.932037 2.9999
    endloop
  endfacet
  facet normal -0 0 1
    outer loop
      vertex 20.5742 0.149094 2.9999
      vertex 21.4203 -0.0109863 2.9999
      vertex 21.3656 0.412964 2.9999
    endloop
  endfacet
  facet normal 0 0 1
    outer loop
      vertex 20.5571 -0.171143 2.9999
      vertex 21.4203 -0.0109863 2.9999
      vertex 20.5742 0.149094 2.9999
    endloop
  endfacet
  facet normal 0 0 1
    outer loop
      vertex 20.5735 0.243088 2.9999
      vertex 21.3656 0.412964 2.9999
      vertex 21.264 0.854004 2.9999
    endloop
  endfacet
  facet normal 0 0 1
    outer loop
      vertex 20.5735 0.243088 2.9999
      vertex 21.264 0.854004 2.9999
      vertex 21.1069 1.27011 2.9999
    endloop
  endfacet
  facet normal 0 0 1
    outer loop
      vertex 20.5735 0.243088 2.9999
      vertex 21.1069 1.27011 2.9999
      vertex 20.8859 1.61931 2.9999
    endloop
  endfacet
  facet normal 0 0 1
    outer loop
      vertex 21.4203 -0.0109863 2.9999
      vertex 20.5571 -0.171143 2.9999
      vertex 21.4367 -0.3759 2.9999
    endloop
  endfacet
  facet normal 0 0 1
    outer loop
      vertex 20.3304 0.674118 2.9999
      vertex 20.8859 1.61931 2.9999
      vertex 20.5924 1.85962 2.9999
    endloop
  endfacet
  facet normal 0 0 1
    outer loop
      vertex 20.5062 -0.472672 2.9999
      vertex 21.4367 -0.3759 2.9999
      vertex 20.5571 -0.171143 2.9999
    endloop
  endfacet
  facet normal 0 0 1
    outer loop
      vertex 21.4367 -0.3759 2.9999
      vertex 20.5062 -0.472672 2.9999
      vertex 21.2793 -1.28236 2.9999
    endloop
  endfacet
  facet normal -0 0 1
    outer loop
      vertex 20.4222 -0.755188 2.9999
      vertex 21.2793 -1.28236 2.9999
      vertex 20.5062 -0.472672 2.9999
    endloop
  endfacet
  facet normal -0 0 1
    outer loop
      vertex 20.3057 -1.01834 2.9999
      vertex 21.2793 -1.28236 2.9999
      vertex 20.4222 -0.755188 2.9999
    endloop
  endfacet
  facet normal -0 0 1
    outer loop
      vertex 20.1574 -1.2618 2.9999
      vertex 21.2793 -1.28236 2.9999
      vertex 20.3057 -1.01834 2.9999
    endloop
  endfacet
  facet normal 0 0 1
    outer loop
      vertex 21.2793 -1.28236 2.9999
      vertex 20.1574 -1.2618 2.9999
      vertex 20.8572 -2.09436 2.9999
    endloop
  endfacet
  facet normal -0 0 1
    outer loop
      vertex 19.9779 -1.48526 2.9999
      vertex 20.8572 -2.09436 2.9999
      vertex 20.1574 -1.2618 2.9999
    endloop
  endfacet
  facet normal -0 0 1
    outer loop
      vertex 19.768 -1.68837 2.9999
      vertex 20.8572 -2.09436 2.9999
      vertex 19.9779 -1.48526 2.9999
    endloop
  endfacet
  facet normal 0 0 1
    outer loop
      vertex 20.8572 -2.09436 2.9999
      vertex 19.768 -1.68837 2.9999
      vertex 20.2456 -2.7955 2.9999
    endloop
  endfacet
  facet normal -0 0 1
    outer loop
      vertex 19.5166 -1.89162 2.9999
      vertex 20.2456 -2.7955 2.9999
      vertex 19.768 -1.68837 2.9999
    endloop
  endfacet
  facet normal -0 0 1
    outer loop
      vertex 19.261 -2.06764 2.9999
      vertex 20.2456 -2.7955 2.9999
      vertex 19.5166 -1.89162 2.9999
    endloop
  endfacet
  facet normal 0 0 1
    outer loop
      vertex 20.2456 -2.7955 2.9999
      vertex 19.261 -2.06764 2.9999
      vertex 19.5195 -3.36938 2.9999
    endloop
  endfacet
  facet normal -0 0 1
    outer loop
      vertex 19.0014 -2.21678 2.9999
      vertex 19.5195 -3.36938 2.9999
      vertex 19.261 -2.06764 2.9999
    endloop
  endfacet
  facet normal -0 0 1
    outer loop
      vertex 18.7383 -2.33936 2.9999
      vertex 19.5195 -3.36938 2.9999
      vertex 19.0014 -2.21678 2.9999
    endloop
  endfacet
  facet normal 0 0 1
    outer loop
      vertex 19.5195 -3.36938 2.9999
      vertex 18.7383 -2.33936 2.9999
      vertex 18.754 -3.79961 2.9999
    endloop
  endfacet
  facet normal -0 0 1
    outer loop
      vertex 18.4718 -2.43568 2.9999
      vertex 18.754 -3.79961 2.9999
      vertex 18.7383 -2.33936 2.9999
    endloop
  endfacet
  facet normal -0 0 1
    outer loop
      vertex 18.2025 -2.50609 2.9999
      vertex 18.754 -3.79961 2.9999
      vertex 18.4718 -2.43568 2.9999
    endloop
  endfacet
  facet normal -0 0 1
    outer loop
      vertex 17.9305 -2.55089 2.9999
      vertex 18.754 -3.79961 2.9999
      vertex 18.2025 -2.50609 2.9999
    endloop
  endfacet
  facet normal 0 0 1
    outer loop
      vertex 18.754 -3.79961 2.9999
      vertex 17.9305 -2.55089 2.9999
      vertex 18.0243 -4.06976 2.9999
    endloop
  endfacet
  facet normal 0 0 1
    outer loop
      vertex 18.1674 -2.05925 2.9999
      vertex 16.5054 -1.50099 2.9999
      vertex 18.0212 -2.35312 2.9999
    endloop
  endfacet
  facet normal -0 0 1
    outer loop
      vertex 16.4904 -1.52283 2.9999
      vertex 18.0212 -2.35312 2.9999
      vertex 16.5054 -1.50099 2.9999
    endloop
  endfacet
  facet normal -0 0 1
    outer loop
      vertex 16.4774 -1.54041 2.9999
      vertex 18.0212 -2.35312 2.9999
      vertex 16.4904 -1.52283 2.9999
    endloop
  endfacet
  facet normal 0 0 1
    outer loop
      vertex 18.0212 -2.35312 2.9999
      vertex 16.4774 -1.54041 2.9999
      vertex 17.9305 -2.55089 2.9999
    endloop
  endfacet
  facet normal -0 0 1
    outer loop
      vertex 16.466 -1.55406 2.9999
      vertex 17.9305 -2.55089 2.9999
      vertex 16.4774 -1.54041 2.9999
    endloop
  endfacet
  facet normal -0 0 1
    outer loop
      vertex 16.456 -1.5641 2.9999
      vertex 17.9305 -2.55089 2.9999
      vertex 16.466 -1.55406 2.9999
    endloop
  endfacet
  facet normal -0 0 1
    outer loop
      vertex 16.4469 -1.57089 2.9999
      vertex 17.9305 -2.55089 2.9999
      vertex 16.456 -1.5641 2.9999
    endloop
  endfacet
  facet normal 0 0 1
    outer loop
      vertex 17.9305 -2.55089 2.9999
      vertex 17.4055 -4.16347 2.9999
      vertex 18.0243 -4.06976 2.9999
    endloop
  endfacet
  facet normal 0 0 1
    outer loop
      vertex 17.9305 -2.55089 2.9999
      vertex 17.3492 -4.16455 2.9999
      vertex 17.4055 -4.16347 2.9999
    endloop
  endfacet
  facet normal -0 0 1
    outer loop
      vertex 16.4385 -1.57471 2.9999
      vertex 17.9305 -2.55089 2.9999
      vertex 16.4469 -1.57089 2.9999
    endloop
  endfacet
  facet normal 0 0 1
    outer loop
      vertex 17.9305 -2.55089 2.9999
      vertex 17.2925 -4.16762 2.9999
      vertex 17.3492 -4.16455 2.9999
    endloop
  endfacet
  facet normal 0 0 1
    outer loop
      vertex 17.9305 -2.55089 2.9999
      vertex 17.2352 -4.17232 2.9999
      vertex 17.2925 -4.16762 2.9999
    endloop
  endfacet
  facet normal 0 0 1
    outer loop
      vertex 17.9305 -2.55089 2.9999
      vertex 17.1769 -4.17834 2.9999
      vertex 17.2352 -4.17232 2.9999
    endloop
  endfacet
  facet normal 0 -0 1
    outer loop
      vertex 16.9929 -4.20099 2.9999
      vertex 17.9305 -2.55089 2.9999
      vertex 16.4385 -1.57471 2.9999
    endloop
  endfacet
  facet normal 0 0 1
    outer loop
      vertex 17.9305 -2.55089 2.9999
      vertex 17.1173 -4.18535 2.9999
      vertex 17.1769 -4.17834 2.9999
    endloop
  endfacet
  facet normal 0 0 1
    outer loop
      vertex 17.9305 -2.55089 2.9999
      vertex 17.0561 -4.19301 2.9999
      vertex 17.1173 -4.18535 2.9999
    endloop
  endfacet
  facet normal 0 0 1
    outer loop
      vertex 17.9305 -2.55089 2.9999
      vertex 16.9929 -4.20099 2.9999
      vertex 17.0561 -4.19301 2.9999
    endloop
  endfacet
  facet normal -0 0 1
    outer loop
      vertex 16.4305 -1.57591 2.9999
      vertex 16.9929 -4.20099 2.9999
      vertex 16.4385 -1.57471 2.9999
    endloop
  endfacet
  facet normal -0 0 1
    outer loop
      vertex 16.393 -1.57591 2.9999
      vertex 16.9929 -4.20099 2.9999
      vertex 16.4305 -1.57591 2.9999
    endloop
  endfacet
  facet normal 0 0 1
    outer loop
      vertex 16.3721 -1.55557 2.9999
      vertex 16.9929 -4.20099 2.9999
      vertex 16.393 -1.57591 2.9999
    endloop
  endfacet
  facet normal 0 0 1
    outer loop
      vertex 16.9929 -4.20099 2.9999
      vertex 16.3721 -1.55557 2.9999
      vertex 16.7134 -5.04919 2.9999
    endloop
  endfacet
  facet normal 0 0 1
    outer loop
      vertex 16.3572 -1.52802 2.9999
      vertex 16.7134 -5.04919 2.9999
      vertex 16.3721 -1.55557 2.9999
    endloop
  endfacet
  facet normal 0 0 1
    outer loop
      vertex 16.7134 -5.04919 2.9999
      vertex 16.3572 -1.52802 2.9999
      vertex 16.4903 -5.78885 2.9999
    endloop
  endfacet
  facet normal 0 0 1
    outer loop
      vertex 16.3472 -1.49522 2.9999
      vertex 16.4903 -5.78885 2.9999
      vertex 16.3572 -1.52802 2.9999
    endloop
  endfacet
  facet normal 0 0 1
    outer loop
      vertex 16.1452 -7.10513 2.9999
      vertex 16.3472 -1.49522 2.9999
      vertex 16.3411 -1.45914 2.9999
    endloop
  endfacet
  facet normal 0 0 1
    outer loop
      vertex 16.1452 -7.10513 2.9999
      vertex 16.3411 -1.45914 2.9999
      vertex 16.338 -1.42174 2.9999
    endloop
  endfacet
  facet normal 0 0 1
    outer loop
      vertex 16.3472 -1.49522 2.9999
      vertex 16.3066 -6.4606 2.9999
      vertex 16.4903 -5.78885 2.9999
    endloop
  endfacet
  facet normal 0 0 1
    outer loop
      vertex 16.1452 -7.10513 2.9999
      vertex 16.338 -1.42174 2.9999
      vertex 16.3368 -1.38499 2.9999
    endloop
  endfacet
  facet normal 0 0 1
    outer loop
      vertex 16.3614 -1.05699 2.9999
      vertex 15.4291 -0.827835 2.9999
      vertex 16.3367 -1.35088 2.9999
    endloop
  endfacet
  facet normal 0 0 1
    outer loop
      vertex 2.01938 -1.40492 2.9999
      vertex 2.04121 -1.46346 2.9999
      vertex 2.04012 -1.44847 2.9999
    endloop
  endfacet
  facet normal 0 0 1
    outer loop
      vertex 2.02635 -1.414 2.9999
      vertex 2.04012 -1.44847 2.9999
      vertex 2.03705 -1.43546 2.9999
    endloop
  endfacet
  facet normal 0 0 1
    outer loop
      vertex 2.01175 -1.3965 2.9999
      vertex 2.04121 -1.46346 2.9999
      vertex 2.01938 -1.40492 2.9999
    endloop
  endfacet
  facet normal 0 0 1
    outer loop
      vertex 2.02635 -1.414 2.9999
      vertex 2.03705 -1.43546 2.9999
      vertex 2.03235 -1.42407 2.9999
    endloop
  endfacet
  facet normal 0 0 1
    outer loop
      vertex 2.04121 -1.46346 2.9999
      vertex 2.01175 -1.3965 2.9999
      vertex 2.04012 -1.48639 2.9999
    endloop
  endfacet
  facet normal 0 0 1
    outer loop
      vertex 2.04012 -1.44847 2.9999
      vertex 2.02635 -1.414 2.9999
      vertex 2.01938 -1.40492 2.9999
    endloop
  endfacet
  facet normal 0 0 1
    outer loop
      vertex 2.00381 -1.3884 2.9999
      vertex 2.04012 -1.48639 2.9999
      vertex 2.01175 -1.3965 2.9999
    endloop
  endfacet
  facet normal 0 0 1
    outer loop
      vertex 2.04012 -1.48639 2.9999
      vertex 2.00381 -1.3884 2.9999
      vertex 2.03705 -1.50703 2.9999
    endloop
  endfacet
  facet normal 0 0 1
    outer loop
      vertex 2.03705 -1.50703 2.9999
      vertex 2.00381 -1.3884 2.9999
      vertex 2.03235 -1.52539 2.9999
    endloop
  endfacet
  facet normal 0 0 1
    outer loop
      vertex 2.00381 -1.57591 2.9999
      vertex 2.03235 -1.52539 2.9999
      vertex 2.00381 -1.3884 2.9999
    endloop
  endfacet
  facet normal 0 0 1
    outer loop
      vertex 2.03235 -1.52539 2.9999
      vertex 2.00381 -1.57591 2.9999
      vertex 2.02635 -1.54146 2.9999
    endloop
  endfacet
  facet normal 0 0 1
    outer loop
      vertex 2.02635 -1.54146 2.9999
      vertex 2.00381 -1.57591 2.9999
      vertex 2.01938 -1.55524 2.9999
    endloop
  endfacet
  facet normal 0 0 1
    outer loop
      vertex 2.01938 -1.55524 2.9999
      vertex 2.00381 -1.57591 2.9999
      vertex 2.01175 -1.56673 2.9999
    endloop
  endfacet
  facet normal 0 0 1
    outer loop
      vertex 2.00381 -1.3884 2.9999
      vertex 1.92194 -1.64392 2.9999
      vertex 2.00381 -1.57591 2.9999
    endloop
  endfacet
  facet normal 0 0 1
    outer loop
      vertex 1.66515 -1.23225 2.9999
      vertex 1.92194 -1.64392 2.9999
      vertex 2.00381 -1.3884 2.9999
    endloop
  endfacet
  facet normal 0 0 1
    outer loop
      vertex 1.92194 -1.64392 2.9999
      vertex 1.66515 -1.23225 2.9999
      vertex 1.80826 -1.71585 2.9999
    endloop
  endfacet
  facet normal 0 0 1
    outer loop
      vertex 1.80826 -1.71585 2.9999
      vertex 1.66515 -1.23225 2.9999
      vertex 1.66771 -1.78648 2.9999
    endloop
  endfacet
  facet normal 0 0 1
    outer loop
      vertex 1.66515 -1.23225 2.9999
      vertex 1.50519 -1.85057 2.9999
      vertex 1.66771 -1.78648 2.9999
    endloop
  endfacet
  facet normal 0 0 1
    outer loop
      vertex 1.3127 -1.10103 2.9999
      vertex 1.50519 -1.85057 2.9999
      vertex 1.66515 -1.23225 2.9999
    endloop
  endfacet
  facet normal 0 0 1
    outer loop
      vertex 1.50519 -1.85057 2.9999
      vertex 1.3127 -1.10103 2.9999
      vertex 1.32562 -1.90283 2.9999
    endloop
  endfacet
  facet normal 0 0 1
    outer loop
      vertex 1.3127 -1.10103 2.9999
      vertex 1.13393 -1.93803 2.9999
      vertex 1.32562 -1.90283 2.9999
    endloop
  endfacet
  facet normal 0 0 1
    outer loop
      vertex 0.953384 -0.994385 2.9999
      vertex 1.13393 -1.93803 2.9999
      vertex 1.3127 -1.10103 2.9999
    endloop
  endfacet
  facet normal 0 0 1
    outer loop
      vertex 0.953384 -0.994385 2.9999
      vertex 0.935013 -1.95094 2.9999
      vertex 1.13393 -1.93803 2.9999
    endloop
  endfacet
  facet normal 0 0 1
    outer loop
      vertex 0.953384 -0.994385 2.9999
      vertex 0.690002 -1.92603 2.9999
      vertex 0.935013 -1.95094 2.9999
    endloop
  endfacet
  facet normal 0 0 1
    outer loop
      vertex 0.594086 -0.912018 2.9999
      vertex 0.690002 -1.92603 2.9999
      vertex 0.953384 -0.994385 2.9999
    endloop
  endfacet
  facet normal 0 0 1
    outer loop
      vertex 0.594086 -0.912018 2.9999
      vertex 0.423676 -1.86174 2.9999
      vertex 0.690002 -1.92603 2.9999
    endloop
  endfacet
  facet normal 0 0 1
    outer loop
      vertex 0.139969 -1.77385 2.9999
      vertex 0.594086 -0.912018 2.9999
      vertex 0.241653 -0.853577 2.9999
    endloop
  endfacet
  facet normal 0 0 1
    outer loop
      vertex 0.594086 -0.912018 2.9999
      vertex 0.139969 -1.77385 2.9999
      vertex 0.423676 -1.86174 2.9999
    endloop
  endfacet
  facet normal 0 0 1
    outer loop
      vertex -0.157166 -1.67809 2.9999
      vertex 0.241653 -0.853577 2.9999
      vertex -0.0969696 -0.818756 2.9999
    endloop
  endfacet
  facet normal 0 0 1
    outer loop
      vertex 0.241653 -0.853577 2.9999
      vertex -0.157166 -1.67809 2.9999
      vertex 0.139969 -1.77385 2.9999
    endloop
  endfacet
  facet normal 0 0 1
    outer loop
      vertex -0.463821 -1.59019 2.9999
      vertex -0.0969696 -0.818756 2.9999
      vertex -0.414963 -0.80722 2.9999
    endloop
  endfacet
  facet normal 0 0 1
    outer loop
      vertex -0.0969696 -0.818756 2.9999
      vertex -0.463821 -1.59019 2.9999
      vertex -0.157166 -1.67809 2.9999
    endloop
  endfacet
  facet normal 0 0 1
    outer loop
      vertex -0.776077 -1.52591 2.9999
      vertex -0.414963 -0.80722 2.9999
      vertex -0.745651 -0.823395 2.9999
    endloop
  endfacet
  facet normal 0 0 1
    outer loop
      vertex -0.414963 -0.80722 2.9999
      vertex -0.776077 -1.52591 2.9999
      vertex -0.463821 -1.59019 2.9999
    endloop
  endfacet
  facet normal -0 0 1
    outer loop
      vertex -1.08125 -0.876968 2.9999
      vertex -0.776077 -1.52591 2.9999
      vertex -0.745651 -0.823395 2.9999
    endloop
  endfacet
  facet normal 0 0 1
    outer loop
      vertex -1.08125 -0.876968 2.9999
      vertex -1.08997 -1.50099 2.9999
      vertex -0.776077 -1.52591 2.9999
    endloop
  endfacet
  facet normal 0 0 1
    outer loop
      vertex -1.08125 -0.876968 2.9999
      vertex -1.20485 -1.50531 2.9999
      vertex -1.08997 -1.50099 2.9999
    endloop
  endfacet
  facet normal -0 0 1
    outer loop
      vertex -1.40143 -0.975464 2.9999
      vertex -1.20485 -1.50531 2.9999
      vertex -1.08125 -0.876968 2.9999
    endloop
  endfacet
  facet normal 0 0 1
    outer loop
      vertex -1.20485 -1.50531 2.9999
      vertex -1.40143 -0.975464 2.9999
      vertex -1.32004 -1.52174 2.9999
    endloop
  endfacet
  facet normal -0 0 1
    outer loop
      vertex -1.68584 -1.12643 2.9999
      vertex -1.32004 -1.52174 2.9999
      vertex -1.40143 -0.975464 2.9999
    endloop
  endfacet
  facet normal 0 0 1
    outer loop
      vertex -1.32004 -1.52174 2.9999
      vertex -1.68584 -1.12643 2.9999
      vertex -1.429 -1.55557 2.9999
    endloop
  endfacet
  facet normal 0 0 1
    outer loop
      vertex -1.429 -1.55557 2.9999
      vertex -1.68584 -1.12643 2.9999
      vertex -1.52516 -1.61203 2.9999
    endloop
  endfacet
  facet normal -0 0 1
    outer loop
      vertex -1.91417 -1.33743 2.9999
      vertex -1.52516 -1.61203 2.9999
      vertex -1.68584 -1.12643 2.9999
    endloop
  endfacet
  facet normal -0 0 1
    outer loop
      vertex -2.06609 -1.61601 2.9999
      vertex -1.60196 -1.69637 2.9999
      vertex -1.91417 -1.33743 2.9999
    endloop
  endfacet
  facet normal 0 0 1
    outer loop
      vertex -1.52516 -1.61203 2.9999
      vertex -1.91417 -1.33743 2.9999
      vertex -1.60196 -1.69637 2.9999
    endloop
  endfacet
  facet normal 0 0 1
    outer loop
      vertex 3.76273 2.14467 2.9999
      vertex 3.91168 1.95355 2.9999
      vertex 3.8983 2.01669 2.9999
    endloop
  endfacet
  facet normal 0 0 1
    outer loop
      vertex 3.91168 1.95355 2.9999
      vertex 3.70995 2.15533 2.9999
      vertex 3.91623 1.87399 2.9999
    endloop
  endfacet
  facet normal 0 0 1
    outer loop
      vertex 3.80829 2.12744 2.9999
      vertex 3.8983 2.01669 2.9999
      vertex 3.87639 2.06541 2.9999
    endloop
  endfacet
  facet normal 0 0 1
    outer loop
      vertex 3.91623 1.87399 2.9999
      vertex 3.70995 2.15533 2.9999
      vertex 3.89828 1.78323 2.9999
    endloop
  endfacet
  facet normal 0 0 1
    outer loop
      vertex 3.80829 2.12744 2.9999
      vertex 3.87639 2.06541 2.9999
      vertex 3.84628 2.10167 2.9999
    endloop
  endfacet
  facet normal 0 0 1
    outer loop
      vertex 3.91168 1.95355 2.9999
      vertex 3.76273 2.14467 2.9999
      vertex 3.70995 2.15533 2.9999
    endloop
  endfacet
  facet normal 0 0 1
    outer loop
      vertex 3.8983 2.01669 2.9999
      vertex 3.80829 2.12744 2.9999
      vertex 3.76273 2.14467 2.9999
    endloop
  endfacet
  facet normal 0 0 1
    outer loop
      vertex 3.89828 1.78323 2.9999
      vertex 3.70995 2.15533 2.9999
      vertex 3.86232 1.70328 2.9999
    endloop
  endfacet
  facet normal 0 0 1
    outer loop
      vertex 3.86232 1.70328 2.9999
      vertex 3.70995 2.15533 2.9999
      vertex 3.81093 1.6335 2.9999
    endloop
  endfacet
  facet normal 0 0 1
    outer loop
      vertex 3.81093 1.6335 2.9999
      vertex 3.70995 2.15533 2.9999
      vertex 3.74677 1.57321 2.9999
    endloop
  endfacet
  facet normal 0 0 1
    outer loop
      vertex 3.70995 2.15533 2.9999
      vertex 3.67242 1.52177 2.9999
      vertex 3.74677 1.57321 2.9999
    endloop
  endfacet
  facet normal 0 0 1
    outer loop
      vertex 3.43138 2.22021 2.9999
      vertex 3.67242 1.52177 2.9999
      vertex 3.70995 2.15533 2.9999
    endloop
  endfacet
  facet normal 0 0 1
    outer loop
      vertex 3.67242 1.52177 2.9999
      vertex 3.43138 2.22021 2.9999
      vertex 3.59056 1.47852 2.9999
    endloop
  endfacet
  facet normal 0 0 1
    outer loop
      vertex 3.59056 1.47852 2.9999
      vertex 3.43138 2.22021 2.9999
      vertex 3.5038 1.44281 2.9999
    endloop
  endfacet
  facet normal 0 0 1
    outer loop
      vertex 3.43138 2.22021 2.9999
      vertex 3.43016 1.42575 2.9999
      vertex 3.5038 1.44281 2.9999
    endloop
  endfacet
  facet normal 0 0 1
    outer loop
      vertex 3.43138 2.22021 2.9999
      vertex 3.34175 1.40738 2.9999
      vertex 3.43016 1.42575 2.9999
    endloop
  endfacet
  facet normal 0 0 1
    outer loop
      vertex 3.43138 2.22021 2.9999
      vertex 3.24449 1.3887 2.9999
      vertex 3.34175 1.40738 2.9999
    endloop
  endfacet
  facet normal 0 0 1
    outer loop
      vertex 3.12758 2.28412 2.9999
      vertex 3.24449 1.3887 2.9999
      vertex 3.43138 2.22021 2.9999
    endloop
  endfacet
  facet normal 0 0 1
    outer loop
      vertex 3.24449 1.3887 2.9999
      vertex 3.12758 2.28412 2.9999
      vertex 3.14427 1.37067 2.9999
    endloop
  endfacet
  facet normal 0 0 1
    outer loop
      vertex 3.12758 2.28412 2.9999
      vertex 3.047 1.35428 2.9999
      vertex 3.14427 1.37067 2.9999
    endloop
  endfacet
  facet normal 0 0 1
    outer loop
      vertex 3.12758 2.28412 2.9999
      vertex 2.95859 1.34052 2.9999
      vertex 3.047 1.35428 2.9999
    endloop
  endfacet
  facet normal 0 0 1
    outer loop
      vertex 2.8008 2.34375 2.9999
      vertex 2.95859 1.34052 2.9999
      vertex 3.12758 2.28412 2.9999
    endloop
  endfacet
  facet normal 0 0 1
    outer loop
      vertex 2.95859 1.34052 2.9999
      vertex 2.8008 2.34375 2.9999
      vertex 2.88496 1.33035 2.9999
    endloop
  endfacet
  facet normal 0 0 1
    outer loop
      vertex 2.8008 2.34375 2.9999
      vertex 2.53325 1.29114 2.9999
      vertex 2.88496 1.33035 2.9999
    endloop
  endfacet
  facet normal 0 0 1
    outer loop
      vertex 2.45337 2.39584 2.9999
      vertex 2.53325 1.29114 2.9999
      vertex 2.8008 2.34375 2.9999
    endloop
  endfacet
  facet normal 0 0 1
    outer loop
      vertex 2.07103 1.25323 2.9999
      vertex 2.45337 2.39584 2.9999
      vertex 2.08755 2.43712 2.9999
    endloop
  endfacet
  facet normal 0 0 1
    outer loop
      vertex 2.45337 2.39584 2.9999
      vertex 2.07103 1.25323 2.9999
      vertex 2.53325 1.29114 2.9999
    endloop
  endfacet
  facet normal 0 0 1
    outer loop
      vertex 1.70569 2.46428 2.9999
      vertex 2.07103 1.25323 2.9999
      vertex 2.08755 2.43712 2.9999
    endloop
  endfacet
  facet normal 0 0 1
    outer loop
      vertex 1.70569 2.46428 2.9999
      vertex 1.54385 1.21568 2.9999
      vertex 2.07103 1.25323 2.9999
    endloop
  endfacet
  facet normal 0 0 1
    outer loop
      vertex 1.31004 2.47408 2.9999
      vertex 1.54385 1.21568 2.9999
      vertex 1.70569 2.46428 2.9999
    endloop
  endfacet
  facet normal 0 0 1
    outer loop
      vertex 0.997314 1.17746 2.9999
      vertex 1.31004 2.47408 2.9999
      vertex 1.05023 2.46167 2.9999
    endloop
  endfacet
  facet normal 0 0 1
    outer loop
      vertex 1.31004 2.47408 2.9999
      vertex 0.997314 1.17746 2.9999
      vertex 1.54385 1.21568 2.9999
    endloop
  endfacet
  facet normal -0 0 1
    outer loop
      vertex 0.496521 2.40695 2.9999
      vertex 0.997314 1.17746 2.9999
      vertex 1.05023 2.46167 2.9999
    endloop
  endfacet
  facet normal 0 0 1
    outer loop
      vertex 0.496521 2.40695 2.9999
      vertex 0.47702 1.1376 2.9999
      vertex 0.997314 1.17746 2.9999
    endloop
  endfacet
  facet normal -0 0 1
    outer loop
      vertex -0.229355 2.28368 2.9999
      vertex 0.47702 1.1376 2.9999
      vertex 0.496521 2.40695 2.9999
    endloop
  endfacet
  facet normal 0 0 1
    outer loop
      vertex 0.47702 1.1376 2.9999
      vertex -0.229355 2.28368 2.9999
      vertex 0.0285492 1.09512 2.9999
    endloop
  endfacet
  facet normal 0 0 1
    outer loop
      vertex -0.229355 2.28368 2.9999
      vertex -0.302505 1.04901 2.9999
      vertex 0.0285492 1.09512 2.9999
    endloop
  endfacet
  facet normal -0 0 1
    outer loop
      vertex -1.00577 2.06563 2.9999
      vertex -0.302505 1.04901 2.9999
      vertex -0.229355 2.28368 2.9999
    endloop
  endfacet
  facet normal 0 0 1
    outer loop
      vertex -0.302505 1.04901 2.9999
      vertex -1.00577 2.06563 2.9999
      vertex -0.546692 1.00983 2.9999
    endloop
  endfacet
  facet normal 0 0 1
    outer loop
      vertex -0.546692 1.00983 2.9999
      vertex -1.00577 2.06563 2.9999
      vertex -0.752167 0.971954 2.9999
    endloop
  endfacet
  facet normal 0 0 1
    outer loop
      vertex -0.752167 0.971954 2.9999
      vertex -1.00577 2.06563 2.9999
      vertex -0.923874 0.934402 2.9999
    endloop
  endfacet
  facet normal 0 0 1
    outer loop
      vertex -1.00577 2.06563 2.9999
      vertex -1.06671 0.896194 2.9999
      vertex -0.923874 0.934402 2.9999
    endloop
  endfacet
  facet normal -0 0 1
    outer loop
      vertex -1.711 1.72653 2.9999
      vertex -1.06671 0.896194 2.9999
      vertex -1.00577 2.06563 2.9999
    endloop
  endfacet
  facet normal 0 0 1
    outer loop
      vertex -1.06671 0.896194 2.9999
      vertex -1.711 1.72653 2.9999
      vertex -1.18559 0.856339 2.9999
    endloop
  endfacet
  facet normal 0 0 1
    outer loop
      vertex -1.18559 0.856339 2.9999
      vertex -1.711 1.72653 2.9999
      vertex -1.28545 0.813873 2.9999
    endloop
  endfacet
  facet normal 0 0 1
    outer loop
      vertex -1.28545 0.813873 2.9999
      vertex -1.711 1.72653 2.9999
      vertex -1.37117 0.767807 2.9999
    endloop
  endfacet
  facet normal -0 0 1
    outer loop
      vertex -2.22337 1.24017 2.9999
      vertex -1.37117 0.767807 2.9999
      vertex -1.711 1.72653 2.9999
    endloop
  endfacet
  facet normal 0 0 1
    outer loop
      vertex -1.37117 0.767807 2.9999
      vertex -2.22337 1.24017 2.9999
      vertex -1.37917 0.758728 2.9999
    endloop
  endfacet
  facet normal 0 0 1
    outer loop
      vertex -1.37917 0.758728 2.9999
      vertex -2.22337 1.24017 2.9999
      vertex -1.38683 0.748001 2.9999
    endloop
  endfacet
  facet normal 0 0 1
    outer loop
      vertex -1.38683 0.748001 2.9999
      vertex -2.22337 1.24017 2.9999
      vertex -1.39383 0.736298 2.9999
    endloop
  endfacet
  facet normal 0 0 1
    outer loop
      vertex -1.39383 0.736298 2.9999
      vertex -2.22337 1.24017 2.9999
      vertex -1.39984 0.724258 2.9999
    endloop
  endfacet
  facet normal 0 0 1
    outer loop
      vertex -1.39984 0.724258 2.9999
      vertex -2.22337 1.24017 2.9999
      vertex -1.40454 0.712555 2.9999
    endloop
  endfacet
  facet normal 0 0 1
    outer loop
      vertex -1.40454 0.712555 2.9999
      vertex -2.22337 1.24017 2.9999
      vertex -1.40761 0.701828 2.9999
    endloop
  endfacet
  facet normal 0 0 1
    outer loop
      vertex -2.4212 0.580292 2.9999
      vertex -1.40761 0.701828 2.9999
      vertex -2.22337 1.24017 2.9999
    endloop
  endfacet
  facet normal 0 0 1
    outer loop
      vertex -1.40761 0.701828 2.9999
      vertex -2.4212 0.580292 2.9999
      vertex -1.40871 0.692749 2.9999
    endloop
  endfacet
  facet normal 0 -0 1
    outer loop
      vertex -2.39934 0.276093 2.9999
      vertex -1.40871 0.692749 2.9999
      vertex -2.4212 0.580292 2.9999
    endloop
  endfacet
  facet normal 0 0 1
    outer loop
      vertex -1.40871 0.692749 2.9999
      vertex -1.84834 -0.292145 2.9999
      vertex -1.40996 -0.389725 2.9999
    endloop
  endfacet
  facet normal 0 -0 1
    outer loop
      vertex -2.31517 0.0338745 2.9999
      vertex -1.40871 0.692749 2.9999
      vertex -2.39934 0.276093 2.9999
    endloop
  endfacet
  facet normal 0 0 1
    outer loop
      vertex -1.40871 0.692749 2.9999
      vertex -2.14079 -0.153229 2.9999
      vertex -1.84834 -0.292145 2.9999
    endloop
  endfacet
  facet normal 0 0 1
    outer loop
      vertex -1.40871 0.692749 2.9999
      vertex -2.31517 0.0338745 2.9999
      vertex -2.14079 -0.153229 2.9999
    endloop
  endfacet
  facet normal -0 0 1
    outer loop
      vertex 2.79126 -1.4447 2.9999
      vertex 3.72871 -1.61345 2.9999
      vertex 3.62009 -0.959518 2.9999
    endloop
  endfacet
  facet normal 0 0 1
    outer loop
      vertex 2.67986 -1.18608 2.9999
      vertex 3.62009 -0.959518 2.9999
      vertex 3.32355 -0.487305 2.9999
    endloop
  endfacet
  facet normal 0 0 1
    outer loop
      vertex 2.6469 -1.71819 2.9999
      vertex 3.72871 -1.61345 2.9999
      vertex 2.79126 -1.4447 2.9999
    endloop
  endfacet
  facet normal 0 0 1
    outer loop
      vertex 2.67986 -1.18608 2.9999
      vertex 3.32355 -0.487305 2.9999
      vertex 2.88303 -0.164993 2.9999
    endloop
  endfacet
  facet normal 0 0 1
    outer loop
      vertex 3.72871 -1.61345 2.9999
      vertex 2.6469 -1.71819 2.9999
      vertex 3.60233 -2.36946 2.9999
    endloop
  endfacet
  facet normal 0 0 1
    outer loop
      vertex 3.60233 -2.36946 2.9999
      vertex 2.6469 -1.71819 2.9999
      vertex 3.26866 -2.92276 2.9999
    endloop
  endfacet
  facet normal 0 0 1
    outer loop
      vertex 3.62009 -0.959518 2.9999
      vertex 2.67986 -1.18608 2.9999
      vertex 2.79126 -1.4447 2.9999
    endloop
  endfacet
  facet normal 0 0 1
    outer loop
      vertex 2.88303 -0.164993 2.9999
      vertex 2.38216 -0.971405 2.9999
      vertex 2.67986 -1.18608 2.9999
    endloop
  endfacet
  facet normal 0 0 1
    outer loop
      vertex 2.34245 0.0392151 2.9999
      vertex 2.38216 -0.971405 2.9999
      vertex 2.88303 -0.164993 2.9999
    endloop
  endfacet
  facet normal 0 0 1
    outer loop
      vertex 2.34245 0.0392151 2.9999
      vertex 1.95294 -0.798706 2.9999
      vertex 2.38216 -0.971405 2.9999
    endloop
  endfacet
  facet normal 0 0 1
    outer loop
      vertex 1.7458 0.157181 2.9999
      vertex 1.95294 -0.798706 2.9999
      vertex 2.34245 0.0392151 2.9999
    endloop
  endfacet
  facet normal 0 0 1
    outer loop
      vertex 1.7458 0.157181 2.9999
      vertex 1.44696 -0.666031 2.9999
      vertex 1.95294 -0.798706 2.9999
    endloop
  endfacet
  facet normal 0 0 1
    outer loop
      vertex 1.13699 0.220688 2.9999
      vertex 1.44696 -0.666031 2.9999
      vertex 1.7458 0.157181 2.9999
    endloop
  endfacet
  facet normal 0 0 1
    outer loop
      vertex 1.13699 0.220688 2.9999
      vertex 0.918991 -0.571411 2.9999
      vertex 1.44696 -0.666031 2.9999
    endloop
  endfacet
  facet normal 0 0 1
    outer loop
      vertex 0.559982 0.261551 2.9999
      vertex 0.918991 -0.571411 2.9999
      vertex 1.13699 0.220688 2.9999
    endloop
  endfacet
  facet normal 0 0 1
    outer loop
      vertex 0.559982 0.261551 2.9999
      vertex 0.423828 -0.512878 2.9999
      vertex 0.918991 -0.571411 2.9999
    endloop
  endfacet
  facet normal 0 0 1
    outer loop
      vertex 0.254272 0.281403 2.9999
      vertex 0.423828 -0.512878 2.9999
      vertex 0.559982 0.261551 2.9999
    endloop
  endfacet
  facet normal 0 0 1
    outer loop
      vertex 0.254272 0.281403 2.9999
      vertex 0.0162048 -0.488495 2.9999
      vertex 0.423828 -0.512878 2.9999
    endloop
  endfacet
  facet normal 0 0 1
    outer loop
      vertex -0.0261993 0.310104 2.9999
      vertex 0.0162048 -0.488495 2.9999
      vertex 0.254272 0.281403 2.9999
    endloop
  endfacet
  facet normal 0 0 1
    outer loop
      vertex -0.290604 0.349625 2.9999
      vertex 0.0162048 -0.488495 2.9999
      vertex -0.0261993 0.310104 2.9999
    endloop
  endfacet
  facet normal 0 0 1
    outer loop
      vertex -0.797714 -0.452881 2.9999
      vertex -0.290604 0.349625 2.9999
      vertex -0.548141 0.401932 2.9999
    endloop
  endfacet
  facet normal 0 0 1
    outer loop
      vertex -0.290604 0.349625 2.9999
      vertex -0.797714 -0.452881 2.9999
      vertex 0.0162048 -0.488495 2.9999
    endloop
  endfacet
  facet normal 0 0 1
    outer loop
      vertex -0.807953 0.469009 2.9999
      vertex -0.797714 -0.452881 2.9999
      vertex -0.548141 0.401932 2.9999
    endloop
  endfacet
  facet normal 0 0 1
    outer loop
      vertex -1.40996 -0.389725 2.9999
      vertex -0.807953 0.469009 2.9999
      vertex -1.07924 0.552826 2.9999
    endloop
  endfacet
  facet normal 0 0 1
    outer loop
      vertex -1.40996 -0.389725 2.9999
      vertex -1.07924 0.552826 2.9999
      vertex -1.37117 0.65535 2.9999
    endloop
  endfacet
  facet normal 0 0 1
    outer loop
      vertex -1.40996 -0.389725 2.9999
      vertex -1.37117 0.65535 2.9999
      vertex -1.37917 0.656448 2.9999
    endloop
  endfacet
  facet normal 0 0 1
    outer loop
      vertex -1.40996 -0.389725 2.9999
      vertex -1.37917 0.656448 2.9999
      vertex -1.38683 0.6595 2.9999
    endloop
  endfacet
  facet normal 0 0 1
    outer loop
      vertex -1.40996 -0.389725 2.9999
      vertex -1.38683 0.6595 2.9999
      vertex -1.39383 0.6642 2.9999
    endloop
  endfacet
  facet normal 0 0 1
    outer loop
      vertex -1.40996 -0.389725 2.9999
      vertex -1.39383 0.6642 2.9999
      vertex -1.39984 0.670212 2.9999
    endloop
  endfacet
  facet normal 0 0 1
    outer loop
      vertex -1.40996 -0.389725 2.9999
      vertex -1.39984 0.670212 2.9999
      vertex -1.40454 0.677185 2.9999
    endloop
  endfacet
  facet normal 0 0 1
    outer loop
      vertex -0.807953 0.469009 2.9999
      vertex -1.40996 -0.389725 2.9999
      vertex -0.797714 -0.452881 2.9999
    endloop
  endfacet
  facet normal 0 0 1
    outer loop
      vertex -1.40761 0.684814 2.9999
      vertex -1.40996 -0.389725 2.9999
      vertex -1.40454 0.677185 2.9999
    endloop
  endfacet
  facet normal 0 0 1
    outer loop
      vertex -1.40996 -0.389725 2.9999
      vertex -1.40761 0.684814 2.9999
      vertex -1.40871 0.692749 2.9999
    endloop
  endfacet
  facet normal -0 0 1
    outer loop
      vertex 2.26997 -1.9451 2.9999
      vertex 3.26866 -2.92276 2.9999
      vertex 2.6469 -1.71819 2.9999
    endloop
  endfacet
  facet normal 0 0 1
    outer loop
      vertex 3.26866 -2.92276 2.9999
      vertex 2.26997 -1.9451 2.9999
      vertex 2.79594 -3.30487 2.9999
    endloop
  endfacet
  facet normal -0 0 1
    outer loop
      vertex 1.7448 -2.12708 2.9999
      vertex 2.79594 -3.30487 2.9999
      vertex 2.26997 -1.9451 2.9999
    endloop
  endfacet
  facet normal 0 0 1
    outer loop
      vertex 2.79594 -3.30487 2.9999
      vertex 1.7448 -2.12708 2.9999
      vertex 2.25237 -3.54724 2.9999
    endloop
  endfacet
  facet normal 0 0 1
    outer loop
      vertex 1.7448 -2.12708 2.9999
      vertex 1.70616 -3.68138 2.9999
      vertex 2.25237 -3.54724 2.9999
    endloop
  endfacet
  facet normal -0 0 1
    outer loop
      vertex 1.15567 -2.26575 2.9999
      vertex 1.70616 -3.68138 2.9999
      vertex 1.7448 -2.12708 2.9999
    endloop
  endfacet
  facet normal 0 0 1
    outer loop
      vertex 1.70616 -3.68138 2.9999
      vertex 1.15567 -2.26575 2.9999
      vertex 1.22554 -3.73877 2.9999
    endloop
  endfacet
  facet normal 0 0 1
    outer loop
      vertex 1.15567 -2.26575 2.9999
      vertex 0.878723 -3.7509 2.9999
      vertex 1.22554 -3.73877 2.9999
    endloop
  endfacet
  facet normal -0 0 1
    outer loop
      vertex 0.586868 -2.36278 2.9999
      vertex 0.878723 -3.7509 2.9999
      vertex 1.15567 -2.26575 2.9999
    endloop
  endfacet
  facet normal 0 0 1
    outer loop
      vertex 0.586868 -2.36278 2.9999
      vertex 0.210739 -3.69257 2.9999
      vertex 0.878723 -3.7509 2.9999
    endloop
  endfacet
  facet normal -0 0 1
    outer loop
      vertex 0.122696 -2.41978 2.9999
      vertex 0.210739 -3.69257 2.9999
      vertex 0.586868 -2.36278 2.9999
    endloop
  endfacet
  facet normal 0 0 1
    outer loop
      vertex -0.412949 -3.53224 2.9999
      vertex 0.122696 -2.41978 2.9999
      vertex -0.152527 -2.43843 2.9999
    endloop
  endfacet
  facet normal 0 0 1
    outer loop
      vertex 0.122696 -2.41978 2.9999
      vertex -0.412949 -3.53224 2.9999
      vertex 0.210739 -3.69257 2.9999
    endloop
  endfacet
  facet normal 0 0 1
    outer loop
      vertex -0.449188 -2.43706 2.9999
      vertex -0.412949 -3.53224 2.9999
      vertex -0.152527 -2.43843 2.9999
    endloop
  endfacet
  facet normal 0 0 1
    outer loop
      vertex -0.971069 -3.29189 2.9999
      vertex -0.449188 -2.43706 2.9999
      vertex -0.74881 -2.42749 2.9999
    endloop
  endfacet
  facet normal 0 0 1
    outer loop
      vertex -0.449188 -2.43706 2.9999
      vertex -0.971069 -3.29189 2.9999
      vertex -0.412949 -3.53224 2.9999
    endloop
  endfacet
  facet normal 0 0 1
    outer loop
      vertex -1.03366 -2.40154 2.9999
      vertex -0.971069 -3.29189 2.9999
      vertex -0.74881 -2.42749 2.9999
    endloop
  endfacet
  facet normal 0 0 1
    outer loop
      vertex -1.44229 -2.99347 2.9999
      vertex -1.03366 -2.40154 2.9999
      vertex -1.28606 -2.35097 2.9999
    endloop
  endfacet
  facet normal 0 0 1
    outer loop
      vertex -1.03366 -2.40154 2.9999
      vertex -1.44229 -2.99347 2.9999
      vertex -0.971069 -3.29189 2.9999
    endloop
  endfacet
  facet normal 0 0 1
    outer loop
      vertex -1.80527 -2.659 2.9999
      vertex -1.28606 -2.35097 2.9999
      vertex -1.48827 -2.26761 2.9999
    endloop
  endfacet
  facet normal 0 0 1
    outer loop
      vertex -1.80527 -2.659 2.9999
      vertex -1.48827 -2.26761 2.9999
      vertex -1.62257 -2.14326 2.9999
    endloop
  endfacet
  facet normal 0 0 1
    outer loop
      vertex -2.03868 -2.31041 2.9999
      vertex -1.62257 -2.14326 2.9999
      vertex -1.67128 -1.96971 2.9999
    endloop
  endfacet
  facet normal 0 0 1
    outer loop
      vertex -1.28606 -2.35097 2.9999
      vertex -1.80527 -2.659 2.9999
      vertex -1.44229 -2.99347 2.9999
    endloop
  endfacet
  facet normal 0 0 1
    outer loop
      vertex -1.60196 -1.69637 2.9999
      vertex -2.06609 -1.61601 2.9999
      vertex -1.65286 -1.81384 2.9999
    endloop
  endfacet
  facet normal 0 0 1
    outer loop
      vertex -2.12123 -1.96971 2.9999
      vertex -1.65286 -1.81384 2.9999
      vertex -2.06609 -1.61601 2.9999
    endloop
  endfacet
  facet normal 0 0 1
    outer loop
      vertex -1.62257 -2.14326 2.9999
      vertex -2.03868 -2.31041 2.9999
      vertex -1.80527 -2.659 2.9999
    endloop
  endfacet
  facet normal 0 0 1
    outer loop
      vertex -1.65286 -1.81384 2.9999
      vertex -2.12123 -1.96971 2.9999
      vertex -1.67128 -1.96971 2.9999
    endloop
  endfacet
  facet normal 0 0 1
    outer loop
      vertex -1.67128 -1.96971 2.9999
      vertex -2.12123 -1.96971 2.9999
      vertex -2.03868 -2.31041 2.9999
    endloop
  endfacet
  facet normal -0 0 1
    outer loop
      vertex -4.71143 -3.13553 2.9999
      vertex -3.27 -3.31972 2.9999
      vertex -3.27843 -2.6716 2.9999
    endloop
  endfacet
  facet normal -0 0 1
    outer loop
      vertex -4.74677 -2.23499 2.9999
      vertex -3.27843 -2.6716 2.9999
      vertex -3.30064 -2.01497 2.9999
    endloop
  endfacet
  facet normal 0 -0 1
    outer loop
      vertex -4.73747 -2.97978 2.9999
      vertex -3.27843 -2.6716 2.9999
      vertex -4.75136 -2.86961 2.9999
    endloop
  endfacet
  facet normal -0 0 1
    outer loop
      vertex -4.73297 -1.79189 2.9999
      vertex -3.30064 -2.01497 2.9999
      vertex -3.33203 -1.35275 2.9999
    endloop
  endfacet
  facet normal 0 0 1
    outer loop
      vertex -3.27843 -2.6716 2.9999
      vertex -4.75021 -2.51164 2.9999
      vertex -4.75136 -2.86961 2.9999
    endloop
  endfacet
  facet normal -0 0 1
    outer loop
      vertex -4.6843 -0.741104 2.9999
      vertex -3.33203 -1.35275 2.9999
      vertex -3.40399 -0.0233917 2.9999
    endloop
  endfacet
  facet normal 0 0 1
    outer loop
      vertex -3.30064 -2.01497 2.9999
      vertex -4.73297 -1.79189 2.9999
      vertex -4.74103 -2.00623 2.9999
    endloop
  endfacet
  facet normal -0 0 1
    outer loop
      vertex -4.59818 0.31958 2.9999
      vertex -3.40399 -0.0233917 2.9999
      vertex -3.43536 0.637817 2.9999
    endloop
  endfacet
  facet normal -0 0 1
    outer loop
      vertex -4.5428 0.87236 2.9999
      vertex -3.43536 0.637817 2.9999
      vertex -3.45752 1.29282 2.9999
    endloop
  endfacet
  facet normal -0 0 1
    outer loop
      vertex -4.46973 1.52747 2.9999
      vertex -3.45752 1.29282 2.9999
      vertex -3.47858 1.57851 2.9999
    endloop
  endfacet
  facet normal 0 0 1
    outer loop
      vertex -4.46973 1.52747 2.9999
      vertex -3.47858 1.57851 2.9999
      vertex -3.51572 1.82416 2.9999
    endloop
  endfacet
  facet normal 0 0 1
    outer loop
      vertex -3.33203 -1.35275 2.9999
      vertex -4.6843 -0.741104 2.9999
      vertex -4.69507 -0.900909 2.9999
    endloop
  endfacet
  facet normal 0 0 1
    outer loop
      vertex -4.46973 1.52747 2.9999
      vertex -3.51572 1.82416 2.9999
      vertex -3.57811 2.02881 2.9999
    endloop
  endfacet
  facet normal 0 0 1
    outer loop
      vertex -3.33203 -1.35275 2.9999
      vertex -4.69507 -0.900909 2.9999
      vertex -4.71001 -1.27269 2.9999
    endloop
  endfacet
  facet normal 0 0 1
    outer loop
      vertex -4.46973 1.52747 2.9999
      vertex -3.57811 2.02881 2.9999
      vertex -3.67494 2.19148 2.9999
    endloop
  endfacet
  facet normal 0 0 1
    outer loop
      vertex -4.46973 1.52747 2.9999
      vertex -3.67494 2.19148 2.9999
      vertex -3.81538 2.31119 2.9999
    endloop
  endfacet
  facet normal 0 0 1
    outer loop
      vertex -3.40399 -0.0233917 2.9999
      vertex -4.63846 -0.132477 2.9999
      vertex -4.66629 -0.485504 2.9999
    endloop
  endfacet
  facet normal 0 0 1
    outer loop
      vertex -3.33203 -1.35275 2.9999
      vertex -4.71001 -1.27269 2.9999
      vertex -4.73297 -1.79189 2.9999
    endloop
  endfacet
  facet normal 0 0 1
    outer loop
      vertex -3.30064 -2.01497 2.9999
      vertex -4.74103 -2.00623 2.9999
      vertex -4.74677 -2.23499 2.9999
    endloop
  endfacet
  facet normal 0 0 1
    outer loop
      vertex -4.37633 2.28656 2.9999
      vertex -3.81538 2.31119 2.9999
      vertex -4.00864 2.38695 2.9999
    endloop
  endfacet
  facet normal 0 0 1
    outer loop
      vertex -3.40399 -0.0233917 2.9999
      vertex -4.66629 -0.485504 2.9999
      vertex -4.6843 -0.741104 2.9999
    endloop
  endfacet
  facet normal 0 0 1
    outer loop
      vertex -3.27843 -2.6716 2.9999
      vertex -4.74677 -2.23499 2.9999
      vertex -4.75021 -2.51164 2.9999
    endloop
  endfacet
  facet normal 0 -0 1
    outer loop
      vertex -4.71143 -3.13553 2.9999
      vertex -3.27843 -2.6716 2.9999
      vertex -4.73747 -2.97978 2.9999
    endloop
  endfacet
  facet normal 0 0 1
    outer loop
      vertex -4.37633 2.28656 2.9999
      vertex -4.00864 2.38695 2.9999
      vertex -4.26387 2.41777 2.9999
    endloop
  endfacet
  facet normal 0 0 1
    outer loop
      vertex -4.35893 2.35355 2.9999
      vertex -4.26387 2.41777 2.9999
      vertex -4.29271 2.41542 2.9999
    endloop
  endfacet
  facet normal 0 0 1
    outer loop
      vertex -3.43536 0.637817 2.9999
      vertex -4.5428 0.87236 2.9999
      vertex -4.59818 0.31958 2.9999
    endloop
  endfacet
  facet normal 0 0 1
    outer loop
      vertex -4.34778 2.37753 2.9999
      vertex -4.29271 2.41542 2.9999
      vertex -4.31566 2.40814 2.9999
    endloop
  endfacet
  facet normal 0 0 1
    outer loop
      vertex -4.34778 2.37753 2.9999
      vertex -4.31566 2.40814 2.9999
      vertex -4.33368 2.39563 2.9999
    endloop
  endfacet
  facet normal 0 0 1
    outer loop
      vertex -4.29271 2.41542 2.9999
      vertex -4.34778 2.37753 2.9999
      vertex -4.35893 2.35355 2.9999
    endloop
  endfacet
  facet normal 0 0 1
    outer loop
      vertex -4.26387 2.41777 2.9999
      vertex -4.35893 2.35355 2.9999
      vertex -4.36812 2.32332 2.9999
    endloop
  endfacet
  facet normal 0 0 1
    outer loop
      vertex -4.26387 2.41777 2.9999
      vertex -4.36812 2.32332 2.9999
      vertex -4.37633 2.28656 2.9999
    endloop
  endfacet
  facet normal 0 0 1
    outer loop
      vertex -3.81538 2.31119 2.9999
      vertex -4.37633 2.28656 2.9999
      vertex -4.46973 1.52747 2.9999
    endloop
  endfacet
  facet normal 0 0 1
    outer loop
      vertex -3.45752 1.29282 2.9999
      vertex -4.46973 1.52747 2.9999
      vertex -4.5428 0.87236 2.9999
    endloop
  endfacet
  facet normal 0 0 1
    outer loop
      vertex -3.40399 -0.0233917 2.9999
      vertex -4.59818 0.31958 2.9999
      vertex -4.63846 -0.132477 2.9999
    endloop
  endfacet
  facet normal -0 -0 1
    outer loop
      vertex -4.67261 -3.31589 2.9999
      vertex -3.27 -3.31972 2.9999
      vertex -4.71143 -3.13553 2.9999
    endloop
  endfacet
  facet normal 0 -0 1
    outer loop
      vertex -4.62033 -3.49985 2.9999
      vertex -3.27 -3.31972 2.9999
      vertex -4.67261 -3.31589 2.9999
    endloop
  endfacet
  facet normal 0 -0 1
    outer loop
      vertex -4.0737 -3.94937 2.9999
      vertex -3.27 -3.31972 2.9999
      vertex -4.62033 -3.49985 2.9999
    endloop
  endfacet
  facet normal 0 -0 1
    outer loop
      vertex -3.99475 -3.96347 2.9999
      vertex -3.27 -3.31972 2.9999
      vertex -4.0737 -3.94937 2.9999
    endloop
  endfacet
  facet normal 0 0 1
    outer loop
      vertex -3.2776 -3.45052 2.9999
      vertex -3.85132 -3.97595 2.9999
      vertex -3.30325 -3.58099 2.9999
    endloop
  endfacet
  facet normal 0 -0 1
    outer loop
      vertex -3.67152 -3.95534 2.9999
      vertex -3.30325 -3.58099 2.9999
      vertex -3.85132 -3.97595 2.9999
    endloop
  endfacet
  facet normal 0 0 1
    outer loop
      vertex -3.35121 -3.70393 2.9999
      vertex -3.67152 -3.95534 2.9999
      vertex -3.42574 -3.81212 2.9999
    endloop
  endfacet
  facet normal 0 0 1
    outer loop
      vertex -3.42574 -3.81212 2.9999
      vertex -3.67152 -3.95534 2.9999
      vertex -3.5311 -3.89832 2.9999
    endloop
  endfacet
  facet normal 0 0 1
    outer loop
      vertex -3.30325 -3.58099 2.9999
      vertex -3.67152 -3.95534 2.9999
      vertex -3.35121 -3.70393 2.9999
    endloop
  endfacet
  facet normal 0 -0 1
    outer loop
      vertex -3.91975 -3.97266 2.9999
      vertex -3.2776 -3.45052 2.9999
      vertex -3.99475 -3.96347 2.9999
    endloop
  endfacet
  facet normal 0 0 1
    outer loop
      vertex -3.27 -3.31972 2.9999
      vertex -3.99475 -3.96347 2.9999
      vertex -3.2776 -3.45052 2.9999
    endloop
  endfacet
  facet normal 0 0 1
    outer loop
      vertex -4.0737 -3.94937 2.9999
      vertex -4.62033 -3.49985 2.9999
      vertex -4.15395 -3.93134 2.9999
    endloop
  endfacet
  facet normal -0 -0 1
    outer loop
      vertex -4.55396 -3.66643 2.9999
      vertex -4.23289 -3.91034 2.9999
      vertex -4.62033 -3.49985 2.9999
    endloop
  endfacet
  facet normal 0 0 1
    outer loop
      vertex -4.30789 -3.88741 2.9999
      vertex -4.55396 -3.66643 2.9999
      vertex -4.37633 -3.86349 2.9999
    endloop
  endfacet
  facet normal 0 0 1
    outer loop
      vertex -4.37633 -3.86349 2.9999
      vertex -4.55396 -3.66643 2.9999
      vertex -4.47284 -3.79465 2.9999
    endloop
  endfacet
  facet normal 0 0 1
    outer loop
      vertex -4.23289 -3.91034 2.9999
      vertex -4.55396 -3.66643 2.9999
      vertex -4.30789 -3.88741 2.9999
    endloop
  endfacet
  facet normal 0 0 1
    outer loop
      vertex -4.15395 -3.93134 2.9999
      vertex -4.62033 -3.49985 2.9999
      vertex -4.23289 -3.91034 2.9999
    endloop
  endfacet
  facet normal 0 -0 1
    outer loop
      vertex -3.85132 -3.97595 2.9999
      vertex -3.2776 -3.45052 2.9999
      vertex -3.91975 -3.97266 2.9999
    endloop
  endfacet
  facet normal 0 0 1
    outer loop
      vertex 15.5515 1.48953 2.9999
      vertex 15.5385 1.2682 2.9999
      vertex 15.5759 1.34912 2.9999
    endloop
  endfacet
  facet normal 0 0 1
    outer loop
      vertex 15.4375 1.1886 2.9999
      vertex 15.5515 1.48953 2.9999
      vertex 15.4865 1.63455 2.9999
    endloop
  endfacet
  facet normal 0 0 1
    outer loop
      vertex 15.5515 1.48953 2.9999
      vertex 15.4375 1.1886 2.9999
      vertex 15.5385 1.2682 2.9999
    endloop
  endfacet
  facet normal 0 0 1
    outer loop
      vertex 15.2896 1.11392 2.9999
      vertex 15.4865 1.63455 2.9999
      vertex 15.3929 1.77956 2.9999
    endloop
  endfacet
  facet normal 0 0 1
    outer loop
      vertex 15.4865 1.63455 2.9999
      vertex 15.2896 1.11392 2.9999
      vertex 15.4375 1.1886 2.9999
    endloop
  endfacet
  facet normal 0 0 1
    outer loop
      vertex 15.1115 1.04778 2.9999
      vertex 15.3929 1.77956 2.9999
      vertex 15.2829 1.91997 2.9999
    endloop
  endfacet
  facet normal 0 0 1
    outer loop
      vertex 14.92 0.993744 2.9999
      vertex 15.2829 1.91997 2.9999
      vertex 15.1686 2.05121 2.9999
    endloop
  endfacet
  facet normal 0 0 1
    outer loop
      vertex 15.3929 1.77956 2.9999
      vertex 15.1115 1.04778 2.9999
      vertex 15.2896 1.11392 2.9999
    endloop
  endfacet
  facet normal 0 0 1
    outer loop
      vertex 14.7317 0.955475 2.9999
      vertex 15.1686 2.05121 2.9999
      vertex 15.0622 2.16867 2.9999
    endloop
  endfacet
  facet normal 0 0 1
    outer loop
      vertex 14.8182 2.31047 2.9999
      vertex 15.0622 2.16867 2.9999
      vertex 14.9758 2.26779 2.9999
    endloop
  endfacet
  facet normal 0 0 1
    outer loop
      vertex 15.2829 1.91997 2.9999
      vertex 14.92 0.993744 2.9999
      vertex 15.1115 1.04778 2.9999
    endloop
  endfacet
  facet normal 0 0 1
    outer loop
      vertex 14.7317 0.955475 2.9999
      vertex 15.0622 2.16867 2.9999
      vertex 14.8182 2.31047 2.9999
    endloop
  endfacet
  facet normal 0 0 1
    outer loop
      vertex 15.1686 2.05121 2.9999
      vertex 14.7317 0.955475 2.9999
      vertex 14.92 0.993744 2.9999
    endloop
  endfacet
  facet normal 0 0 1
    outer loop
      vertex 14.6808 2.34299 2.9999
      vertex 14.7317 0.955475 2.9999
      vertex 14.8182 2.31047 2.9999
    endloop
  endfacet
  facet normal 0 0 1
    outer loop
      vertex 14.6808 2.34299 2.9999
      vertex 14.5634 0.936554 2.9999
      vertex 14.7317 0.955475 2.9999
    endloop
  endfacet
  facet normal 0 0 1
    outer loop
      vertex 14.5612 2.36665 2.9999
      vertex 14.5634 0.936554 2.9999
      vertex 14.6808 2.34299 2.9999
    endloop
  endfacet
  facet normal 0 0 1
    outer loop
      vertex 14.4566 2.38277 2.9999
      vertex 14.5634 0.936554 2.9999
      vertex 14.5612 2.36665 2.9999
    endloop
  endfacet
  facet normal 0 0 1
    outer loop
      vertex 14.2531 0.916702 2.9999
      vertex 14.4566 2.38277 2.9999
      vertex 14.3645 2.39267 2.9999
    endloop
  endfacet
  facet normal 0 0 1
    outer loop
      vertex 14.2531 0.916702 2.9999
      vertex 14.3645 2.39267 2.9999
      vertex 14.2822 2.39764 2.9999
    endloop
  endfacet
  facet normal 0 0 1
    outer loop
      vertex 14.4566 2.38277 2.9999
      vertex 14.2531 0.916702 2.9999
      vertex 14.5634 0.936554 2.9999
    endloop
  endfacet
  facet normal 0 0 1
    outer loop
      vertex 14.2072 2.39902 2.9999
      vertex 14.2531 0.916702 2.9999
      vertex 14.2822 2.39764 2.9999
    endloop
  endfacet
  facet normal 0 0 1
    outer loop
      vertex 14.2072 2.39902 2.9999
      vertex 14.002 0.904053 2.9999
      vertex 14.2531 0.916702 2.9999
    endloop
  endfacet
  facet normal -0 0 1
    outer loop
      vertex 13.5847 2.3802 2.9999
      vertex 14.002 0.904053 2.9999
      vertex 14.2072 2.39902 2.9999
    endloop
  endfacet
  facet normal 0 0 1
    outer loop
      vertex 14.002 0.904053 2.9999
      vertex 13.5847 2.3802 2.9999
      vertex 13.794 0.896667 2.9999
    endloop
  endfacet
  facet normal 0 0 1
    outer loop
      vertex 13.794 0.896667 2.9999
      vertex 13.5847 2.3802 2.9999
      vertex 13.6125 0.892563 2.9999
    endloop
  endfacet
  facet normal 0 0 1
    outer loop
      vertex 13.5847 2.3802 2.9999
      vertex 13.4412 0.889786 2.9999
      vertex 13.6125 0.892563 2.9999
    endloop
  endfacet
  facet normal -0 0 1
    outer loop
      vertex 13.0295 2.33122 2.9999
      vertex 13.4412 0.889786 2.9999
      vertex 13.5847 2.3802 2.9999
    endloop
  endfacet
  facet normal 0 0 1
    outer loop
      vertex 13.4412 0.889786 2.9999
      vertex 13.0295 2.33122 2.9999
      vertex 13.2636 0.886337 2.9999
    endloop
  endfacet
  facet normal 0 0 1
    outer loop
      vertex 13.2636 0.886337 2.9999
      vertex 13.0295 2.33122 2.9999
      vertex 13.0634 0.880264 2.9999
    endloop
  endfacet
  facet normal 0 0 1
    outer loop
      vertex 13.0295 2.33122 2.9999
      vertex 13.0232 0.880203 2.9999
      vertex 13.0634 0.880264 2.9999
    endloop
  endfacet
  facet normal 0 0 1
    outer loop
      vertex 13.0295 2.33122 2.9999
      vertex 12.983 0.879822 2.9999
      vertex 13.0232 0.880203 2.9999
    endloop
  endfacet
  facet normal 0 0 1
    outer loop
      vertex 13.0295 2.33122 2.9999
      vertex 12.9429 0.878784 2.9999
      vertex 12.983 0.879822 2.9999
    endloop
  endfacet
  facet normal 0 0 1
    outer loop
      vertex 13.0295 2.33122 2.9999
      vertex 12.9027 0.876755 2.9999
      vertex 12.9429 0.878784 2.9999
    endloop
  endfacet
  facet normal -0 0 1
    outer loop
      vertex 12.533 2.26323 2.9999
      vertex 12.9027 0.876755 2.9999
      vertex 13.0295 2.33122 2.9999
    endloop
  endfacet
  facet normal 0 0 1
    outer loop
      vertex 12.9027 0.876755 2.9999
      vertex 12.533 2.26323 2.9999
      vertex 12.8625 0.873428 2.9999
    endloop
  endfacet
  facet normal 0 0 1
    outer loop
      vertex 12.8625 0.873428 2.9999
      vertex 12.533 2.26323 2.9999
      vertex 12.8223 0.868439 2.9999
    endloop
  endfacet
  facet normal 0 0 1
    outer loop
      vertex 12.8223 0.868439 2.9999
      vertex 12.533 2.26323 2.9999
      vertex 12.7821 0.861496 2.9999
    endloop
  endfacet
  facet normal -0 0 1
    outer loop
      vertex 12.0866 2.18736 2.9999
      vertex 12.7821 0.861496 2.9999
      vertex 12.533 2.26323 2.9999
    endloop
  endfacet
  facet normal -0 0 1
    outer loop
      vertex 11.5447 0.899017 2.9999
      vertex 12.7821 0.861496 2.9999
      vertex 12.0866 2.18736 2.9999
    endloop
  endfacet
  facet normal 0 0 1
    outer loop
      vertex 12.7821 0.861496 2.9999
      vertex 11.5447 0.899017 2.9999
      vertex 12.746 0.818878 2.9999
    endloop
  endfacet
  facet normal 0 0 1
    outer loop
      vertex 12.746 0.818878 2.9999
      vertex 11.5447 0.899017 2.9999
      vertex 12.7047 0.754608 2.9999
    endloop
  endfacet
  facet normal 0 0 1
    outer loop
      vertex 12.5887 0.422028 2.9999
      vertex 11.5447 0.899017 2.9999
      vertex 12.5657 0.261307 2.9999
    endloop
  endfacet
  facet normal 0 0 1
    outer loop
      vertex 12.6221 0.557159 2.9999
      vertex 11.5447 0.899017 2.9999
      vertex 12.5887 0.422028 2.9999
    endloop
  endfacet
  facet normal 0 0 1
    outer loop
      vertex 12.7047 0.754608 2.9999
      vertex 11.5447 0.899017 2.9999
      vertex 12.6621 0.667694 2.9999
    endloop
  endfacet
  facet normal 0 0 1
    outer loop
      vertex 14.1078 -1.15375 2.9999
      vertex 14.4884 -0.694641 2.9999
      vertex 14.487 -0.618271 2.9999
    endloop
  endfacet
  facet normal 0 0 1
    outer loop
      vertex 14.1135 -0.113464 2.9999
      vertex 14.487 -0.618271 2.9999
      vertex 14.4825 -0.536011 2.9999
    endloop
  endfacet
  facet normal 0 0 1
    outer loop
      vertex 14.4884 -0.694641 2.9999
      vertex 14.1078 -1.15375 2.9999
      vertex 14.4858 -0.765808 2.9999
    endloop
  endfacet
  facet normal 0 0 1
    outer loop
      vertex 14.1135 -0.113464 2.9999
      vertex 14.4825 -0.536011 2.9999
      vertex 14.4736 -0.451141 2.9999
    endloop
  endfacet
  facet normal 0 0 1
    outer loop
      vertex 14.4858 -0.765808 2.9999
      vertex 14.1078 -1.15375 2.9999
      vertex 14.477 -0.846176 2.9999
    endloop
  endfacet
  facet normal 0 0 1
    outer loop
      vertex 14.1135 -0.113464 2.9999
      vertex 14.4736 -0.451141 2.9999
      vertex 14.4595 -0.366913 2.9999
    endloop
  endfacet
  facet normal 0 0 1
    outer loop
      vertex 14.1135 -0.113464 2.9999
      vertex 14.4595 -0.366913 2.9999
      vertex 14.4392 -0.286636 2.9999
    endloop
  endfacet
  facet normal 0 0 1
    outer loop
      vertex 14.487 -0.618271 2.9999
      vertex 14.1135 -0.113464 2.9999
      vertex 13.8786 -1.16406 2.9999
    endloop
  endfacet
  facet normal 0 0 1
    outer loop
      vertex 14.1135 -0.113464 2.9999
      vertex 14.4392 -0.286636 2.9999
      vertex 14.4116 -0.213562 2.9999
    endloop
  endfacet
  facet normal 0 0 1
    outer loop
      vertex 14.477 -0.846176 2.9999
      vertex 14.1078 -1.15375 2.9999
      vertex 14.4604 -0.928848 2.9999
    endloop
  endfacet
  facet normal 0 0 1
    outer loop
      vertex 14.1135 -0.113464 2.9999
      vertex 14.4116 -0.213562 2.9999
      vertex 14.3759 -0.150986 2.9999
    endloop
  endfacet
  facet normal 0 0 1
    outer loop
      vertex 14.4604 -0.928848 2.9999
      vertex 14.1078 -1.15375 2.9999
      vertex 14.4342 -1.00693 2.9999
    endloop
  endfacet
  facet normal 0 -0 1
    outer loop
      vertex 14.2822 -1.14473 2.9999
      vertex 14.4342 -1.00693 2.9999
      vertex 14.1078 -1.15375 2.9999
    endloop
  endfacet
  facet normal 0 0 1
    outer loop
      vertex 14.4342 -1.00693 2.9999
      vertex 14.2822 -1.14473 2.9999
      vertex 14.3969 -1.07352 2.9999
    endloop
  endfacet
  facet normal 0 0 1
    outer loop
      vertex 14.3969 -1.07352 2.9999
      vertex 14.2822 -1.14473 2.9999
      vertex 14.3468 -1.12175 2.9999
    endloop
  endfacet
  facet normal 0 0 1
    outer loop
      vertex 14.487 -0.618271 2.9999
      vertex 13.8786 -1.16406 2.9999
      vertex 14.1078 -1.15375 2.9999
    endloop
  endfacet
  facet normal 0 0 1
    outer loop
      vertex 14.1135 -0.113464 2.9999
      vertex 13.6018 -1.17471 2.9999
      vertex 13.8786 -1.16406 2.9999
    endloop
  endfacet
  facet normal 0 0 1
    outer loop
      vertex 14.1135 -0.113464 2.9999
      vertex 13.2847 -1.18469 2.9999
      vertex 13.6018 -1.17471 2.9999
    endloop
  endfacet
  facet normal -0 0 1
    outer loop
      vertex 12.7259 -0.113464 2.9999
      vertex 13.2847 -1.18469 2.9999
      vertex 14.1135 -0.113464 2.9999
    endloop
  endfacet
  facet normal 0 0 1
    outer loop
      vertex 13.2847 -1.18469 2.9999
      vertex 12.7259 -0.113464 2.9999
      vertex 12.9344 -1.19304 2.9999
    endloop
  endfacet
  facet normal 0 0 1
    outer loop
      vertex 12.5583 -1.19876 2.9999
      vertex 12.7259 -0.113464 2.9999
      vertex 12.6753 -0.10701 2.9999
    endloop
  endfacet
  facet normal 0 0 1
    outer loop
      vertex 12.5583 -1.19876 2.9999
      vertex 12.6753 -0.10701 2.9999
      vertex 12.6351 -0.089386 2.9999
    endloop
  endfacet
  facet normal 0 0 1
    outer loop
      vertex 12.1634 -1.20088 2.9999
      vertex 12.6351 -0.089386 2.9999
      vertex 12.6044 -0.0632477 2.9999
    endloop
  endfacet
  facet normal 0 0 1
    outer loop
      vertex 12.1313 -1.20264 2.9999
      vertex 12.6044 -0.0632477 2.9999
      vertex 12.5823 -0.0312042 2.9999
    endloop
  endfacet
  facet normal 0 0 1
    outer loop
      vertex 11.0946 -0.132217 2.9999
      vertex 12.5823 -0.0312042 2.9999
      vertex 12.5677 0.00410461 2.9999
    endloop
  endfacet
  facet normal 0 0 1
    outer loop
      vertex 12.7259 -0.113464 2.9999
      vertex 12.5583 -1.19876 2.9999
      vertex 12.9344 -1.19304 2.9999
    endloop
  endfacet
  facet normal 0 0 1
    outer loop
      vertex 11.0946 -0.132217 2.9999
      vertex 12.5677 0.00410461 2.9999
      vertex 12.5596 0.0400543 2.9999
    endloop
  endfacet
  facet normal 0 0 1
    outer loop
      vertex 11.0946 -0.132217 2.9999
      vertex 12.5596 0.0400543 2.9999
      vertex 12.5572 0.0740356 2.9999
    endloop
  endfacet
  facet normal 0 0 1
    outer loop
      vertex 12.5657 0.261307 2.9999
      vertex 11.5447 0.899017 2.9999
      vertex 12.5572 0.0740356 2.9999
    endloop
  endfacet
  facet normal 0 0 1
    outer loop
      vertex 11.0946 -0.132217 2.9999
      vertex 12.5572 0.0740356 2.9999
      vertex 11.5447 0.899017 2.9999
    endloop
  endfacet
  facet normal 0 0 1
    outer loop
      vertex 12.6351 -0.089386 2.9999
      vertex 12.1634 -1.20088 2.9999
      vertex 12.5583 -1.19876 2.9999
    endloop
  endfacet
  facet normal 0 0 1
    outer loop
      vertex 12.5823 -0.0312042 2.9999
      vertex 11.0946 -0.132217 2.9999
      vertex 12.1152 -1.20679 2.9999
    endloop
  endfacet
  facet normal 0 0 1
    outer loop
      vertex 12.6044 -0.0632477 2.9999
      vertex 12.1473 -1.20111 2.9999
      vertex 12.1634 -1.20088 2.9999
    endloop
  endfacet
  facet normal 0 0 1
    outer loop
      vertex 12.6044 -0.0632477 2.9999
      vertex 12.1313 -1.20264 2.9999
      vertex 12.1473 -1.20111 2.9999
    endloop
  endfacet
  facet normal 0 0 1
    outer loop
      vertex 12.6621 0.667694 2.9999
      vertex 11.5447 0.899017 2.9999
      vertex 12.6221 0.557159 2.9999
    endloop
  endfacet
  facet normal 0 0 1
    outer loop
      vertex 12.5823 -0.0312042 2.9999
      vertex 12.1152 -1.20679 2.9999
      vertex 12.1313 -1.20264 2.9999
    endloop
  endfacet
  facet normal 0 0 1
    outer loop
      vertex 12.1152 -1.20679 2.9999
      vertex 11.0946 -0.132217 2.9999
      vertex 12.0991 -1.21489 2.9999
    endloop
  endfacet
  facet normal 0 0 1
    outer loop
      vertex 12.0991 -1.21489 2.9999
      vertex 11.0946 -0.132217 2.9999
      vertex 12.0831 -1.22824 2.9999
    endloop
  endfacet
  facet normal 0 0 1
    outer loop
      vertex 12.0831 -1.22824 2.9999
      vertex 11.0946 -0.132217 2.9999
      vertex 12.067 -1.24815 2.9999
    endloop
  endfacet
  facet normal -0 0 1
    outer loop
      vertex 10.6634 -1.14473 2.9999
      vertex 12.067 -1.24815 2.9999
      vertex 11.0946 -0.132217 2.9999
    endloop
  endfacet
  facet normal 0 0 1
    outer loop
      vertex 12.067 -1.24815 2.9999
      vertex 10.6634 -1.14473 2.9999
      vertex 12.0509 -1.27594 2.9999
    endloop
  endfacet
  facet normal 0 0 1
    outer loop
      vertex 12.0509 -1.27594 2.9999
      vertex 10.6634 -1.14473 2.9999
      vertex 12.0063 -1.44788 2.9999
    endloop
  endfacet
  facet normal 0 0 1
    outer loop
      vertex 12.0063 -1.44788 2.9999
      vertex 10.6634 -1.14473 2.9999
      vertex 11.9535 -1.62505 2.9999
    endloop
  endfacet
  facet normal 0 0 1
    outer loop
      vertex 11.5447 0.899017 2.9999
      vertex 12.0866 2.18736 2.9999
      vertex 11.6819 2.11479 2.9999
    endloop
  endfacet
  facet normal 0 0 1
    outer loop
      vertex 11.9535 -1.62505 2.9999
      vertex 10.6634 -1.14473 2.9999
      vertex 11.8934 -1.80582 2.9999
    endloop
  endfacet
  facet normal -0 0 1
    outer loop
      vertex 10.5725 -1.39337 2.9999
      vertex 11.8934 -1.80582 2.9999
      vertex 10.6634 -1.14473 2.9999
    endloop
  endfacet
  facet normal 0 0 1
    outer loop
      vertex 11.8934 -1.80582 2.9999
      vertex 10.5725 -1.39337 2.9999
      vertex 11.8272 -1.98856 2.9999
    endloop
  endfacet
  facet normal 0 0 1
    outer loop
      vertex 11.6819 2.11479 2.9999
      vertex 11.3497 0.990051 2.9999
      vertex 11.5447 0.899017 2.9999
    endloop
  endfacet
  facet normal -0 0 1
    outer loop
      vertex 11.3104 2.05666 2.9999
      vertex 11.3497 0.990051 2.9999
      vertex 11.6819 2.11479 2.9999
    endloop
  endfacet
  facet normal 0 0 1
    outer loop
      vertex 11.3104 2.05666 2.9999
      vertex 11.1442 1.08765 2.9999
      vertex 11.3497 0.990051 2.9999
    endloop
  endfacet
  facet normal 0 0 1
    outer loop
      vertex 10.9429 1.19376 2.9999
      vertex 11.3104 2.05666 2.9999
      vertex 10.9634 2.02411 2.9999
    endloop
  endfacet
  facet normal 0 0 1
    outer loop
      vertex 11.3104 2.05666 2.9999
      vertex 10.9429 1.19376 2.9999
      vertex 11.1442 1.08765 2.9999
    endloop
  endfacet
  facet normal 0 0 1
    outer loop
      vertex 10.7607 1.31036 2.9999
      vertex 10.9634 2.02411 2.9999
      vertex 10.836 2.01344 2.9999
    endloop
  endfacet
  facet normal 0 0 1
    outer loop
      vertex 10.9634 2.02411 2.9999
      vertex 10.7607 1.31036 2.9999
      vertex 10.9429 1.19376 2.9999
    endloop
  endfacet
  facet normal 0 0 1
    outer loop
      vertex 10.6123 1.43944 2.9999
      vertex 10.836 2.01344 2.9999
      vertex 10.7273 1.99622 2.9999
    endloop
  endfacet
  facet normal 0 0 1
    outer loop
      vertex 10.5125 1.58292 2.9999
      vertex 10.7273 1.99622 2.9999
      vertex 10.6377 1.97046 2.9999
    endloop
  endfacet
  facet normal 0 0 1
    outer loop
      vertex 10.836 2.01344 2.9999
      vertex 10.6123 1.43944 2.9999
      vertex 10.7607 1.31036 2.9999
    endloop
  endfacet
  facet normal 0 0 1
    outer loop
      vertex 10.4759 1.74277 2.9999
      vertex 10.6377 1.97046 2.9999
      vertex 10.5674 1.9342 2.9999
    endloop
  endfacet
  facet normal 0 0 1
    outer loop
      vertex 10.4862 1.82233 2.9999
      vertex 10.5674 1.9342 2.9999
      vertex 10.5168 1.88548 2.9999
    endloop
  endfacet
  facet normal 0 0 1
    outer loop
      vertex 10.7273 1.99622 2.9999
      vertex 10.5125 1.58292 2.9999
      vertex 10.6123 1.43944 2.9999
    endloop
  endfacet
  facet normal 0 0 1
    outer loop
      vertex 10.5674 1.9342 2.9999
      vertex 10.4862 1.82233 2.9999
      vertex 10.4759 1.74277 2.9999
    endloop
  endfacet
  facet normal 0 0 1
    outer loop
      vertex 10.6377 1.97046 2.9999
      vertex 10.4759 1.74277 2.9999
      vertex 10.5125 1.58292 2.9999
    endloop
  endfacet
  facet normal 0 0 1
    outer loop
      vertex 14.6179 -3.01102 2.9999
      vertex 14.6933 -2.80521 2.9999
      vertex 14.6946 -2.75717 2.9999
    endloop
  endfacet
  facet normal 0 0 1
    outer loop
      vertex 14.6179 -3.01102 2.9999
      vertex 14.6946 -2.75717 2.9999
      vertex 14.6805 -2.64928 2.9999
    endloop
  endfacet
  facet normal 0 0 1
    outer loop
      vertex 14.6933 -2.80521 2.9999
      vertex 14.6179 -3.01102 2.9999
      vertex 14.6887 -2.85226 2.9999
    endloop
  endfacet
  facet normal 0 0 1
    outer loop
      vertex 14.6887 -2.85226 2.9999
      vertex 14.6179 -3.01102 2.9999
      vertex 14.6799 -2.89737 2.9999
    endloop
  endfacet
  facet normal 0 0 1
    outer loop
      vertex 14.6799 -2.89737 2.9999
      vertex 14.6179 -3.01102 2.9999
      vertex 14.6658 -2.93953 2.9999
    endloop
  endfacet
  facet normal 0 0 1
    outer loop
      vertex 14.6179 -3.01102 2.9999
      vertex 14.6805 -2.64928 2.9999
      vertex 14.6411 -2.53908 2.9999
    endloop
  endfacet
  facet normal 0 0 1
    outer loop
      vertex 14.6658 -2.93953 2.9999
      vertex 14.6179 -3.01102 2.9999
      vertex 14.6455 -2.97774 2.9999
    endloop
  endfacet
  facet normal 0 0 1
    outer loop
      vertex 14.3278 -3.233 2.9999
      vertex 14.6411 -2.53908 2.9999
      vertex 14.581 -2.43346 2.9999
    endloop
  endfacet
  facet normal 0 0 1
    outer loop
      vertex 14.1424 -2.19571 2.9999
      vertex 14.581 -2.43346 2.9999
      vertex 14.5049 -2.33931 2.9999
    endloop
  endfacet
  facet normal 0 0 1
    outer loop
      vertex 14.1424 -2.19571 2.9999
      vertex 14.5049 -2.33931 2.9999
      vertex 14.4173 -2.26352 2.9999
    endloop
  endfacet
  facet normal 0 0 1
    outer loop
      vertex 14.6411 -2.53908 2.9999
      vertex 14.3278 -3.233 2.9999
      vertex 14.6179 -3.01102 2.9999
    endloop
  endfacet
  facet normal 0 0 1
    outer loop
      vertex 14.2259 -2.19463 2.9999
      vertex 14.4173 -2.26352 2.9999
      vertex 14.3228 -2.213 2.9999
    endloop
  endfacet
  facet normal 0 0 1
    outer loop
      vertex 14.4173 -2.26352 2.9999
      vertex 14.2259 -2.19463 2.9999
      vertex 14.1424 -2.19571 2.9999
    endloop
  endfacet
  facet normal 0 0 1
    outer loop
      vertex 14.581 -2.43346 2.9999
      vertex 14.1424 -2.19571 2.9999
      vertex 14.3278 -3.233 2.9999
    endloop
  endfacet
  facet normal -0 0 1
    outer loop
      vertex 14.054 -2.19878 2.9999
      vertex 14.3278 -3.233 2.9999
      vertex 14.1424 -2.19571 2.9999
    endloop
  endfacet
  facet normal -0 0 1
    outer loop
      vertex 13.9627 -2.20348 2.9999
      vertex 14.3278 -3.233 2.9999
      vertex 14.054 -2.19878 2.9999
    endloop
  endfacet
  facet normal -0 0 1
    outer loop
      vertex 13.8704 -2.2095 2.9999
      vertex 14.3278 -3.233 2.9999
      vertex 13.9627 -2.20348 2.9999
    endloop
  endfacet
  facet normal -0 0 1
    outer loop
      vertex 13.779 -2.21651 2.9999
      vertex 14.3278 -3.233 2.9999
      vertex 13.8704 -2.2095 2.9999
    endloop
  endfacet
  facet normal 0 0 1
    outer loop
      vertex 14.3278 -3.233 2.9999
      vertex 13.779 -2.21651 2.9999
      vertex 14.0048 -3.46336 2.9999
    endloop
  endfacet
  facet normal -0 0 1
    outer loop
      vertex 13.6907 -2.22417 2.9999
      vertex 14.0048 -3.46336 2.9999
      vertex 13.779 -2.21651 2.9999
    endloop
  endfacet
  facet normal -0 0 1
    outer loop
      vertex 13.6072 -2.23215 2.9999
      vertex 14.0048 -3.46336 2.9999
      vertex 13.6907 -2.22417 2.9999
    endloop
  endfacet
  facet normal -0 0 1
    outer loop
      vertex 13.1232 -2.28421 2.9999
      vertex 14.0048 -3.46336 2.9999
      vertex 13.6072 -2.23215 2.9999
    endloop
  endfacet
  facet normal 0 0 1
    outer loop
      vertex 14.0048 -3.46336 2.9999
      vertex 13.1232 -2.28421 2.9999
      vertex 13.6228 -3.70555 2.9999
    endloop
  endfacet
  facet normal 0 0 1
    outer loop
      vertex 13.6228 -3.70555 2.9999
      vertex 13.1232 -2.28421 2.9999
      vertex 13.1913 -3.93559 2.9999
    endloop
  endfacet
  facet normal -0 0 1
    outer loop
      vertex 12.7011 -2.34085 2.9999
      vertex 13.1913 -3.93559 2.9999
      vertex 13.1232 -2.28421 2.9999
    endloop
  endfacet
  facet normal -0 0 1
    outer loop
      vertex 12.3433 -2.39748 2.9999
      vertex 13.1913 -3.93559 2.9999
      vertex 12.7011 -2.34085 2.9999
    endloop
  endfacet
  facet normal 0 0 1
    outer loop
      vertex 13.1913 -3.93559 2.9999
      vertex 12.3433 -2.39748 2.9999
      vertex 12.7198 -4.12955 2.9999
    endloop
  endfacet
  facet normal -0 0 1
    outer loop
      vertex 12.0521 -2.44951 2.9999
      vertex 12.7198 -4.12955 2.9999
      vertex 12.3433 -2.39748 2.9999
    endloop
  endfacet
  facet normal 0 0 1
    outer loop
      vertex 12.7198 -4.12955 2.9999
      vertex 12.0521 -2.44951 2.9999
      vertex 12.2177 -4.26347 2.9999
    endloop
  endfacet
  facet normal -0 0 1
    outer loop
      vertex 11.8297 -2.49234 2.9999
      vertex 12.2177 -4.26347 2.9999
      vertex 12.0521 -2.44951 2.9999
    endloop
  endfacet
  facet normal -0 0 1
    outer loop
      vertex 11.6786 -2.52141 2.9999
      vertex 12.2177 -4.26347 2.9999
      vertex 11.8297 -2.49234 2.9999
    endloop
  endfacet
  facet normal 0 0 1
    outer loop
      vertex 12.2177 -4.26347 2.9999
      vertex 11.6786 -2.52141 2.9999
      vertex 11.6947 -4.31345 2.9999
    endloop
  endfacet
  facet normal -0 0 1
    outer loop
      vertex 11.6008 -2.53212 2.9999
      vertex 11.6947 -4.31345 2.9999
      vertex 11.6786 -2.52141 2.9999
    endloop
  endfacet
  facet normal 0 0 1
    outer loop
      vertex 11.6008 -2.53212 2.9999
      vertex 11.2869 -4.26851 2.9999
      vertex 11.6947 -4.31345 2.9999
    endloop
  endfacet
  facet normal -0 0 1
    outer loop
      vertex 10.4803 -1.6394 2.9999
      vertex 11.8272 -1.98856 2.9999
      vertex 10.5725 -1.39337 2.9999
    endloop
  endfacet
  facet normal 0 0 1
    outer loop
      vertex 11.8272 -1.98856 2.9999
      vertex 10.4803 -1.6394 2.9999
      vertex 11.7557 -2.1716 2.9999
    endloop
  endfacet
  facet normal 0 0 1
    outer loop
      vertex 10.6091 -0.998856 2.9999
      vertex 11.0946 -0.132217 2.9999
      vertex 11.0223 -0.143494 2.9999
    endloop
  endfacet
  facet normal 0 0 1
    outer loop
      vertex 10.5807 -0.933136 2.9999
      vertex 11.0223 -0.143494 2.9999
      vertex 10.9504 -0.160324 2.9999
    endloop
  endfacet
  facet normal 0 0 1
    outer loop
      vertex 11.7557 -2.1716 2.9999
      vertex 10.4803 -1.6394 2.9999
      vertex 11.6799 -2.35335 2.9999
    endloop
  endfacet
  facet normal 0 0 1
    outer loop
      vertex 10.5547 -0.868729 2.9999
      vertex 10.9504 -0.160324 2.9999
      vertex 10.8791 -0.181412 2.9999
    endloop
  endfacet
  facet normal 0 0 1
    outer loop
      vertex 10.5134 -0.657242 2.9999
      vertex 10.8791 -0.181412 2.9999
      vertex 10.8088 -0.20546 2.9999
    endloop
  endfacet
  facet normal 0 0 1
    outer loop
      vertex 10.5545 -0.445511 2.9999
      vertex 10.8088 -0.20546 2.9999
      vertex 10.7398 -0.23114 2.9999
    endloop
  endfacet
  facet normal 0 0 1
    outer loop
      vertex 10.5722 -0.395889 2.9999
      vertex 10.7398 -0.23114 2.9999
      vertex 10.6725 -0.257156 2.9999
    endloop
  endfacet
  facet normal -0 0 1
    outer loop
      vertex 10.3923 -1.8802 2.9999
      vertex 11.6799 -2.35335 2.9999
      vertex 10.4803 -1.6394 2.9999
    endloop
  endfacet
  facet normal 0 0 1
    outer loop
      vertex 11.6799 -2.35335 2.9999
      vertex 10.3923 -1.8802 2.9999
      vertex 11.6008 -2.53212 2.9999
    endloop
  endfacet
  facet normal 0 0 1
    outer loop
      vertex 11.0946 -0.132217 2.9999
      vertex 10.6374 -1.06851 2.9999
      vertex 10.6634 -1.14473 2.9999
    endloop
  endfacet
  facet normal 0 0 1
    outer loop
      vertex 11.0946 -0.132217 2.9999
      vertex 10.6091 -0.998856 2.9999
      vertex 10.6374 -1.06851 2.9999
    endloop
  endfacet
  facet normal 0 0 1
    outer loop
      vertex 10.5901 -0.342331 2.9999
      vertex 10.6725 -0.257156 2.9999
      vertex 10.6071 -0.282211 2.9999
    endloop
  endfacet
  facet normal 0 0 1
    outer loop
      vertex 10.5722 -0.395889 2.9999
      vertex 10.6725 -0.257156 2.9999
      vertex 10.5901 -0.342331 2.9999
    endloop
  endfacet
  facet normal 0 0 1
    outer loop
      vertex 10.7398 -0.23114 2.9999
      vertex 10.5722 -0.395889 2.9999
      vertex 10.5545 -0.445511 2.9999
    endloop
  endfacet
  facet normal 0 0 1
    outer loop
      vertex 11.0223 -0.143494 2.9999
      vertex 10.5807 -0.933136 2.9999
      vertex 10.6091 -0.998856 2.9999
    endloop
  endfacet
  facet normal 0 0 1
    outer loop
      vertex 10.8088 -0.20546 2.9999
      vertex 10.5545 -0.445511 2.9999
      vertex 10.5385 -0.493835 2.9999
    endloop
  endfacet
  facet normal 0 0 1
    outer loop
      vertex 10.9504 -0.160324 2.9999
      vertex 10.5547 -0.868729 2.9999
      vertex 10.5807 -0.933136 2.9999
    endloop
  endfacet
  facet normal 0 0 1
    outer loop
      vertex 10.8088 -0.20546 2.9999
      vertex 10.5385 -0.493835 2.9999
      vertex 10.5255 -0.543472 2.9999
    endloop
  endfacet
  facet normal 0 0 1
    outer loop
      vertex 10.8791 -0.181412 2.9999
      vertex 10.5333 -0.803024 2.9999
      vertex 10.5547 -0.868729 2.9999
    endloop
  endfacet
  facet normal 0 0 1
    outer loop
      vertex 10.5166 -0.597061 2.9999
      vertex 10.8088 -0.20546 2.9999
      vertex 10.5255 -0.543472 2.9999
    endloop
  endfacet
  facet normal 0 0 1
    outer loop
      vertex 10.8791 -0.181412 2.9999
      vertex 10.5188 -0.733398 2.9999
      vertex 10.5333 -0.803024 2.9999
    endloop
  endfacet
  facet normal 0 0 1
    outer loop
      vertex 10.5134 -0.657242 2.9999
      vertex 10.8088 -0.20546 2.9999
      vertex 10.5166 -0.597061 2.9999
    endloop
  endfacet
  facet normal 0 0 1
    outer loop
      vertex 10.8791 -0.181412 2.9999
      vertex 10.5134 -0.657242 2.9999
      vertex 10.5188 -0.733398 2.9999
    endloop
  endfacet
  facet normal -0 0 1
    outer loop
      vertex 10.3142 -2.11313 2.9999
      vertex 11.6008 -2.53212 2.9999
      vertex 10.3923 -1.8802 2.9999
    endloop
  endfacet
  facet normal -0 0 1
    outer loop
      vertex 10.2515 -2.33556 2.9999
      vertex 11.6008 -2.53212 2.9999
      vertex 10.3142 -2.11313 2.9999
    endloop
  endfacet
  facet normal 0 0 1
    outer loop
      vertex 10.2098 -2.54485 2.9999
      vertex 11.6008 -2.53212 2.9999
      vertex 10.2515 -2.33556 2.9999
    endloop
  endfacet
  facet normal 0 0 1
    outer loop
      vertex 10.1947 -2.7384 2.9999
      vertex 11.6008 -2.53212 2.9999
      vertex 10.2098 -2.54485 2.9999
    endloop
  endfacet
  facet normal 0 -0 1
    outer loop
      vertex 10.4604 -3.69679 2.9999
      vertex 11.6008 -2.53212 2.9999
      vertex 10.3117 -3.40323 2.9999
    endloop
  endfacet
  facet normal 0 -0 1
    outer loop
      vertex 10.6714 -3.94739 2.9999
      vertex 11.6008 -2.53212 2.9999
      vertex 10.4604 -3.69679 2.9999
    endloop
  endfacet
  facet normal 0 0 1
    outer loop
      vertex 11.6008 -2.53212 2.9999
      vertex 10.9463 -4.14223 2.9999
      vertex 11.2869 -4.26851 2.9999
    endloop
  endfacet
  facet normal 0 0 1
    outer loop
      vertex 11.6008 -2.53212 2.9999
      vertex 10.6714 -3.94739 2.9999
      vertex 10.9463 -4.14223 2.9999
    endloop
  endfacet
  facet normal 0 -0 1
    outer loop
      vertex 10.3117 -3.40323 2.9999
      vertex 11.6008 -2.53212 2.9999
      vertex 10.2237 -3.0795 2.9999
    endloop
  endfacet
  facet normal 0 0 1
    outer loop
      vertex 11.6008 -2.53212 2.9999
      vertex 10.1947 -2.7384 2.9999
      vertex 10.2237 -3.0795 2.9999
    endloop
  endfacet
  facet normal 0.0637618 -0.997965 0
    outer loop
      vertex -15.7066 -5.43622 2
      vertex -15.6105 -5.43008 2.9999
      vertex -15.7066 -5.43622 2.9999
    endloop
  endfacet
  facet normal 0.0637618 -0.997965 0
    outer loop
      vertex -15.6105 -5.43008 2.9999
      vertex -15.7066 -5.43622 2
      vertex -15.6105 -5.43008 2
    endloop
  endfacet
  facet normal 0.101209 -0.994865 0
    outer loop
      vertex -15.6105 -5.43008 2
      vertex -15.5181 -5.42068 2.9999
      vertex -15.6105 -5.43008 2.9999
    endloop
  endfacet
  facet normal 0.101209 -0.994865 0
    outer loop
      vertex -15.5181 -5.42068 2.9999
      vertex -15.6105 -5.43008 2
      vertex -15.5181 -5.42068 2
    endloop
  endfacet
  facet normal 0.131661 -0.991295 0
    outer loop
      vertex -15.5181 -5.42068 2
      vertex -15.4276 -5.40866 2.9999
      vertex -15.5181 -5.42068 2.9999
    endloop
  endfacet
  facet normal 0.131661 -0.991295 0
    outer loop
      vertex -15.4276 -5.40866 2.9999
      vertex -15.5181 -5.42068 2
      vertex -15.4276 -5.40866 2
    endloop
  endfacet
  facet normal 0.153326 -0.988176 0
    outer loop
      vertex -15.4276 -5.40866 2
      vertex -15.3375 -5.39468 2.9999
      vertex -15.4276 -5.40866 2.9999
    endloop
  endfacet
  facet normal 0.153326 -0.988176 0
    outer loop
      vertex -15.3375 -5.39468 2.9999
      vertex -15.4276 -5.40866 2
      vertex -15.3375 -5.39468 2
    endloop
  endfacet
  facet normal 0.164818 -0.986324 0
    outer loop
      vertex -15.3375 -5.39468 2
      vertex -15.246 -5.37939 2.9999
      vertex -15.3375 -5.39468 2.9999
    endloop
  endfacet
  facet normal 0.164818 -0.986324 0
    outer loop
      vertex -15.246 -5.37939 2.9999
      vertex -15.3375 -5.39468 2
      vertex -15.246 -5.37939 2
    endloop
  endfacet
  facet normal 0.166194 -0.986093 0
    outer loop
      vertex -15.246 -5.37939 2
      vertex -15.1516 -5.36348 2.9999
      vertex -15.246 -5.37939 2.9999
    endloop
  endfacet
  facet normal 0.166194 -0.986093 0
    outer loop
      vertex -15.1516 -5.36348 2.9999
      vertex -15.246 -5.37939 2
      vertex -15.1516 -5.36348 2
    endloop
  endfacet
  facet normal 0.957496 -0.288447 0
    outer loop
      vertex -15.1516 -5.36348 2.9999
      vertex -15.1008 -5.19485 2
      vertex -15.1008 -5.19485 2.9999
    endloop
  endfacet
  facet normal 0.957496 -0.288447 0
    outer loop
      vertex -15.1008 -5.19485 2
      vertex -15.1516 -5.36348 2.9999
      vertex -15.1516 -5.36348 2
    endloop
  endfacet
  facet normal 0.958983 -0.283463 0
    outer loop
      vertex -15.1008 -5.19485 2.9999
      vertex -15.0594 -5.05479 2
      vertex -15.0594 -5.05479 2.9999
    endloop
  endfacet
  facet normal 0.958983 -0.283463 0
    outer loop
      vertex -15.0594 -5.05479 2
      vertex -15.1008 -5.19485 2.9999
      vertex -15.1008 -5.19485 2
    endloop
  endfacet
  facet normal 0.961202 -0.275845 0
    outer loop
      vertex -15.0594 -5.05479 2.9999
      vertex -15.0257 -4.93736 2
      vertex -15.0257 -4.93736 2.9999
    endloop
  endfacet
  facet normal 0.961202 -0.275845 0
    outer loop
      vertex -15.0257 -4.93736 2
      vertex -15.0594 -5.05479 2.9999
      vertex -15.0594 -5.05479 2
    endloop
  endfacet
  facet normal 0.962712 -0.270527 0
    outer loop
      vertex -15.0257 -4.93736 2.9999
      vertex -14.9974 -4.83665 2
      vertex -14.9974 -4.83665 2.9999
    endloop
  endfacet
  facet normal 0.962712 -0.270527 0
    outer loop
      vertex -14.9974 -4.83665 2
      vertex -15.0257 -4.93736 2.9999
      vertex -15.0257 -4.93736 2
    endloop
  endfacet
  facet normal 0.964518 -0.264016 0
    outer loop
      vertex -14.9974 -4.83665 2.9999
      vertex -14.9728 -4.74678 2
      vertex -14.9728 -4.74678 2.9999
    endloop
  endfacet
  facet normal 0.964518 -0.264016 0
    outer loop
      vertex -14.9728 -4.74678 2
      vertex -14.9974 -4.83665 2.9999
      vertex -14.9974 -4.83665 2
    endloop
  endfacet
  facet normal 0.965247 -0.261338 0
    outer loop
      vertex -14.9728 -4.74678 2.9999
      vertex -14.9498 -4.66183 2
      vertex -14.9498 -4.66183 2.9999
    endloop
  endfacet
  facet normal 0.965247 -0.261338 0
    outer loop
      vertex -14.9498 -4.66183 2
      vertex -14.9728 -4.74678 2.9999
      vertex -14.9728 -4.74678 2
    endloop
  endfacet
  facet normal 0.965164 -0.261644 0
    outer loop
      vertex -14.9498 -4.66183 2.9999
      vertex -14.9265 -4.57588 2
      vertex -14.9265 -4.57588 2.9999
    endloop
  endfacet
  facet normal 0.965164 -0.261644 0
    outer loop
      vertex -14.9265 -4.57588 2
      vertex -14.9498 -4.66183 2.9999
      vertex -14.9498 -4.66183 2
    endloop
  endfacet
  facet normal -0.151328 -0.988484 0
    outer loop
      vertex -14.9265 -4.57588 2
      vertex -14.5545 -4.63283 2.9999
      vertex -14.9265 -4.57588 2.9999
    endloop
  endfacet
  facet normal -0.151328 -0.988484 -0
    outer loop
      vertex -14.5545 -4.63283 2.9999
      vertex -14.9265 -4.57588 2
      vertex -14.5545 -4.63283 2
    endloop
  endfacet
  facet normal -0.143235 -0.989689 0
    outer loop
      vertex -14.5545 -4.63283 2
      vertex -14.1657 -4.6891 2.9999
      vertex -14.5545 -4.63283 2.9999
    endloop
  endfacet
  facet normal -0.143235 -0.989689 -0
    outer loop
      vertex -14.1657 -4.6891 2.9999
      vertex -14.5545 -4.63283 2
      vertex -14.1657 -4.6891 2
    endloop
  endfacet
  facet normal -0.130781 -0.991411 0
    outer loop
      vertex -14.1657 -4.6891 2
      vertex -13.7665 -4.74176 2.9999
      vertex -14.1657 -4.6891 2.9999
    endloop
  endfacet
  facet normal -0.130781 -0.991411 -0
    outer loop
      vertex -13.7665 -4.74176 2.9999
      vertex -14.1657 -4.6891 2
      vertex -13.7665 -4.74176 2
    endloop
  endfacet
  facet normal -0.113512 -0.993537 0
    outer loop
      vertex -13.7665 -4.74176 2
      vertex -13.363 -4.78786 2.9999
      vertex -13.7665 -4.74176 2.9999
    endloop
  endfacet
  facet normal -0.113512 -0.993537 -0
    outer loop
      vertex -13.363 -4.78786 2.9999
      vertex -13.7665 -4.74176 2
      vertex -13.363 -4.78786 2
    endloop
  endfacet
  facet normal -0.0906855 -0.99588 0
    outer loop
      vertex -13.363 -4.78786 2
      vertex -12.9614 -4.82443 2.9999
      vertex -13.363 -4.78786 2.9999
    endloop
  endfacet
  facet normal -0.0906855 -0.99588 -0
    outer loop
      vertex -12.9614 -4.82443 2.9999
      vertex -13.363 -4.78786 2
      vertex -12.9614 -4.82443 2
    endloop
  endfacet
  facet normal -0.0611869 -0.998126 0
    outer loop
      vertex -12.9614 -4.82443 2
      vertex -12.5681 -4.84854 2.9999
      vertex -12.9614 -4.82443 2.9999
    endloop
  endfacet
  facet normal -0.0611869 -0.998126 -0
    outer loop
      vertex -12.5681 -4.84854 2.9999
      vertex -12.9614 -4.82443 2
      vertex -12.5681 -4.84854 2
    endloop
  endfacet
  facet normal -0.0228964 -0.999738 0
    outer loop
      vertex -12.5681 -4.84854 2
      vertex -12.1891 -4.85722 2.9999
      vertex -12.5681 -4.84854 2.9999
    endloop
  endfacet
  facet normal -0.0228964 -0.999738 -0
    outer loop
      vertex -12.1891 -4.85722 2.9999
      vertex -12.5681 -4.84854 2
      vertex -12.1891 -4.85722 2
    endloop
  endfacet
  facet normal 0.0682137 -0.997671 0
    outer loop
      vertex -12.1891 -4.85722 2
      vertex -10.722 -4.75691 2.9999
      vertex -12.1891 -4.85722 2.9999
    endloop
  endfacet
  facet normal 0.0682137 -0.997671 0
    outer loop
      vertex -10.722 -4.75691 2.9999
      vertex -12.1891 -4.85722 2
      vertex -10.722 -4.75691 2
    endloop
  endfacet
  facet normal 0.20704 -0.978332 0
    outer loop
      vertex -10.722 -4.75691 2
      vertex -9.29169 -4.45422 2.9999
      vertex -10.722 -4.75691 2.9999
    endloop
  endfacet
  facet normal 0.20704 -0.978332 0
    outer loop
      vertex -9.29169 -4.45422 2.9999
      vertex -10.722 -4.75691 2
      vertex -9.29169 -4.45422 2
    endloop
  endfacet
  facet normal 0.357858 -0.933776 0
    outer loop
      vertex -9.29169 -4.45422 2
      vertex -7.96695 -3.94653 2.9999
      vertex -9.29169 -4.45422 2.9999
    endloop
  endfacet
  facet normal 0.357858 -0.933776 0
    outer loop
      vertex -7.96695 -3.94653 2.9999
      vertex -9.29169 -4.45422 2
      vertex -7.96695 -3.94653 2
    endloop
  endfacet
  facet normal 0.528072 -0.849199 0
    outer loop
      vertex -7.96695 -3.94653 2
      vertex -6.8167 -3.23125 2.9999
      vertex -7.96695 -3.94653 2.9999
    endloop
  endfacet
  facet normal 0.528072 -0.849199 0
    outer loop
      vertex -6.8167 -3.23125 2.9999
      vertex -7.96695 -3.94653 2
      vertex -6.8167 -3.23125 2
    endloop
  endfacet
  facet normal 0.714267 -0.699874 0
    outer loop
      vertex -6.8167 -3.23125 2.9999
      vertex -5.90981 -2.30571 2
      vertex -5.90981 -2.30571 2.9999
    endloop
  endfacet
  facet normal 0.714267 -0.699874 0
    outer loop
      vertex -5.90981 -2.30571 2
      vertex -6.8167 -3.23125 2.9999
      vertex -6.8167 -3.23125 2
    endloop
  endfacet
  facet normal 0.886359 -0.462999 0
    outer loop
      vertex -5.90981 -2.30571 2.9999
      vertex -5.31517 -1.16734 2
      vertex -5.31517 -1.16734 2.9999
    endloop
  endfacet
  facet normal 0.886359 -0.462999 0
    outer loop
      vertex -5.31517 -1.16734 2
      vertex -5.90981 -2.30571 2.9999
      vertex -5.90981 -2.30571 2
    endloop
  endfacet
  facet normal 0.98779 -0.15579 0
    outer loop
      vertex -5.31517 -1.16734 2.9999
      vertex -5.10165 0.186493 2
      vertex -5.10165 0.186493 2.9999
    endloop
  endfacet
  facet normal 0.98779 -0.15579 0
    outer loop
      vertex -5.10165 0.186493 2
      vertex -5.31517 -1.16734 2.9999
      vertex -5.31517 -1.16734 2
    endloop
  endfacet
  facet normal 0.980837 0.194831 0
    outer loop
      vertex -5.10165 0.186493 2.9999
      vertex -5.42346 1.80658 2
      vertex -5.42346 1.80658 2.9999
    endloop
  endfacet
  facet normal 0.980837 0.194831 0
    outer loop
      vertex -5.42346 1.80658 2
      vertex -5.10165 0.186493 2.9999
      vertex -5.10165 0.186493 2
    endloop
  endfacet
  facet normal 0.869948 0.493144 0
    outer loop
      vertex -5.42346 1.80658 2.9999
      vertex -6.2894 3.33417 2
      vertex -6.2894 3.33417 2.9999
    endloop
  endfacet
  facet normal 0.869948 0.493144 0
    outer loop
      vertex -6.2894 3.33417 2
      vertex -5.42346 1.80658 2.9999
      vertex -5.42346 1.80658 2
    endloop
  endfacet
  facet normal 0.743616 0.668607 0
    outer loop
      vertex -6.2894 3.33417 2.9999
      vertex -7.55023 4.73645 2
      vertex -7.55023 4.73645 2.9999
    endloop
  endfacet
  facet normal 0.743616 0.668607 0
    outer loop
      vertex -7.55023 4.73645 2
      vertex -6.2894 3.33417 2.9999
      vertex -6.2894 3.33417 2
    endloop
  endfacet
  facet normal 0.636781 0.771045 -0
    outer loop
      vertex -7.55023 4.73645 2
      vertex -9.05673 5.98062 2.9999
      vertex -7.55023 4.73645 2.9999
    endloop
  endfacet
  facet normal 0.636781 0.771045 0
    outer loop
      vertex -9.05673 5.98062 2.9999
      vertex -7.55023 4.73645 2
      vertex -9.05673 5.98062 2
    endloop
  endfacet
  facet normal 0.549149 0.835725 -0
    outer loop
      vertex -9.05673 5.98062 2
      vertex -10.6597 7.03392 2.9999
      vertex -9.05673 5.98062 2.9999
    endloop
  endfacet
  facet normal 0.549149 0.835725 0
    outer loop
      vertex -10.6597 7.03392 2.9999
      vertex -9.05673 5.98062 2
      vertex -10.6597 7.03392 2
    endloop
  endfacet
  facet normal 0.471859 0.881674 -0
    outer loop
      vertex -10.6597 7.03392 2
      vertex -12.2098 7.86351 2.9999
      vertex -10.6597 7.03392 2.9999
    endloop
  endfacet
  facet normal 0.471859 0.881674 0
    outer loop
      vertex -12.2098 7.86351 2.9999
      vertex -10.6597 7.03392 2
      vertex -12.2098 7.86351 2
    endloop
  endfacet
  facet normal 0.391232 0.920292 -0
    outer loop
      vertex -12.2098 7.86351 2
      vertex -13.5579 8.43661 2.9999
      vertex -12.2098 7.86351 2.9999
    endloop
  endfacet
  facet normal 0.391232 0.920292 0
    outer loop
      vertex -13.5579 8.43661 2.9999
      vertex -12.2098 7.86351 2
      vertex -13.5579 8.43661 2
    endloop
  endfacet
  facet normal 0.32029 0.94732 -0
    outer loop
      vertex -13.5579 8.43661 2
      vertex -14.3626 8.70868 2.9999
      vertex -13.5579 8.43661 2.9999
    endloop
  endfacet
  facet normal 0.32029 0.94732 0
    outer loop
      vertex -14.3626 8.70868 2.9999
      vertex -13.5579 8.43661 2
      vertex -14.3626 8.70868 2
    endloop
  endfacet
  facet normal 0.287454 0.957795 -0
    outer loop
      vertex -14.3626 8.70868 2
      vertex -15.1926 8.95778 2.9999
      vertex -14.3626 8.70868 2.9999
    endloop
  endfacet
  facet normal 0.287454 0.957795 0
    outer loop
      vertex -15.1926 8.95778 2.9999
      vertex -14.3626 8.70868 2
      vertex -15.1926 8.95778 2
    endloop
  endfacet
  facet normal 0.252179 0.967681 -0
    outer loop
      vertex -15.1926 8.95778 2
      vertex -16.034 9.17705 2.9999
      vertex -15.1926 8.95778 2.9999
    endloop
  endfacet
  facet normal 0.252179 0.967681 0
    outer loop
      vertex -16.034 9.17705 2.9999
      vertex -15.1926 8.95778 2
      vertex -16.034 9.17705 2
    endloop
  endfacet
  facet normal 0.212524 0.977156 -0
    outer loop
      vertex -16.034 9.17705 2
      vertex -16.8732 9.35957 2.9999
      vertex -16.034 9.17705 2.9999
    endloop
  endfacet
  facet normal 0.212524 0.977156 0
    outer loop
      vertex -16.8732 9.35957 2.9999
      vertex -16.034 9.17705 2
      vertex -16.8732 9.35957 2
    endloop
  endfacet
  facet normal 0.1664 0.986058 -0
    outer loop
      vertex -16.8732 9.35957 2
      vertex -17.6963 9.49847 2.9999
      vertex -16.8732 9.35957 2.9999
    endloop
  endfacet
  facet normal 0.1664 0.986058 0
    outer loop
      vertex -17.6963 9.49847 2.9999
      vertex -16.8732 9.35957 2
      vertex -17.6963 9.49847 2
    endloop
  endfacet
  facet normal 0.110762 0.993847 -0
    outer loop
      vertex -17.6963 9.49847 2
      vertex -18.4895 9.58687 2.9999
      vertex -17.6963 9.49847 2.9999
    endloop
  endfacet
  facet normal 0.110762 0.993847 0
    outer loop
      vertex -18.4895 9.58687 2.9999
      vertex -17.6963 9.49847 2
      vertex -18.4895 9.58687 2
    endloop
  endfacet
  facet normal 0.0413068 0.999147 -0
    outer loop
      vertex -18.4895 9.58687 2
      vertex -19.2391 9.61786 2.9999
      vertex -18.4895 9.58687 2.9999
    endloop
  endfacet
  facet normal 0.0413068 0.999147 0
    outer loop
      vertex -19.2391 9.61786 2.9999
      vertex -18.4895 9.58687 2
      vertex -19.2391 9.61786 2
    endloop
  endfacet
  facet normal -0.014196 0.999899 0
    outer loop
      vertex -19.2391 9.61786 2
      vertex -19.8864 9.60867 2.9999
      vertex -19.2391 9.61786 2.9999
    endloop
  endfacet
  facet normal -0.014196 0.999899 0
    outer loop
      vertex -19.8864 9.60867 2.9999
      vertex -19.2391 9.61786 2
      vertex -19.8864 9.60867 2
    endloop
  endfacet
  facet normal -0.0590014 0.998258 0
    outer loop
      vertex -19.8864 9.60867 2
      vertex -20.6635 9.56274 2.9999
      vertex -19.8864 9.60867 2.9999
    endloop
  endfacet
  facet normal -0.0590014 0.998258 0
    outer loop
      vertex -20.6635 9.56274 2.9999
      vertex -19.8864 9.60867 2
      vertex -20.6635 9.56274 2
    endloop
  endfacet
  facet normal -0.132649 0.991163 0
    outer loop
      vertex -20.6635 9.56274 2
      vertex -21.487 9.45253 2.9999
      vertex -20.6635 9.56274 2.9999
    endloop
  endfacet
  facet normal -0.132649 0.991163 0
    outer loop
      vertex -21.487 9.45253 2.9999
      vertex -20.6635 9.56274 2
      vertex -21.487 9.45253 2
    endloop
  endfacet
  facet normal -0.248978 0.968509 0
    outer loop
      vertex -21.487 9.45253 2
      vertex -22.273 9.25047 2.9999
      vertex -21.487 9.45253 2.9999
    endloop
  endfacet
  facet normal -0.248978 0.968509 0
    outer loop
      vertex -22.273 9.25047 2.9999
      vertex -21.487 9.45253 2
      vertex -22.273 9.25047 2
    endloop
  endfacet
  facet normal -0.435194 0.900337 0
    outer loop
      vertex -22.273 9.25047 2
      vertex -22.938 8.92903 2.9999
      vertex -22.273 9.25047 2.9999
    endloop
  endfacet
  facet normal -0.435194 0.900337 0
    outer loop
      vertex -22.938 8.92903 2.9999
      vertex -22.273 9.25047 2
      vertex -22.938 8.92903 2
    endloop
  endfacet
  facet normal -0.713232 0.700928 0
    outer loop
      vertex -23.3983 8.46065 2
      vertex -22.938 8.92903 2.9999
      vertex -22.938 8.92903 2
    endloop
  endfacet
  facet normal -0.713232 0.700928 0
    outer loop
      vertex -22.938 8.92903 2.9999
      vertex -23.3983 8.46065 2
      vertex -23.3983 8.46065 2.9999
    endloop
  endfacet
  facet normal -0.966022 0.258459 0
    outer loop
      vertex -23.5703 7.81778 2
      vertex -23.3983 8.46065 2.9999
      vertex -23.3983 8.46065 2
    endloop
  endfacet
  facet normal -0.966022 0.258459 0
    outer loop
      vertex -23.3983 8.46065 2.9999
      vertex -23.5703 7.81778 2
      vertex -23.5703 7.81778 2.9999
    endloop
  endfacet
  facet normal -0.957274 -0.289182 0
    outer loop
      vertex -23.5421 7.72443 2
      vertex -23.5703 7.81778 2.9999
      vertex -23.5703 7.81778 2
    endloop
  endfacet
  facet normal -0.957274 -0.289182 0
    outer loop
      vertex -23.5703 7.81778 2.9999
      vertex -23.5421 7.72443 2
      vertex -23.5421 7.72443 2.9999
    endloop
  endfacet
  facet normal -0.681716 -0.731616 0
    outer loop
      vertex -23.5421 7.72443 2
      vertex -23.4641 7.65175 2.9999
      vertex -23.5421 7.72443 2.9999
    endloop
  endfacet
  facet normal -0.681716 -0.731616 -0
    outer loop
      vertex -23.4641 7.65175 2.9999
      vertex -23.5421 7.72443 2
      vertex -23.4641 7.65175 2
    endloop
  endfacet
  facet normal -0.417994 -0.90845 0
    outer loop
      vertex -23.4641 7.65175 2
      vertex -23.346 7.59741 2.9999
      vertex -23.4641 7.65175 2.9999
    endloop
  endfacet
  facet normal -0.417994 -0.90845 -0
    outer loop
      vertex -23.346 7.59741 2.9999
      vertex -23.4641 7.65175 2
      vertex -23.346 7.59741 2
    endloop
  endfacet
  facet normal -0.25003 -0.968238 0
    outer loop
      vertex -23.346 7.59741 2
      vertex -23.1978 7.55914 2.9999
      vertex -23.346 7.59741 2.9999
    endloop
  endfacet
  facet normal -0.25003 -0.968238 -0
    outer loop
      vertex -23.1978 7.55914 2.9999
      vertex -23.346 7.59741 2
      vertex -23.1978 7.55914 2
    endloop
  endfacet
  facet normal -0.143747 -0.989615 0
    outer loop
      vertex -23.1978 7.55914 2
      vertex -23.0292 7.53465 2.9999
      vertex -23.1978 7.55914 2.9999
    endloop
  endfacet
  facet normal -0.143747 -0.989615 -0
    outer loop
      vertex -23.0292 7.53465 2.9999
      vertex -23.1978 7.55914 2
      vertex -23.0292 7.53465 2
    endloop
  endfacet
  facet normal -0.0724501 -0.997372 0
    outer loop
      vertex -23.0292 7.53465 2
      vertex -22.8501 7.52164 2.9999
      vertex -23.0292 7.53465 2.9999
    endloop
  endfacet
  facet normal -0.0724501 -0.997372 -0
    outer loop
      vertex -22.8501 7.52164 2.9999
      vertex -23.0292 7.53465 2
      vertex -22.8501 7.52164 2
    endloop
  endfacet
  facet normal -0.0213085 -0.999773 0
    outer loop
      vertex -22.8501 7.52164 2
      vertex -22.6704 7.51781 2.9999
      vertex -22.8501 7.52164 2.9999
    endloop
  endfacet
  facet normal -0.0213085 -0.999773 -0
    outer loop
      vertex -22.6704 7.51781 2.9999
      vertex -22.8501 7.52164 2
      vertex -22.6704 7.51781 2
    endloop
  endfacet
  facet normal 0.0119898 -0.999928 0
    outer loop
      vertex -22.6704 7.51781 2
      vertex -22.5845 7.51884 2.9999
      vertex -22.6704 7.51781 2.9999
    endloop
  endfacet
  facet normal 0.0119898 -0.999928 0
    outer loop
      vertex -22.5845 7.51884 2.9999
      vertex -22.6704 7.51781 2
      vertex -22.5845 7.51884 2
    endloop
  endfacet
  facet normal 0.033439 -0.999441 0
    outer loop
      vertex -22.5845 7.51884 2
      vertex -22.5041 7.52153 2.9999
      vertex -22.5845 7.51884 2.9999
    endloop
  endfacet
  facet normal 0.033439 -0.999441 0
    outer loop
      vertex -22.5041 7.52153 2.9999
      vertex -22.5845 7.51884 2
      vertex -22.5041 7.52153 2
    endloop
  endfacet
  facet normal 0.0495326 -0.998773 0
    outer loop
      vertex -22.5041 7.52153 2
      vertex -22.4303 7.52519 2.9999
      vertex -22.5041 7.52153 2.9999
    endloop
  endfacet
  facet normal 0.0495326 -0.998773 0
    outer loop
      vertex -22.4303 7.52519 2.9999
      vertex -22.5041 7.52153 2
      vertex -22.4303 7.52519 2
    endloop
  endfacet
  facet normal 0.0602223 -0.998185 0
    outer loop
      vertex -22.4303 7.52519 2
      vertex -22.364 7.52919 2.9999
      vertex -22.4303 7.52519 2.9999
    endloop
  endfacet
  facet normal 0.0602223 -0.998185 0
    outer loop
      vertex -22.364 7.52919 2.9999
      vertex -22.4303 7.52519 2
      vertex -22.364 7.52919 2
    endloop
  endfacet
  facet normal 0.0633043 -0.997994 0
    outer loop
      vertex -22.364 7.52919 2
      vertex -22.3063 7.53285 2.9999
      vertex -22.364 7.52919 2.9999
    endloop
  endfacet
  facet normal 0.0633043 -0.997994 0
    outer loop
      vertex -22.3063 7.53285 2.9999
      vertex -22.364 7.52919 2
      vertex -22.3063 7.53285 2
    endloop
  endfacet
  facet normal 0.0557224 -0.998446 0
    outer loop
      vertex -22.3063 7.53285 2
      vertex -22.2581 7.53554 2.9999
      vertex -22.3063 7.53285 2.9999
    endloop
  endfacet
  facet normal 0.0557224 -0.998446 0
    outer loop
      vertex -22.2581 7.53554 2.9999
      vertex -22.3063 7.53285 2
      vertex -22.2581 7.53554 2
    endloop
  endfacet
  facet normal 0.0275028 -0.999622 0
    outer loop
      vertex -22.2581 7.53554 2
      vertex -22.2203 7.53658 2.9999
      vertex -22.2581 7.53554 2.9999
    endloop
  endfacet
  facet normal 0.0275028 -0.999622 0
    outer loop
      vertex -22.2203 7.53658 2.9999
      vertex -22.2581 7.53554 2
      vertex -22.2203 7.53658 2
    endloop
  endfacet
  facet normal 0.741054 -0.671445 0
    outer loop
      vertex -22.2203 7.53658 2.9999
      vertex -22.1985 7.56064 2
      vertex -22.1985 7.56064 2.9999
    endloop
  endfacet
  facet normal 0.741054 -0.671445 0
    outer loop
      vertex -22.1985 7.56064 2
      vertex -22.2203 7.53658 2.9999
      vertex -22.2203 7.53658 2
    endloop
  endfacet
  facet normal 0.803197 -0.595713 0
    outer loop
      vertex -22.1985 7.56064 2.9999
      vertex -22.1809 7.58437 2
      vertex -22.1809 7.58437 2.9999
    endloop
  endfacet
  facet normal 0.803197 -0.595713 0
    outer loop
      vertex -22.1809 7.58437 2
      vertex -22.1985 7.56064 2.9999
      vertex -22.1985 7.56064 2
    endloop
  endfacet
  facet normal 0.861261 -0.508163 0
    outer loop
      vertex -22.1809 7.58437 2.9999
      vertex -22.1673 7.60742 2
      vertex -22.1673 7.60742 2.9999
    endloop
  endfacet
  facet normal 0.861261 -0.508163 0
    outer loop
      vertex -22.1673 7.60742 2
      vertex -22.1809 7.58437 2.9999
      vertex -22.1809 7.58437 2
    endloop
  endfacet
  facet normal 0.909305 -0.41613 0
    outer loop
      vertex -22.1673 7.60742 2.9999
      vertex -22.1572 7.62949 2
      vertex -22.1572 7.62949 2.9999
    endloop
  endfacet
  facet normal 0.909305 -0.41613 0
    outer loop
      vertex -22.1572 7.62949 2
      vertex -22.1673 7.60742 2.9999
      vertex -22.1673 7.60742 2
    endloop
  endfacet
  facet normal 0.950318 -0.31128 0
    outer loop
      vertex -22.1572 7.62949 2.9999
      vertex -22.1504 7.65025 2
      vertex -22.1504 7.65025 2.9999
    endloop
  endfacet
  facet normal 0.950318 -0.31128 0
    outer loop
      vertex -22.1504 7.65025 2
      vertex -22.1572 7.62949 2.9999
      vertex -22.1572 7.62949 2
    endloop
  endfacet
  facet normal 0.980856 -0.194736 0
    outer loop
      vertex -22.1504 7.65025 2.9999
      vertex -22.1466 7.66939 2
      vertex -22.1466 7.66939 2.9999
    endloop
  endfacet
  facet normal 0.980856 -0.194736 0
    outer loop
      vertex -22.1466 7.66939 2
      vertex -22.1504 7.65025 2.9999
      vertex -22.1504 7.65025 2
    endloop
  endfacet
  facet normal 0.997564 -0.0697597 0
    outer loop
      vertex -22.1466 7.66939 2.9999
      vertex -22.1454 7.68655 2
      vertex -22.1454 7.68655 2.9999
    endloop
  endfacet
  facet normal 0.997564 -0.0697597 0
    outer loop
      vertex -22.1454 7.68655 2
      vertex -22.1466 7.66939 2.9999
      vertex -22.1466 7.66939 2
    endloop
  endfacet
  facet normal 0.995849 0.0910207 0
    outer loop
      vertex -22.1454 7.68655 2.9999
      vertex -22.1476 7.71062 2
      vertex -22.1476 7.71062 2.9999
    endloop
  endfacet
  facet normal 0.995849 0.0910207 0
    outer loop
      vertex -22.1476 7.71062 2
      vertex -22.1454 7.68655 2.9999
      vertex -22.1454 7.68655 2
    endloop
  endfacet
  facet normal 0.964444 0.264287 0
    outer loop
      vertex -22.1476 7.71062 2.9999
      vertex -22.1541 7.73434 2
      vertex -22.1541 7.73434 2.9999
    endloop
  endfacet
  facet normal 0.964444 0.264287 0
    outer loop
      vertex -22.1541 7.73434 2
      vertex -22.1476 7.71062 2.9999
      vertex -22.1476 7.71062 2
    endloop
  endfacet
  facet normal 0.910096 0.414398 0
    outer loop
      vertex -22.1541 7.73434 2.9999
      vertex -22.1646 7.7574 2
      vertex -22.1646 7.7574 2.9999
    endloop
  endfacet
  facet normal 0.910096 0.414398 0
    outer loop
      vertex -22.1646 7.7574 2
      vertex -22.1541 7.73434 2.9999
      vertex -22.1541 7.73434 2
    endloop
  endfacet
  facet normal 0.844542 0.535489 0
    outer loop
      vertex -22.1646 7.7574 2.9999
      vertex -22.1786 7.77948 2
      vertex -22.1786 7.77948 2.9999
    endloop
  endfacet
  facet normal 0.844542 0.535489 0
    outer loop
      vertex -22.1786 7.77948 2
      vertex -22.1646 7.7574 2.9999
      vertex -22.1646 7.7574 2
    endloop
  endfacet
  facet normal 0.768373 0.640002 0
    outer loop
      vertex -22.1786 7.77948 2.9999
      vertex -22.1959 7.80025 2
      vertex -22.1959 7.80025 2.9999
    endloop
  endfacet
  facet normal 0.768373 0.640002 0
    outer loop
      vertex -22.1959 7.80025 2
      vertex -22.1786 7.77948 2.9999
      vertex -22.1786 7.77948 2
    endloop
  endfacet
  facet normal 0.685633 0.727947 -0
    outer loop
      vertex -22.1959 7.80025 2
      vertex -22.2162 7.81937 2.9999
      vertex -22.1959 7.80025 2.9999
    endloop
  endfacet
  facet normal 0.685633 0.727947 0
    outer loop
      vertex -22.2162 7.81937 2.9999
      vertex -22.1959 7.80025 2
      vertex -22.2162 7.81937 2
    endloop
  endfacet
  facet normal 0.599664 0.800252 -0
    outer loop
      vertex -22.2162 7.81937 2
      vertex -22.2391 7.83653 2.9999
      vertex -22.2162 7.81937 2.9999
    endloop
  endfacet
  facet normal 0.599664 0.800252 0
    outer loop
      vertex -22.2391 7.83653 2.9999
      vertex -22.2162 7.81937 2
      vertex -22.2391 7.83653 2
    endloop
  endfacet
  facet normal 0.280642 0.959812 -0
    outer loop
      vertex -22.2391 7.83653 2
      vertex -22.3022 7.85498 2.9999
      vertex -22.2391 7.83653 2.9999
    endloop
  endfacet
  facet normal 0.280642 0.959812 0
    outer loop
      vertex -22.3022 7.85498 2.9999
      vertex -22.2391 7.83653 2
      vertex -22.3022 7.85498 2
    endloop
  endfacet
  facet normal 0.205855 0.978583 -0
    outer loop
      vertex -22.3022 7.85498 2
      vertex -22.4132 7.87833 2.9999
      vertex -22.3022 7.85498 2.9999
    endloop
  endfacet
  facet normal 0.205855 0.978583 0
    outer loop
      vertex -22.4132 7.87833 2.9999
      vertex -22.3022 7.85498 2
      vertex -22.4132 7.87833 2
    endloop
  endfacet
  facet normal 0.203285 0.97912 -0
    outer loop
      vertex -22.4132 7.87833 2
      vertex -22.551 7.90694 2.9999
      vertex -22.4132 7.87833 2.9999
    endloop
  endfacet
  facet normal 0.203285 0.97912 0
    outer loop
      vertex -22.551 7.90694 2.9999
      vertex -22.4132 7.87833 2
      vertex -22.551 7.90694 2
    endloop
  endfacet
  facet normal 0.231249 0.972895 -0
    outer loop
      vertex -22.551 7.90694 2
      vertex -22.6948 7.94112 2.9999
      vertex -22.551 7.90694 2.9999
    endloop
  endfacet
  facet normal 0.231249 0.972895 0
    outer loop
      vertex -22.6948 7.94112 2.9999
      vertex -22.551 7.90694 2
      vertex -22.6948 7.94112 2
    endloop
  endfacet
  facet normal 0.297337 0.954773 -0
    outer loop
      vertex -22.6948 7.94112 2
      vertex -22.8235 7.9812 2.9999
      vertex -22.6948 7.94112 2.9999
    endloop
  endfacet
  facet normal 0.297337 0.954773 0
    outer loop
      vertex -22.8235 7.9812 2.9999
      vertex -22.6948 7.94112 2
      vertex -22.8235 7.9812 2
    endloop
  endfacet
  facet normal 0.447214 0.894427 -0
    outer loop
      vertex -22.8235 7.9812 2
      vertex -22.9161 8.0275 2.9999
      vertex -22.8235 7.9812 2.9999
    endloop
  endfacet
  facet normal 0.447214 0.894427 0
    outer loop
      vertex -22.9161 8.0275 2.9999
      vertex -22.8235 7.9812 2
      vertex -22.9161 8.0275 2
    endloop
  endfacet
  facet normal 0.830112 0.557597 0
    outer loop
      vertex -22.9161 8.0275 2.9999
      vertex -22.9516 8.08035 2
      vertex -22.9516 8.08035 2.9999
    endloop
  endfacet
  facet normal 0.830112 0.557597 0
    outer loop
      vertex -22.9516 8.08035 2
      vertex -22.9161 8.0275 2.9999
      vertex -22.9161 8.0275 2
    endloop
  endfacet
  facet normal 0.97643 -0.215836 0
    outer loop
      vertex -22.9516 8.08035 2.9999
      vertex -22.9445 8.11247 2
      vertex -22.9445 8.11247 2.9999
    endloop
  endfacet
  facet normal 0.97643 -0.215836 0
    outer loop
      vertex -22.9445 8.11247 2
      vertex -22.9516 8.08035 2.9999
      vertex -22.9516 8.08035 2
    endloop
  endfacet
  facet normal 0.817842 -0.575443 0
    outer loop
      vertex -22.9445 8.11247 2.9999
      vertex -22.9219 8.14459 2
      vertex -22.9219 8.14459 2.9999
    endloop
  endfacet
  facet normal 0.817842 -0.575443 0
    outer loop
      vertex -22.9219 8.14459 2
      vertex -22.9445 8.11247 2.9999
      vertex -22.9445 8.11247 2
    endloop
  endfacet
  facet normal 0.630297 -0.776354 0
    outer loop
      vertex -22.9219 8.14459 2
      vertex -22.8823 8.17674 2.9999
      vertex -22.9219 8.14459 2.9999
    endloop
  endfacet
  facet normal 0.630297 -0.776354 0
    outer loop
      vertex -22.8823 8.17674 2.9999
      vertex -22.9219 8.14459 2
      vertex -22.8823 8.17674 2
    endloop
  endfacet
  facet normal 0.482149 -0.876089 0
    outer loop
      vertex -22.8823 8.17674 2
      vertex -22.8239 8.20888 2.9999
      vertex -22.8823 8.17674 2.9999
    endloop
  endfacet
  facet normal 0.482149 -0.876089 0
    outer loop
      vertex -22.8239 8.20888 2.9999
      vertex -22.8823 8.17674 2
      vertex -22.8239 8.20888 2
    endloop
  endfacet
  facet normal 0.378385 -0.925648 0
    outer loop
      vertex -22.8239 8.20888 2
      vertex -22.7453 8.24101 2.9999
      vertex -22.8239 8.20888 2.9999
    endloop
  endfacet
  facet normal 0.378385 -0.925648 0
    outer loop
      vertex -22.7453 8.24101 2.9999
      vertex -22.8239 8.20888 2
      vertex -22.7453 8.24101 2
    endloop
  endfacet
  facet normal 0.304055 -0.952655 0
    outer loop
      vertex -22.7453 8.24101 2
      vertex -22.6446 8.27315 2.9999
      vertex -22.7453 8.24101 2.9999
    endloop
  endfacet
  facet normal 0.304055 -0.952655 0
    outer loop
      vertex -22.6446 8.27315 2.9999
      vertex -22.7453 8.24101 2
      vertex -22.6446 8.27315 2
    endloop
  endfacet
  facet normal 0.250189 -0.968197 0
    outer loop
      vertex -22.6446 8.27315 2
      vertex -22.5203 8.30527 2.9999
      vertex -22.6446 8.27315 2.9999
    endloop
  endfacet
  facet normal 0.250189 -0.968197 0
    outer loop
      vertex -22.5203 8.30527 2.9999
      vertex -22.6446 8.27315 2
      vertex -22.5203 8.30527 2
    endloop
  endfacet
  facet normal 0.226523 -0.974006 0
    outer loop
      vertex -22.5203 8.30527 2
      vertex -22.3023 8.35597 2.9999
      vertex -22.5203 8.30527 2.9999
    endloop
  endfacet
  facet normal 0.226523 -0.974006 0
    outer loop
      vertex -22.3023 8.35597 2.9999
      vertex -22.5203 8.30527 2
      vertex -22.3023 8.35597 2
    endloop
  endfacet
  facet normal 0.180025 -0.983662 0
    outer loop
      vertex -22.3023 8.35597 2
      vertex -22.0827 8.39616 2.9999
      vertex -22.3023 8.35597 2.9999
    endloop
  endfacet
  facet normal 0.180025 -0.983662 0
    outer loop
      vertex -22.0827 8.39616 2.9999
      vertex -22.3023 8.35597 2
      vertex -22.0827 8.39616 2
    endloop
  endfacet
  facet normal 0.137661 -0.990479 0
    outer loop
      vertex -22.0827 8.39616 2
      vertex -21.8621 8.42682 2.9999
      vertex -22.0827 8.39616 2.9999
    endloop
  endfacet
  facet normal 0.137661 -0.990479 0
    outer loop
      vertex -21.8621 8.42682 2.9999
      vertex -22.0827 8.39616 2
      vertex -21.8621 8.42682 2
    endloop
  endfacet
  facet normal 0.099682 -0.995019 0
    outer loop
      vertex -21.8621 8.42682 2
      vertex -21.6411 8.44896 2.9999
      vertex -21.8621 8.42682 2.9999
    endloop
  endfacet
  facet normal 0.099682 -0.995019 0
    outer loop
      vertex -21.6411 8.44896 2.9999
      vertex -21.8621 8.42682 2
      vertex -21.6411 8.44896 2
    endloop
  endfacet
  facet normal 0.0659036 -0.997826 0
    outer loop
      vertex -21.6411 8.44896 2
      vertex -21.4205 8.46353 2.9999
      vertex -21.6411 8.44896 2.9999
    endloop
  endfacet
  facet normal 0.0659036 -0.997826 0
    outer loop
      vertex -21.4205 8.46353 2.9999
      vertex -21.6411 8.44896 2
      vertex -21.4205 8.46353 2
    endloop
  endfacet
  facet normal 0.0365421 -0.999332 0
    outer loop
      vertex -21.4205 8.46353 2
      vertex -21.2009 8.47156 2.9999
      vertex -21.4205 8.46353 2.9999
    endloop
  endfacet
  facet normal 0.0365421 -0.999332 0
    outer loop
      vertex -21.2009 8.47156 2.9999
      vertex -21.4205 8.46353 2
      vertex -21.2009 8.47156 2
    endloop
  endfacet
  facet normal 0.0112378 -0.999937 0
    outer loop
      vertex -21.2009 8.47156 2
      vertex -20.9829 8.47401 2.9999
      vertex -21.2009 8.47156 2.9999
    endloop
  endfacet
  facet normal 0.0112378 -0.999937 0
    outer loop
      vertex -20.9829 8.47401 2.9999
      vertex -21.2009 8.47156 2
      vertex -20.9829 8.47401 2
    endloop
  endfacet
  facet normal -0.0255197 -0.999674 0
    outer loop
      vertex -20.9829 8.47401 2
      vertex -19.9507 8.44766 2.9999
      vertex -20.9829 8.47401 2.9999
    endloop
  endfacet
  facet normal -0.0255197 -0.999674 -0
    outer loop
      vertex -19.9507 8.44766 2.9999
      vertex -20.9829 8.47401 2
      vertex -19.9507 8.44766 2
    endloop
  endfacet
  facet normal -0.0788092 -0.99689 0
    outer loop
      vertex -19.9507 8.44766 2
      vertex -18.9538 8.36885 2.9999
      vertex -19.9507 8.44766 2.9999
    endloop
  endfacet
  facet normal -0.0788092 -0.99689 -0
    outer loop
      vertex -18.9538 8.36885 2.9999
      vertex -19.9507 8.44766 2
      vertex -18.9538 8.36885 2
    endloop
  endfacet
  facet normal -0.133874 -0.990998 0
    outer loop
      vertex -18.9538 8.36885 2
      vertex -17.9843 8.23788 2.9999
      vertex -18.9538 8.36885 2.9999
    endloop
  endfacet
  facet normal -0.133874 -0.990998 -0
    outer loop
      vertex -17.9843 8.23788 2.9999
      vertex -18.9538 8.36885 2
      vertex -17.9843 8.23788 2
    endloop
  endfacet
  facet normal -0.18882 -0.982012 0
    outer loop
      vertex -17.9843 8.23788 2
      vertex -17.0337 8.0551 2.9999
      vertex -17.9843 8.23788 2.9999
    endloop
  endfacet
  facet normal -0.18882 -0.982012 -0
    outer loop
      vertex -17.0337 8.0551 2.9999
      vertex -17.9843 8.23788 2
      vertex -17.0337 8.0551 2
    endloop
  endfacet
  facet normal -0.241885 -0.970305 0
    outer loop
      vertex -17.0337 8.0551 2
      vertex -16.0939 7.82082 2.9999
      vertex -17.0337 8.0551 2.9999
    endloop
  endfacet
  facet normal -0.241885 -0.970305 -0
    outer loop
      vertex -16.0939 7.82082 2.9999
      vertex -17.0337 8.0551 2
      vertex -16.0939 7.82082 2
    endloop
  endfacet
  facet normal -0.291391 -0.956604 0
    outer loop
      vertex -16.0939 7.82082 2
      vertex -15.1568 7.53537 2.9999
      vertex -16.0939 7.82082 2.9999
    endloop
  endfacet
  facet normal -0.291391 -0.956604 -0
    outer loop
      vertex -15.1568 7.53537 2.9999
      vertex -16.0939 7.82082 2
      vertex -15.1568 7.53537 2
    endloop
  endfacet
  facet normal -0.336001 -0.941862 0
    outer loop
      vertex -15.1568 7.53537 2
      vertex -14.2141 7.19907 2.9999
      vertex -15.1568 7.53537 2.9999
    endloop
  endfacet
  facet normal -0.336001 -0.941862 -0
    outer loop
      vertex -14.2141 7.19907 2.9999
      vertex -15.1568 7.53537 2
      vertex -14.2141 7.19907 2
    endloop
  endfacet
  facet normal -0.391252 -0.920284 0
    outer loop
      vertex -14.2141 7.19907 2
      vertex -12.8141 6.60387 2.9999
      vertex -14.2141 7.19907 2.9999
    endloop
  endfacet
  facet normal -0.391252 -0.920284 -0
    outer loop
      vertex -12.8141 6.60387 2.9999
      vertex -14.2141 7.19907 2
      vertex -12.8141 6.60387 2
    endloop
  endfacet
  facet normal -0.462338 -0.886704 0
    outer loop
      vertex -12.8141 6.60387 2
      vertex -11.3757 5.85387 2.9999
      vertex -12.8141 6.60387 2.9999
    endloop
  endfacet
  facet normal -0.462338 -0.886704 -0
    outer loop
      vertex -11.3757 5.85387 2.9999
      vertex -12.8141 6.60387 2
      vertex -11.3757 5.85387 2
    endloop
  endfacet
  facet normal -0.542648 -0.83996 0
    outer loop
      vertex -11.3757 5.85387 2
      vertex -9.99139 4.95955 2.9999
      vertex -11.3757 5.85387 2.9999
    endloop
  endfacet
  facet normal -0.542648 -0.83996 -0
    outer loop
      vertex -9.99139 4.95955 2.9999
      vertex -11.3757 5.85387 2
      vertex -9.99139 4.95955 2
    endloop
  endfacet
  facet normal -0.638984 -0.76922 0
    outer loop
      vertex -9.99139 4.95955 2
      vertex -8.75372 3.93143 2.9999
      vertex -9.99139 4.95955 2.9999
    endloop
  endfacet
  facet normal -0.638984 -0.76922 -0
    outer loop
      vertex -8.75372 3.93143 2.9999
      vertex -9.99139 4.95955 2
      vertex -8.75372 3.93143 2
    endloop
  endfacet
  facet normal -0.755485 -0.655166 0
    outer loop
      vertex -7.75516 2.77997 2
      vertex -8.75372 3.93143 2.9999
      vertex -8.75372 3.93143 2
    endloop
  endfacet
  facet normal -0.755485 -0.655166 0
    outer loop
      vertex -8.75372 3.93143 2.9999
      vertex -7.75516 2.77997 2
      vertex -7.75516 2.77997 2.9999
    endloop
  endfacet
  facet normal -0.884464 -0.466609 0
    outer loop
      vertex -7.08818 1.5157 2
      vertex -7.75516 2.77997 2.9999
      vertex -7.75516 2.77997 2
    endloop
  endfacet
  facet normal -0.884464 -0.466609 0
    outer loop
      vertex -7.75516 2.77997 2.9999
      vertex -7.08818 1.5157 2
      vertex -7.08818 1.5157 2.9999
    endloop
  endfacet
  facet normal -0.984573 -0.174976 0
    outer loop
      vertex -6.84531 0.149094 2
      vertex -7.08818 1.5157 2.9999
      vertex -7.08818 1.5157 2
    endloop
  endfacet
  facet normal -0.984573 -0.174976 0
    outer loop
      vertex -7.08818 1.5157 2.9999
      vertex -6.84531 0.149094 2
      vertex -6.84531 0.149094 2.9999
    endloop
  endfacet
  facet normal -0.981806 0.189887 0
    outer loop
      vertex -7.08813 -1.1064 2
      vertex -6.84531 0.149094 2.9999
      vertex -6.84531 0.149094 2
    endloop
  endfacet
  facet normal -0.981806 0.189887 0
    outer loop
      vertex -6.84531 0.149094 2.9999
      vertex -7.08813 -1.1064 2
      vertex -7.08813 -1.1064 2.9999
    endloop
  endfacet
  facet normal -0.820317 0.57191 0
    outer loop
      vertex -7.74095 -2.04277 2
      vertex -7.08813 -1.1064 2.9999
      vertex -7.08813 -1.1064 2
    endloop
  endfacet
  facet normal -0.820317 0.57191 0
    outer loop
      vertex -7.08813 -1.1064 2.9999
      vertex -7.74095 -2.04277 2
      vertex -7.74095 -2.04277 2.9999
    endloop
  endfacet
  facet normal -0.572658 0.819794 0
    outer loop
      vertex -7.74095 -2.04277 2
      vertex -8.69026 -2.7059 2.9999
      vertex -7.74095 -2.04277 2.9999
    endloop
  endfacet
  facet normal -0.572658 0.819794 0
    outer loop
      vertex -8.69026 -2.7059 2.9999
      vertex -7.74095 -2.04277 2
      vertex -8.69026 -2.7059 2
    endloop
  endfacet
  facet normal -0.359198 0.933261 0
    outer loop
      vertex -8.69026 -2.7059 2
      vertex -9.8226 -3.14172 2.9999
      vertex -8.69026 -2.7059 2.9999
    endloop
  endfacet
  facet normal -0.359198 0.933261 0
    outer loop
      vertex -9.8226 -3.14172 2.9999
      vertex -8.69026 -2.7059 2
      vertex -9.8226 -3.14172 2
    endloop
  endfacet
  facet normal -0.207124 0.978315 0
    outer loop
      vertex -9.8226 -3.14172 2
      vertex -11.0245 -3.39618 2.9999
      vertex -9.8226 -3.14172 2.9999
    endloop
  endfacet
  facet normal -0.207124 0.978315 0
    outer loop
      vertex -11.0245 -3.39618 2.9999
      vertex -9.8226 -3.14172 2
      vertex -11.0245 -3.39618 2
    endloop
  endfacet
  facet normal -0.102225 0.994761 0
    outer loop
      vertex -11.0245 -3.39618 2
      vertex -12.1824 -3.51517 2.9999
      vertex -11.0245 -3.39618 2.9999
    endloop
  endfacet
  facet normal -0.102225 0.994761 0
    outer loop
      vertex -12.1824 -3.51517 2.9999
      vertex -11.0245 -3.39618 2
      vertex -12.1824 -3.51517 2
    endloop
  endfacet
  facet normal -0.0294225 0.999567 0
    outer loop
      vertex -12.1824 -3.51517 2
      vertex -13.1829 -3.54462 2.9999
      vertex -12.1824 -3.51517 2.9999
    endloop
  endfacet
  facet normal -0.0294225 0.999567 0
    outer loop
      vertex -13.1829 -3.54462 2.9999
      vertex -12.1824 -3.51517 2
      vertex -13.1829 -3.54462 2
    endloop
  endfacet
  facet normal 0.0146416 0.999893 -0
    outer loop
      vertex -13.1829 -3.54462 2
      vertex -13.3987 -3.54146 2.9999
      vertex -13.1829 -3.54462 2.9999
    endloop
  endfacet
  facet normal 0.0146416 0.999893 0
    outer loop
      vertex -13.3987 -3.54146 2.9999
      vertex -13.1829 -3.54462 2
      vertex -13.3987 -3.54146 2
    endloop
  endfacet
  facet normal 0.0538413 0.99855 -0
    outer loop
      vertex -13.3987 -3.54146 2
      vertex -13.6398 -3.52846 2.9999
      vertex -13.3987 -3.54146 2.9999
    endloop
  endfacet
  facet normal 0.0538413 0.99855 0
    outer loop
      vertex -13.6398 -3.52846 2.9999
      vertex -13.3987 -3.54146 2
      vertex -13.6398 -3.52846 2
    endloop
  endfacet
  facet normal 0.107621 0.994192 -0
    outer loop
      vertex -13.6398 -3.52846 2
      vertex -13.8992 -3.50038 2.9999
      vertex -13.6398 -3.52846 2.9999
    endloop
  endfacet
  facet normal 0.107621 0.994192 0
    outer loop
      vertex -13.8992 -3.50038 2.9999
      vertex -13.6398 -3.52846 2
      vertex -13.8992 -3.50038 2
    endloop
  endfacet
  facet normal 0.175914 0.984406 -0
    outer loop
      vertex -13.8992 -3.50038 2
      vertex -14.1701 -3.45197 2.9999
      vertex -13.8992 -3.50038 2.9999
    endloop
  endfacet
  facet normal 0.175914 0.984406 0
    outer loop
      vertex -14.1701 -3.45197 2.9999
      vertex -13.8992 -3.50038 2
      vertex -14.1701 -3.45197 2
    endloop
  endfacet
  facet normal 0.25944 0.965759 -0
    outer loop
      vertex -14.1701 -3.45197 2
      vertex -14.4456 -3.37796 2.9999
      vertex -14.1701 -3.45197 2.9999
    endloop
  endfacet
  facet normal 0.25944 0.965759 0
    outer loop
      vertex -14.4456 -3.37796 2.9999
      vertex -14.1701 -3.45197 2
      vertex -14.4456 -3.37796 2
    endloop
  endfacet
  facet normal 0.358244 0.933628 -0
    outer loop
      vertex -14.4456 -3.37796 2
      vertex -14.7188 -3.27313 2.9999
      vertex -14.4456 -3.37796 2.9999
    endloop
  endfacet
  facet normal 0.358244 0.933628 0
    outer loop
      vertex -14.7188 -3.27313 2.9999
      vertex -14.4456 -3.37796 2
      vertex -14.7188 -3.27313 2
    endloop
  endfacet
  facet normal 0.470926 0.882173 -0
    outer loop
      vertex -14.7188 -3.27313 2
      vertex -14.9828 -3.1322 2.9999
      vertex -14.7188 -3.27313 2.9999
    endloop
  endfacet
  facet normal 0.470926 0.882173 0
    outer loop
      vertex -14.9828 -3.1322 2.9999
      vertex -14.7188 -3.27313 2
      vertex -14.9828 -3.1322 2
    endloop
  endfacet
  facet normal 0.99999 0.00457829 0
    outer loop
      vertex -14.9828 -3.1322 2.9999
      vertex -15.0016 0.974091 2
      vertex -15.0016 0.974091 2.9999
    endloop
  endfacet
  facet normal 0.99999 0.00457829 0
    outer loop
      vertex -15.0016 0.974091 2
      vertex -14.9828 -3.1322 2.9999
      vertex -14.9828 -3.1322 2
    endloop
  endfacet
  facet normal 0.112346 -0.993669 0
    outer loop
      vertex -15.0016 0.974091 2
      vertex -14.9402 0.981033 2.9999
      vertex -15.0016 0.974091 2.9999
    endloop
  endfacet
  facet normal 0.112346 -0.993669 0
    outer loop
      vertex -14.9402 0.981033 2.9999
      vertex -15.0016 0.974091 2
      vertex -14.9402 0.981033 2
    endloop
  endfacet
  facet normal 0.0851705 -0.996366 0
    outer loop
      vertex -14.9402 0.981033 2
      vertex -14.882 0.986008 2.9999
      vertex -14.9402 0.981033 2.9999
    endloop
  endfacet
  facet normal 0.0851705 -0.996366 0
    outer loop
      vertex -14.882 0.986008 2.9999
      vertex -14.9402 0.981033 2
      vertex -14.882 0.986008 2
    endloop
  endfacet
  facet normal 0.0570182 -0.998373 0
    outer loop
      vertex -14.882 0.986008 2
      vertex -14.8235 0.989349 2.9999
      vertex -14.882 0.986008 2.9999
    endloop
  endfacet
  facet normal 0.0570182 -0.998373 0
    outer loop
      vertex -14.8235 0.989349 2.9999
      vertex -14.882 0.986008 2
      vertex -14.8235 0.989349 2
    endloop
  endfacet
  facet normal 0.0325149 -0.999471 0
    outer loop
      vertex -14.8235 0.989349 2
      vertex -14.7611 0.991379 2.9999
      vertex -14.8235 0.989349 2.9999
    endloop
  endfacet
  facet normal 0.0325149 -0.999471 0
    outer loop
      vertex -14.7611 0.991379 2.9999
      vertex -14.8235 0.989349 2
      vertex -14.7611 0.991379 2
    endloop
  endfacet
  facet normal 0.0148127 -0.99989 0
    outer loop
      vertex -14.7611 0.991379 2
      vertex -14.6911 0.992416 2.9999
      vertex -14.7611 0.991379 2.9999
    endloop
  endfacet
  facet normal 0.0148127 -0.99989 0
    outer loop
      vertex -14.6911 0.992416 2.9999
      vertex -14.7611 0.991379 2
      vertex -14.6911 0.992416 2
    endloop
  endfacet
  facet normal 0.00471018 -0.999989 0
    outer loop
      vertex -14.6911 0.992416 2
      vertex -14.61 0.992798 2.9999
      vertex -14.6911 0.992416 2.9999
    endloop
  endfacet
  facet normal 0.00471018 -0.999989 0
    outer loop
      vertex -14.61 0.992798 2.9999
      vertex -14.6911 0.992416 2
      vertex -14.61 0.992798 2
    endloop
  endfacet
  facet normal 0.000479666 -1 0
    outer loop
      vertex -14.61 0.992798 2
      vertex -14.5141 0.992844 2.9999
      vertex -14.61 0.992798 2.9999
    endloop
  endfacet
  facet normal 0.000479666 -1 0
    outer loop
      vertex -14.5141 0.992844 2.9999
      vertex -14.61 0.992798 2
      vertex -14.5141 0.992844 2
    endloop
  endfacet
  facet normal -0.0458878 -0.998947 0
    outer loop
      vertex -14.5141 0.992844 2
      vertex -13.8524 0.962448 2.9999
      vertex -14.5141 0.992844 2.9999
    endloop
  endfacet
  facet normal -0.0458878 -0.998947 -0
    outer loop
      vertex -13.8524 0.962448 2.9999
      vertex -14.5141 0.992844 2
      vertex -13.8524 0.962448 2
    endloop
  endfacet
  facet normal -0.121124 -0.992637 0
    outer loop
      vertex -13.8524 0.962448 2
      vertex -13.1625 0.878265 2.9999
      vertex -13.8524 0.962448 2.9999
    endloop
  endfacet
  facet normal -0.121124 -0.992637 -0
    outer loop
      vertex -13.1625 0.878265 2.9999
      vertex -13.8524 0.962448 2
      vertex -13.1625 0.878265 2
    endloop
  endfacet
  facet normal -0.184323 -0.982866 0
    outer loop
      vertex -13.1625 0.878265 2
      vertex -12.4827 0.750778 2.9999
      vertex -13.1625 0.878265 2.9999
    endloop
  endfacet
  facet normal -0.184323 -0.982866 -0
    outer loop
      vertex -12.4827 0.750778 2.9999
      vertex -13.1625 0.878265 2
      vertex -12.4827 0.750778 2
    endloop
  endfacet
  facet normal -0.246137 -0.969235 0
    outer loop
      vertex -12.4827 0.750778 2
      vertex -11.8515 0.590485 2.9999
      vertex -12.4827 0.750778 2.9999
    endloop
  endfacet
  facet normal -0.246137 -0.969235 -0
    outer loop
      vertex -11.8515 0.590485 2.9999
      vertex -12.4827 0.750778 2
      vertex -11.8515 0.590485 2
    endloop
  endfacet
  facet normal -0.318036 -0.948079 0
    outer loop
      vertex -11.8515 0.590485 2
      vertex -11.3072 0.407898 2.9999
      vertex -11.8515 0.590485 2.9999
    endloop
  endfacet
  facet normal -0.318036 -0.948079 -0
    outer loop
      vertex -11.3072 0.407898 2.9999
      vertex -11.8515 0.590485 2
      vertex -11.3072 0.407898 2
    endloop
  endfacet
  facet normal -0.420891 -0.907111 0
    outer loop
      vertex -11.3072 0.407898 2
      vertex -10.8882 0.213486 2.9999
      vertex -11.3072 0.407898 2.9999
    endloop
  endfacet
  facet normal -0.420891 -0.907111 -0
    outer loop
      vertex -10.8882 0.213486 2.9999
      vertex -11.3072 0.407898 2
      vertex -10.8882 0.213486 2
    endloop
  endfacet
  facet normal -0.608451 -0.793591 0
    outer loop
      vertex -10.8882 0.213486 2
      vertex -10.6329 0.017746 2.9999
      vertex -10.8882 0.213486 2.9999
    endloop
  endfacet
  facet normal -0.608451 -0.793591 -0
    outer loop
      vertex -10.6329 0.017746 2.9999
      vertex -10.8882 0.213486 2
      vertex -10.6329 0.017746 2
    endloop
  endfacet
  facet normal -0.852989 0.521928 0
    outer loop
      vertex -10.6982 -0.088974 2
      vertex -10.6329 0.017746 2.9999
      vertex -10.6329 0.017746 2
    endloop
  endfacet
  facet normal -0.852989 0.521928 0
    outer loop
      vertex -10.6329 0.017746 2.9999
      vertex -10.6982 -0.088974 2
      vertex -10.6982 -0.088974 2.9999
    endloop
  endfacet
  facet normal -0.762374 0.647136 0
    outer loop
      vertex -10.7927 -0.200302 2
      vertex -10.6982 -0.088974 2.9999
      vertex -10.6982 -0.088974 2
    endloop
  endfacet
  facet normal -0.762374 0.647136 0
    outer loop
      vertex -10.6982 -0.088974 2.9999
      vertex -10.7927 -0.200302 2
      vertex -10.7927 -0.200302 2.9999
    endloop
  endfacet
  facet normal -0.706256 0.707956 0
    outer loop
      vertex -10.7927 -0.200302 2
      vertex -10.9089 -0.316223 2.9999
      vertex -10.7927 -0.200302 2.9999
    endloop
  endfacet
  facet normal -0.706256 0.707956 0
    outer loop
      vertex -10.9089 -0.316223 2.9999
      vertex -10.7927 -0.200302 2
      vertex -10.9089 -0.316223 2
    endloop
  endfacet
  facet normal -0.679327 0.733835 0
    outer loop
      vertex -10.9089 -0.316223 2
      vertex -11.0391 -0.436752 2.9999
      vertex -10.9089 -0.316223 2.9999
    endloop
  endfacet
  facet normal -0.679327 0.733835 0
    outer loop
      vertex -11.0391 -0.436752 2.9999
      vertex -10.9089 -0.316223 2
      vertex -11.0391 -0.436752 2
    endloop
  endfacet
  facet normal -0.674956 0.737858 0
    outer loop
      vertex -11.0391 -0.436752 2
      vertex -11.1759 -0.56189 2.9999
      vertex -11.0391 -0.436752 2.9999
    endloop
  endfacet
  facet normal -0.674956 0.737858 0
    outer loop
      vertex -11.1759 -0.56189 2.9999
      vertex -11.0391 -0.436752 2
      vertex -11.1759 -0.56189 2
    endloop
  endfacet
  facet normal -0.690538 0.723296 0
    outer loop
      vertex -11.1759 -0.56189 2
      vertex -11.3118 -0.691635 2.9999
      vertex -11.1759 -0.56189 2.9999
    endloop
  endfacet
  facet normal -0.690538 0.723296 0
    outer loop
      vertex -11.3118 -0.691635 2.9999
      vertex -11.1759 -0.56189 2
      vertex -11.3118 -0.691635 2
    endloop
  endfacet
  facet normal -0.725906 0.687794 0
    outer loop
      vertex -11.4391 -0.825989 2
      vertex -11.3118 -0.691635 2.9999
      vertex -11.3118 -0.691635 2
    endloop
  endfacet
  facet normal -0.725906 0.687794 0
    outer loop
      vertex -11.3118 -0.691635 2.9999
      vertex -11.4391 -0.825989 2
      vertex -11.4391 -0.825989 2.9999
    endloop
  endfacet
  facet normal -0.547172 -0.83702 0
    outer loop
      vertex -11.4391 -0.825989 2
      vertex -11.3462 -0.886719 2.9999
      vertex -11.4391 -0.825989 2.9999
    endloop
  endfacet
  facet normal -0.547172 -0.83702 -0
    outer loop
      vertex -11.3462 -0.886719 2.9999
      vertex -11.4391 -0.825989 2
      vertex -11.3462 -0.886719 2
    endloop
  endfacet
  facet normal -0.424877 -0.905251 0
    outer loop
      vertex -11.3462 -0.886719 2
      vertex -11.2329 -0.939896 2.9999
      vertex -11.3462 -0.886719 2.9999
    endloop
  endfacet
  facet normal -0.424877 -0.905251 -0
    outer loop
      vertex -11.2329 -0.939896 2.9999
      vertex -11.3462 -0.886719 2
      vertex -11.2329 -0.939896 2
    endloop
  endfacet
  facet normal -0.335174 -0.942156 0
    outer loop
      vertex -11.2329 -0.939896 2
      vertex -11.1065 -0.984863 2.9999
      vertex -11.2329 -0.939896 2.9999
    endloop
  endfacet
  facet normal -0.335174 -0.942156 -0
    outer loop
      vertex -11.1065 -0.984863 2.9999
      vertex -11.2329 -0.939896 2
      vertex -11.1065 -0.984863 2
    endloop
  endfacet
  facet normal -0.263356 -0.964699 0
    outer loop
      vertex -11.1065 -0.984863 2
      vertex -10.9742 -1.02098 2.9999
      vertex -11.1065 -0.984863 2.9999
    endloop
  endfacet
  facet normal -0.263356 -0.964699 -0
    outer loop
      vertex -10.9742 -1.02098 2.9999
      vertex -11.1065 -0.984863 2
      vertex -10.9742 -1.02098 2
    endloop
  endfacet
  facet normal -0.19921 -0.979957 0
    outer loop
      vertex -10.9742 -1.02098 2
      vertex -10.8433 -1.04759 2.9999
      vertex -10.9742 -1.02098 2.9999
    endloop
  endfacet
  facet normal -0.19921 -0.979957 -0
    outer loop
      vertex -10.8433 -1.04759 2.9999
      vertex -10.9742 -1.02098 2
      vertex -10.8433 -1.04759 2
    endloop
  endfacet
  facet normal -0.133091 -0.991104 0
    outer loop
      vertex -10.8433 -1.04759 2
      vertex -10.7208 -1.06404 2.9999
      vertex -10.8433 -1.04759 2.9999
    endloop
  endfacet
  facet normal -0.133091 -0.991104 -0
    outer loop
      vertex -10.7208 -1.06404 2.9999
      vertex -10.8433 -1.04759 2
      vertex -10.7208 -1.06404 2
    endloop
  endfacet
  facet normal -0.0526915 -0.998611 0
    outer loop
      vertex -10.7208 -1.06404 2
      vertex -10.6141 -1.06967 2.9999
      vertex -10.7208 -1.06404 2.9999
    endloop
  endfacet
  facet normal -0.0526915 -0.998611 -0
    outer loop
      vertex -10.6141 -1.06967 2.9999
      vertex -10.7208 -1.06404 2
      vertex -10.6141 -1.06967 2
    endloop
  endfacet
  facet normal 0.173713 -0.984796 0
    outer loop
      vertex -10.6141 -1.06967 2
      vertex -10.3417 -1.02162 2.9999
      vertex -10.6141 -1.06967 2.9999
    endloop
  endfacet
  facet normal 0.173713 -0.984796 0
    outer loop
      vertex -10.3417 -1.02162 2.9999
      vertex -10.6141 -1.06967 2
      vertex -10.3417 -1.02162 2
    endloop
  endfacet
  facet normal 0.442511 -0.896763 0
    outer loop
      vertex -10.3417 -1.02162 2
      vertex -10.0788 -0.891891 2.9999
      vertex -10.3417 -1.02162 2.9999
    endloop
  endfacet
  facet normal 0.442511 -0.896763 0
    outer loop
      vertex -10.0788 -0.891891 2.9999
      vertex -10.3417 -1.02162 2
      vertex -10.0788 -0.891891 2
    endloop
  endfacet
  facet normal 0.617775 -0.786355 0
    outer loop
      vertex -10.0788 -0.891891 2
      vertex -9.8373 -0.702164 2.9999
      vertex -10.0788 -0.891891 2.9999
    endloop
  endfacet
  facet normal 0.617775 -0.786355 0
    outer loop
      vertex -9.8373 -0.702164 2.9999
      vertex -10.0788 -0.891891 2
      vertex -9.8373 -0.702164 2
    endloop
  endfacet
  facet normal 0.738232 -0.674547 0
    outer loop
      vertex -9.8373 -0.702164 2.9999
      vertex -9.62886 -0.474045 2
      vertex -9.62886 -0.474045 2.9999
    endloop
  endfacet
  facet normal 0.738232 -0.674547 0
    outer loop
      vertex -9.62886 -0.474045 2
      vertex -9.8373 -0.702164 2.9999
      vertex -9.8373 -0.702164 2
    endloop
  endfacet
  facet normal 0.831608 -0.555363 0
    outer loop
      vertex -9.62886 -0.474045 2.9999
      vertex -9.46536 -0.229218 2
      vertex -9.46536 -0.229218 2.9999
    endloop
  endfacet
  facet normal 0.831608 -0.555363 0
    outer loop
      vertex -9.46536 -0.229218 2
      vertex -9.62886 -0.474045 2.9999
      vertex -9.62886 -0.474045 2
    endloop
  endfacet
  facet normal 0.91363 -0.406546 0
    outer loop
      vertex -9.46536 -0.229218 2.9999
      vertex -9.35861 0.0106812 2
      vertex -9.35861 0.0106812 2.9999
    endloop
  endfacet
  facet normal 0.91363 -0.406546 0
    outer loop
      vertex -9.35861 0.0106812 2
      vertex -9.46536 -0.229218 2.9999
      vertex -9.46536 -0.229218 2
    endloop
  endfacet
  facet normal 0.984338 -0.176291 0
    outer loop
      vertex -9.35861 0.0106812 2.9999
      vertex -9.3204 0.22403 2
      vertex -9.3204 0.22403 2.9999
    endloop
  endfacet
  facet normal 0.984338 -0.176291 0
    outer loop
      vertex -9.3204 0.22403 2
      vertex -9.35861 0.0106812 2.9999
      vertex -9.35861 0.0106812 2
    endloop
  endfacet
  facet normal 0.954053 0.299636 0
    outer loop
      vertex -9.3204 0.22403 2.9999
      vertex -9.54649 0.943909 2
      vertex -9.54649 0.943909 2.9999
    endloop
  endfacet
  facet normal 0.954053 0.299636 0
    outer loop
      vertex -9.54649 0.943909 2
      vertex -9.3204 0.22403 2.9999
      vertex -9.3204 0.22403 2
    endloop
  endfacet
  facet normal 0.676159 0.736755 -0
    outer loop
      vertex -9.54649 0.943909 2
      vertex -10.1465 1.49457 2.9999
      vertex -9.54649 0.943909 2.9999
    endloop
  endfacet
  facet normal 0.676159 0.736755 0
    outer loop
      vertex -10.1465 1.49457 2.9999
      vertex -9.54649 0.943909 2
      vertex -10.1465 1.49457 2
    endloop
  endfacet
  facet normal 0.425495 0.904961 -0
    outer loop
      vertex -10.1465 1.49457 2
      vertex -11.003 1.89728 2.9999
      vertex -10.1465 1.49457 2.9999
    endloop
  endfacet
  facet normal 0.425495 0.904961 0
    outer loop
      vertex -11.003 1.89728 2.9999
      vertex -10.1465 1.49457 2
      vertex -11.003 1.89728 2
    endloop
  endfacet
  facet normal 0.267277 0.96362 -0
    outer loop
      vertex -11.003 1.89728 2
      vertex -11.9985 2.1734 2.9999
      vertex -11.003 1.89728 2.9999
    endloop
  endfacet
  facet normal 0.267277 0.96362 0
    outer loop
      vertex -11.9985 2.1734 2.9999
      vertex -11.003 1.89728 2
      vertex -11.9985 2.1734 2
    endloop
  endfacet
  facet normal 0.165613 0.986191 -0
    outer loop
      vertex -11.9985 2.1734 2
      vertex -13.0157 2.34422 2.9999
      vertex -11.9985 2.1734 2.9999
    endloop
  endfacet
  facet normal 0.165613 0.986191 0
    outer loop
      vertex -13.0157 2.34422 2.9999
      vertex -11.9985 2.1734 2
      vertex -13.0157 2.34422 2
    endloop
  endfacet
  facet normal 0.0938642 0.995585 -0
    outer loop
      vertex -13.0157 2.34422 2
      vertex -13.9371 2.43109 2.9999
      vertex -13.0157 2.34422 2.9999
    endloop
  endfacet
  facet normal 0.0938642 0.995585 0
    outer loop
      vertex -13.9371 2.43109 2.9999
      vertex -13.0157 2.34422 2
      vertex -13.9371 2.43109 2
    endloop
  endfacet
  facet normal 0.0341794 0.999416 -0
    outer loop
      vertex -13.9371 2.43109 2
      vertex -14.6453 2.45531 2.9999
      vertex -13.9371 2.43109 2.9999
    endloop
  endfacet
  facet normal 0.0341794 0.999416 0
    outer loop
      vertex -14.6453 2.45531 2.9999
      vertex -13.9371 2.43109 2
      vertex -14.6453 2.45531 2
    endloop
  endfacet
  facet normal 0 1 -0
    outer loop
      vertex -14.6453 2.45531 2
      vertex -14.9079 2.45531 2.9999
      vertex -14.6453 2.45531 2.9999
    endloop
  endfacet
  facet normal 0 1 0
    outer loop
      vertex -14.9079 2.45531 2.9999
      vertex -14.6453 2.45531 2
      vertex -14.9079 2.45531 2
    endloop
  endfacet
  facet normal 0.992318 0.123715 0
    outer loop
      vertex -14.9079 2.45531 2.9999
      vertex -14.9298 2.63097 2
      vertex -14.9298 2.63097 2.9999
    endloop
  endfacet
  facet normal 0.992318 0.123715 0
    outer loop
      vertex -14.9298 2.63097 2
      vertex -14.9079 2.45531 2.9999
      vertex -14.9079 2.45531 2
    endloop
  endfacet
  facet normal 0.994652 0.103287 0
    outer loop
      vertex -14.9298 2.63097 2.9999
      vertex -14.9478 2.80431 2
      vertex -14.9478 2.80431 2.9999
    endloop
  endfacet
  facet normal 0.994652 0.103287 0
    outer loop
      vertex -14.9478 2.80431 2
      vertex -14.9298 2.63097 2.9999
      vertex -14.9298 2.63097 2
    endloop
  endfacet
  facet normal 0.996327 0.0856341 0
    outer loop
      vertex -14.9478 2.80431 2.9999
      vertex -14.9625 2.97534 2
      vertex -14.9625 2.97534 2.9999
    endloop
  endfacet
  facet normal 0.996327 0.0856341 0
    outer loop
      vertex -14.9625 2.97534 2
      vertex -14.9478 2.80431 2.9999
      vertex -14.9478 2.80431 2
    endloop
  endfacet
  facet normal 0.997481 0.070932 0
    outer loop
      vertex -14.9625 2.97534 2.9999
      vertex -14.9745 3.14409 2
      vertex -14.9745 3.14409 2.9999
    endloop
  endfacet
  facet normal 0.997481 0.070932 0
    outer loop
      vertex -14.9745 3.14409 2
      vertex -14.9625 2.97534 2.9999
      vertex -14.9625 2.97534 2
    endloop
  endfacet
  facet normal 0.998164 0.0605711 0
    outer loop
      vertex -14.9745 3.14409 2.9999
      vertex -14.9846 3.31053 2
      vertex -14.9846 3.31053 2.9999
    endloop
  endfacet
  facet normal 0.998164 0.0605711 0
    outer loop
      vertex -14.9846 3.31053 2
      vertex -14.9745 3.14409 2.9999
      vertex -14.9745 3.14409 2
    endloop
  endfacet
  facet normal 0.998534 0.0541359 0
    outer loop
      vertex -14.9846 3.31053 2.9999
      vertex -14.9935 3.47469 2
      vertex -14.9935 3.47469 2.9999
    endloop
  endfacet
  facet normal 0.998534 0.0541359 0
    outer loop
      vertex -14.9935 3.47469 2
      vertex -14.9846 3.31053 2.9999
      vertex -14.9846 3.31053 2
    endloop
  endfacet
  facet normal 0.99875 0.0499807 0
    outer loop
      vertex -14.9935 3.47469 2.9999
      vertex -15.0016 3.63655 2
      vertex -15.0016 3.63655 2.9999
    endloop
  endfacet
  facet normal 0.99875 0.0499807 0
    outer loop
      vertex -15.0016 3.63655 2
      vertex -14.9935 3.47469 2.9999
      vertex -14.9935 3.47469 2
    endloop
  endfacet
  facet normal 0.997091 0.0762216 0
    outer loop
      vertex -15.0016 3.63655 2.9999
      vertex -15.0286 3.98975 2
      vertex -15.0286 3.98975 2.9999
    endloop
  endfacet
  facet normal 0.997091 0.0762216 0
    outer loop
      vertex -15.0286 3.98975 2
      vertex -15.0016 3.63655 2.9999
      vertex -15.0016 3.63655 2
    endloop
  endfacet
  facet normal 0.99251 0.122161 0
    outer loop
      vertex -15.0286 3.98975 2.9999
      vertex -15.0684 4.31311 2
      vertex -15.0684 4.31311 2.9999
    endloop
  endfacet
  facet normal 0.99251 0.122161 0
    outer loop
      vertex -15.0684 4.31311 2
      vertex -15.0286 3.98975 2.9999
      vertex -15.0286 3.98975 2
    endloop
  endfacet
  facet normal 0.978323 0.207085 0
    outer loop
      vertex -15.0684 4.31311 2.9999
      vertex -15.1315 4.61121 2
      vertex -15.1315 4.61121 2.9999
    endloop
  endfacet
  facet normal 0.978323 0.207085 0
    outer loop
      vertex -15.1315 4.61121 2
      vertex -15.0684 4.31311 2.9999
      vertex -15.0684 4.31311 2
    endloop
  endfacet
  facet normal 0.944173 0.32945 0
    outer loop
      vertex -15.1315 4.61121 2.9999
      vertex -15.2283 4.88863 2
      vertex -15.2283 4.88863 2.9999
    endloop
  endfacet
  facet normal 0.944173 0.32945 0
    outer loop
      vertex -15.2283 4.88863 2
      vertex -15.1315 4.61121 2.9999
      vertex -15.1315 4.61121 2
    endloop
  endfacet
  facet normal 0.879805 0.475334 0
    outer loop
      vertex -15.2283 4.88863 2.9999
      vertex -15.3695 5.14998 2
      vertex -15.3695 5.14998 2.9999
    endloop
  endfacet
  facet normal 0.879805 0.475334 0
    outer loop
      vertex -15.3695 5.14998 2
      vertex -15.2283 4.88863 2.9999
      vertex -15.2283 4.88863 2
    endloop
  endfacet
  facet normal 0.786958 0.617006 0
    outer loop
      vertex -15.3695 5.14998 2.9999
      vertex -15.5654 5.39984 2
      vertex -15.5654 5.39984 2.9999
    endloop
  endfacet
  facet normal 0.786958 0.617006 0
    outer loop
      vertex -15.5654 5.39984 2
      vertex -15.3695 5.14998 2.9999
      vertex -15.3695 5.14998 2
    endloop
  endfacet
  facet normal 0.681064 0.732224 -0
    outer loop
      vertex -15.5654 5.39984 2
      vertex -15.8266 5.64279 2.9999
      vertex -15.5654 5.39984 2.9999
    endloop
  endfacet
  facet normal 0.681064 0.732224 0
    outer loop
      vertex -15.8266 5.64279 2.9999
      vertex -15.5654 5.39984 2
      vertex -15.8266 5.64279 2
    endloop
  endfacet
  facet normal -0.827326 0.561722 0
    outer loop
      vertex -15.9967 5.39226 2
      vertex -15.8266 5.64279 2.9999
      vertex -15.8266 5.64279 2
    endloop
  endfacet
  facet normal -0.827326 0.561722 0
    outer loop
      vertex -15.8266 5.64279 2.9999
      vertex -15.9967 5.39226 2
      vertex -15.9967 5.39226 2.9999
    endloop
  endfacet
  facet normal -0.939945 0.341325 0
    outer loop
      vertex -16.1383 5.00232 2
      vertex -15.9967 5.39226 2.9999
      vertex -15.9967 5.39226 2
    endloop
  endfacet
  facet normal -0.939945 0.341325 0
    outer loop
      vertex -15.9967 5.39226 2.9999
      vertex -16.1383 5.00232 2
      vertex -16.1383 5.00232 2.9999
    endloop
  endfacet
  facet normal -0.971511 0.236994 0
    outer loop
      vertex -16.2527 4.53336 2
      vertex -16.1383 5.00232 2.9999
      vertex -16.1383 5.00232 2
    endloop
  endfacet
  facet normal -0.971511 0.236994 0
    outer loop
      vertex -16.1383 5.00232 2.9999
      vertex -16.2527 4.53336 2
      vertex -16.2527 4.53336 2.9999
    endloop
  endfacet
  facet normal -0.983965 0.17836 0
    outer loop
      vertex -16.3411 4.04568 2
      vertex -16.2527 4.53336 2.9999
      vertex -16.2527 4.53336 2
    endloop
  endfacet
  facet normal -0.983965 0.17836 0
    outer loop
      vertex -16.2527 4.53336 2.9999
      vertex -16.3411 4.04568 2
      vertex -16.3411 4.04568 2.9999
    endloop
  endfacet
  facet normal -0.989923 0.141605 0
    outer loop
      vertex -16.4049 3.59967 2
      vertex -16.3411 4.04568 2.9999
      vertex -16.3411 4.04568 2
    endloop
  endfacet
  facet normal -0.989923 0.141605 0
    outer loop
      vertex -16.3411 4.04568 2.9999
      vertex -16.4049 3.59967 2
      vertex -16.4049 3.59967 2.9999
    endloop
  endfacet
  facet normal -0.993108 0.117206 0
    outer loop
      vertex -16.4455 3.25566 2
      vertex -16.4049 3.59967 2.9999
      vertex -16.4049 3.59967 2
    endloop
  endfacet
  facet normal -0.993108 0.117206 0
    outer loop
      vertex -16.4049 3.59967 2.9999
      vertex -16.4455 3.25566 2
      vertex -16.4455 3.25566 2.9999
    endloop
  endfacet
  facet normal -0.994799 0.101862 0
    outer loop
      vertex -16.4641 3.07401 2
      vertex -16.4455 3.25566 2.9999
      vertex -16.4455 3.25566 2
    endloop
  endfacet
  facet normal -0.994799 0.101862 0
    outer loop
      vertex -16.4455 3.25566 2.9999
      vertex -16.4641 3.07401 2
      vertex -16.4641 3.07401 2.9999
    endloop
  endfacet
  facet normal -0.998812 0.0487257 0
    outer loop
      vertex -16.5016 2.30531 2
      vertex -16.4641 3.07401 2.9999
      vertex -16.4641 3.07401 2
    endloop
  endfacet
  facet normal -0.998812 0.0487257 0
    outer loop
      vertex -16.4641 3.07401 2.9999
      vertex -16.5016 2.30531 2
      vertex -16.5016 2.30531 2.9999
    endloop
  endfacet
  facet normal -0.184206 0.982888 0
    outer loop
      vertex -16.5016 2.30531 2
      vertex -17.2468 2.16565 2.9999
      vertex -16.5016 2.30531 2.9999
    endloop
  endfacet
  facet normal -0.184206 0.982888 0
    outer loop
      vertex -17.2468 2.16565 2.9999
      vertex -16.5016 2.30531 2
      vertex -17.2468 2.16565 2
    endloop
  endfacet
  facet normal -0.218055 0.975937 0
    outer loop
      vertex -17.2468 2.16565 2
      vertex -17.913 2.0168 2.9999
      vertex -17.2468 2.16565 2.9999
    endloop
  endfacet
  facet normal -0.218055 0.975937 0
    outer loop
      vertex -17.913 2.0168 2.9999
      vertex -17.2468 2.16565 2
      vertex -17.913 2.0168 2
    endloop
  endfacet
  facet normal -0.263461 0.96467 0
    outer loop
      vertex -17.913 2.0168 2
      vertex -18.5084 1.85419 2.9999
      vertex -17.913 2.0168 2.9999
    endloop
  endfacet
  facet normal -0.263461 0.96467 0
    outer loop
      vertex -18.5084 1.85419 2.9999
      vertex -17.913 2.0168 2
      vertex -18.5084 1.85419 2
    endloop
  endfacet
  facet normal -0.321715 0.946837 0
    outer loop
      vertex -18.5084 1.85419 2
      vertex -19.0411 1.67319 2.9999
      vertex -18.5084 1.85419 2.9999
    endloop
  endfacet
  facet normal -0.321715 0.946837 0
    outer loop
      vertex -19.0411 1.67319 2.9999
      vertex -18.5084 1.85419 2
      vertex -19.0411 1.67319 2
    endloop
  endfacet
  facet normal -0.392236 0.919865 0
    outer loop
      vertex -19.0411 1.67319 2
      vertex -19.5194 1.46924 2.9999
      vertex -19.0411 1.67319 2.9999
    endloop
  endfacet
  facet normal -0.392236 0.919865 0
    outer loop
      vertex -19.5194 1.46924 2.9999
      vertex -19.0411 1.67319 2
      vertex -19.5194 1.46924 2
    endloop
  endfacet
  facet normal -0.47235 0.881411 0
    outer loop
      vertex -19.5194 1.46924 2
      vertex -19.9514 1.23773 2.9999
      vertex -19.5194 1.46924 2.9999
    endloop
  endfacet
  facet normal -0.47235 0.881411 0
    outer loop
      vertex -19.9514 1.23773 2.9999
      vertex -19.5194 1.46924 2
      vertex -19.9514 1.23773 2
    endloop
  endfacet
  facet normal -0.556217 0.831037 0
    outer loop
      vertex -19.9514 1.23773 2
      vertex -20.3453 0.974091 2.9999
      vertex -19.9514 1.23773 2.9999
    endloop
  endfacet
  facet normal -0.556217 0.831037 0
    outer loop
      vertex -20.3453 0.974091 2.9999
      vertex -19.9514 1.23773 2
      vertex -20.3453 0.974091 2
    endloop
  endfacet
  facet normal -0.596737 0.802437 0
    outer loop
      vertex -20.3453 0.974091 2
      vertex -20.5154 0.847595 2.9999
      vertex -20.3453 0.974091 2.9999
    endloop
  endfacet
  facet normal -0.596737 0.802437 0
    outer loop
      vertex -20.5154 0.847595 2.9999
      vertex -20.3453 0.974091 2
      vertex -20.5154 0.847595 2
    endloop
  endfacet
  facet normal -0.657492 0.753462 0
    outer loop
      vertex -20.5154 0.847595 2
      vertex -20.6566 0.72438 2.9999
      vertex -20.5154 0.847595 2.9999
    endloop
  endfacet
  facet normal -0.657492 0.753462 0
    outer loop
      vertex -20.6566 0.72438 2.9999
      vertex -20.5154 0.847595 2
      vertex -20.6566 0.72438 2
    endloop
  endfacet
  facet normal -0.730343 0.683081 0
    outer loop
      vertex -20.77 0.603134 2
      vertex -20.6566 0.72438 2.9999
      vertex -20.6566 0.72438 2
    endloop
  endfacet
  facet normal -0.730343 0.683081 0
    outer loop
      vertex -20.6566 0.72438 2.9999
      vertex -20.77 0.603134 2
      vertex -20.77 0.603134 2.9999
    endloop
  endfacet
  facet normal -0.812924 0.582369 0
    outer loop
      vertex -20.8564 0.482529 2
      vertex -20.77 0.603134 2.9999
      vertex -20.77 0.603134 2
    endloop
  endfacet
  facet normal -0.812924 0.582369 0
    outer loop
      vertex -20.77 0.603134 2.9999
      vertex -20.8564 0.482529 2
      vertex -20.8564 0.482529 2.9999
    endloop
  endfacet
  facet normal -0.894814 0.44644 0
    outer loop
      vertex -20.9169 0.361267 2
      vertex -20.8564 0.482529 2.9999
      vertex -20.8564 0.482529 2
    endloop
  endfacet
  facet normal -0.894814 0.44644 0
    outer loop
      vertex -20.8564 0.482529 2.9999
      vertex -20.9169 0.361267 2
      vertex -20.9169 0.361267 2.9999
    endloop
  endfacet
  facet normal -0.960705 0.277572 0
    outer loop
      vertex -20.9525 0.238052 2
      vertex -20.9169 0.361267 2.9999
      vertex -20.9169 0.361267 2
    endloop
  endfacet
  facet normal -0.960705 0.277572 0
    outer loop
      vertex -20.9169 0.361267 2.9999
      vertex -20.9525 0.238052 2
      vertex -20.9525 0.238052 2.9999
    endloop
  endfacet
  facet normal -0.995821 0.0913308 0
    outer loop
      vertex -20.9641 0.111572 2
      vertex -20.9525 0.238052 2.9999
      vertex -20.9525 0.238052 2
    endloop
  endfacet
  facet normal -0.995821 0.0913308 0
    outer loop
      vertex -20.9525 0.238052 2.9999
      vertex -20.9641 0.111572 2
      vertex -20.9641 0.111572 2.9999
    endloop
  endfacet
  facet normal -0.993687 -0.112191 0
    outer loop
      vertex -20.9359 -0.138199 2
      vertex -20.9641 0.111572 2.9999
      vertex -20.9641 0.111572 2
    endloop
  endfacet
  facet normal -0.993687 -0.112191 0
    outer loop
      vertex -20.9641 0.111572 2.9999
      vertex -20.9359 -0.138199 2
      vertex -20.9359 -0.138199 2.9999
    endloop
  endfacet
  facet normal -0.953767 -0.300547 0
    outer loop
      vertex -20.8574 -0.387314 2
      vertex -20.9359 -0.138199 2.9999
      vertex -20.9359 -0.138199 2
    endloop
  endfacet
  facet normal -0.953767 -0.300547 0
    outer loop
      vertex -20.9359 -0.138199 2.9999
      vertex -20.8574 -0.387314 2
      vertex -20.8574 -0.387314 2.9999
    endloop
  endfacet
  facet normal -0.899712 -0.436483 0
    outer loop
      vertex -20.7383 -0.632812 2
      vertex -20.8574 -0.387314 2.9999
      vertex -20.8574 -0.387314 2
    endloop
  endfacet
  facet normal -0.899712 -0.436483 0
    outer loop
      vertex -20.8574 -0.387314 2.9999
      vertex -20.7383 -0.632812 2
      vertex -20.7383 -0.632812 2.9999
    endloop
  endfacet
  facet normal -0.846445 -0.532476 0
    outer loop
      vertex -20.588 -0.871735 2
      vertex -20.7383 -0.632812 2.9999
      vertex -20.7383 -0.632812 2
    endloop
  endfacet
  facet normal -0.846445 -0.532476 0
    outer loop
      vertex -20.7383 -0.632812 2.9999
      vertex -20.588 -0.871735 2
      vertex -20.588 -0.871735 2.9999
    endloop
  endfacet
  facet normal -0.80027 -0.59964 0
    outer loop
      vertex -20.4161 -1.10115 2
      vertex -20.588 -0.871735 2.9999
      vertex -20.588 -0.871735 2
    endloop
  endfacet
  facet normal -0.80027 -0.59964 0
    outer loop
      vertex -20.588 -0.871735 2.9999
      vertex -20.4161 -1.10115 2
      vertex -20.4161 -1.10115 2.9999
    endloop
  endfacet
  facet normal -0.762443 -0.647055 0
    outer loop
      vertex -20.232 -1.31808 2
      vertex -20.4161 -1.10115 2.9999
      vertex -20.4161 -1.10115 2
    endloop
  endfacet
  facet normal -0.762443 -0.647055 0
    outer loop
      vertex -20.4161 -1.10115 2.9999
      vertex -20.232 -1.31808 2
      vertex -20.232 -1.31808 2.9999
    endloop
  endfacet
  facet normal -0.733599 -0.679582 0
    outer loop
      vertex -20.0453 -1.51962 2
      vertex -20.232 -1.31808 2.9999
      vertex -20.232 -1.31808 2
    endloop
  endfacet
  facet normal -0.733599 -0.679582 0
    outer loop
      vertex -20.232 -1.31808 2.9999
      vertex -20.0453 -1.51962 2
      vertex -20.0453 -1.51962 2.9999
    endloop
  endfacet
  facet normal -0.722183 -0.691702 0
    outer loop
      vertex -19.7916 -1.7845 2
      vertex -20.0453 -1.51962 2.9999
      vertex -20.0453 -1.51962 2
    endloop
  endfacet
  facet normal -0.722183 -0.691702 0
    outer loop
      vertex -20.0453 -1.51962 2.9999
      vertex -19.7916 -1.7845 2
      vertex -19.7916 -1.7845 2.9999
    endloop
  endfacet
  facet normal -0.669767 -0.742571 0
    outer loop
      vertex -19.7916 -1.7845 2
      vertex -19.4645 -2.07953 2.9999
      vertex -19.7916 -1.7845 2.9999
    endloop
  endfacet
  facet normal -0.669767 -0.742571 -0
    outer loop
      vertex -19.4645 -2.07953 2.9999
      vertex -19.7916 -1.7845 2
      vertex -19.4645 -2.07953 2
    endloop
  endfacet
  facet normal -0.627959 -0.778246 0
    outer loop
      vertex -19.4645 -2.07953 2
      vertex -19.0639 -2.40277 2.9999
      vertex -19.4645 -2.07953 2.9999
    endloop
  endfacet
  facet normal -0.627959 -0.778246 -0
    outer loop
      vertex -19.0639 -2.40277 2.9999
      vertex -19.4645 -2.07953 2
      vertex -19.0639 -2.40277 2
    endloop
  endfacet
  facet normal -0.593368 -0.804932 0
    outer loop
      vertex -19.0639 -2.40277 2
      vertex -18.5898 -2.75226 2.9999
      vertex -19.0639 -2.40277 2.9999
    endloop
  endfacet
  facet normal -0.593368 -0.804932 -0
    outer loop
      vertex -18.5898 -2.75226 2.9999
      vertex -19.0639 -2.40277 2
      vertex -18.5898 -2.75226 2
    endloop
  endfacet
  facet normal -0.563714 -0.82597 0
    outer loop
      vertex -18.5898 -2.75226 2
      vertex -18.0422 -3.12599 2.9999
      vertex -18.5898 -2.75226 2.9999
    endloop
  endfacet
  facet normal -0.563714 -0.82597 -0
    outer loop
      vertex -18.0422 -3.12599 2.9999
      vertex -18.5898 -2.75226 2
      vertex -18.0422 -3.12599 2
    endloop
  endfacet
  facet normal -0.537705 -0.843133 0
    outer loop
      vertex -18.0422 -3.12599 2
      vertex -17.4212 -3.52203 2.9999
      vertex -18.0422 -3.12599 2.9999
    endloop
  endfacet
  facet normal -0.537705 -0.843133 -0
    outer loop
      vertex -17.4212 -3.52203 2.9999
      vertex -18.0422 -3.12599 2
      vertex -17.4212 -3.52203 2
    endloop
  endfacet
  facet normal -0.51416 -0.857694 0
    outer loop
      vertex -17.4212 -3.52203 2
      vertex -16.7266 -3.93842 2.9999
      vertex -17.4212 -3.52203 2.9999
    endloop
  endfacet
  facet normal -0.51416 -0.857694 -0
    outer loop
      vertex -16.7266 -3.93842 2.9999
      vertex -17.4212 -3.52203 2
      vertex -16.7266 -3.93842 2
    endloop
  endfacet
  facet normal -0.981763 -0.190111 0
    outer loop
      vertex -16.6789 -4.18475 2
      vertex -16.7266 -3.93842 2.9999
      vertex -16.7266 -3.93842 2
    endloop
  endfacet
  facet normal -0.981763 -0.190111 0
    outer loop
      vertex -16.7266 -3.93842 2.9999
      vertex -16.6789 -4.18475 2
      vertex -16.6789 -4.18475 2.9999
    endloop
  endfacet
  facet normal -0.979585 -0.201029 0
    outer loop
      vertex -16.6299 -4.42352 2
      vertex -16.6789 -4.18475 2.9999
      vertex -16.6789 -4.18475 2
    endloop
  endfacet
  facet normal -0.979585 -0.201029 0
    outer loop
      vertex -16.6789 -4.18475 2.9999
      vertex -16.6299 -4.42352 2
      vertex -16.6299 -4.42352 2.9999
    endloop
  endfacet
  facet normal -0.973237 -0.229804 0
    outer loop
      vertex -16.576 -4.65179 2
      vertex -16.6299 -4.42352 2.9999
      vertex -16.6299 -4.42352 2
    endloop
  endfacet
  facet normal -0.973237 -0.229804 0
    outer loop
      vertex -16.6299 -4.42352 2.9999
      vertex -16.576 -4.65179 2
      vertex -16.576 -4.65179 2.9999
    endloop
  endfacet
  facet normal -0.960307 -0.278946 0
    outer loop
      vertex -16.5136 -4.86661 2
      vertex -16.576 -4.65179 2.9999
      vertex -16.576 -4.65179 2
    endloop
  endfacet
  facet normal -0.960307 -0.278946 0
    outer loop
      vertex -16.576 -4.65179 2.9999
      vertex -16.5136 -4.86661 2
      vertex -16.5136 -4.86661 2.9999
    endloop
  endfacet
  facet normal -0.936186 -0.351506 0
    outer loop
      vertex -16.4391 -5.06503 2
      vertex -16.5136 -4.86661 2.9999
      vertex -16.5136 -4.86661 2
    endloop
  endfacet
  facet normal -0.936186 -0.351506 0
    outer loop
      vertex -16.5136 -4.86661 2.9999
      vertex -16.4391 -5.06503 2
      vertex -16.4391 -5.06503 2.9999
    endloop
  endfacet
  facet normal -0.892886 -0.450283 0
    outer loop
      vertex -16.3488 -5.24409 2
      vertex -16.4391 -5.06503 2.9999
      vertex -16.4391 -5.06503 2
    endloop
  endfacet
  facet normal -0.892886 -0.450283 0
    outer loop
      vertex -16.4391 -5.06503 2.9999
      vertex -16.3488 -5.24409 2
      vertex -16.3488 -5.24409 2.9999
    endloop
  endfacet
  facet normal -0.819573 -0.572975 0
    outer loop
      vertex -16.2392 -5.40086 2
      vertex -16.3488 -5.24409 2.9999
      vertex -16.3488 -5.24409 2
    endloop
  endfacet
  facet normal -0.819573 -0.572975 0
    outer loop
      vertex -16.3488 -5.24409 2.9999
      vertex -16.2392 -5.40086 2
      vertex -16.2392 -5.40086 2.9999
    endloop
  endfacet
  facet normal -0.0866914 -0.996235 0
    outer loop
      vertex -16.2392 -5.40086 2
      vertex -15.8078 -5.4384 2.9999
      vertex -16.2392 -5.40086 2.9999
    endloop
  endfacet
  facet normal -0.0866914 -0.996235 -0
    outer loop
      vertex -15.8078 -5.4384 2.9999
      vertex -16.2392 -5.40086 2
      vertex -15.8078 -5.4384 2
    endloop
  endfacet
  facet normal 0.0215365 -0.999768 0
    outer loop
      vertex -15.8078 -5.4384 2
      vertex -15.7066 -5.43622 2.9999
      vertex -15.8078 -5.4384 2.9999
    endloop
  endfacet
  facet normal 0.0215365 -0.999768 0
    outer loop
      vertex -15.7066 -5.43622 2.9999
      vertex -15.8078 -5.4384 2
      vertex -15.7066 -5.43622 2
    endloop
  endfacet
  facet normal 0.317905 0.948123 -0
    outer loop
      vertex -17.1163 -2.60513 2
      vertex -17.486 -2.48117 2.9999
      vertex -17.1163 -2.60513 2.9999
    endloop
  endfacet
  facet normal 0.317905 0.948123 0
    outer loop
      vertex -17.486 -2.48117 2.9999
      vertex -17.1163 -2.60513 2
      vertex -17.486 -2.48117 2
    endloop
  endfacet
  facet normal 0.378601 0.92556 -0
    outer loop
      vertex -17.486 -2.48117 2
      vertex -17.8484 -2.33293 2.9999
      vertex -17.486 -2.48117 2.9999
    endloop
  endfacet
  facet normal 0.378601 0.92556 0
    outer loop
      vertex -17.8484 -2.33293 2.9999
      vertex -17.486 -2.48117 2
      vertex -17.8484 -2.33293 2
    endloop
  endfacet
  facet normal 0.43467 0.90059 -0
    outer loop
      vertex -17.8484 -2.33293 2
      vertex -18.1977 -2.16434 2.9999
      vertex -17.8484 -2.33293 2.9999
    endloop
  endfacet
  facet normal 0.43467 0.90059 0
    outer loop
      vertex -18.1977 -2.16434 2.9999
      vertex -17.8484 -2.33293 2
      vertex -18.1977 -2.16434 2
    endloop
  endfacet
  facet normal 0.488668 0.87247 -0
    outer loop
      vertex -18.1977 -2.16434 2
      vertex -18.528 -1.97934 2.9999
      vertex -18.1977 -2.16434 2.9999
    endloop
  endfacet
  facet normal 0.488668 0.87247 0
    outer loop
      vertex -18.528 -1.97934 2.9999
      vertex -18.1977 -2.16434 2
      vertex -18.528 -1.97934 2
    endloop
  endfacet
  facet normal 0.543063 0.839692 -0
    outer loop
      vertex -18.528 -1.97934 2
      vertex -18.8333 -1.78189 2.9999
      vertex -18.528 -1.97934 2.9999
    endloop
  endfacet
  facet normal 0.543063 0.839692 0
    outer loop
      vertex -18.8333 -1.78189 2.9999
      vertex -18.528 -1.97934 2
      vertex -18.8333 -1.78189 2
    endloop
  endfacet
  facet normal 0.600056 0.799958 -0
    outer loop
      vertex -18.8333 -1.78189 2
      vertex -19.1079 -1.57591 2.9999
      vertex -18.8333 -1.78189 2.9999
    endloop
  endfacet
  facet normal 0.600056 0.799958 0
    outer loop
      vertex -19.1079 -1.57591 2.9999
      vertex -18.8333 -1.78189 2
      vertex -19.1079 -1.57591 2
    endloop
  endfacet
  facet normal 0.599789 0.800159 -0
    outer loop
      vertex -19.1079 -1.57591 2
      vertex -19.3501 -1.39436 2.9999
      vertex -19.1079 -1.57591 2.9999
    endloop
  endfacet
  facet normal 0.599789 0.800159 0
    outer loop
      vertex -19.3501 -1.39436 2.9999
      vertex -19.1079 -1.57591 2
      vertex -19.3501 -1.39436 2
    endloop
  endfacet
  facet normal 0.61227 0.790648 -0
    outer loop
      vertex -19.3501 -1.39436 2
      vertex -19.6125 -1.19116 2.9999
      vertex -19.3501 -1.39436 2.9999
    endloop
  endfacet
  facet normal 0.61227 0.790648 0
    outer loop
      vertex -19.6125 -1.19116 2.9999
      vertex -19.3501 -1.39436 2
      vertex -19.6125 -1.19116 2
    endloop
  endfacet
  facet normal 0.641361 0.767239 -0
    outer loop
      vertex -19.6125 -1.19116 2
      vertex -19.8744 -0.972229 2.9999
      vertex -19.6125 -1.19116 2.9999
    endloop
  endfacet
  facet normal 0.641361 0.767239 0
    outer loop
      vertex -19.8744 -0.972229 2.9999
      vertex -19.6125 -1.19116 2
      vertex -19.8744 -0.972229 2
    endloop
  endfacet
  facet normal 0.689803 0.723997 -0
    outer loop
      vertex -19.8744 -0.972229 2
      vertex -20.1145 -0.743469 2.9999
      vertex -19.8744 -0.972229 2.9999
    endloop
  endfacet
  facet normal 0.689803 0.723997 0
    outer loop
      vertex -20.1145 -0.743469 2.9999
      vertex -19.8744 -0.972229 2
      vertex -20.1145 -0.743469 2
    endloop
  endfacet
  facet normal 0.762271 0.647258 0
    outer loop
      vertex -20.1145 -0.743469 2.9999
      vertex -20.3121 -0.510757 2
      vertex -20.3121 -0.510757 2.9999
    endloop
  endfacet
  facet normal 0.762271 0.647258 0
    outer loop
      vertex -20.3121 -0.510757 2
      vertex -20.1145 -0.743469 2.9999
      vertex -20.1145 -0.743469 2
    endloop
  endfacet
  facet normal 0.864905 0.501936 0
    outer loop
      vertex -20.3121 -0.510757 2.9999
      vertex -20.446 -0.280029 2
      vertex -20.446 -0.280029 2.9999
    endloop
  endfacet
  facet normal 0.864905 0.501936 0
    outer loop
      vertex -20.446 -0.280029 2
      vertex -20.3121 -0.510757 2.9999
      vertex -20.3121 -0.510757 2
    endloop
  endfacet
  facet normal 0.976397 0.215984 0
    outer loop
      vertex -20.446 -0.280029 2.9999
      vertex -20.4953 -0.0571594 2
      vertex -20.4953 -0.0571594 2.9999
    endloop
  endfacet
  facet normal 0.976397 0.215984 0
    outer loop
      vertex -20.4953 -0.0571594 2
      vertex -20.446 -0.280029 2.9999
      vertex -20.446 -0.280029 2
    endloop
  endfacet
  facet normal 0.904445 -0.426591 0
    outer loop
      vertex -20.4953 -0.0571594 2.9999
      vertex -20.3756 0.196625 2
      vertex -20.3756 0.196625 2.9999
    endloop
  endfacet
  facet normal 0.904445 -0.426591 0
    outer loop
      vertex -20.3756 0.196625 2
      vertex -20.4953 -0.0571594 2.9999
      vertex -20.4953 -0.0571594 2
    endloop
  endfacet
  facet normal 0.522858 -0.85242 0
    outer loop
      vertex -20.3756 0.196625 2
      vertex -20.0431 0.400574 2.9999
      vertex -20.3756 0.196625 2.9999
    endloop
  endfacet
  facet normal 0.522858 -0.85242 0
    outer loop
      vertex -20.0431 0.400574 2.9999
      vertex -20.3756 0.196625 2
      vertex -20.0431 0.400574 2
    endloop
  endfacet
  facet normal 0.30448 -0.952519 0
    outer loop
      vertex -20.0431 0.400574 2
      vertex -19.5374 0.562225 2.9999
      vertex -20.0431 0.400574 2.9999
    endloop
  endfacet
  facet normal 0.30448 -0.952519 0
    outer loop
      vertex -19.5374 0.562225 2.9999
      vertex -20.0431 0.400574 2
      vertex -19.5374 0.562225 2
    endloop
  endfacet
  facet normal 0.194724 -0.980858 0
    outer loop
      vertex -19.5374 0.562225 2
      vertex -18.8983 0.689102 2.9999
      vertex -19.5374 0.562225 2.9999
    endloop
  endfacet
  facet normal 0.194724 -0.980858 0
    outer loop
      vertex -18.8983 0.689102 2.9999
      vertex -19.5374 0.562225 2
      vertex -18.8983 0.689102 2
    endloop
  endfacet
  facet normal 0.134696 -0.990887 0
    outer loop
      vertex -18.8983 0.689102 2
      vertex -18.1653 0.788742 2.9999
      vertex -18.8983 0.689102 2.9999
    endloop
  endfacet
  facet normal 0.134696 -0.990887 0
    outer loop
      vertex -18.1653 0.788742 2.9999
      vertex -18.8983 0.689102 2
      vertex -18.1653 0.788742 2
    endloop
  endfacet
  facet normal 0.101082 -0.994878 0
    outer loop
      vertex -18.1653 0.788742 2
      vertex -17.3782 0.868713 2.9999
      vertex -18.1653 0.788742 2.9999
    endloop
  endfacet
  facet normal 0.101082 -0.994878 0
    outer loop
      vertex -17.3782 0.868713 2.9999
      vertex -18.1653 0.788742 2
      vertex -17.3782 0.868713 2
    endloop
  endfacet
  facet normal 0.0843305 -0.996438 0
    outer loop
      vertex -17.3782 0.868713 2
      vertex -16.5766 0.936554 2.9999
      vertex -17.3782 0.868713 2.9999
    endloop
  endfacet
  facet normal 0.0843305 -0.996438 0
    outer loop
      vertex -16.5766 0.936554 2.9999
      vertex -17.3782 0.868713 2
      vertex -16.5766 0.936554 2
    endloop
  endfacet
  facet normal -0.998925 0.0463566 0
    outer loop
      vertex -16.7454 -2.70087 2
      vertex -16.5766 0.936554 2.9999
      vertex -16.5766 0.936554 2
    endloop
  endfacet
  facet normal -0.998925 0.0463566 0
    outer loop
      vertex -16.5766 0.936554 2.9999
      vertex -16.7454 -2.70087 2
      vertex -16.7454 -2.70087 2.9999
    endloop
  endfacet
  facet normal 0.249936 0.968262 -0
    outer loop
      vertex -16.7454 -2.70087 2
      vertex -17.1163 -2.60513 2.9999
      vertex -16.7454 -2.70087 2.9999
    endloop
  endfacet
  facet normal 0.249936 0.968262 0
    outer loop
      vertex -17.1163 -2.60513 2.9999
      vertex -16.7454 -2.70087 2
      vertex -17.1163 -2.60513 2
    endloop
  endfacet
  facet normal 0.444089 -0.895983 0
    outer loop
      vertex -5.22366 3.19386 2
      vertex -5.13412 3.23824 2.9999
      vertex -5.22366 3.19386 2.9999
    endloop
  endfacet
  facet normal 0.444089 -0.895983 0
    outer loop
      vertex -5.13412 3.23824 2.9999
      vertex -5.22366 3.19386 2
      vertex -5.13412 3.23824 2
    endloop
  endfacet
  facet normal 0.622044 -0.782983 0
    outer loop
      vertex -5.13412 3.23824 2
      vertex -5.05803 3.29869 2.9999
      vertex -5.13412 3.23824 2.9999
    endloop
  endfacet
  facet normal 0.622044 -0.782983 0
    outer loop
      vertex -5.05803 3.29869 2.9999
      vertex -5.13412 3.23824 2
      vertex -5.05803 3.29869 2
    endloop
  endfacet
  facet normal 0.734659 -0.678436 0
    outer loop
      vertex -5.05803 3.29869 2.9999
      vertex -4.98949 3.37291 2
      vertex -4.98949 3.37291 2.9999
    endloop
  endfacet
  facet normal 0.734659 -0.678436 0
    outer loop
      vertex -4.98949 3.37291 2
      vertex -5.05803 3.29869 2.9999
      vertex -5.05803 3.29869 2
    endloop
  endfacet
  facet normal 0.788252 -0.615353 0
    outer loop
      vertex -4.98949 3.37291 2.9999
      vertex -4.92258 3.45862 2
      vertex -4.92258 3.45862 2.9999
    endloop
  endfacet
  facet normal 0.788252 -0.615353 0
    outer loop
      vertex -4.92258 3.45862 2
      vertex -4.98949 3.37291 2.9999
      vertex -4.98949 3.37291 2
    endloop
  endfacet
  facet normal 0.800071 -0.599906 0
    outer loop
      vertex -4.92258 3.45862 2.9999
      vertex -4.85143 3.55351 2
      vertex -4.85143 3.55351 2.9999
    endloop
  endfacet
  facet normal 0.800071 -0.599906 0
    outer loop
      vertex -4.85143 3.55351 2
      vertex -4.92258 3.45862 2.9999
      vertex -4.92258 3.45862 2
    endloop
  endfacet
  facet normal 0.781423 -0.624002 0
    outer loop
      vertex -4.85143 3.55351 2.9999
      vertex -4.77013 3.65532 2
      vertex -4.77013 3.65532 2.9999
    endloop
  endfacet
  facet normal 0.781423 -0.624002 0
    outer loop
      vertex -4.77013 3.65532 2
      vertex -4.85143 3.55351 2.9999
      vertex -4.85143 3.55351 2
    endloop
  endfacet
  facet normal -0.282371 -0.959305 0
    outer loop
      vertex -4.77013 3.65532 2
      vertex -4.6181 3.61057 2.9999
      vertex -4.77013 3.65532 2.9999
    endloop
  endfacet
  facet normal -0.282371 -0.959305 -0
    outer loop
      vertex -4.6181 3.61057 2.9999
      vertex -4.77013 3.65532 2
      vertex -4.6181 3.61057 2
    endloop
  endfacet
  facet normal -0.224829 -0.974398 0
    outer loop
      vertex -4.6181 3.61057 2
      vertex -4.45393 3.57269 2.9999
      vertex -4.6181 3.61057 2.9999
    endloop
  endfacet
  facet normal -0.224829 -0.974398 -0
    outer loop
      vertex -4.45393 3.57269 2.9999
      vertex -4.6181 3.61057 2
      vertex -4.45393 3.57269 2
    endloop
  endfacet
  facet normal -0.177006 -0.98421 0
    outer loop
      vertex -4.45393 3.57269 2
      vertex -4.28156 3.54169 2.9999
      vertex -4.45393 3.57269 2.9999
    endloop
  endfacet
  facet normal -0.177006 -0.98421 -0
    outer loop
      vertex -4.28156 3.54169 2.9999
      vertex -4.45393 3.57269 2
      vertex -4.28156 3.54169 2
    endloop
  endfacet
  facet normal -0.135238 -0.990813 0
    outer loop
      vertex -4.28156 3.54169 2
      vertex -4.10492 3.51758 2.9999
      vertex -4.28156 3.54169 2.9999
    endloop
  endfacet
  facet normal -0.135238 -0.990813 -0
    outer loop
      vertex -4.10492 3.51758 2.9999
      vertex -4.28156 3.54169 2
      vertex -4.10492 3.51758 2
    endloop
  endfacet
  facet normal -0.0969084 -0.995293 0
    outer loop
      vertex -4.10492 3.51758 2
      vertex -3.92796 3.50035 2.9999
      vertex -4.10492 3.51758 2.9999
    endloop
  endfacet
  facet normal -0.0969084 -0.995293 -0
    outer loop
      vertex -3.92796 3.50035 2.9999
      vertex -4.10492 3.51758 2
      vertex -3.92796 3.50035 2
    endloop
  endfacet
  facet normal -0.0594952 -0.998229 0
    outer loop
      vertex -3.92796 3.50035 2
      vertex -3.75464 3.49002 2.9999
      vertex -3.92796 3.50035 2.9999
    endloop
  endfacet
  facet normal -0.0594952 -0.998229 -0
    outer loop
      vertex -3.75464 3.49002 2.9999
      vertex -3.92796 3.50035 2
      vertex -3.75464 3.49002 2
    endloop
  endfacet
  facet normal -0.0208087 -0.999783 0
    outer loop
      vertex -3.75464 3.49002 2
      vertex -3.58888 3.48657 2.9999
      vertex -3.75464 3.49002 2.9999
    endloop
  endfacet
  facet normal -0.0208087 -0.999783 -0
    outer loop
      vertex -3.58888 3.48657 2.9999
      vertex -3.75464 3.49002 2
      vertex -3.58888 3.48657 2
    endloop
  endfacet
  facet normal 0.158571 -0.987348 0
    outer loop
      vertex -3.58888 3.48657 2
      vertex -2.99356 3.58218 2.9999
      vertex -3.58888 3.48657 2.9999
    endloop
  endfacet
  facet normal 0.158571 -0.987348 0
    outer loop
      vertex -2.99356 3.58218 2.9999
      vertex -3.58888 3.48657 2
      vertex -2.99356 3.58218 2
    endloop
  endfacet
  facet normal 0.36244 -0.932007 0
    outer loop
      vertex -2.99356 3.58218 2
      vertex -2.31168 3.84735 2.9999
      vertex -2.99356 3.58218 2.9999
    endloop
  endfacet
  facet normal 0.36244 -0.932007 0
    outer loop
      vertex -2.31168 3.84735 2.9999
      vertex -2.99356 3.58218 2
      vertex -2.31168 3.84735 2
    endloop
  endfacet
  facet normal 0.496378 -0.868106 0
    outer loop
      vertex -2.31168 3.84735 2
      vertex -1.60814 4.24963 2.9999
      vertex -2.31168 3.84735 2.9999
    endloop
  endfacet
  facet normal 0.496378 -0.868106 0
    outer loop
      vertex -1.60814 4.24963 2.9999
      vertex -2.31168 3.84735 2
      vertex -1.60814 4.24963 2
    endloop
  endfacet
  facet normal 0.608977 -0.793188 0
    outer loop
      vertex -1.60814 4.24963 2
      vertex -0.947906 4.75653 2.9999
      vertex -1.60814 4.24963 2.9999
    endloop
  endfacet
  facet normal 0.608977 -0.793188 0
    outer loop
      vertex -0.947906 4.75653 2.9999
      vertex -1.60814 4.24963 2
      vertex -0.947906 4.75653 2
    endloop
  endfacet
  facet normal 0.723822 -0.689987 0
    outer loop
      vertex -0.947906 4.75653 2.9999
      vertex -0.395905 5.3356 2
      vertex -0.395905 5.3356 2.9999
    endloop
  endfacet
  facet normal 0.723822 -0.689987 0
    outer loop
      vertex -0.395905 5.3356 2
      vertex -0.947906 4.75653 2.9999
      vertex -0.947906 4.75653 2
    endloop
  endfacet
  facet normal 0.85286 -0.522139 0
    outer loop
      vertex -0.395905 5.3356 2.9999
      vertex -0.0170746 5.95438 2
      vertex -0.0170746 5.95438 2.9999
    endloop
  endfacet
  facet normal 0.85286 -0.522139 0
    outer loop
      vertex -0.0170746 5.95438 2
      vertex -0.395905 5.3356 2.9999
      vertex -0.395905 5.3356 2
    endloop
  endfacet
  facet normal 0.975664 -0.219272 0
    outer loop
      vertex -0.0170746 5.95438 2.9999
      vertex 0.123611 6.58037 2
      vertex 0.123611 6.58037 2.9999
    endloop
  endfacet
  facet normal 0.975664 -0.219272 0
    outer loop
      vertex 0.123611 6.58037 2
      vertex -0.0170746 5.95438 2.9999
      vertex -0.0170746 5.95438 2
    endloop
  endfacet
  facet normal 0.988804 0.149218 0
    outer loop
      vertex 0.123611 6.58037 2.9999
      vertex 0.0821838 6.85489 2
      vertex 0.0821838 6.85489 2.9999
    endloop
  endfacet
  facet normal 0.988804 0.149218 0
    outer loop
      vertex 0.0821838 6.85489 2
      vertex 0.123611 6.58037 2.9999
      vertex 0.123611 6.58037 2
    endloop
  endfacet
  facet normal 0.90039 0.435084 0
    outer loop
      vertex 0.0821838 6.85489 2.9999
      vertex -0.0287628 7.08449 2
      vertex -0.0287628 7.08449 2.9999
    endloop
  endfacet
  facet normal 0.90039 0.435084 0
    outer loop
      vertex -0.0287628 7.08449 2
      vertex 0.0821838 6.85489 2.9999
      vertex 0.0821838 6.85489 2
    endloop
  endfacet
  facet normal 0.756517 0.653974 0
    outer loop
      vertex -0.0287628 7.08449 2.9999
      vertex -0.18924 7.27013 2
      vertex -0.18924 7.27013 2.9999
    endloop
  endfacet
  facet normal 0.756517 0.653974 0
    outer loop
      vertex -0.18924 7.27013 2
      vertex -0.0287628 7.08449 2.9999
      vertex -0.0287628 7.08449 2
    endloop
  endfacet
  facet normal 0.600511 0.799616 -0
    outer loop
      vertex -0.18924 7.27013 2
      vertex -0.379227 7.41281 2.9999
      vertex -0.18924 7.27013 2.9999
    endloop
  endfacet
  facet normal 0.600511 0.799616 0
    outer loop
      vertex -0.379227 7.41281 2.9999
      vertex -0.18924 7.27013 2
      vertex -0.379227 7.41281 2
    endloop
  endfacet
  facet normal 0.450525 0.892764 -0
    outer loop
      vertex -0.379227 7.41281 2
      vertex -0.578735 7.51349 2.9999
      vertex -0.379227 7.41281 2.9999
    endloop
  endfacet
  facet normal 0.450525 0.892764 0
    outer loop
      vertex -0.578735 7.51349 2.9999
      vertex -0.379227 7.41281 2
      vertex -0.578735 7.51349 2
    endloop
  endfacet
  facet normal 0.301142 0.953579 -0
    outer loop
      vertex -0.578735 7.51349 2
      vertex -0.767746 7.57318 2.9999
      vertex -0.578735 7.51349 2.9999
    endloop
  endfacet
  facet normal 0.301142 0.953579 0
    outer loop
      vertex -0.767746 7.57318 2.9999
      vertex -0.578735 7.51349 2
      vertex -0.767746 7.57318 2
    endloop
  endfacet
  facet normal 0.123199 0.992382 -0
    outer loop
      vertex -0.767746 7.57318 2
      vertex -0.92627 7.59286 2.9999
      vertex -0.767746 7.57318 2.9999
    endloop
  endfacet
  facet normal 0.123199 0.992382 0
    outer loop
      vertex -0.92627 7.59286 2.9999
      vertex -0.767746 7.57318 2
      vertex -0.92627 7.59286 2
    endloop
  endfacet
  facet normal -0.0685782 0.997646 0
    outer loop
      vertex -0.92627 7.59286 2
      vertex -0.941254 7.59183 2.9999
      vertex -0.92627 7.59286 2.9999
    endloop
  endfacet
  facet normal -0.0685782 0.997646 0
    outer loop
      vertex -0.941254 7.59183 2.9999
      vertex -0.92627 7.59286 2
      vertex -0.941254 7.59183 2
    endloop
  endfacet
  facet normal -0.202168 0.979351 0
    outer loop
      vertex -0.941254 7.59183 2
      vertex -0.954285 7.58914 2.9999
      vertex -0.941254 7.59183 2.9999
    endloop
  endfacet
  facet normal -0.202168 0.979351 0
    outer loop
      vertex -0.954285 7.58914 2.9999
      vertex -0.941254 7.59183 2
      vertex -0.954285 7.58914 2
    endloop
  endfacet
  facet normal -0.306099 0.952 0
    outer loop
      vertex -0.954285 7.58914 2
      vertex -0.965668 7.58548 2.9999
      vertex -0.954285 7.58914 2.9999
    endloop
  endfacet
  facet normal -0.306099 0.952 0
    outer loop
      vertex -0.965668 7.58548 2.9999
      vertex -0.954285 7.58914 2
      vertex -0.965668 7.58548 2
    endloop
  endfacet
  facet normal -0.369637 0.929176 0
    outer loop
      vertex -0.965668 7.58548 2
      vertex -0.975723 7.58148 2.9999
      vertex -0.965668 7.58548 2.9999
    endloop
  endfacet
  facet normal -0.369637 0.929176 0
    outer loop
      vertex -0.975723 7.58148 2.9999
      vertex -0.965668 7.58548 2
      vertex -0.975723 7.58148 2
    endloop
  endfacet
  facet normal -0.37389 0.927473 0
    outer loop
      vertex -0.975723 7.58148 2
      vertex -0.984802 7.57782 2.9999
      vertex -0.975723 7.58148 2.9999
    endloop
  endfacet
  facet normal -0.37389 0.927473 0
    outer loop
      vertex -0.984802 7.57782 2.9999
      vertex -0.975723 7.58148 2
      vertex -0.984802 7.57782 2
    endloop
  endfacet
  facet normal -0.303735 0.952757 0
    outer loop
      vertex -0.984802 7.57782 2
      vertex -0.99324 7.57513 2.9999
      vertex -0.984802 7.57782 2.9999
    endloop
  endfacet
  facet normal -0.303735 0.952757 0
    outer loop
      vertex -0.99324 7.57513 2.9999
      vertex -0.984802 7.57782 2
      vertex -0.99324 7.57513 2
    endloop
  endfacet
  facet normal -0.126298 0.991992 0
    outer loop
      vertex -0.99324 7.57513 2
      vertex -1.00133 7.5741 2.9999
      vertex -0.99324 7.57513 2.9999
    endloop
  endfacet
  facet normal -0.126298 0.991992 0
    outer loop
      vertex -1.00133 7.5741 2.9999
      vertex -0.99324 7.57513 2
      vertex -1.00133 7.5741 2
    endloop
  endfacet
  facet normal 0.904347 0.426799 0
    outer loop
      vertex -1.00133 7.5741 2.9999
      vertex -1.08173 7.74446 2
      vertex -1.08173 7.74446 2.9999
    endloop
  endfacet
  facet normal 0.904347 0.426799 0
    outer loop
      vertex -1.08173 7.74446 2
      vertex -1.00133 7.5741 2.9999
      vertex -1.00133 7.5741 2
    endloop
  endfacet
  facet normal 0.741019 0.671484 0
    outer loop
      vertex -1.08173 7.74446 2.9999
      vertex -1.22214 7.89941 2
      vertex -1.22214 7.89941 2.9999
    endloop
  endfacet
  facet normal 0.741019 0.671484 0
    outer loop
      vertex -1.22214 7.89941 2
      vertex -1.08173 7.74446 2.9999
      vertex -1.08173 7.74446 2
    endloop
  endfacet
  facet normal 0.573142 0.819456 -0
    outer loop
      vertex -1.22214 7.89941 2
      vertex -1.41603 8.03502 2.9999
      vertex -1.22214 7.89941 2.9999
    endloop
  endfacet
  facet normal 0.573142 0.819456 0
    outer loop
      vertex -1.41603 8.03502 2.9999
      vertex -1.22214 7.89941 2
      vertex -1.41603 8.03502 2
    endloop
  endfacet
  facet normal 0.422749 0.906247 -0
    outer loop
      vertex -1.41603 8.03502 2
      vertex -1.65681 8.14734 2.9999
      vertex -1.41603 8.03502 2.9999
    endloop
  endfacet
  facet normal 0.422749 0.906247 0
    outer loop
      vertex -1.65681 8.14734 2.9999
      vertex -1.41603 8.03502 2
      vertex -1.65681 8.14734 2
    endloop
  endfacet
  facet normal 0.289755 0.957101 -0
    outer loop
      vertex -1.65681 8.14734 2
      vertex -1.93794 8.23245 2.9999
      vertex -1.65681 8.14734 2.9999
    endloop
  endfacet
  facet normal 0.289755 0.957101 0
    outer loop
      vertex -1.93794 8.23245 2.9999
      vertex -1.65681 8.14734 2
      vertex -1.93794 8.23245 2
    endloop
  endfacet
  facet normal 0.168879 0.985637 -0
    outer loop
      vertex -1.93794 8.23245 2
      vertex -2.25287 8.28641 2.9999
      vertex -1.93794 8.23245 2.9999
    endloop
  endfacet
  facet normal 0.168879 0.985637 0
    outer loop
      vertex -2.25287 8.28641 2.9999
      vertex -1.93794 8.23245 2
      vertex -2.25287 8.28641 2
    endloop
  endfacet
  facet normal 0.0550417 0.998484 -0
    outer loop
      vertex -2.25287 8.28641 2
      vertex -2.595 8.30527 2.9999
      vertex -2.25287 8.28641 2.9999
    endloop
  endfacet
  facet normal 0.0550417 0.998484 0
    outer loop
      vertex -2.595 8.30527 2.9999
      vertex -2.25287 8.28641 2
      vertex -2.595 8.30527 2
    endloop
  endfacet
  facet normal -0.123677 0.992322 0
    outer loop
      vertex -2.595 8.30527 2
      vertex -3.35739 8.21025 2.9999
      vertex -2.595 8.30527 2.9999
    endloop
  endfacet
  facet normal -0.123677 0.992322 0
    outer loop
      vertex -3.35739 8.21025 2.9999
      vertex -2.595 8.30527 2
      vertex -3.35739 8.21025 2
    endloop
  endfacet
  facet normal -0.333453 0.942767 0
    outer loop
      vertex -3.35739 8.21025 2
      vertex -4.09517 7.9493 2.9999
      vertex -3.35739 8.21025 2.9999
    endloop
  endfacet
  facet normal -0.333453 0.942767 0
    outer loop
      vertex -4.09517 7.9493 2.9999
      vertex -3.35739 8.21025 2
      vertex -4.09517 7.9493 2
    endloop
  endfacet
  facet normal -0.49866 0.866798 0
    outer loop
      vertex -4.09517 7.9493 2
      vertex -4.77455 7.55846 2.9999
      vertex -4.09517 7.9493 2.9999
    endloop
  endfacet
  facet normal -0.49866 0.866798 0
    outer loop
      vertex -4.77455 7.55846 2.9999
      vertex -4.09517 7.9493 2
      vertex -4.77455 7.55846 2
    endloop
  endfacet
  facet normal -0.636534 0.771249 0
    outer loop
      vertex -4.77455 7.55846 2
      vertex -5.36177 7.07381 2.9999
      vertex -4.77455 7.55846 2.9999
    endloop
  endfacet
  facet normal -0.636534 0.771249 0
    outer loop
      vertex -5.36177 7.07381 2.9999
      vertex -4.77455 7.55846 2
      vertex -5.36177 7.07381 2
    endloop
  endfacet
  facet normal -0.761763 0.647856 0
    outer loop
      vertex -5.82303 6.53145 2
      vertex -5.36177 7.07381 2.9999
      vertex -5.36177 7.07381 2
    endloop
  endfacet
  facet normal -0.761763 0.647856 0
    outer loop
      vertex -5.36177 7.07381 2.9999
      vertex -5.82303 6.53145 2
      vertex -5.82303 6.53145 2.9999
    endloop
  endfacet
  facet normal -0.881882 0.47147 0
    outer loop
      vertex -6.12456 5.96744 2
      vertex -5.82303 6.53145 2.9999
      vertex -5.82303 6.53145 2
    endloop
  endfacet
  facet normal -0.881882 0.47147 0
    outer loop
      vertex -5.82303 6.53145 2.9999
      vertex -6.12456 5.96744 2
      vertex -6.12456 5.96744 2.9999
    endloop
  endfacet
  facet normal -0.981228 0.19285 0
    outer loop
      vertex -6.23257 5.41788 2
      vertex -6.12456 5.96744 2.9999
      vertex -6.12456 5.96744 2
    endloop
  endfacet
  facet normal -0.981228 0.19285 0
    outer loop
      vertex -6.12456 5.96744 2.9999
      vertex -6.23257 5.41788 2
      vertex -6.23257 5.41788 2.9999
    endloop
  endfacet
  facet normal -0.997498 -0.0707006 0
    outer loop
      vertex -6.22034 5.24533 2
      vertex -6.23257 5.41788 2.9999
      vertex -6.23257 5.41788 2
    endloop
  endfacet
  facet normal -0.997498 -0.0707006 0
    outer loop
      vertex -6.23257 5.41788 2.9999
      vertex -6.22034 5.24533 2
      vertex -6.22034 5.24533 2.9999
    endloop
  endfacet
  facet normal -0.978048 -0.208377 0
    outer loop
      vertex -6.18512 5.08002 2
      vertex -6.22034 5.24533 2.9999
      vertex -6.22034 5.24533 2
    endloop
  endfacet
  facet normal -0.978048 -0.208377 0
    outer loop
      vertex -6.22034 5.24533 2.9999
      vertex -6.18512 5.08002 2
      vertex -6.18512 5.08002 2.9999
    endloop
  endfacet
  facet normal -0.944167 -0.329468 0
    outer loop
      vertex -6.12926 4.91994 2
      vertex -6.18512 5.08002 2.9999
      vertex -6.18512 5.08002 2
    endloop
  endfacet
  facet normal -0.944167 -0.329468 0
    outer loop
      vertex -6.18512 5.08002 2.9999
      vertex -6.12926 4.91994 2
      vertex -6.12926 4.91994 2.9999
    endloop
  endfacet
  facet normal -0.903802 -0.42795 0
    outer loop
      vertex -6.05502 4.76315 2
      vertex -6.12926 4.91994 2.9999
      vertex -6.12926 4.91994 2
    endloop
  endfacet
  facet normal -0.903802 -0.42795 0
    outer loop
      vertex -6.12926 4.91994 2.9999
      vertex -6.05502 4.76315 2
      vertex -6.05502 4.76315 2.9999
    endloop
  endfacet
  facet normal -0.864723 -0.502248 0
    outer loop
      vertex -5.96472 4.60768 2
      vertex -6.05502 4.76315 2.9999
      vertex -6.05502 4.76315 2
    endloop
  endfacet
  facet normal -0.864723 -0.502248 0
    outer loop
      vertex -6.05502 4.76315 2.9999
      vertex -5.96472 4.60768 2
      vertex -5.96472 4.60768 2.9999
    endloop
  endfacet
  facet normal -0.832067 -0.554676 0
    outer loop
      vertex -5.86064 4.45155 2
      vertex -5.96472 4.60768 2.9999
      vertex -5.96472 4.60768 2
    endloop
  endfacet
  facet normal -0.832067 -0.554676 0
    outer loop
      vertex -5.96472 4.60768 2.9999
      vertex -5.86064 4.45155 2
      vertex -5.86064 4.45155 2.9999
    endloop
  endfacet
  facet normal -0.808547 -0.588432 0
    outer loop
      vertex -5.7451 4.29279 2
      vertex -5.86064 4.45155 2.9999
      vertex -5.86064 4.45155 2
    endloop
  endfacet
  facet normal -0.808547 -0.588432 0
    outer loop
      vertex -5.86064 4.45155 2.9999
      vertex -5.7451 4.29279 2
      vertex -5.7451 4.29279 2.9999
    endloop
  endfacet
  facet normal -0.977951 0.208833 0
    outer loop
      vertex -5.75412 4.25055 2
      vertex -5.7451 4.29279 2.9999
      vertex -5.7451 4.29279 2
    endloop
  endfacet
  facet normal -0.977951 0.208833 0
    outer loop
      vertex -5.7451 4.29279 2.9999
      vertex -5.75412 4.25055 2
      vertex -5.75412 4.25055 2.9999
    endloop
  endfacet
  facet normal -0.975307 0.220853 0
    outer loop
      vertex -5.76443 4.20502 2
      vertex -5.75412 4.25055 2.9999
      vertex -5.75412 4.25055 2
    endloop
  endfacet
  facet normal -0.975307 0.220853 0
    outer loop
      vertex -5.75412 4.25055 2.9999
      vertex -5.76443 4.20502 2
      vertex -5.76443 4.20502 2.9999
    endloop
  endfacet
  facet normal -0.975838 0.218496 0
    outer loop
      vertex -5.77507 4.1575 2
      vertex -5.76443 4.20502 2.9999
      vertex -5.76443 4.20502 2
    endloop
  endfacet
  facet normal -0.975838 0.218496 0
    outer loop
      vertex -5.76443 4.20502 2.9999
      vertex -5.77507 4.1575 2
      vertex -5.77507 4.1575 2.9999
    endloop
  endfacet
  facet normal -0.979156 0.20311 0
    outer loop
      vertex -5.78506 4.10934 2
      vertex -5.77507 4.1575 2.9999
      vertex -5.77507 4.1575 2
    endloop
  endfacet
  facet normal -0.979156 0.20311 0
    outer loop
      vertex -5.77507 4.1575 2.9999
      vertex -5.78506 4.10934 2
      vertex -5.78506 4.10934 2.9999
    endloop
  endfacet
  facet normal -0.984904 0.173099 0
    outer loop
      vertex -5.79341 4.06183 2
      vertex -5.78506 4.10934 2.9999
      vertex -5.78506 4.10934 2
    endloop
  endfacet
  facet normal -0.984904 0.173099 0
    outer loop
      vertex -5.78506 4.10934 2.9999
      vertex -5.79341 4.06183 2
      vertex -5.79341 4.06183 2.9999
    endloop
  endfacet
  facet normal -0.992201 0.124652 0
    outer loop
      vertex -5.79913 4.0163 2
      vertex -5.79341 4.06183 2.9999
      vertex -5.79341 4.06183 2
    endloop
  endfacet
  facet normal -0.992201 0.124652 0
    outer loop
      vertex -5.79341 4.06183 2.9999
      vertex -5.79913 4.0163 2
      vertex -5.79913 4.0163 2.9999
    endloop
  endfacet
  facet normal -0.998743 0.0501263 0
    outer loop
      vertex -5.80125 3.97406 2
      vertex -5.79913 4.0163 2.9999
      vertex -5.79913 4.0163 2
    endloop
  endfacet
  facet normal -0.998743 0.0501263 0
    outer loop
      vertex -5.79913 4.0163 2.9999
      vertex -5.80125 3.97406 2
      vertex -5.80125 3.97406 2.9999
    endloop
  endfacet
  facet normal -0.987194 -0.159527 0
    outer loop
      vertex -5.77336 3.80147 2
      vertex -5.80125 3.97406 2.9999
      vertex -5.80125 3.97406 2
    endloop
  endfacet
  facet normal -0.987194 -0.159527 0
    outer loop
      vertex -5.80125 3.97406 2.9999
      vertex -5.77336 3.80147 2
      vertex -5.77336 3.80147 2.9999
    endloop
  endfacet
  facet normal -0.957416 -0.288711 0
    outer loop
      vertex -5.72478 3.64037 2
      vertex -5.77336 3.80147 2.9999
      vertex -5.77336 3.80147 2
    endloop
  endfacet
  facet normal -0.957416 -0.288711 0
    outer loop
      vertex -5.77336 3.80147 2.9999
      vertex -5.72478 3.64037 2
      vertex -5.72478 3.64037 2.9999
    endloop
  endfacet
  facet normal -0.913304 -0.407278 0
    outer loop
      vertex -5.66011 3.49535 2
      vertex -5.72478 3.64037 2.9999
      vertex -5.72478 3.64037 2
    endloop
  endfacet
  facet normal -0.913304 -0.407278 0
    outer loop
      vertex -5.72478 3.64037 2.9999
      vertex -5.66011 3.49535 2
      vertex -5.66011 3.49535 2.9999
    endloop
  endfacet
  facet normal -0.852829 -0.522191 0
    outer loop
      vertex -5.58397 3.371 2
      vertex -5.66011 3.49535 2.9999
      vertex -5.66011 3.49535 2
    endloop
  endfacet
  facet normal -0.852829 -0.522191 0
    outer loop
      vertex -5.66011 3.49535 2.9999
      vertex -5.58397 3.371 2
      vertex -5.58397 3.371 2.9999
    endloop
  endfacet
  facet normal -0.766411 -0.64235 0
    outer loop
      vertex -5.50092 3.27191 2
      vertex -5.58397 3.371 2.9999
      vertex -5.58397 3.371 2
    endloop
  endfacet
  facet normal -0.766411 -0.64235 0
    outer loop
      vertex -5.58397 3.371 2.9999
      vertex -5.50092 3.27191 2
      vertex -5.50092 3.27191 2.9999
    endloop
  endfacet
  facet normal -0.630007 -0.77659 0
    outer loop
      vertex -5.50092 3.27191 2
      vertex -5.41557 3.20267 2.9999
      vertex -5.50092 3.27191 2.9999
    endloop
  endfacet
  facet normal -0.630007 -0.77659 -0
    outer loop
      vertex -5.41557 3.20267 2.9999
      vertex -5.50092 3.27191 2
      vertex -5.41557 3.20267 2
    endloop
  endfacet
  facet normal -0.386885 -0.922128 0
    outer loop
      vertex -5.41557 3.20267 2
      vertex -5.33253 3.16783 2.9999
      vertex -5.41557 3.20267 2.9999
    endloop
  endfacet
  facet normal -0.386885 -0.922128 -0
    outer loop
      vertex -5.33253 3.16783 2.9999
      vertex -5.41557 3.20267 2
      vertex -5.33253 3.16783 2
    endloop
  endfacet
  facet normal 0.232538 -0.972587 0
    outer loop
      vertex -5.33253 3.16783 2
      vertex -5.22366 3.19386 2.9999
      vertex -5.33253 3.16783 2.9999
    endloop
  endfacet
  facet normal 0.232538 -0.972587 0
    outer loop
      vertex -5.22366 3.19386 2.9999
      vertex -5.33253 3.16783 2
      vertex -5.22366 3.19386 2
    endloop
  endfacet
  facet normal 0.229832 0.97323 -0
    outer loop
      vertex -5.25383 5.38144 2
      vertex -5.26683 5.38451 2.9999
      vertex -5.25383 5.38144 2.9999
    endloop
  endfacet
  facet normal 0.229832 0.97323 0
    outer loop
      vertex -5.26683 5.38451 2.9999
      vertex -5.25383 5.38144 2
      vertex -5.26683 5.38451 2
    endloop
  endfacet
  facet normal 0.382591 0.923918 -0
    outer loop
      vertex -5.26683 5.38451 2
      vertex -5.27818 5.38921 2.9999
      vertex -5.26683 5.38451 2.9999
    endloop
  endfacet
  facet normal 0.382591 0.923918 0
    outer loop
      vertex -5.27818 5.38921 2.9999
      vertex -5.26683 5.38451 2
      vertex -5.27818 5.38921 2
    endloop
  endfacet
  facet normal 0.514244 0.857644 -0
    outer loop
      vertex -5.27818 5.38921 2
      vertex -5.28822 5.39523 2.9999
      vertex -5.27818 5.38921 2.9999
    endloop
  endfacet
  facet normal 0.514244 0.857644 0
    outer loop
      vertex -5.28822 5.39523 2.9999
      vertex -5.27818 5.38921 2
      vertex -5.28822 5.39523 2
    endloop
  endfacet
  facet normal 0.612367 0.790574 -0
    outer loop
      vertex -5.28822 5.39523 2
      vertex -5.29727 5.40224 2.9999
      vertex -5.28822 5.39523 2.9999
    endloop
  endfacet
  facet normal 0.612367 0.790574 0
    outer loop
      vertex -5.29727 5.40224 2.9999
      vertex -5.28822 5.39523 2
      vertex -5.29727 5.40224 2
    endloop
  endfacet
  facet normal 0.673373 0.739303 -0
    outer loop
      vertex -5.29727 5.40224 2
      vertex -5.30568 5.4099 2.9999
      vertex -5.29727 5.40224 2.9999
    endloop
  endfacet
  facet normal 0.673373 0.739303 0
    outer loop
      vertex -5.30568 5.4099 2.9999
      vertex -5.29727 5.40224 2
      vertex -5.30568 5.4099 2
    endloop
  endfacet
  facet normal 0.70225 0.71193 -0
    outer loop
      vertex -5.30568 5.4099 2
      vertex -5.31377 5.41788 2.9999
      vertex -5.30568 5.4099 2.9999
    endloop
  endfacet
  facet normal 0.70225 0.71193 0
    outer loop
      vertex -5.31377 5.41788 2.9999
      vertex -5.30568 5.4099 2
      vertex -5.31377 5.41788 2
    endloop
  endfacet
  facet normal 0.980134 -0.198337 0
    outer loop
      vertex -5.31377 5.41788 2.9999
      vertex -5.2511 5.72758 2
      vertex -5.2511 5.72758 2.9999
    endloop
  endfacet
  facet normal 0.980134 -0.198337 0
    outer loop
      vertex -5.2511 5.72758 2
      vertex -5.31377 5.41788 2.9999
      vertex -5.31377 5.41788 2
    endloop
  endfacet
  facet normal 0.924894 -0.380225 0
    outer loop
      vertex -5.2511 5.72758 2.9999
      vertex -5.12904 6.02449 2
      vertex -5.12904 6.02449 2.9999
    endloop
  endfacet
  facet normal 0.924894 -0.380225 0
    outer loop
      vertex -5.12904 6.02449 2
      vertex -5.2511 5.72758 2.9999
      vertex -5.2511 5.72758 2
    endloop
  endfacet
  facet normal 0.839222 -0.543788 0
    outer loop
      vertex -5.12904 6.02449 2.9999
      vertex -4.95024 6.30043 2
      vertex -4.95024 6.30043 2.9999
    endloop
  endfacet
  facet normal 0.839222 -0.543788 0
    outer loop
      vertex -4.95024 6.30043 2
      vertex -5.12904 6.02449 2.9999
      vertex -5.12904 6.02449 2
    endloop
  endfacet
  facet normal 0.727192 -0.686434 0
    outer loop
      vertex -4.95024 6.30043 2.9999
      vertex -4.71732 6.54718 2
      vertex -4.71732 6.54718 2.9999
    endloop
  endfacet
  facet normal 0.727192 -0.686434 0
    outer loop
      vertex -4.71732 6.54718 2
      vertex -4.95024 6.30043 2.9999
      vertex -4.95024 6.30043 2
    endloop
  endfacet
  facet normal 0.592814 -0.80534 0
    outer loop
      vertex -4.71732 6.54718 2
      vertex -4.43289 6.75655 2.9999
      vertex -4.71732 6.54718 2.9999
    endloop
  endfacet
  facet normal 0.592814 -0.80534 0
    outer loop
      vertex -4.43289 6.75655 2.9999
      vertex -4.71732 6.54718 2
      vertex -4.43289 6.75655 2
    endloop
  endfacet
  facet normal 0.441042 -0.897487 0
    outer loop
      vertex -4.43289 6.75655 2
      vertex -4.09961 6.92033 2.9999
      vertex -4.43289 6.75655 2.9999
    endloop
  endfacet
  facet normal 0.441042 -0.897487 0
    outer loop
      vertex -4.09961 6.92033 2.9999
      vertex -4.43289 6.75655 2
      vertex -4.09961 6.92033 2
    endloop
  endfacet
  facet normal 0.278359 -0.960477 0
    outer loop
      vertex -4.09961 6.92033 2
      vertex -3.72009 7.03032 2.9999
      vertex -4.09961 6.92033 2.9999
    endloop
  endfacet
  facet normal 0.278359 -0.960477 0
    outer loop
      vertex -3.72009 7.03032 2.9999
      vertex -4.09961 6.92033 2
      vertex -3.72009 7.03032 2
    endloop
  endfacet
  facet normal -0.755782 -0.654823 0
    outer loop
      vertex -3.70621 7.0143 2
      vertex -3.72009 7.03032 2.9999
      vertex -3.72009 7.03032 2
    endloop
  endfacet
  facet normal -0.755782 -0.654823 0
    outer loop
      vertex -3.72009 7.03032 2.9999
      vertex -3.70621 7.0143 2
      vertex -3.70621 7.0143 2.9999
    endloop
  endfacet
  facet normal -0.84417 -0.536075 0
    outer loop
      vertex -3.69624 6.9986 2
      vertex -3.70621 7.0143 2.9999
      vertex -3.70621 7.0143 2
    endloop
  endfacet
  facet normal -0.84417 -0.536075 0
    outer loop
      vertex -3.70621 7.0143 2.9999
      vertex -3.69624 6.9986 2
      vertex -3.69624 6.9986 2.9999
    endloop
  endfacet
  facet normal -0.914462 -0.404672 0
    outer loop
      vertex -3.68958 6.98355 2
      vertex -3.69624 6.9986 2.9999
      vertex -3.69624 6.9986 2
    endloop
  endfacet
  facet normal -0.914462 -0.404672 0
    outer loop
      vertex -3.69624 6.9986 2.9999
      vertex -3.68958 6.98355 2
      vertex -3.68958 6.98355 2.9999
    endloop
  endfacet
  facet normal -0.960641 -0.277792 0
    outer loop
      vertex -3.68552 6.96951 2
      vertex -3.68958 6.98355 2.9999
      vertex -3.68958 6.98355 2
    endloop
  endfacet
  facet normal -0.960641 -0.277792 0
    outer loop
      vertex -3.68958 6.98355 2.9999
      vertex -3.68552 6.96951 2
      vertex -3.68552 6.96951 2.9999
    endloop
  endfacet
  facet normal -0.986893 -0.161379 0
    outer loop
      vertex -3.68344 6.95679 2
      vertex -3.68552 6.96951 2.9999
      vertex -3.68552 6.96951 2
    endloop
  endfacet
  facet normal -0.986893 -0.161379 0
    outer loop
      vertex -3.68552 6.96951 2.9999
      vertex -3.68344 6.95679 2
      vertex -3.68344 6.95679 2.9999
    endloop
  endfacet
  facet normal -0.997656 -0.0684313 0
    outer loop
      vertex -3.68268 6.94571 2
      vertex -3.68344 6.95679 2.9999
      vertex -3.68344 6.95679 2
    endloop
  endfacet
  facet normal -0.997656 -0.0684313 0
    outer loop
      vertex -3.68344 6.95679 2.9999
      vertex -3.68268 6.94571 2
      vertex -3.68268 6.94571 2.9999
    endloop
  endfacet
  facet normal -0.999927 -0.0121136 0
    outer loop
      vertex -3.68257 6.93663 2
      vertex -3.68268 6.94571 2.9999
      vertex -3.68268 6.94571 2
    endloop
  endfacet
  facet normal -0.999927 -0.0121136 0
    outer loop
      vertex -3.68268 6.94571 2.9999
      vertex -3.68257 6.93663 2
      vertex -3.68257 6.93663 2.9999
    endloop
  endfacet
  facet normal -1 0 0
    outer loop
      vertex -3.68257 6.91786 2
      vertex -3.68257 6.93663 2.9999
      vertex -3.68257 6.93663 2
    endloop
  endfacet
  facet normal -1 -0 0
    outer loop
      vertex -3.68257 6.93663 2.9999
      vertex -3.68257 6.91786 2
      vertex -3.68257 6.91786 2.9999
    endloop
  endfacet
  facet normal -0.691535 0.722343 0
    outer loop
      vertex -3.68257 6.91786 2
      vertex -3.88655 6.72258 2.9999
      vertex -3.68257 6.91786 2.9999
    endloop
  endfacet
  facet normal -0.691535 0.722343 0
    outer loop
      vertex -3.88655 6.72258 2.9999
      vertex -3.68257 6.91786 2
      vertex -3.88655 6.72258 2
    endloop
  endfacet
  facet normal -0.693913 0.720059 0
    outer loop
      vertex -3.88655 6.72258 2
      vertex -4.11844 6.49911 2.9999
      vertex -3.88655 6.72258 2.9999
    endloop
  endfacet
  facet normal -0.693913 0.720059 0
    outer loop
      vertex -4.11844 6.49911 2.9999
      vertex -3.88655 6.72258 2
      vertex -4.11844 6.49911 2
    endloop
  endfacet
  facet normal -0.699032 0.71509 0
    outer loop
      vertex -4.11844 6.49911 2
      vertex -4.36247 6.26056 2.9999
      vertex -4.11844 6.49911 2.9999
    endloop
  endfacet
  facet normal -0.699032 0.71509 0
    outer loop
      vertex -4.36247 6.26056 2.9999
      vertex -4.11844 6.49911 2
      vertex -4.36247 6.26056 2
    endloop
  endfacet
  facet normal -0.707268 0.706945 0
    outer loop
      vertex -4.60289 6.02003 2
      vertex -4.36247 6.26056 2.9999
      vertex -4.36247 6.26056 2
    endloop
  endfacet
  facet normal -0.707268 0.706945 0
    outer loop
      vertex -4.36247 6.26056 2.9999
      vertex -4.60289 6.02003 2
      vertex -4.60289 6.02003 2.9999
    endloop
  endfacet
  facet normal -0.720015 0.693958 0
    outer loop
      vertex -4.82394 5.79068 2
      vertex -4.60289 6.02003 2.9999
      vertex -4.60289 6.02003 2
    endloop
  endfacet
  facet normal -0.720015 0.693958 0
    outer loop
      vertex -4.60289 6.02003 2.9999
      vertex -4.82394 5.79068 2
      vertex -4.82394 5.79068 2.9999
    endloop
  endfacet
  facet normal -0.740776 0.671752 0
    outer loop
      vertex -5.00992 5.58559 2
      vertex -4.82394 5.79068 2.9999
      vertex -4.82394 5.79068 2
    endloop
  endfacet
  facet normal -0.740776 0.671752 0
    outer loop
      vertex -4.82394 5.79068 2.9999
      vertex -5.00992 5.58559 2
      vertex -5.00992 5.58559 2.9999
    endloop
  endfacet
  facet normal -0.778753 0.62733 0
    outer loop
      vertex -5.14502 5.41788 2
      vertex -5.00992 5.58559 2.9999
      vertex -5.00992 5.58559 2
    endloop
  endfacet
  facet normal -0.778753 0.62733 0
    outer loop
      vertex -5.00992 5.58559 2.9999
      vertex -5.14502 5.41788 2
      vertex -5.14502 5.41788 2.9999
    endloop
  endfacet
  facet normal -0.657687 0.753291 0
    outer loop
      vertex -5.14502 5.41788 2
      vertex -5.15416 5.4099 2.9999
      vertex -5.14502 5.41788 2.9999
    endloop
  endfacet
  facet normal -0.657687 0.753291 0
    outer loop
      vertex -5.15416 5.4099 2.9999
      vertex -5.14502 5.41788 2
      vertex -5.15416 5.4099 2
    endloop
  endfacet
  facet normal -0.567629 0.823284 0
    outer loop
      vertex -5.15416 5.4099 2
      vertex -5.16527 5.40224 2.9999
      vertex -5.15416 5.4099 2.9999
    endloop
  endfacet
  facet normal -0.567629 0.823284 0
    outer loop
      vertex -5.16527 5.40224 2.9999
      vertex -5.15416 5.4099 2
      vertex -5.16527 5.40224 2
    endloop
  endfacet
  facet normal -0.482077 0.876129 0
    outer loop
      vertex -5.16527 5.40224 2
      vertex -5.17801 5.39523 2.9999
      vertex -5.16527 5.40224 2.9999
    endloop
  endfacet
  facet normal -0.482077 0.876129 0
    outer loop
      vertex -5.17801 5.39523 2.9999
      vertex -5.16527 5.40224 2
      vertex -5.17801 5.39523 2
    endloop
  endfacet
  facet normal -0.39384 0.919179 0
    outer loop
      vertex -5.17801 5.39523 2
      vertex -5.19206 5.38921 2.9999
      vertex -5.17801 5.39523 2.9999
    endloop
  endfacet
  facet normal -0.39384 0.919179 0
    outer loop
      vertex -5.19206 5.38921 2.9999
      vertex -5.17801 5.39523 2
      vertex -5.19206 5.38921 2
    endloop
  endfacet
  facet normal -0.298094 0.954536 0
    outer loop
      vertex -5.19206 5.38921 2
      vertex -5.20711 5.38451 2.9999
      vertex -5.19206 5.38921 2.9999
    endloop
  endfacet
  facet normal -0.298094 0.954536 0
    outer loop
      vertex -5.20711 5.38451 2.9999
      vertex -5.19206 5.38921 2
      vertex -5.20711 5.38451 2
    endloop
  endfacet
  facet normal -0.191907 0.981413 0
    outer loop
      vertex -5.20711 5.38451 2
      vertex -5.22281 5.38144 2.9999
      vertex -5.20711 5.38451 2.9999
    endloop
  endfacet
  facet normal -0.191907 0.981413 0
    outer loop
      vertex -5.22281 5.38144 2.9999
      vertex -5.20711 5.38451 2
      vertex -5.22281 5.38144 2
    endloop
  endfacet
  facet normal -0.0671796 0.997741 0
    outer loop
      vertex -5.22281 5.38144 2
      vertex -5.23885 5.38036 2.9999
      vertex -5.22281 5.38144 2.9999
    endloop
  endfacet
  facet normal -0.0671796 0.997741 0
    outer loop
      vertex -5.23885 5.38036 2.9999
      vertex -5.22281 5.38144 2
      vertex -5.23885 5.38036 2
    endloop
  endfacet
  facet normal 0.0719095 0.997411 -0
    outer loop
      vertex -5.23885 5.38036 2
      vertex -5.25383 5.38144 2.9999
      vertex -5.23885 5.38036 2.9999
    endloop
  endfacet
  facet normal 0.0719095 0.997411 0
    outer loop
      vertex -5.25383 5.38144 2.9999
      vertex -5.23885 5.38036 2
      vertex -5.25383 5.38144 2
    endloop
  endfacet
  facet normal 0.236913 0.971531 -0
    outer loop
      vertex -4.03883 4.59276 2
      vertex -4.06487 4.59911 2.9999
      vertex -4.03883 4.59276 2.9999
    endloop
  endfacet
  facet normal 0.236913 0.971531 0
    outer loop
      vertex -4.06487 4.59911 2.9999
      vertex -4.03883 4.59276 2
      vertex -4.06487 4.59911 2
    endloop
  endfacet
  facet normal 0.5111 0.859521 -0
    outer loop
      vertex -4.06487 4.59911 2
      vertex -4.09319 4.61595 2.9999
      vertex -4.06487 4.59911 2.9999
    endloop
  endfacet
  facet normal 0.5111 0.859521 0
    outer loop
      vertex -4.09319 4.61595 2.9999
      vertex -4.06487 4.59911 2
      vertex -4.09319 4.61595 2
    endloop
  endfacet
  facet normal 0.647727 0.761873 -0
    outer loop
      vertex -4.09319 4.61595 2
      vertex -4.12149 4.64001 2.9999
      vertex -4.09319 4.61595 2.9999
    endloop
  endfacet
  facet normal 0.647727 0.761873 0
    outer loop
      vertex -4.12149 4.64001 2.9999
      vertex -4.09319 4.61595 2
      vertex -4.12149 4.64001 2
    endloop
  endfacet
  facet normal 0.732533 0.680732 0
    outer loop
      vertex -4.12149 4.64001 2.9999
      vertex -4.14751 4.66801 2
      vertex -4.14751 4.66801 2.9999
    endloop
  endfacet
  facet normal 0.732533 0.680732 0
    outer loop
      vertex -4.14751 4.66801 2
      vertex -4.12149 4.64001 2.9999
      vertex -4.12149 4.64001 2
    endloop
  endfacet
  facet normal 0.800905 0.598792 0
    outer loop
      vertex -4.14751 4.66801 2.9999
      vertex -4.16893 4.69666 2
      vertex -4.16893 4.69666 2.9999
    endloop
  endfacet
  facet normal 0.800905 0.598792 0
    outer loop
      vertex -4.16893 4.69666 2
      vertex -4.14751 4.66801 2.9999
      vertex -4.14751 4.66801 2
    endloop
  endfacet
  facet normal 0.872935 0.487836 0
    outer loop
      vertex -4.16893 4.69666 2.9999
      vertex -4.18346 4.72266 2
      vertex -4.18346 4.72266 2.9999
    endloop
  endfacet
  facet normal 0.872935 0.487836 0
    outer loop
      vertex -4.18346 4.72266 2
      vertex -4.16893 4.69666 2.9999
      vertex -4.16893 4.69666 2
    endloop
  endfacet
  facet normal 0.966323 0.257333 0
    outer loop
      vertex -4.18346 4.72266 2.9999
      vertex -4.18881 4.74275 2
      vertex -4.18881 4.74275 2.9999
    endloop
  endfacet
  facet normal 0.966323 0.257333 0
    outer loop
      vertex -4.18881 4.74275 2
      vertex -4.18346 4.72266 2.9999
      vertex -4.18346 4.72266 2
    endloop
  endfacet
  facet normal 0.789907 -0.613227 0
    outer loop
      vertex -4.18881 4.74275 2.9999
      vertex -3.84183 5.1897 2
      vertex -3.84183 5.1897 2.9999
    endloop
  endfacet
  facet normal 0.789907 -0.613227 0
    outer loop
      vertex -3.84183 5.1897 2
      vertex -4.18881 4.74275 2.9999
      vertex -4.18881 4.74275 2
    endloop
  endfacet
  facet normal 0.749272 -0.662263 0
    outer loop
      vertex -3.84183 5.1897 2.9999
      vertex -3.46301 5.61829 2
      vertex -3.46301 5.61829 2.9999
    endloop
  endfacet
  facet normal 0.749272 -0.662263 0
    outer loop
      vertex -3.46301 5.61829 2
      vertex -3.84183 5.1897 2.9999
      vertex -3.84183 5.1897 2
    endloop
  endfacet
  facet normal 0.694687 -0.719312 0
    outer loop
      vertex -3.46301 5.61829 2
      vertex -3.05728 6.01013 2.9999
      vertex -3.46301 5.61829 2.9999
    endloop
  endfacet
  facet normal 0.694687 -0.719312 0
    outer loop
      vertex -3.05728 6.01013 2.9999
      vertex -3.46301 5.61829 2
      vertex -3.05728 6.01013 2
    endloop
  endfacet
  facet normal 0.618616 -0.785693 0
    outer loop
      vertex -3.05728 6.01013 2
      vertex -2.62958 6.34688 2.9999
      vertex -3.05728 6.01013 2.9999
    endloop
  endfacet
  facet normal 0.618616 -0.785693 0
    outer loop
      vertex -2.62958 6.34688 2.9999
      vertex -3.05728 6.01013 2
      vertex -2.62958 6.34688 2
    endloop
  endfacet
  facet normal 0.509362 -0.860552 0
    outer loop
      vertex -2.62958 6.34688 2
      vertex -2.18481 6.61014 2.9999
      vertex -2.62958 6.34688 2.9999
    endloop
  endfacet
  facet normal 0.509362 -0.860552 0
    outer loop
      vertex -2.18481 6.61014 2.9999
      vertex -2.62958 6.34688 2
      vertex -2.18481 6.61014 2
    endloop
  endfacet
  facet normal 0.351326 -0.936253 0
    outer loop
      vertex -2.18481 6.61014 2
      vertex -1.72791 6.78159 2.9999
      vertex -2.18481 6.61014 2.9999
    endloop
  endfacet
  facet normal 0.351326 -0.936253 0
    outer loop
      vertex -1.72791 6.78159 2.9999
      vertex -2.18481 6.61014 2
      vertex -1.72791 6.78159 2
    endloop
  endfacet
  facet normal 0.130743 -0.991416 0
    outer loop
      vertex -1.72791 6.78159 2
      vertex -1.26376 6.8428 2.9999
      vertex -1.72791 6.78159 2.9999
    endloop
  endfacet
  facet normal 0.130743 -0.991416 0
    outer loop
      vertex -1.26376 6.8428 2.9999
      vertex -1.72791 6.78159 2
      vertex -1.26376 6.8428 2
    endloop
  endfacet
  facet normal -0.0673849 -0.997727 0
    outer loop
      vertex -1.26376 6.8428 2
      vertex -1.08327 6.83061 2.9999
      vertex -1.26376 6.8428 2.9999
    endloop
  endfacet
  facet normal -0.0673849 -0.997727 -0
    outer loop
      vertex -1.08327 6.83061 2.9999
      vertex -1.26376 6.8428 2
      vertex -1.08327 6.83061 2
    endloop
  endfacet
  facet normal -0.259965 -0.965618 0
    outer loop
      vertex -1.08327 6.83061 2
      vertex -0.953934 6.79579 2.9999
      vertex -1.08327 6.83061 2.9999
    endloop
  endfacet
  facet normal -0.259965 -0.965618 -0
    outer loop
      vertex -0.953934 6.79579 2.9999
      vertex -1.08327 6.83061 2
      vertex -0.953934 6.79579 2
    endloop
  endfacet
  facet normal -0.534631 -0.845086 0
    outer loop
      vertex -0.953934 6.79579 2
      vertex -0.867249 6.74095 2.9999
      vertex -0.953934 6.79579 2.9999
    endloop
  endfacet
  facet normal -0.534631 -0.845086 -0
    outer loop
      vertex -0.867249 6.74095 2.9999
      vertex -0.953934 6.79579 2
      vertex -0.867249 6.74095 2
    endloop
  endfacet
  facet normal -0.808262 -0.588822 0
    outer loop
      vertex -0.814651 6.66875 2
      vertex -0.867249 6.74095 2.9999
      vertex -0.867249 6.74095 2
    endloop
  endfacet
  facet normal -0.808262 -0.588822 0
    outer loop
      vertex -0.867249 6.74095 2.9999
      vertex -0.814651 6.66875 2
      vertex -0.814651 6.66875 2.9999
    endloop
  endfacet
  facet normal -0.95507 -0.296381 0
    outer loop
      vertex -0.787659 6.58177 2
      vertex -0.814651 6.66875 2.9999
      vertex -0.814651 6.66875 2
    endloop
  endfacet
  facet normal -0.95507 -0.296381 0
    outer loop
      vertex -0.814651 6.66875 2.9999
      vertex -0.787659 6.58177 2
      vertex -0.787659 6.58177 2.9999
    endloop
  endfacet
  facet normal -0.994997 -0.0999014 0
    outer loop
      vertex -0.77771 6.48268 2
      vertex -0.787659 6.58177 2.9999
      vertex -0.787659 6.58177 2
    endloop
  endfacet
  facet normal -0.994997 -0.0999014 0
    outer loop
      vertex -0.787659 6.58177 2.9999
      vertex -0.77771 6.48268 2
      vertex -0.77771 6.48268 2.9999
    endloop
  endfacet
  facet normal -0.999915 -0.0130652 0
    outer loop
      vertex -0.776291 6.37408 2
      vertex -0.77771 6.48268 2.9999
      vertex -0.77771 6.48268 2
    endloop
  endfacet
  facet normal -0.999915 -0.0130652 0
    outer loop
      vertex -0.77771 6.48268 2.9999
      vertex -0.776291 6.37408 2
      vertex -0.776291 6.37408 2.9999
    endloop
  endfacet
  facet normal -0.973076 0.230486 0
    outer loop
      vertex -0.884964 5.91528 2
      vertex -0.776291 6.37408 2.9999
      vertex -0.776291 6.37408 2
    endloop
  endfacet
  facet normal -0.973076 0.230486 0
    outer loop
      vertex -0.776291 6.37408 2.9999
      vertex -0.884964 5.91528 2
      vertex -0.884964 5.91528 2.9999
    endloop
  endfacet
  facet normal -0.803444 0.595381 0
    outer loop
      vertex -1.17731 5.52077 2
      vertex -0.884964 5.91528 2.9999
      vertex -0.884964 5.91528 2
    endloop
  endfacet
  facet normal -0.803444 0.595381 0
    outer loop
      vertex -0.884964 5.91528 2.9999
      vertex -1.17731 5.52077 2
      vertex -1.17731 5.52077 2.9999
    endloop
  endfacet
  facet normal -0.610432 0.792069 0
    outer loop
      vertex -1.17731 5.52077 2
      vertex -1.60283 5.19283 2.9999
      vertex -1.17731 5.52077 2.9999
    endloop
  endfacet
  facet normal -0.610432 0.792069 0
    outer loop
      vertex -1.60283 5.19283 2.9999
      vertex -1.17731 5.52077 2
      vertex -1.60283 5.19283 2
    endloop
  endfacet
  facet normal -0.454213 0.890893 0
    outer loop
      vertex -1.60283 5.19283 2
      vertex -2.11099 4.93375 2.9999
      vertex -1.60283 5.19283 2.9999
    endloop
  endfacet
  facet normal -0.454213 0.890893 0
    outer loop
      vertex -2.11099 4.93375 2.9999
      vertex -1.60283 5.19283 2
      vertex -2.11099 4.93375 2
    endloop
  endfacet
  facet normal -0.328494 0.944506 0
    outer loop
      vertex -2.11099 4.93375 2
      vertex -2.65131 4.74583 2.9999
      vertex -2.11099 4.93375 2.9999
    endloop
  endfacet
  facet normal -0.328494 0.944506 0
    outer loop
      vertex -2.65131 4.74583 2.9999
      vertex -2.11099 4.93375 2
      vertex -2.65131 4.74583 2
    endloop
  endfacet
  facet normal -0.214143 0.976802 0
    outer loop
      vertex -2.65131 4.74583 2
      vertex -3.17323 4.63141 2.9999
      vertex -2.65131 4.74583 2.9999
    endloop
  endfacet
  facet normal -0.214143 0.976802 0
    outer loop
      vertex -3.17323 4.63141 2.9999
      vertex -2.65131 4.74583 2
      vertex -3.17323 4.63141 2
    endloop
  endfacet
  facet normal -0.0850038 0.996381 0
    outer loop
      vertex -3.17323 4.63141 2
      vertex -3.62627 4.59276 2.9999
      vertex -3.17323 4.63141 2.9999
    endloop
  endfacet
  facet normal -0.0850038 0.996381 0
    outer loop
      vertex -3.62627 4.59276 2.9999
      vertex -3.17323 4.63141 2
      vertex -3.62627 4.59276 2
    endloop
  endfacet
  facet normal 0 1 -0
    outer loop
      vertex -3.62627 4.59276 2
      vertex -4.03883 4.59276 2.9999
      vertex -3.62627 4.59276 2.9999
    endloop
  endfacet
  facet normal 0 1 0
    outer loop
      vertex -4.03883 4.59276 2.9999
      vertex -3.62627 4.59276 2
      vertex -4.03883 4.59276 2
    endloop
  endfacet
  facet normal 0.603176 -0.797608 0
    outer loop
      vertex 5.11742 -3.88461 2
      vertex 5.24139 -3.79086 2.9999
      vertex 5.11742 -3.88461 2.9999
    endloop
  endfacet
  facet normal 0.603176 -0.797608 0
    outer loop
      vertex 5.24139 -3.79086 2.9999
      vertex 5.11742 -3.88461 2
      vertex 5.24139 -3.79086 2
    endloop
  endfacet
  facet normal 0.819212 -0.573491 0
    outer loop
      vertex 5.24139 -3.79086 2.9999
      vertex 5.33617 -3.65547 2
      vertex 5.33617 -3.65547 2.9999
    endloop
  endfacet
  facet normal 0.819212 -0.573491 0
    outer loop
      vertex 5.33617 -3.65547 2
      vertex 5.24139 -3.79086 2.9999
      vertex 5.24139 -3.79086 2
    endloop
  endfacet
  facet normal 0.915062 -0.403314 0
    outer loop
      vertex 5.33617 -3.65547 2.9999
      vertex 5.40669 -3.49547 2
      vertex 5.40669 -3.49547 2.9999
    endloop
  endfacet
  facet normal 0.915062 -0.403314 0
    outer loop
      vertex 5.40669 -3.49547 2
      vertex 5.33617 -3.65547 2.9999
      vertex 5.33617 -3.65547 2
    endloop
  endfacet
  facet normal 0.956398 -0.292068 0
    outer loop
      vertex 5.40669 -3.49547 2.9999
      vertex 5.45786 -3.32791 2
      vertex 5.45786 -3.32791 2.9999
    endloop
  endfacet
  facet normal 0.956398 -0.292068 0
    outer loop
      vertex 5.45786 -3.32791 2
      vertex 5.40669 -3.49547 2.9999
      vertex 5.40669 -3.49547 2
    endloop
  endfacet
  facet normal 0.97407 -0.226246 0
    outer loop
      vertex 5.45786 -3.32791 2.9999
      vertex 5.49457 -3.16986 2
      vertex 5.49457 -3.16986 2.9999
    endloop
  endfacet
  facet normal 0.97407 -0.226246 0
    outer loop
      vertex 5.49457 -3.16986 2
      vertex 5.45786 -3.32791 2.9999
      vertex 5.45786 -3.32791 2
    endloop
  endfacet
  facet normal 0.979279 -0.202514 0
    outer loop
      vertex 5.49457 -3.16986 2.9999
      vertex 5.52176 -3.03838 2
      vertex 5.52176 -3.03838 2.9999
    endloop
  endfacet
  facet normal 0.979279 -0.202514 0
    outer loop
      vertex 5.52176 -3.03838 2
      vertex 5.49457 -3.16986 2.9999
      vertex 5.49457 -3.16986 2
    endloop
  endfacet
  facet normal 0.993582 -0.113116 0
    outer loop
      vertex 5.52176 -3.03838 2.9999
      vertex 5.55875 -2.71347 2
      vertex 5.55875 -2.71347 2.9999
    endloop
  endfacet
  facet normal 0.993582 -0.113116 0
    outer loop
      vertex 5.55875 -2.71347 2
      vertex 5.52176 -3.03838 2.9999
      vertex 5.52176 -3.03838 2
    endloop
  endfacet
  facet normal 0.997464 -0.0711794 0
    outer loop
      vertex 5.55875 -2.71347 2.9999
      vertex 5.59015 -2.27345 2
      vertex 5.59015 -2.27345 2.9999
    endloop
  endfacet
  facet normal 0.997464 -0.0711794 0
    outer loop
      vertex 5.59015 -2.27345 2
      vertex 5.55875 -2.71347 2.9999
      vertex 5.55875 -2.71347 2
    endloop
  endfacet
  facet normal 0.998533 -0.0541393 0
    outer loop
      vertex 5.59015 -2.27345 2.9999
      vertex 5.61728 -1.77307 2
      vertex 5.61728 -1.77307 2.9999
    endloop
  endfacet
  facet normal 0.998533 -0.0541393 0
    outer loop
      vertex 5.61728 -1.77307 2
      vertex 5.59015 -2.27345 2.9999
      vertex 5.59015 -2.27345 2
    endloop
  endfacet
  facet normal 0.998863 -0.0476768 0
    outer loop
      vertex 5.61728 -1.77307 2.9999
      vertex 5.64143 -1.26711 2
      vertex 5.64143 -1.26711 2.9999
    endloop
  endfacet
  facet normal 0.998863 -0.0476768 0
    outer loop
      vertex 5.64143 -1.26711 2
      vertex 5.61728 -1.77307 2.9999
      vertex 5.61728 -1.77307 2
    endloop
  endfacet
  facet normal 0.998786 -0.049264 0
    outer loop
      vertex 5.64143 -1.26711 2.9999
      vertex 5.66396 -0.810333 2
      vertex 5.66396 -0.810333 2.9999
    endloop
  endfacet
  facet normal 0.998786 -0.049264 0
    outer loop
      vertex 5.66396 -0.810333 2
      vertex 5.64143 -1.26711 2.9999
      vertex 5.64143 -1.26711 2
    endloop
  endfacet
  facet normal 0.998032 -0.0627141 0
    outer loop
      vertex 5.66396 -0.810333 2.9999
      vertex 5.68613 -0.45752 2
      vertex 5.68613 -0.45752 2.9999
    endloop
  endfacet
  facet normal 0.998032 -0.0627141 0
    outer loop
      vertex 5.68613 -0.45752 2
      vertex 5.66396 -0.810333 2.9999
      vertex 5.66396 -0.810333 2
    endloop
  endfacet
  facet normal 0.992967 -0.118392 0
    outer loop
      vertex 5.68613 -0.45752 2.9999
      vertex 5.70927 -0.263443 2
      vertex 5.70927 -0.263443 2.9999
    endloop
  endfacet
  facet normal 0.992967 -0.118392 0
    outer loop
      vertex 5.70927 -0.263443 2
      vertex 5.68613 -0.45752 2.9999
      vertex 5.68613 -0.45752 2
    endloop
  endfacet
  facet normal 0.959946 -0.280185 0
    outer loop
      vertex 5.70927 -0.263443 2.9999
      vertex 5.72639 -0.204788 2
      vertex 5.72639 -0.204788 2.9999
    endloop
  endfacet
  facet normal 0.959946 -0.280185 0
    outer loop
      vertex 5.72639 -0.204788 2
      vertex 5.70927 -0.263443 2.9999
      vertex 5.70927 -0.263443 2
    endloop
  endfacet
  facet normal 0.930902 -0.365269 0
    outer loop
      vertex 5.72639 -0.204788 2.9999
      vertex 5.74516 -0.156952 2
      vertex 5.74516 -0.156952 2.9999
    endloop
  endfacet
  facet normal 0.930902 -0.365269 0
    outer loop
      vertex 5.74516 -0.156952 2
      vertex 5.72639 -0.204788 2.9999
      vertex 5.72639 -0.204788 2
    endloop
  endfacet
  facet normal 0.885504 -0.464632 0
    outer loop
      vertex 5.74516 -0.156952 2.9999
      vertex 5.76492 -0.119293 2
      vertex 5.76492 -0.119293 2.9999
    endloop
  endfacet
  facet normal 0.885504 -0.464632 0
    outer loop
      vertex 5.76492 -0.119293 2
      vertex 5.74516 -0.156952 2.9999
      vertex 5.74516 -0.156952 2
    endloop
  endfacet
  facet normal 0.814412 -0.580287 0
    outer loop
      vertex 5.76492 -0.119293 2.9999
      vertex 5.78499 -0.0911255 2
      vertex 5.78499 -0.0911255 2.9999
    endloop
  endfacet
  facet normal 0.814412 -0.580287 0
    outer loop
      vertex 5.78499 -0.0911255 2
      vertex 5.76492 -0.119293 2.9999
      vertex 5.76492 -0.119293 2
    endloop
  endfacet
  facet normal 0.698775 -0.715341 0
    outer loop
      vertex 5.78499 -0.0911255 2
      vertex 5.80475 -0.0718231 2.9999
      vertex 5.78499 -0.0911255 2.9999
    endloop
  endfacet
  facet normal 0.698775 -0.715341 0
    outer loop
      vertex 5.80475 -0.0718231 2.9999
      vertex 5.78499 -0.0911255 2
      vertex 5.80475 -0.0718231 2
    endloop
  endfacet
  facet normal 0.509308 -0.860584 0
    outer loop
      vertex 5.80475 -0.0718231 2
      vertex 5.82352 -0.0607147 2.9999
      vertex 5.80475 -0.0718231 2.9999
    endloop
  endfacet
  facet normal 0.509308 -0.860584 0
    outer loop
      vertex 5.82352 -0.0607147 2.9999
      vertex 5.80475 -0.0718231 2
      vertex 5.82352 -0.0607147 2
    endloop
  endfacet
  facet normal 0.203331 -0.97911 0
    outer loop
      vertex 5.82352 -0.0607147 2
      vertex 5.84064 -0.0571594 2.9999
      vertex 5.82352 -0.0607147 2.9999
    endloop
  endfacet
  facet normal 0.203331 -0.97911 0
    outer loop
      vertex 5.84064 -0.0571594 2.9999
      vertex 5.82352 -0.0607147 2
      vertex 5.84064 -0.0571594 2
    endloop
  endfacet
  facet normal -0.762957 -0.646449 0
    outer loop
      vertex 6.00433 -0.250351 2
      vertex 5.84064 -0.0571594 2.9999
      vertex 5.84064 -0.0571594 2
    endloop
  endfacet
  facet normal -0.762957 -0.646449 0
    outer loop
      vertex 5.84064 -0.0571594 2.9999
      vertex 6.00433 -0.250351 2
      vertex 6.00433 -0.250351 2.9999
    endloop
  endfacet
  facet normal -0.890018 -0.455925 0
    outer loop
      vertex 6.25954 -0.74855 2
      vertex 6.00433 -0.250351 2.9999
      vertex 6.00433 -0.250351 2
    endloop
  endfacet
  facet normal -0.890018 -0.455925 0
    outer loop
      vertex 6.00433 -0.250351 2.9999
      vertex 6.25954 -0.74855 2
      vertex 6.25954 -0.74855 2.9999
    endloop
  endfacet
  facet normal -0.899795 -0.436313 0
    outer loop
      vertex 6.58987 -1.42978 2
      vertex 6.25954 -0.74855 2.9999
      vertex 6.25954 -0.74855 2
    endloop
  endfacet
  facet normal -0.899795 -0.436313 0
    outer loop
      vertex 6.25954 -0.74855 2.9999
      vertex 6.58987 -1.42978 2
      vertex 6.58987 -1.42978 2.9999
    endloop
  endfacet
  facet normal -0.885707 -0.464244 0
    outer loop
      vertex 6.97891 -2.17201 2
      vertex 6.58987 -1.42978 2.9999
      vertex 6.58987 -1.42978 2
    endloop
  endfacet
  facet normal -0.885707 -0.464244 0
    outer loop
      vertex 6.58987 -1.42978 2.9999
      vertex 6.97891 -2.17201 2
      vertex 6.97891 -2.17201 2.9999
    endloop
  endfacet
  facet normal -0.844869 -0.534973 0
    outer loop
      vertex 7.41026 -2.85323 2
      vertex 6.97891 -2.17201 2.9999
      vertex 6.97891 -2.17201 2
    endloop
  endfacet
  facet normal -0.844869 -0.534973 0
    outer loop
      vertex 6.97891 -2.17201 2.9999
      vertex 7.41026 -2.85323 2
      vertex 7.41026 -2.85323 2.9999
    endloop
  endfacet
  facet normal -0.736714 -0.676205 0
    outer loop
      vertex 7.86755 -3.35144 2
      vertex 7.41026 -2.85323 2.9999
      vertex 7.41026 -2.85323 2
    endloop
  endfacet
  facet normal -0.736714 -0.676205 0
    outer loop
      vertex 7.41026 -2.85323 2.9999
      vertex 7.86755 -3.35144 2
      vertex 7.86755 -3.35144 2.9999
    endloop
  endfacet
  facet normal -0.382388 -0.924002 0
    outer loop
      vertex 7.86755 -3.35144 2
      vertex 8.33435 -3.54462 2.9999
      vertex 7.86755 -3.35144 2.9999
    endloop
  endfacet
  facet normal -0.382388 -0.924002 -0
    outer loop
      vertex 8.33435 -3.54462 2.9999
      vertex 7.86755 -3.35144 2
      vertex 8.33435 -3.54462 2
    endloop
  endfacet
  facet normal 0.209603 -0.977787 0
    outer loop
      vertex 8.33435 -3.54462 2
      vertex 8.70358 -3.46547 2.9999
      vertex 8.33435 -3.54462 2.9999
    endloop
  endfacet
  facet normal 0.209603 -0.977787 0
    outer loop
      vertex 8.70358 -3.46547 2.9999
      vertex 8.33435 -3.54462 2
      vertex 8.70358 -3.46547 2
    endloop
  endfacet
  facet normal 0.566048 -0.824372 0
    outer loop
      vertex 8.70358 -3.46547 2
      vertex 9.02232 -3.24661 2.9999
      vertex 8.70358 -3.46547 2.9999
    endloop
  endfacet
  facet normal 0.566048 -0.824372 0
    outer loop
      vertex 9.02232 -3.24661 2.9999
      vertex 8.70358 -3.46547 2
      vertex 9.02232 -3.24661 2
    endloop
  endfacet
  facet normal 0.779292 -0.626662 0
    outer loop
      vertex 9.02232 -3.24661 2.9999
      vertex 9.28825 -2.91591 2
      vertex 9.28825 -2.91591 2.9999
    endloop
  endfacet
  facet normal 0.779292 -0.626662 0
    outer loop
      vertex 9.28825 -2.91591 2
      vertex 9.02232 -3.24661 2.9999
      vertex 9.02232 -3.24661 2
    endloop
  endfacet
  facet normal 0.891402 -0.453214 0
    outer loop
      vertex 9.28825 -2.91591 2.9999
      vertex 9.49908 -2.50124 2
      vertex 9.49908 -2.50124 2.9999
    endloop
  endfacet
  facet normal 0.891402 -0.453214 0
    outer loop
      vertex 9.49908 -2.50124 2
      vertex 9.28825 -2.91591 2.9999
      vertex 9.28825 -2.91591 2
    endloop
  endfacet
  facet normal 0.950767 -0.309907 0
    outer loop
      vertex 9.49908 -2.50124 2.9999
      vertex 9.65253 -2.03047 2
      vertex 9.65253 -2.03047 2.9999
    endloop
  endfacet
  facet normal 0.950767 -0.309907 0
    outer loop
      vertex 9.65253 -2.03047 2
      vertex 9.49908 -2.50124 2.9999
      vertex 9.49908 -2.50124 2
    endloop
  endfacet
  facet normal 0.982805 -0.184649 0
    outer loop
      vertex 9.65253 -2.03047 2.9999
      vertex 9.74628 -1.53148 2
      vertex 9.74628 -1.53148 2.9999
    endloop
  endfacet
  facet normal 0.982805 -0.184649 0
    outer loop
      vertex 9.74628 -1.53148 2
      vertex 9.65253 -2.03047 2.9999
      vertex 9.65253 -2.03047 2
    endloop
  endfacet
  facet normal 0.997982 -0.0634956 0
    outer loop
      vertex 9.74628 -1.53148 2.9999
      vertex 9.77805 -1.03214 2
      vertex 9.77805 -1.03214 2.9999
    endloop
  endfacet
  facet normal 0.997982 -0.0634956 0
    outer loop
      vertex 9.77805 -1.03214 2
      vertex 9.74628 -1.53148 2.9999
      vertex 9.74628 -1.53148 2
    endloop
  endfacet
  facet normal 0.996874 0.0790098 0
    outer loop
      vertex 9.77805 -1.03214 2.9999
      vertex 9.69342 0.0356445 2
      vertex 9.69342 0.0356445 2.9999
    endloop
  endfacet
  facet normal 0.996874 0.0790098 0
    outer loop
      vertex 9.69342 0.0356445 2
      vertex 9.77805 -1.03214 2.9999
      vertex 9.77805 -1.03214 2
    endloop
  endfacet
  facet normal 0.973438 0.228949 0
    outer loop
      vertex 9.69342 0.0356445 2.9999
      vertex 9.46843 0.992249 2
      vertex 9.46843 0.992249 2.9999
    endloop
  endfacet
  facet normal 0.973438 0.228949 0
    outer loop
      vertex 9.46843 0.992249 2
      vertex 9.69342 0.0356445 2.9999
      vertex 9.69342 0.0356445 2
    endloop
  endfacet
  facet normal 0.93169 0.363256 0
    outer loop
      vertex 9.46843 0.992249 2.9999
      vertex 9.14635 1.81833 2
      vertex 9.14635 1.81833 2.9999
    endloop
  endfacet
  facet normal 0.93169 0.363256 0
    outer loop
      vertex 9.14635 1.81833 2
      vertex 9.46843 0.992249 2.9999
      vertex 9.46843 0.992249 2
    endloop
  endfacet
  facet normal 0.874038 0.485858 0
    outer loop
      vertex 9.14635 1.81833 2.9999
      vertex 8.77046 2.49454 2
      vertex 8.77046 2.49454 2.9999
    endloop
  endfacet
  facet normal 0.874038 0.485858 0
    outer loop
      vertex 8.77046 2.49454 2
      vertex 9.14635 1.81833 2.9999
      vertex 9.14635 1.81833 2
    endloop
  endfacet
  facet normal 0.795333 0.606172 0
    outer loop
      vertex 8.77046 2.49454 2.9999
      vertex 8.38409 3.00148 2
      vertex 8.38409 3.00148 2.9999
    endloop
  endfacet
  facet normal 0.795333 0.606172 0
    outer loop
      vertex 8.38409 3.00148 2
      vertex 8.77046 2.49454 2.9999
      vertex 8.77046 2.49454 2
    endloop
  endfacet
  facet normal 0.669157 0.743121 -0
    outer loop
      vertex 8.38409 3.00148 2
      vertex 8.03053 3.31985 2.9999
      vertex 8.38409 3.00148 2.9999
    endloop
  endfacet
  facet normal 0.669157 0.743121 0
    outer loop
      vertex 8.03053 3.31985 2.9999
      vertex 8.38409 3.00148 2
      vertex 8.03053 3.31985 2
    endloop
  endfacet
  facet normal 0.369727 0.92914 -0
    outer loop
      vertex 8.03053 3.31985 2
      vertex 7.75304 3.43027 2.9999
      vertex 8.03053 3.31985 2.9999
    endloop
  endfacet
  facet normal 0.369727 0.92914 0
    outer loop
      vertex 7.75304 3.43027 2.9999
      vertex 8.03053 3.31985 2
      vertex 7.75304 3.43027 2
    endloop
  endfacet
  facet normal -0.214243 0.97678 0
    outer loop
      vertex 7.75304 3.43027 2
      vertex 7.68953 3.41634 2.9999
      vertex 7.75304 3.43027 2.9999
    endloop
  endfacet
  facet normal -0.214243 0.97678 0
    outer loop
      vertex 7.68953 3.41634 2.9999
      vertex 7.75304 3.43027 2
      vertex 7.68953 3.41634 2
    endloop
  endfacet
  facet normal -0.623811 0.781575 0
    outer loop
      vertex 7.68953 3.41634 2
      vertex 7.64207 3.37846 2.9999
      vertex 7.68953 3.41634 2.9999
    endloop
  endfacet
  facet normal -0.623811 0.781575 0
    outer loop
      vertex 7.64207 3.37846 2.9999
      vertex 7.68953 3.41634 2
      vertex 7.64207 3.37846 2
    endloop
  endfacet
  facet normal -0.856613 0.51596 0
    outer loop
      vertex 7.6084 3.32256 2
      vertex 7.64207 3.37846 2.9999
      vertex 7.64207 3.37846 2
    endloop
  endfacet
  facet normal -0.856613 0.51596 0
    outer loop
      vertex 7.64207 3.37846 2.9999
      vertex 7.6084 3.32256 2
      vertex 7.6084 3.32256 2.9999
    endloop
  endfacet
  facet normal -0.950676 0.310185 0
    outer loop
      vertex 7.5862 3.25452 2
      vertex 7.6084 3.32256 2.9999
      vertex 7.6084 3.32256 2
    endloop
  endfacet
  facet normal -0.950676 0.310185 0
    outer loop
      vertex 7.6084 3.32256 2.9999
      vertex 7.5862 3.25452 2
      vertex 7.5862 3.25452 2.9999
    endloop
  endfacet
  facet normal -0.984979 0.172673 0
    outer loop
      vertex 7.57318 3.18025 2
      vertex 7.5862 3.25452 2.9999
      vertex 7.5862 3.25452 2
    endloop
  endfacet
  facet normal -0.984979 0.172673 0
    outer loop
      vertex 7.5862 3.25452 2.9999
      vertex 7.57318 3.18025 2
      vertex 7.57318 3.18025 2.9999
    endloop
  endfacet
  facet normal -0.996652 0.0817629 0
    outer loop
      vertex 7.56706 3.10565 2
      vertex 7.57318 3.18025 2.9999
      vertex 7.57318 3.18025 2
    endloop
  endfacet
  facet normal -0.996652 0.0817629 0
    outer loop
      vertex 7.57318 3.18025 2.9999
      vertex 7.56706 3.10565 2
      vertex 7.56706 3.10565 2.9999
    endloop
  endfacet
  facet normal -0.999751 0.0223036 0
    outer loop
      vertex 7.56552 3.03662 2
      vertex 7.56706 3.10565 2.9999
      vertex 7.56706 3.10565 2
    endloop
  endfacet
  facet normal -0.999751 0.0223036 0
    outer loop
      vertex 7.56706 3.10565 2.9999
      vertex 7.56552 3.03662 2
      vertex 7.56552 3.03662 2.9999
    endloop
  endfacet
  facet normal -1 0 0
    outer loop
      vertex 7.56552 2.96155 2
      vertex 7.56552 3.03662 2.9999
      vertex 7.56552 3.03662 2
    endloop
  endfacet
  facet normal -1 -0 0
    outer loop
      vertex 7.56552 3.03662 2.9999
      vertex 7.56552 2.96155 2
      vertex 7.56552 2.96155 2.9999
    endloop
  endfacet
  facet normal -0.970092 -0.242738 0
    outer loop
      vertex 7.62183 2.73651 2
      vertex 7.56552 2.96155 2.9999
      vertex 7.56552 2.96155 2
    endloop
  endfacet
  facet normal -0.970092 -0.242738 0
    outer loop
      vertex 7.56552 2.96155 2.9999
      vertex 7.62183 2.73651 2
      vertex 7.62183 2.73651 2.9999
    endloop
  endfacet
  facet normal -0.962488 -0.271323 0
    outer loop
      vertex 7.81511 2.05087 2
      vertex 7.62183 2.73651 2.9999
      vertex 7.62183 2.73651 2
    endloop
  endfacet
  facet normal -0.962488 -0.271323 0
    outer loop
      vertex 7.62183 2.73651 2.9999
      vertex 7.81511 2.05087 2
      vertex 7.81511 2.05087 2.9999
    endloop
  endfacet
  facet normal -0.956572 -0.291496 0
    outer loop
      vertex 7.99036 1.47577 2
      vertex 7.81511 2.05087 2.9999
      vertex 7.81511 2.05087 2
    endloop
  endfacet
  facet normal -0.956572 -0.291496 0
    outer loop
      vertex 7.81511 2.05087 2.9999
      vertex 7.99036 1.47577 2
      vertex 7.99036 1.47577 2.9999
    endloop
  endfacet
  facet normal -0.957521 -0.288364 0
    outer loop
      vertex 8.14331 0.967896 2
      vertex 7.99036 1.47577 2.9999
      vertex 7.99036 1.47577 2
    endloop
  endfacet
  facet normal -0.957521 -0.288364 0
    outer loop
      vertex 7.99036 1.47577 2.9999
      vertex 8.14331 0.967896 2
      vertex 8.14331 0.967896 2.9999
    endloop
  endfacet
  facet normal -0.967557 -0.252652 0
    outer loop
      vertex 8.26968 0.483948 2
      vertex 8.14331 0.967896 2.9999
      vertex 8.14331 0.967896 2
    endloop
  endfacet
  facet normal -0.967557 -0.252652 0
    outer loop
      vertex 8.14331 0.967896 2.9999
      vertex 8.26968 0.483948 2
      vertex 8.26968 0.483948 2.9999
    endloop
  endfacet
  facet normal -0.982444 -0.18656 0
    outer loop
      vertex 8.36525 -0.0193329 2
      vertex 8.26968 0.483948 2.9999
      vertex 8.26968 0.483948 2
    endloop
  endfacet
  facet normal -0.982444 -0.18656 0
    outer loop
      vertex 8.26968 0.483948 2.9999
      vertex 8.36525 -0.0193329 2
      vertex 8.36525 -0.0193329 2.9999
    endloop
  endfacet
  facet normal -0.994344 -0.106208 0
    outer loop
      vertex 8.4257 -0.585281 2
      vertex 8.36525 -0.0193329 2.9999
      vertex 8.36525 -0.0193329 2
    endloop
  endfacet
  facet normal -0.994344 -0.106208 0
    outer loop
      vertex 8.36525 -0.0193329 2.9999
      vertex 8.4257 -0.585281 2
      vertex 8.4257 -0.585281 2.9999
    endloop
  endfacet
  facet normal -0.999507 -0.0314025 0
    outer loop
      vertex 8.44681 -1.25719 2
      vertex 8.4257 -0.585281 2.9999
      vertex 8.4257 -0.585281 2
    endloop
  endfacet
  facet normal -0.999507 -0.0314025 0
    outer loop
      vertex 8.4257 -0.585281 2.9999
      vertex 8.44681 -1.25719 2
      vertex 8.44681 -1.25719 2.9999
    endloop
  endfacet
  facet normal -0.999997 0.00251275 0
    outer loop
      vertex 8.44649 -1.38454 2
      vertex 8.44681 -1.25719 2.9999
      vertex 8.44681 -1.25719 2
    endloop
  endfacet
  facet normal -0.999997 0.00251275 0
    outer loop
      vertex 8.44681 -1.25719 2.9999
      vertex 8.44649 -1.38454 2
      vertex 8.44649 -1.38454 2.9999
    endloop
  endfacet
  facet normal -0.999774 0.0212522 0
    outer loop
      vertex 8.44418 -1.49321 2
      vertex 8.44649 -1.38454 2.9999
      vertex 8.44649 -1.38454 2
    endloop
  endfacet
  facet normal -0.999774 0.0212522 0
    outer loop
      vertex 8.44649 -1.38454 2.9999
      vertex 8.44418 -1.49321 2
      vertex 8.44418 -1.49321 2.9999
    endloop
  endfacet
  facet normal -0.997602 0.0692145 0
    outer loop
      vertex 8.43796 -1.58286 2
      vertex 8.44418 -1.49321 2.9999
      vertex 8.44418 -1.49321 2
    endloop
  endfacet
  facet normal -0.997602 0.0692145 0
    outer loop
      vertex 8.44418 -1.49321 2.9999
      vertex 8.43796 -1.58286 2
      vertex 8.43796 -1.58286 2.9999
    endloop
  endfacet
  facet normal -0.985434 0.170057 0
    outer loop
      vertex 8.42583 -1.65315 2
      vertex 8.43796 -1.58286 2.9999
      vertex 8.43796 -1.58286 2
    endloop
  endfacet
  facet normal -0.985434 0.170057 0
    outer loop
      vertex 8.43796 -1.58286 2.9999
      vertex 8.42583 -1.65315 2
      vertex 8.42583 -1.65315 2.9999
    endloop
  endfacet
  facet normal -0.930002 0.367555 0
    outer loop
      vertex 8.40582 -1.70378 2
      vertex 8.42583 -1.65315 2.9999
      vertex 8.42583 -1.65315 2
    endloop
  endfacet
  facet normal -0.930002 0.367555 0
    outer loop
      vertex 8.42583 -1.65315 2.9999
      vertex 8.40582 -1.70378 2
      vertex 8.40582 -1.70378 2.9999
    endloop
  endfacet
  facet normal -0.716173 0.697923 0
    outer loop
      vertex 8.37599 -1.73439 2
      vertex 8.40582 -1.70378 2.9999
      vertex 8.40582 -1.70378 2
    endloop
  endfacet
  facet normal -0.716173 0.697923 0
    outer loop
      vertex 8.40582 -1.70378 2.9999
      vertex 8.37599 -1.73439 2
      vertex 8.37599 -1.73439 2.9999
    endloop
  endfacet
  facet normal -0.239462 0.970906 0
    outer loop
      vertex 8.37599 -1.73439 2
      vertex 8.33435 -1.74466 2.9999
      vertex 8.37599 -1.73439 2.9999
    endloop
  endfacet
  facet normal -0.239462 0.970906 0
    outer loop
      vertex 8.33435 -1.74466 2.9999
      vertex 8.37599 -1.73439 2
      vertex 8.33435 -1.74466 2
    endloop
  endfacet
  facet normal 0.426362 0.904553 -0
    outer loop
      vertex 8.33435 -1.74466 2
      vertex 8.3251 -1.7403 2.9999
      vertex 8.33435 -1.74466 2.9999
    endloop
  endfacet
  facet normal 0.426362 0.904553 0
    outer loop
      vertex 8.3251 -1.7403 2.9999
      vertex 8.33435 -1.74466 2
      vertex 8.3251 -1.7403 2
    endloop
  endfacet
  facet normal 0.717874 0.696173 0
    outer loop
      vertex 8.3251 -1.7403 2.9999
      vertex 8.31323 -1.72806 2
      vertex 8.31323 -1.72806 2.9999
    endloop
  endfacet
  facet normal 0.717874 0.696173 0
    outer loop
      vertex 8.31323 -1.72806 2
      vertex 8.3251 -1.7403 2.9999
      vertex 8.3251 -1.7403 2
    endloop
  endfacet
  facet normal 0.785375 0.619021 0
    outer loop
      vertex 8.31323 -1.72806 2.9999
      vertex 8.29842 -1.70927 2
      vertex 8.29842 -1.70927 2.9999
    endloop
  endfacet
  facet normal 0.785375 0.619021 0
    outer loop
      vertex 8.29842 -1.70927 2
      vertex 8.31323 -1.72806 2.9999
      vertex 8.31323 -1.72806 2
    endloop
  endfacet
  facet normal 0.798882 0.601488 0
    outer loop
      vertex 8.29842 -1.70927 2.9999
      vertex 8.28032 -1.68523 2
      vertex 8.28032 -1.68523 2.9999
    endloop
  endfacet
  facet normal 0.798882 0.601488 0
    outer loop
      vertex 8.28032 -1.68523 2
      vertex 8.29842 -1.70927 2.9999
      vertex 8.29842 -1.70927 2
    endloop
  endfacet
  facet normal 0.790583 0.612355 0
    outer loop
      vertex 8.28032 -1.68523 2.9999
      vertex 8.25864 -1.65724 2
      vertex 8.25864 -1.65724 2.9999
    endloop
  endfacet
  facet normal 0.790583 0.612355 0
    outer loop
      vertex 8.25864 -1.65724 2
      vertex 8.28032 -1.68523 2.9999
      vertex 8.28032 -1.68523 2
    endloop
  endfacet
  facet normal 0.7667 0.642005 0
    outer loop
      vertex 8.25864 -1.65724 2.9999
      vertex 8.233 -1.62662 2
      vertex 8.233 -1.62662 2.9999
    endloop
  endfacet
  facet normal 0.7667 0.642005 0
    outer loop
      vertex 8.233 -1.62662 2
      vertex 8.25864 -1.65724 2.9999
      vertex 8.25864 -1.65724 2
    endloop
  endfacet
  facet normal 0.730492 0.682921 0
    outer loop
      vertex 8.233 -1.62662 2.9999
      vertex 8.20314 -1.59468 2
      vertex 8.20314 -1.59468 2.9999
    endloop
  endfacet
  facet normal 0.730492 0.682921 0
    outer loop
      vertex 8.20314 -1.59468 2
      vertex 8.233 -1.62662 2.9999
      vertex 8.233 -1.62662 2
    endloop
  endfacet
  facet normal 0.805927 0.592015 0
    outer loop
      vertex 8.20314 -1.59468 2.9999
      vertex 7.77118 -1.00664 2
      vertex 7.77118 -1.00664 2.9999
    endloop
  endfacet
  facet normal 0.805927 0.592015 0
    outer loop
      vertex 7.77118 -1.00664 2
      vertex 8.20314 -1.59468 2.9999
      vertex 8.20314 -1.59468 2
    endloop
  endfacet
  facet normal 0.835656 0.549254 0
    outer loop
      vertex 7.77118 -1.00664 2.9999
      vertex 7.33531 -0.343491 2
      vertex 7.33531 -0.343491 2.9999
    endloop
  endfacet
  facet normal 0.835656 0.549254 0
    outer loop
      vertex 7.33531 -0.343491 2
      vertex 7.77118 -1.00664 2.9999
      vertex 7.77118 -1.00664 2
    endloop
  endfacet
  facet normal 0.845759 0.533566 0
    outer loop
      vertex 7.33531 -0.343491 2.9999
      vertex 6.90765 0.334396 2
      vertex 6.90765 0.334396 2.9999
    endloop
  endfacet
  facet normal 0.845759 0.533566 0
    outer loop
      vertex 6.90765 0.334396 2
      vertex 7.33531 -0.343491 2.9999
      vertex 7.33531 -0.343491 2
    endloop
  endfacet
  facet normal 0.840685 0.541525 0
    outer loop
      vertex 6.90765 0.334396 2.9999
      vertex 6.50035 0.966705 2
      vertex 6.50035 0.966705 2.9999
    endloop
  endfacet
  facet normal 0.840685 0.541525 0
    outer loop
      vertex 6.50035 0.966705 2
      vertex 6.90765 0.334396 2.9999
      vertex 6.90765 0.334396 2
    endloop
  endfacet
  facet normal 0.814556 0.580085 0
    outer loop
      vertex 6.50035 0.966705 2.9999
      vertex 6.1255 1.49307 2
      vertex 6.1255 1.49307 2.9999
    endloop
  endfacet
  facet normal 0.814556 0.580085 0
    outer loop
      vertex 6.1255 1.49307 2
      vertex 6.50035 0.966705 2.9999
      vertex 6.50035 0.966705 2
    endloop
  endfacet
  facet normal 0.736994 0.675899 0
    outer loop
      vertex 6.1255 1.49307 2.9999
      vertex 5.79527 1.85315 2
      vertex 5.79527 1.85315 2.9999
    endloop
  endfacet
  facet normal 0.736994 0.675899 0
    outer loop
      vertex 5.79527 1.85315 2
      vertex 6.1255 1.49307 2.9999
      vertex 6.1255 1.49307 2
    endloop
  endfacet
  facet normal 0.438478 0.898742 -0
    outer loop
      vertex 5.79527 1.85315 2
      vertex 5.52176 1.98659 2.9999
      vertex 5.79527 1.85315 2.9999
    endloop
  endfacet
  facet normal 0.438478 0.898742 0
    outer loop
      vertex 5.52176 1.98659 2.9999
      vertex 5.79527 1.85315 2
      vertex 5.52176 1.98659 2
    endloop
  endfacet
  facet normal -0.51187 0.859063 0
    outer loop
      vertex 5.52176 1.98659 2
      vertex 5.19624 1.79263 2.9999
      vertex 5.52176 1.98659 2.9999
    endloop
  endfacet
  facet normal -0.51187 0.859063 0
    outer loop
      vertex 5.19624 1.79263 2.9999
      vertex 5.52176 1.98659 2
      vertex 5.19624 1.79263 2
    endloop
  endfacet
  facet normal -0.875121 0.483905 0
    outer loop
      vertex 4.9127 1.27986 2
      vertex 5.19624 1.79263 2.9999
      vertex 5.19624 1.79263 2
    endloop
  endfacet
  facet normal -0.875121 0.483905 0
    outer loop
      vertex 5.19624 1.79263 2.9999
      vertex 4.9127 1.27986 2
      vertex 4.9127 1.27986 2.9999
    endloop
  endfacet
  facet normal -0.950253 0.311478 0
    outer loop
      vertex 4.6741 0.551941 2
      vertex 4.9127 1.27986 2.9999
      vertex 4.9127 1.27986 2
    endloop
  endfacet
  facet normal -0.950253 0.311478 0
    outer loop
      vertex 4.9127 1.27986 2.9999
      vertex 4.6741 0.551941 2
      vertex 4.6741 0.551941 2.9999
    endloop
  endfacet
  facet normal -0.975147 0.221559 0
    outer loop
      vertex 4.48338 -0.287476 2
      vertex 4.6741 0.551941 2.9999
      vertex 4.6741 0.551941 2
    endloop
  endfacet
  facet normal -0.975147 0.221559 0
    outer loop
      vertex 4.6741 0.551941 2.9999
      vertex 4.48338 -0.287476 2
      vertex 4.48338 -0.287476 2.9999
    endloop
  endfacet
  facet normal -0.986648 0.162869 0
    outer loop
      vertex 4.34351 -1.1348 2
      vertex 4.48338 -0.287476 2.9999
      vertex 4.48338 -0.287476 2
    endloop
  endfacet
  facet normal -0.986648 0.162869 0
    outer loop
      vertex 4.48338 -0.287476 2.9999
      vertex 4.34351 -1.1348 2
      vertex 4.34351 -1.1348 2.9999
    endloop
  endfacet
  facet normal -0.993503 0.11381 0
    outer loop
      vertex 4.25742 -1.88632 2
      vertex 4.34351 -1.1348 2.9999
      vertex 4.34351 -1.1348 2
    endloop
  endfacet
  facet normal -0.993503 0.11381 0
    outer loop
      vertex 4.34351 -1.1348 2.9999
      vertex 4.25742 -1.88632 2
      vertex 4.25742 -1.88632 2.9999
    endloop
  endfacet
  facet normal -0.998589 0.0531028 0
    outer loop
      vertex 4.22806 -2.43843 2
      vertex 4.25742 -1.88632 2.9999
      vertex 4.25742 -1.88632 2
    endloop
  endfacet
  facet normal -0.998589 0.0531028 0
    outer loop
      vertex 4.25742 -1.88632 2.9999
      vertex 4.22806 -2.43843 2
      vertex 4.22806 -2.43843 2.9999
    endloop
  endfacet
  facet normal -0.999188 -0.0402837 0
    outer loop
      vertex 4.23708 -2.66216 2
      vertex 4.22806 -2.43843 2.9999
      vertex 4.22806 -2.43843 2
    endloop
  endfacet
  facet normal -0.999188 -0.0402837 0
    outer loop
      vertex 4.22806 -2.43843 2.9999
      vertex 4.23708 -2.66216 2
      vertex 4.23708 -2.66216 2.9999
    endloop
  endfacet
  facet normal -0.993317 -0.115421 0
    outer loop
      vertex 4.26807 -2.92886 2
      vertex 4.23708 -2.66216 2.9999
      vertex 4.23708 -2.66216 2
    endloop
  endfacet
  facet normal -0.993317 -0.115421 0
    outer loop
      vertex 4.23708 -2.66216 2.9999
      vertex 4.26807 -2.92886 2
      vertex 4.26807 -2.92886 2.9999
    endloop
  endfacet
  facet normal -0.978827 -0.204689 0
    outer loop
      vertex 4.32693 -3.21033 2
      vertex 4.26807 -2.92886 2.9999
      vertex 4.26807 -2.92886 2
    endloop
  endfacet
  facet normal -0.978827 -0.204689 0
    outer loop
      vertex 4.26807 -2.92886 2.9999
      vertex 4.32693 -3.21033 2
      vertex 4.32693 -3.21033 2.9999
    endloop
  endfacet
  facet normal -0.945094 -0.326798 0
    outer loop
      vertex 4.4196 -3.47833 2
      vertex 4.32693 -3.21033 2.9999
      vertex 4.32693 -3.21033 2
    endloop
  endfacet
  facet normal -0.945094 -0.326798 0
    outer loop
      vertex 4.32693 -3.21033 2.9999
      vertex 4.4196 -3.47833 2
      vertex 4.4196 -3.47833 2.9999
    endloop
  endfacet
  facet normal -0.863272 -0.504739 0
    outer loop
      vertex 4.55196 -3.70471 2
      vertex 4.4196 -3.47833 2.9999
      vertex 4.4196 -3.47833 2
    endloop
  endfacet
  facet normal -0.863272 -0.504739 0
    outer loop
      vertex 4.4196 -3.47833 2.9999
      vertex 4.55196 -3.70471 2
      vertex 4.55196 -3.70471 2.9999
    endloop
  endfacet
  facet normal -0.66042 -0.750896 0
    outer loop
      vertex 4.55196 -3.70471 2
      vertex 4.7299 -3.86121 2.9999
      vertex 4.55196 -3.70471 2.9999
    endloop
  endfacet
  facet normal -0.66042 -0.750896 -0
    outer loop
      vertex 4.7299 -3.86121 2.9999
      vertex 4.55196 -3.70471 2
      vertex 4.7299 -3.86121 2
    endloop
  endfacet
  facet normal -0.246816 -0.969062 0
    outer loop
      vertex 4.7299 -3.86121 2
      vertex 4.95935 -3.91965 2.9999
      vertex 4.7299 -3.86121 2.9999
    endloop
  endfacet
  facet normal -0.246816 -0.969062 -0
    outer loop
      vertex 4.95935 -3.91965 2.9999
      vertex 4.7299 -3.86121 2
      vertex 4.95935 -3.91965 2
    endloop
  endfacet
  facet normal 0.21642 -0.9763 0
    outer loop
      vertex 4.95935 -3.91965 2
      vertex 5.11742 -3.88461 2.9999
      vertex 4.95935 -3.91965 2.9999
    endloop
  endfacet
  facet normal 0.21642 -0.9763 0
    outer loop
      vertex 5.11742 -3.88461 2.9999
      vertex 4.95935 -3.91965 2
      vertex 5.11742 -3.88461 2
    endloop
  endfacet
  facet normal 0.971494 -0.237064 0
    outer loop
      vertex 15.6241 -9.28212 2.9999
      vertex 15.821 -8.47522 2
      vertex 15.821 -8.47522 2.9999
    endloop
  endfacet
  facet normal 0.971494 -0.237064 0
    outer loop
      vertex 15.821 -8.47522 2
      vertex 15.6241 -9.28212 2.9999
      vertex 15.6241 -9.28212 2
    endloop
  endfacet
  facet normal 0.973281 -0.229615 0
    outer loop
      vertex 15.821 -8.47522 2.9999
      vertex 15.989 -7.76311 2
      vertex 15.989 -7.76311 2.9999
    endloop
  endfacet
  facet normal 0.973281 -0.229615 0
    outer loop
      vertex 15.989 -7.76311 2
      vertex 15.821 -8.47522 2.9999
      vertex 15.821 -8.47522 2
    endloop
  endfacet
  facet normal 0.97296 -0.230974 0
    outer loop
      vertex 15.989 -7.76311 2.9999
      vertex 16.1452 -7.10513 2
      vertex 16.1452 -7.10513 2.9999
    endloop
  endfacet
  facet normal 0.97296 -0.230974 0
    outer loop
      vertex 16.1452 -7.10513 2
      vertex 15.989 -7.76311 2.9999
      vertex 15.989 -7.76311 2
    endloop
  endfacet
  facet normal 0.970048 -0.242915 0
    outer loop
      vertex 16.1452 -7.10513 2.9999
      vertex 16.3066 -6.4606 2
      vertex 16.3066 -6.4606 2.9999
    endloop
  endfacet
  facet normal 0.970048 -0.242915 0
    outer loop
      vertex 16.3066 -6.4606 2
      vertex 16.1452 -7.10513 2.9999
      vertex 16.1452 -7.10513 2
    endloop
  endfacet
  facet normal 0.964583 -0.26378 0
    outer loop
      vertex 16.3066 -6.4606 2.9999
      vertex 16.4903 -5.78885 2
      vertex 16.4903 -5.78885 2.9999
    endloop
  endfacet
  facet normal 0.964583 -0.26378 0
    outer loop
      vertex 16.4903 -5.78885 2
      vertex 16.3066 -6.4606 2.9999
      vertex 16.3066 -6.4606 2
    endloop
  endfacet
  facet normal 0.957397 -0.288775 0
    outer loop
      vertex 16.4903 -5.78885 2.9999
      vertex 16.7134 -5.04919 2
      vertex 16.7134 -5.04919 2.9999
    endloop
  endfacet
  facet normal 0.957397 -0.288775 0
    outer loop
      vertex 16.7134 -5.04919 2
      vertex 16.4903 -5.78885 2.9999
      vertex 16.4903 -5.78885 2
    endloop
  endfacet
  facet normal 0.949764 -0.312967 0
    outer loop
      vertex 16.7134 -5.04919 2.9999
      vertex 16.9929 -4.20099 2
      vertex 16.9929 -4.20099 2.9999
    endloop
  endfacet
  facet normal 0.949764 -0.312967 0
    outer loop
      vertex 16.9929 -4.20099 2
      vertex 16.7134 -5.04919 2.9999
      vertex 16.7134 -5.04919 2
    endloop
  endfacet
  facet normal 0.125271 -0.992123 0
    outer loop
      vertex 16.9929 -4.20099 2
      vertex 17.0561 -4.19301 2.9999
      vertex 16.9929 -4.20099 2.9999
    endloop
  endfacet
  facet normal 0.125271 -0.992123 0
    outer loop
      vertex 17.0561 -4.19301 2.9999
      vertex 16.9929 -4.20099 2
      vertex 17.0561 -4.19301 2
    endloop
  endfacet
  facet normal 0.124194 -0.992258 0
    outer loop
      vertex 17.0561 -4.19301 2
      vertex 17.1173 -4.18535 2.9999
      vertex 17.0561 -4.19301 2.9999
    endloop
  endfacet
  facet normal 0.124194 -0.992258 0
    outer loop
      vertex 17.1173 -4.18535 2.9999
      vertex 17.0561 -4.19301 2
      vertex 17.1173 -4.18535 2
    endloop
  endfacet
  facet normal 0.116812 -0.993154 0
    outer loop
      vertex 17.1173 -4.18535 2
      vertex 17.1769 -4.17834 2.9999
      vertex 17.1173 -4.18535 2.9999
    endloop
  endfacet
  facet normal 0.116812 -0.993154 0
    outer loop
      vertex 17.1769 -4.17834 2.9999
      vertex 17.1173 -4.18535 2
      vertex 17.1769 -4.17834 2
    endloop
  endfacet
  facet normal 0.102713 -0.994711 0
    outer loop
      vertex 17.1769 -4.17834 2
      vertex 17.2352 -4.17232 2.9999
      vertex 17.1769 -4.17834 2.9999
    endloop
  endfacet
  facet normal 0.102713 -0.994711 0
    outer loop
      vertex 17.2352 -4.17232 2.9999
      vertex 17.1769 -4.17834 2
      vertex 17.2352 -4.17232 2
    endloop
  endfacet
  facet normal 0.0817499 -0.996653 0
    outer loop
      vertex 17.2352 -4.17232 2
      vertex 17.2925 -4.16762 2.9999
      vertex 17.2352 -4.17232 2.9999
    endloop
  endfacet
  facet normal 0.0817499 -0.996653 0
    outer loop
      vertex 17.2925 -4.16762 2.9999
      vertex 17.2352 -4.17232 2
      vertex 17.2925 -4.16762 2
    endloop
  endfacet
  facet normal 0.0540654 -0.998537 0
    outer loop
      vertex 17.2925 -4.16762 2
      vertex 17.3492 -4.16455 2.9999
      vertex 17.2925 -4.16762 2.9999
    endloop
  endfacet
  facet normal 0.0540654 -0.998537 0
    outer loop
      vertex 17.3492 -4.16455 2.9999
      vertex 17.2925 -4.16762 2
      vertex 17.3492 -4.16455 2
    endloop
  endfacet
  facet normal 0.0191794 -0.999816 0
    outer loop
      vertex 17.3492 -4.16455 2
      vertex 17.4055 -4.16347 2.9999
      vertex 17.3492 -4.16455 2.9999
    endloop
  endfacet
  facet normal 0.0191794 -0.999816 0
    outer loop
      vertex 17.4055 -4.16347 2.9999
      vertex 17.3492 -4.16455 2
      vertex 17.4055 -4.16347 2
    endloop
  endfacet
  facet normal 0.149731 -0.988727 0
    outer loop
      vertex 17.4055 -4.16347 2
      vertex 18.0243 -4.06976 2.9999
      vertex 17.4055 -4.16347 2.9999
    endloop
  endfacet
  facet normal 0.149731 -0.988727 0
    outer loop
      vertex 18.0243 -4.06976 2.9999
      vertex 17.4055 -4.16347 2
      vertex 18.0243 -4.06976 2
    endloop
  endfacet
  facet normal 0.347191 -0.937794 0
    outer loop
      vertex 18.0243 -4.06976 2
      vertex 18.754 -3.79961 2.9999
      vertex 18.0243 -4.06976 2.9999
    endloop
  endfacet
  facet normal 0.347191 -0.937794 0
    outer loop
      vertex 18.754 -3.79961 2.9999
      vertex 18.0243 -4.06976 2
      vertex 18.754 -3.79961 2
    endloop
  endfacet
  facet normal 0.489947 -0.871752 0
    outer loop
      vertex 18.754 -3.79961 2
      vertex 19.5195 -3.36938 2.9999
      vertex 18.754 -3.79961 2.9999
    endloop
  endfacet
  facet normal 0.489947 -0.871752 0
    outer loop
      vertex 19.5195 -3.36938 2.9999
      vertex 18.754 -3.79961 2
      vertex 19.5195 -3.36938 2
    endloop
  endfacet
  facet normal 0.620072 -0.784545 0
    outer loop
      vertex 19.5195 -3.36938 2
      vertex 20.2456 -2.7955 2.9999
      vertex 19.5195 -3.36938 2.9999
    endloop
  endfacet
  facet normal 0.620072 -0.784545 0
    outer loop
      vertex 20.2456 -2.7955 2.9999
      vertex 19.5195 -3.36938 2
      vertex 20.2456 -2.7955 2
    endloop
  endfacet
  facet normal 0.753587 -0.657349 0
    outer loop
      vertex 20.2456 -2.7955 2.9999
      vertex 20.8572 -2.09436 2
      vertex 20.8572 -2.09436 2.9999
    endloop
  endfacet
  facet normal 0.753587 -0.657349 0
    outer loop
      vertex 20.8572 -2.09436 2
      vertex 20.2456 -2.7955 2.9999
      vertex 20.2456 -2.7955 2
    endloop
  endfacet
  facet normal 0.887279 -0.461232 0
    outer loop
      vertex 20.8572 -2.09436 2.9999
      vertex 21.2793 -1.28236 2
      vertex 21.2793 -1.28236 2.9999
    endloop
  endfacet
  facet normal 0.887279 -0.461232 0
    outer loop
      vertex 21.2793 -1.28236 2
      vertex 20.8572 -2.09436 2.9999
      vertex 20.8572 -2.09436 2
    endloop
  endfacet
  facet normal 0.985257 -0.171082 0
    outer loop
      vertex 21.2793 -1.28236 2.9999
      vertex 21.4367 -0.3759 2
      vertex 21.4367 -0.3759 2.9999
    endloop
  endfacet
  facet normal 0.985257 -0.171082 0
    outer loop
      vertex 21.4367 -0.3759 2
      vertex 21.2793 -1.28236 2.9999
      vertex 21.2793 -1.28236 2
    endloop
  endfacet
  facet normal 0.998992 0.0448968 0
    outer loop
      vertex 21.4367 -0.3759 2.9999
      vertex 21.4203 -0.0109863 2
      vertex 21.4203 -0.0109863 2.9999
    endloop
  endfacet
  facet normal 0.998992 0.0448968 0
    outer loop
      vertex 21.4203 -0.0109863 2
      vertex 21.4367 -0.3759 2.9999
      vertex 21.4367 -0.3759 2
    endloop
  endfacet
  facet normal 0.991779 0.127964 0
    outer loop
      vertex 21.4203 -0.0109863 2.9999
      vertex 21.3656 0.412964 2
      vertex 21.3656 0.412964 2.9999
    endloop
  endfacet
  facet normal 0.991779 0.127964 0
    outer loop
      vertex 21.3656 0.412964 2
      vertex 21.4203 -0.0109863 2.9999
      vertex 21.4203 -0.0109863 2
    endloop
  endfacet
  facet normal 0.974478 0.224485 0
    outer loop
      vertex 21.3656 0.412964 2.9999
      vertex 21.264 0.854004 2
      vertex 21.264 0.854004 2.9999
    endloop
  endfacet
  facet normal 0.974478 0.224485 0
    outer loop
      vertex 21.264 0.854004 2
      vertex 21.3656 0.412964 2.9999
      vertex 21.3656 0.412964 2
    endloop
  endfacet
  facet normal 0.935543 0.353212 0
    outer loop
      vertex 21.264 0.854004 2.9999
      vertex 21.1069 1.27011 2
      vertex 21.1069 1.27011 2.9999
    endloop
  endfacet
  facet normal 0.935543 0.353212 0
    outer loop
      vertex 21.1069 1.27011 2
      vertex 21.264 0.854004 2.9999
      vertex 21.264 0.854004 2
    endloop
  endfacet
  facet normal 0.844994 0.534776 0
    outer loop
      vertex 21.1069 1.27011 2.9999
      vertex 20.8859 1.61931 2
      vertex 20.8859 1.61931 2.9999
    endloop
  endfacet
  facet normal 0.844994 0.534776 0
    outer loop
      vertex 20.8859 1.61931 2
      vertex 21.1069 1.27011 2.9999
      vertex 21.1069 1.27011 2
    endloop
  endfacet
  facet normal 0.633512 0.773733 -0
    outer loop
      vertex 20.8859 1.61931 2
      vertex 20.5924 1.85962 2.9999
      vertex 20.8859 1.61931 2.9999
    endloop
  endfacet
  facet normal 0.633512 0.773733 0
    outer loop
      vertex 20.5924 1.85962 2.9999
      vertex 20.8859 1.61931 2
      vertex 20.5924 1.85962 2
    endloop
  endfacet
  facet normal 0.232268 0.972652 -0
    outer loop
      vertex 20.5924 1.85962 2
      vertex 20.2179 1.94905 2.9999
      vertex 20.5924 1.85962 2.9999
    endloop
  endfacet
  facet normal 0.232268 0.972652 0
    outer loop
      vertex 20.2179 1.94905 2.9999
      vertex 20.5924 1.85962 2
      vertex 20.2179 1.94905 2
    endloop
  endfacet
  facet normal -0.2686 0.963252 0
    outer loop
      vertex 20.2179 1.94905 2
      vertex 19.7584 1.82092 2.9999
      vertex 20.2179 1.94905 2.9999
    endloop
  endfacet
  facet normal -0.2686 0.963252 0
    outer loop
      vertex 19.7584 1.82092 2.9999
      vertex 20.2179 1.94905 2
      vertex 19.7584 1.82092 2
    endloop
  endfacet
  facet normal -0.541408 0.84076 0
    outer loop
      vertex 19.7584 1.82092 2
      vertex 19.2212 1.47499 2.9999
      vertex 19.7584 1.82092 2.9999
    endloop
  endfacet
  facet normal -0.541408 0.84076 0
    outer loop
      vertex 19.2212 1.47499 2.9999
      vertex 19.7584 1.82092 2
      vertex 19.2212 1.47499 2
    endloop
  endfacet
  facet normal -0.65578 0.754952 0
    outer loop
      vertex 19.2212 1.47499 2
      vertex 18.6387 0.969009 2.9999
      vertex 19.2212 1.47499 2.9999
    endloop
  endfacet
  facet normal -0.65578 0.754952 0
    outer loop
      vertex 18.6387 0.969009 2.9999
      vertex 19.2212 1.47499 2
      vertex 18.6387 0.969009 2
    endloop
  endfacet
  facet normal -0.714715 0.699416 0
    outer loop
      vertex 18.0434 0.360687 2
      vertex 18.6387 0.969009 2.9999
      vertex 18.6387 0.969009 2
    endloop
  endfacet
  facet normal -0.714715 0.699416 0
    outer loop
      vertex 18.6387 0.969009 2.9999
      vertex 18.0434 0.360687 2
      vertex 18.0434 0.360687 2.9999
    endloop
  endfacet
  facet normal -0.75012 0.661302 0
    outer loop
      vertex 17.4678 -0.292221 2
      vertex 18.0434 0.360687 2.9999
      vertex 18.0434 0.360687 2
    endloop
  endfacet
  facet normal -0.75012 0.661302 0
    outer loop
      vertex 18.0434 0.360687 2.9999
      vertex 17.4678 -0.292221 2
      vertex 17.4678 -0.292221 2.9999
    endloop
  endfacet
  facet normal -0.773949 0.633248 0
    outer loop
      vertex 16.9443 -0.932037 2
      vertex 17.4678 -0.292221 2.9999
      vertex 17.4678 -0.292221 2
    endloop
  endfacet
  facet normal -0.773949 0.633248 0
    outer loop
      vertex 17.4678 -0.292221 2.9999
      vertex 16.9443 -0.932037 2
      vertex 16.9443 -0.932037 2.9999
    endloop
  endfacet
  facet normal -0.791787 0.610798 0
    outer loop
      vertex 16.5054 -1.50099 2
      vertex 16.9443 -0.932037 2.9999
      vertex 16.9443 -0.932037 2
    endloop
  endfacet
  facet normal -0.791787 0.610798 0
    outer loop
      vertex 16.9443 -0.932037 2.9999
      vertex 16.5054 -1.50099 2
      vertex 16.5054 -1.50099 2.9999
    endloop
  endfacet
  facet normal -0.824306 0.566144 0
    outer loop
      vertex 16.4904 -1.52283 2
      vertex 16.5054 -1.50099 2.9999
      vertex 16.5054 -1.50099 2
    endloop
  endfacet
  facet normal -0.824306 0.566144 0
    outer loop
      vertex 16.5054 -1.50099 2.9999
      vertex 16.4904 -1.52283 2
      vertex 16.4904 -1.52283 2.9999
    endloop
  endfacet
  facet normal -0.804043 0.594571 0
    outer loop
      vertex 16.4774 -1.54041 2
      vertex 16.4904 -1.52283 2.9999
      vertex 16.4904 -1.52283 2
    endloop
  endfacet
  facet normal -0.804043 0.594571 0
    outer loop
      vertex 16.4904 -1.52283 2.9999
      vertex 16.4774 -1.54041 2
      vertex 16.4774 -1.54041 2.9999
    endloop
  endfacet
  facet normal -0.767529 0.641014 0
    outer loop
      vertex 16.466 -1.55406 2
      vertex 16.4774 -1.54041 2.9999
      vertex 16.4774 -1.54041 2
    endloop
  endfacet
  facet normal -0.767529 0.641014 0
    outer loop
      vertex 16.4774 -1.54041 2.9999
      vertex 16.466 -1.55406 2
      vertex 16.466 -1.55406 2.9999
    endloop
  endfacet
  facet normal -0.708517 0.705694 0
    outer loop
      vertex 16.466 -1.55406 2
      vertex 16.456 -1.5641 2.9999
      vertex 16.466 -1.55406 2.9999
    endloop
  endfacet
  facet normal -0.708517 0.705694 0
    outer loop
      vertex 16.456 -1.5641 2.9999
      vertex 16.466 -1.55406 2
      vertex 16.456 -1.5641 2
    endloop
  endfacet
  facet normal -0.598025 0.801477 0
    outer loop
      vertex 16.456 -1.5641 2
      vertex 16.4469 -1.57089 2.9999
      vertex 16.456 -1.5641 2.9999
    endloop
  endfacet
  facet normal -0.598025 0.801477 0
    outer loop
      vertex 16.4469 -1.57089 2.9999
      vertex 16.456 -1.5641 2
      vertex 16.4469 -1.57089 2
    endloop
  endfacet
  facet normal -0.413966 0.910292 0
    outer loop
      vertex 16.4469 -1.57089 2
      vertex 16.4385 -1.57471 2.9999
      vertex 16.4469 -1.57089 2.9999
    endloop
  endfacet
  facet normal -0.413966 0.910292 0
    outer loop
      vertex 16.4385 -1.57471 2.9999
      vertex 16.4469 -1.57089 2
      vertex 16.4385 -1.57471 2
    endloop
  endfacet
  facet normal -0.14834 0.988936 0
    outer loop
      vertex 16.4385 -1.57471 2
      vertex 16.4305 -1.57591 2.9999
      vertex 16.4385 -1.57471 2.9999
    endloop
  endfacet
  facet normal -0.14834 0.988936 0
    outer loop
      vertex 16.4305 -1.57591 2.9999
      vertex 16.4385 -1.57471 2
      vertex 16.4305 -1.57591 2
    endloop
  endfacet
  facet normal 0 1 -0
    outer loop
      vertex 16.4305 -1.57591 2
      vertex 16.393 -1.57591 2.9999
      vertex 16.4305 -1.57591 2.9999
    endloop
  endfacet
  facet normal 0 1 0
    outer loop
      vertex 16.393 -1.57591 2.9999
      vertex 16.4305 -1.57591 2
      vertex 16.393 -1.57591 2
    endloop
  endfacet
  facet normal 0.697441 0.716643 -0
    outer loop
      vertex 16.393 -1.57591 2
      vertex 16.3721 -1.55557 2.9999
      vertex 16.393 -1.57591 2.9999
    endloop
  endfacet
  facet normal 0.697441 0.716643 0
    outer loop
      vertex 16.3721 -1.55557 2.9999
      vertex 16.393 -1.57591 2
      vertex 16.3721 -1.55557 2
    endloop
  endfacet
  facet normal 0.879598 0.475717 0
    outer loop
      vertex 16.3721 -1.55557 2.9999
      vertex 16.3572 -1.52802 2
      vertex 16.3572 -1.52802 2.9999
    endloop
  endfacet
  facet normal 0.879598 0.475717 0
    outer loop
      vertex 16.3572 -1.52802 2
      vertex 16.3721 -1.55557 2.9999
      vertex 16.3721 -1.55557 2
    endloop
  endfacet
  facet normal 0.956532 0.291626 0
    outer loop
      vertex 16.3572 -1.52802 2.9999
      vertex 16.3472 -1.49522 2
      vertex 16.3472 -1.49522 2.9999
    endloop
  endfacet
  facet normal 0.956532 0.291626 0
    outer loop
      vertex 16.3472 -1.49522 2
      vertex 16.3572 -1.52802 2.9999
      vertex 16.3572 -1.52802 2
    endloop
  endfacet
  facet normal 0.986007 0.166703 0
    outer loop
      vertex 16.3472 -1.49522 2.9999
      vertex 16.3411 -1.45914 2
      vertex 16.3411 -1.45914 2.9999
    endloop
  endfacet
  facet normal 0.986007 0.166703 0
    outer loop
      vertex 16.3411 -1.45914 2
      vertex 16.3472 -1.49522 2.9999
      vertex 16.3472 -1.49522 2
    endloop
  endfacet
  facet normal 0.996582 0.0826044 0
    outer loop
      vertex 16.3411 -1.45914 2.9999
      vertex 16.338 -1.42174 2
      vertex 16.338 -1.42174 2.9999
    endloop
  endfacet
  facet normal 0.996582 0.0826044 0
    outer loop
      vertex 16.338 -1.42174 2
      vertex 16.3411 -1.45914 2.9999
      vertex 16.3411 -1.45914 2
    endloop
  endfacet
  facet normal 0.999467 0.0326357 0
    outer loop
      vertex 16.338 -1.42174 2.9999
      vertex 16.3368 -1.38499 2
      vertex 16.3368 -1.38499 2.9999
    endloop
  endfacet
  facet normal 0.999467 0.0326357 0
    outer loop
      vertex 16.3368 -1.38499 2
      vertex 16.338 -1.42174 2.9999
      vertex 16.338 -1.42174 2
    endloop
  endfacet
  facet normal 0.999996 0.00293168 0
    outer loop
      vertex 16.3368 -1.38499 2.9999
      vertex 16.3367 -1.35088 2
      vertex 16.3367 -1.35088 2.9999
    endloop
  endfacet
  facet normal 0.999996 0.00293168 0
    outer loop
      vertex 16.3367 -1.35088 2
      vertex 16.3368 -1.38499 2.9999
      vertex 16.3368 -1.38499 2
    endloop
  endfacet
  facet normal 0.996487 -0.0837498 0
    outer loop
      vertex 16.3367 -1.35088 2.9999
      vertex 16.3614 -1.05699 2
      vertex 16.3614 -1.05699 2.9999
    endloop
  endfacet
  facet normal 0.996487 -0.0837498 0
    outer loop
      vertex 16.3614 -1.05699 2
      vertex 16.3367 -1.35088 2.9999
      vertex 16.3367 -1.35088 2
    endloop
  endfacet
  facet normal 0.975155 -0.221522 0
    outer loop
      vertex 16.3614 -1.05699 2.9999
      vertex 16.4292 -0.75853 2
      vertex 16.4292 -0.75853 2.9999
    endloop
  endfacet
  facet normal 0.975155 -0.221522 0
    outer loop
      vertex 16.4292 -0.75853 2
      vertex 16.3614 -1.05699 2.9999
      vertex 16.3614 -1.05699 2
    endloop
  endfacet
  facet normal 0.946669 -0.322207 0
    outer loop
      vertex 16.4292 -0.75853 2.9999
      vertex 16.53 -0.462372 2
      vertex 16.53 -0.462372 2.9999
    endloop
  endfacet
  facet normal 0.946669 -0.322207 0
    outer loop
      vertex 16.53 -0.462372 2
      vertex 16.4292 -0.75853 2.9999
      vertex 16.4292 -0.75853 2
    endloop
  endfacet
  facet normal 0.917736 -0.397191 0
    outer loop
      vertex 16.53 -0.462372 2.9999
      vertex 16.6542 -0.1754 2
      vertex 16.6542 -0.1754 2.9999
    endloop
  endfacet
  facet normal 0.917736 -0.397191 0
    outer loop
      vertex 16.6542 -0.1754 2
      vertex 16.53 -0.462372 2.9999
      vertex 16.53 -0.462372 2
    endloop
  endfacet
  facet normal 0.891572 -0.452879 0
    outer loop
      vertex 16.6542 -0.1754 2.9999
      vertex 16.7918 0.0954895 2
      vertex 16.7918 0.0954895 2.9999
    endloop
  endfacet
  facet normal 0.891572 -0.452879 0
    outer loop
      vertex 16.7918 0.0954895 2
      vertex 16.6542 -0.1754 2.9999
      vertex 16.6542 -0.1754 2
    endloop
  endfacet
  facet normal 0.868967 -0.494869 0
    outer loop
      vertex 16.7918 0.0954895 2.9999
      vertex 16.933 0.34343 2
      vertex 16.933 0.34343 2.9999
    endloop
  endfacet
  facet normal 0.868967 -0.494869 0
    outer loop
      vertex 16.933 0.34343 2
      vertex 16.7918 0.0954895 2.9999
      vertex 16.7918 0.0954895 2
    endloop
  endfacet
  facet normal 0.850283 -0.526327 0
    outer loop
      vertex 16.933 0.34343 2.9999
      vertex 17.068 0.561523 2
      vertex 17.068 0.561523 2.9999
    endloop
  endfacet
  facet normal 0.850283 -0.526327 0
    outer loop
      vertex 17.068 0.561523 2
      vertex 16.933 0.34343 2.9999
      vertex 16.933 0.34343 2
    endloop
  endfacet
  facet normal 0.831684 -0.55525 0
    outer loop
      vertex 17.068 0.561523 2.9999
      vertex 17.2956 0.902435 2
      vertex 17.2956 0.902435 2.9999
    endloop
  endfacet
  facet normal 0.831684 -0.55525 0
    outer loop
      vertex 17.2956 0.902435 2
      vertex 17.068 0.561523 2.9999
      vertex 17.068 0.561523 2
    endloop
  endfacet
  facet normal 0.829107 -0.55909 0
    outer loop
      vertex 17.2956 0.902435 2.9999
      vertex 17.4819 1.17871 2
      vertex 17.4819 1.17871 2.9999
    endloop
  endfacet
  facet normal 0.829107 -0.55909 0
    outer loop
      vertex 17.4819 1.17871 2
      vertex 17.2956 0.902435 2.9999
      vertex 17.2956 0.902435 2
    endloop
  endfacet
  facet normal 0.83663 -0.547769 0
    outer loop
      vertex 17.4819 1.17871 2.9999
      vertex 17.6293 1.40384 2
      vertex 17.6293 1.40384 2.9999
    endloop
  endfacet
  facet normal 0.83663 -0.547769 0
    outer loop
      vertex 17.6293 1.40384 2
      vertex 17.4819 1.17871 2.9999
      vertex 17.4819 1.17871 2
    endloop
  endfacet
  facet normal 0.861189 -0.508285 0
    outer loop
      vertex 17.6293 1.40384 2.9999
      vertex 17.7399 1.59123 2
      vertex 17.7399 1.59123 2.9999
    endloop
  endfacet
  facet normal 0.861189 -0.508285 0
    outer loop
      vertex 17.7399 1.59123 2
      vertex 17.6293 1.40384 2.9999
      vertex 17.6293 1.40384 2
    endloop
  endfacet
  facet normal 0.906231 -0.422782 0
    outer loop
      vertex 17.7399 1.59123 2.9999
      vertex 17.816 1.75435 2
      vertex 17.816 1.75435 2.9999
    endloop
  endfacet
  facet normal 0.906231 -0.422782 0
    outer loop
      vertex 17.816 1.75435 2
      vertex 17.7399 1.59123 2.9999
      vertex 17.7399 1.59123 2
    endloop
  endfacet
  facet normal 0.960701 -0.277586 0
    outer loop
      vertex 17.816 1.75435 2.9999
      vertex 17.86 1.90663 2
      vertex 17.86 1.90663 2.9999
    endloop
  endfacet
  facet normal 0.960701 -0.277586 0
    outer loop
      vertex 17.86 1.90663 2
      vertex 17.816 1.75435 2.9999
      vertex 17.816 1.75435 2
    endloop
  endfacet
  facet normal 0.995823 -0.091301 0
    outer loop
      vertex 17.86 1.90663 2.9999
      vertex 17.8742 2.06151 2
      vertex 17.8742 2.06151 2.9999
    endloop
  endfacet
  facet normal 0.995823 -0.091301 0
    outer loop
      vertex 17.8742 2.06151 2
      vertex 17.86 1.90663 2.9999
      vertex 17.86 1.90663 2
    endloop
  endfacet
  facet normal 0.999764 0.0217373 0
    outer loop
      vertex 17.8742 2.06151 2.9999
      vertex 17.8713 2.19489 2
      vertex 17.8713 2.19489 2.9999
    endloop
  endfacet
  facet normal 0.999764 0.0217373 0
    outer loop
      vertex 17.8713 2.19489 2
      vertex 17.8742 2.06151 2.9999
      vertex 17.8742 2.06151 2
    endloop
  endfacet
  facet normal 0.995446 0.095322 0
    outer loop
      vertex 17.8713 2.19489 2.9999
      vertex 17.8606 2.30663 2
      vertex 17.8606 2.30663 2.9999
    endloop
  endfacet
  facet normal 0.995446 0.095322 0
    outer loop
      vertex 17.8606 2.30663 2
      vertex 17.8713 2.19489 2.9999
      vertex 17.8713 2.19489 2
    endloop
  endfacet
  facet normal 0.972474 0.233011 0
    outer loop
      vertex 17.8606 2.30663 2.9999
      vertex 17.8387 2.39803 2
      vertex 17.8387 2.39803 2.9999
    endloop
  endfacet
  facet normal 0.972474 0.233011 0
    outer loop
      vertex 17.8387 2.39803 2
      vertex 17.8606 2.30663 2.9999
      vertex 17.8606 2.30663 2
    endloop
  endfacet
  facet normal 0.893858 0.44835 0
    outer loop
      vertex 17.8387 2.39803 2.9999
      vertex 17.8024 2.4704 2
      vertex 17.8024 2.4704 2.9999
    endloop
  endfacet
  facet normal 0.893858 0.44835 0
    outer loop
      vertex 17.8024 2.4704 2
      vertex 17.8387 2.39803 2.9999
      vertex 17.8387 2.39803 2
    endloop
  endfacet
  facet normal 0.711453 0.702734 0
    outer loop
      vertex 17.8024 2.4704 2.9999
      vertex 17.7484 2.52507 2
      vertex 17.7484 2.52507 2.9999
    endloop
  endfacet
  facet normal 0.711453 0.702734 0
    outer loop
      vertex 17.7484 2.52507 2
      vertex 17.8024 2.4704 2.9999
      vertex 17.8024 2.4704 2
    endloop
  endfacet
  facet normal 0.454996 0.890494 -0
    outer loop
      vertex 17.7484 2.52507 2
      vertex 17.6735 2.56334 2.9999
      vertex 17.7484 2.52507 2.9999
    endloop
  endfacet
  facet normal 0.454996 0.890494 0
    outer loop
      vertex 17.6735 2.56334 2.9999
      vertex 17.7484 2.52507 2
      vertex 17.6735 2.56334 2
    endloop
  endfacet
  facet normal 0.227323 0.97382 -0
    outer loop
      vertex 17.6735 2.56334 2
      vertex 17.5742 2.58652 2.9999
      vertex 17.6735 2.56334 2.9999
    endloop
  endfacet
  facet normal 0.227323 0.97382 0
    outer loop
      vertex 17.5742 2.58652 2.9999
      vertex 17.6735 2.56334 2
      vertex 17.5742 2.58652 2
    endloop
  endfacet
  facet normal -0.516078 0.856542 0
    outer loop
      vertex 17.5742 2.58652 2
      vertex 17.3315 2.44029 2.9999
      vertex 17.5742 2.58652 2.9999
    endloop
  endfacet
  facet normal -0.516078 0.856542 0
    outer loop
      vertex 17.3315 2.44029 2.9999
      vertex 17.5742 2.58652 2
      vertex 17.3315 2.44029 2
    endloop
  endfacet
  facet normal -0.715388 0.698728 0
    outer loop
      vertex 16.9641 2.06413 2
      vertex 17.3315 2.44029 2.9999
      vertex 17.3315 2.44029 2
    endloop
  endfacet
  facet normal -0.715388 0.698728 0
    outer loop
      vertex 17.3315 2.44029 2.9999
      vertex 16.9641 2.06413 2
      vertex 16.9641 2.06413 2.9999
    endloop
  endfacet
  facet normal -0.791415 0.611279 0
    outer loop
      vertex 16.5312 1.50366 2
      vertex 16.9641 2.06413 2.9999
      vertex 16.9641 2.06413 2
    endloop
  endfacet
  facet normal -0.791415 0.611279 0
    outer loop
      vertex 16.9641 2.06413 2.9999
      vertex 16.5312 1.50366 2
      vertex 16.5312 1.50366 2.9999
    endloop
  endfacet
  facet normal -0.846635 0.532173 0
    outer loop
      vertex 16.0917 0.804459 2
      vertex 16.5312 1.50366 2.9999
      vertex 16.5312 1.50366 2
    endloop
  endfacet
  facet normal -0.846635 0.532173 0
    outer loop
      vertex 16.5312 1.50366 2.9999
      vertex 16.0917 0.804459 2
      vertex 16.0917 0.804459 2.9999
    endloop
  endfacet
  facet normal -0.898511 0.438951 0
    outer loop
      vertex 15.7046 0.012085 2
      vertex 16.0917 0.804459 2.9999
      vertex 16.0917 0.804459 2
    endloop
  endfacet
  facet normal -0.898511 0.438951 0
    outer loop
      vertex 16.0917 0.804459 2.9999
      vertex 15.7046 0.012085 2
      vertex 15.7046 0.012085 2.9999
    endloop
  endfacet
  facet normal -0.950191 0.31167 0
    outer loop
      vertex 15.4291 -0.827835 2
      vertex 15.7046 0.012085 2.9999
      vertex 15.7046 0.012085 2
    endloop
  endfacet
  facet normal -0.950191 0.31167 0
    outer loop
      vertex 15.7046 0.012085 2.9999
      vertex 15.4291 -0.827835 2
      vertex 15.4291 -0.827835 2.9999
    endloop
  endfacet
  facet normal -0.992327 0.123642 0
    outer loop
      vertex 15.3242 -1.66974 2
      vertex 15.4291 -0.827835 2.9999
      vertex 15.4291 -0.827835 2
    endloop
  endfacet
  facet normal -0.992327 0.123642 0
    outer loop
      vertex 15.4291 -0.827835 2.9999
      vertex 15.3242 -1.66974 2
      vertex 15.3242 -1.66974 2.9999
    endloop
  endfacet
  facet normal -0.999192 -0.0401986 0
    outer loop
      vertex 15.332 -1.86362 2
      vertex 15.3242 -1.66974 2.9999
      vertex 15.3242 -1.66974 2
    endloop
  endfacet
  facet normal -0.999192 -0.0401986 0
    outer loop
      vertex 15.3242 -1.66974 2.9999
      vertex 15.332 -1.86362 2
      vertex 15.332 -1.86362 2.9999
    endloop
  endfacet
  facet normal -0.993152 -0.116829 0
    outer loop
      vertex 15.355 -2.05914 2
      vertex 15.332 -1.86362 2.9999
      vertex 15.332 -1.86362 2
    endloop
  endfacet
  facet normal -0.993152 -0.116829 0
    outer loop
      vertex 15.332 -1.86362 2.9999
      vertex 15.355 -2.05914 2
      vertex 15.355 -2.05914 2.9999
    endloop
  endfacet
  facet normal -0.982732 -0.185034 0
    outer loop
      vertex 15.392 -2.25565 2
      vertex 15.355 -2.05914 2.9999
      vertex 15.355 -2.05914 2
    endloop
  endfacet
  facet normal -0.982732 -0.185034 0
    outer loop
      vertex 15.355 -2.05914 2.9999
      vertex 15.392 -2.25565 2
      vertex 15.392 -2.25565 2.9999
    endloop
  endfacet
  facet normal -0.968979 -0.247143 0
    outer loop
      vertex 15.4422 -2.45247 2
      vertex 15.392 -2.25565 2.9999
      vertex 15.392 -2.25565 2
    endloop
  endfacet
  facet normal -0.968979 -0.247143 0
    outer loop
      vertex 15.392 -2.25565 2.9999
      vertex 15.4422 -2.45247 2
      vertex 15.4422 -2.45247 2.9999
    endloop
  endfacet
  facet normal -0.953237 -0.302222 0
    outer loop
      vertex 15.5045 -2.64897 2
      vertex 15.4422 -2.45247 2.9999
      vertex 15.4422 -2.45247 2
    endloop
  endfacet
  facet normal -0.953237 -0.302222 0
    outer loop
      vertex 15.4422 -2.45247 2.9999
      vertex 15.5045 -2.64897 2
      vertex 15.5045 -2.64897 2.9999
    endloop
  endfacet
  facet normal -0.936051 -0.351863 0
    outer loop
      vertex 15.578 -2.8445 2
      vertex 15.5045 -2.64897 2.9999
      vertex 15.5045 -2.64897 2
    endloop
  endfacet
  facet normal -0.936051 -0.351863 0
    outer loop
      vertex 15.5045 -2.64897 2.9999
      vertex 15.578 -2.8445 2
      vertex 15.578 -2.8445 2.9999
    endloop
  endfacet
  facet normal -0.918098 -0.396353 0
    outer loop
      vertex 15.6617 -3.03838 2
      vertex 15.578 -2.8445 2.9999
      vertex 15.578 -2.8445 2
    endloop
  endfacet
  facet normal -0.918098 -0.396353 0
    outer loop
      vertex 15.578 -2.8445 2.9999
      vertex 15.6617 -3.03838 2
      vertex 15.6617 -3.03838 2.9999
    endloop
  endfacet
  facet normal -0.932131 0.362123 0
    outer loop
      vertex 15.2563 -4.08191 2
      vertex 15.6617 -3.03838 2.9999
      vertex 15.6617 -3.03838 2
    endloop
  endfacet
  facet normal -0.932131 0.362123 0
    outer loop
      vertex 15.6617 -3.03838 2.9999
      vertex 15.2563 -4.08191 2
      vertex 15.2563 -4.08191 2.9999
    endloop
  endfacet
  facet normal -0.948551 0.316624 0
    outer loop
      vertex 14.9348 -5.04507 2
      vertex 15.2563 -4.08191 2.9999
      vertex 15.2563 -4.08191 2
    endloop
  endfacet
  facet normal -0.948551 0.316624 0
    outer loop
      vertex 15.2563 -4.08191 2.9999
      vertex 14.9348 -5.04507 2
      vertex 14.9348 -5.04507 2.9999
    endloop
  endfacet
  facet normal -0.961826 0.273663 0
    outer loop
      vertex 14.6895 -5.90721 2
      vertex 14.9348 -5.04507 2.9999
      vertex 14.9348 -5.04507 2
    endloop
  endfacet
  facet normal -0.961826 0.273663 0
    outer loop
      vertex 14.9348 -5.04507 2.9999
      vertex 14.6895 -5.90721 2
      vertex 14.6895 -5.90721 2.9999
    endloop
  endfacet
  facet normal -0.972567 0.232624 0
    outer loop
      vertex 14.5124 -6.64764 2
      vertex 14.6895 -5.90721 2.9999
      vertex 14.6895 -5.90721 2
    endloop
  endfacet
  facet normal -0.972567 0.232624 0
    outer loop
      vertex 14.6895 -5.90721 2.9999
      vertex 14.5124 -6.64764 2
      vertex 14.5124 -6.64764 2.9999
    endloop
  endfacet
  facet normal -0.981459 0.191674 0
    outer loop
      vertex 14.3956 -7.24571 2
      vertex 14.5124 -6.64764 2.9999
      vertex 14.5124 -6.64764 2
    endloop
  endfacet
  facet normal -0.981459 0.191674 0
    outer loop
      vertex 14.5124 -6.64764 2.9999
      vertex 14.3956 -7.24571 2
      vertex 14.3956 -7.24571 2.9999
    endloop
  endfacet
  facet normal -0.989253 0.146211 0
    outer loop
      vertex 14.3313 -7.68076 2
      vertex 14.3956 -7.24571 2.9999
      vertex 14.3956 -7.24571 2
    endloop
  endfacet
  facet normal -0.989253 0.146211 0
    outer loop
      vertex 14.3956 -7.24571 2.9999
      vertex 14.3313 -7.68076 2
      vertex 14.3313 -7.68076 2.9999
    endloop
  endfacet
  facet normal -0.996973 0.0777429 0
    outer loop
      vertex 14.3117 -7.93211 2
      vertex 14.3313 -7.68076 2.9999
      vertex 14.3313 -7.68076 2
    endloop
  endfacet
  facet normal -0.996973 0.0777429 0
    outer loop
      vertex 14.3313 -7.68076 2.9999
      vertex 14.3117 -7.93211 2
      vertex 14.3117 -7.93211 2.9999
    endloop
  endfacet
  facet normal -0.995914 -0.0903039 0
    outer loop
      vertex 14.3419 -8.26517 2
      vertex 14.3117 -7.93211 2.9999
      vertex 14.3117 -7.93211 2
    endloop
  endfacet
  facet normal -0.995914 -0.0903039 0
    outer loop
      vertex 14.3117 -7.93211 2.9999
      vertex 14.3419 -8.26517 2
      vertex 14.3419 -8.26517 2.9999
    endloop
  endfacet
  facet normal -0.960865 -0.277017 0
    outer loop
      vertex 14.4295 -8.56902 2
      vertex 14.3419 -8.26517 2.9999
      vertex 14.3419 -8.26517 2
    endloop
  endfacet
  facet normal -0.960865 -0.277017 0
    outer loop
      vertex 14.3419 -8.26517 2.9999
      vertex 14.4295 -8.56902 2
      vertex 14.4295 -8.56902 2.9999
    endloop
  endfacet
  facet normal -0.885961 -0.463759 0
    outer loop
      vertex 14.57 -8.83743 2
      vertex 14.4295 -8.56902 2.9999
      vertex 14.4295 -8.56902 2
    endloop
  endfacet
  facet normal -0.885961 -0.463759 0
    outer loop
      vertex 14.4295 -8.56902 2.9999
      vertex 14.57 -8.83743 2
      vertex 14.57 -8.83743 2.9999
    endloop
  endfacet
  facet normal -0.768832 -0.63945 0
    outer loop
      vertex 14.7586 -9.06419 2
      vertex 14.57 -8.83743 2.9999
      vertex 14.57 -8.83743 2
    endloop
  endfacet
  facet normal -0.768832 -0.63945 0
    outer loop
      vertex 14.57 -8.83743 2.9999
      vertex 14.7586 -9.06419 2
      vertex 14.7586 -9.06419 2.9999
    endloop
  endfacet
  facet normal -0.610113 -0.792315 0
    outer loop
      vertex 14.7586 -9.06419 2
      vertex 14.9909 -9.24307 2.9999
      vertex 14.7586 -9.06419 2.9999
    endloop
  endfacet
  facet normal -0.610113 -0.792315 -0
    outer loop
      vertex 14.9909 -9.24307 2.9999
      vertex 14.7586 -9.06419 2
      vertex 14.9909 -9.24307 2
    endloop
  endfacet
  facet normal -0.417801 -0.908539 0
    outer loop
      vertex 14.9909 -9.24307 2
      vertex 15.2622 -9.36783 2.9999
      vertex 14.9909 -9.24307 2.9999
    endloop
  endfacet
  facet normal -0.417801 -0.908539 -0
    outer loop
      vertex 15.2622 -9.36783 2.9999
      vertex 14.9909 -9.24307 2
      vertex 15.2622 -9.36783 2
    endloop
  endfacet
  facet normal -0.206106 -0.97853 0
    outer loop
      vertex 15.2622 -9.36783 2
      vertex 15.568 -9.43224 2.9999
      vertex 15.2622 -9.36783 2.9999
    endloop
  endfacet
  facet normal -0.206106 -0.97853 -0
    outer loop
      vertex 15.568 -9.43224 2.9999
      vertex 15.2622 -9.36783 2
      vertex 15.568 -9.43224 2
    endloop
  endfacet
  facet normal 0.936729 -0.350056 0
    outer loop
      vertex 15.568 -9.43224 2.9999
      vertex 15.6241 -9.28212 2
      vertex 15.6241 -9.28212 2.9999
    endloop
  endfacet
  facet normal 0.936729 -0.350056 0
    outer loop
      vertex 15.6241 -9.28212 2
      vertex 15.568 -9.43224 2.9999
      vertex 15.568 -9.43224 2
    endloop
  endfacet
  facet normal 0.895321 -0.445421 0
    outer loop
      vertex 18.0212 -2.35312 2.9999
      vertex 18.1674 -2.05925 2
      vertex 18.1674 -2.05925 2.9999
    endloop
  endfacet
  facet normal 0.895321 -0.445421 0
    outer loop
      vertex 18.1674 -2.05925 2
      vertex 18.0212 -2.35312 2.9999
      vertex 18.0212 -2.35312 2
    endloop
  endfacet
  facet normal 0.888367 -0.459133 0
    outer loop
      vertex 18.1674 -2.05925 2.9999
      vertex 18.3486 -1.70865 2
      vertex 18.3486 -1.70865 2.9999
    endloop
  endfacet
  facet normal 0.888367 -0.459133 0
    outer loop
      vertex 18.3486 -1.70865 2
      vertex 18.1674 -2.05925 2.9999
      vertex 18.1674 -2.05925 2
    endloop
  endfacet
  facet normal 0.882618 -0.47009 0
    outer loop
      vertex 18.3486 -1.70865 2.9999
      vertex 18.5446 -1.34065 2
      vertex 18.5446 -1.34065 2.9999
    endloop
  endfacet
  facet normal 0.882618 -0.47009 0
    outer loop
      vertex 18.5446 -1.34065 2
      vertex 18.3486 -1.70865 2.9999
      vertex 18.3486 -1.70865 2
    endloop
  endfacet
  facet normal 0.876014 -0.482285 0
    outer loop
      vertex 18.5446 -1.34065 2.9999
      vertex 18.7351 -0.994629 2
      vertex 18.7351 -0.994629 2.9999
    endloop
  endfacet
  facet normal 0.876014 -0.482285 0
    outer loop
      vertex 18.7351 -0.994629 2
      vertex 18.5446 -1.34065 2.9999
      vertex 18.5446 -1.34065 2
    endloop
  endfacet
  facet normal 0.865867 -0.500274 0
    outer loop
      vertex 18.7351 -0.994629 2.9999
      vertex 18.8996 -0.709915 2
      vertex 18.8996 -0.709915 2.9999
    endloop
  endfacet
  facet normal 0.865867 -0.500274 0
    outer loop
      vertex 18.8996 -0.709915 2
      vertex 18.7351 -0.994629 2.9999
      vertex 18.7351 -0.994629 2
    endloop
  endfacet
  facet normal 0.841197 -0.540729 0
    outer loop
      vertex 18.8996 -0.709915 2.9999
      vertex 19.0179 -0.525879 2
      vertex 19.0179 -0.525879 2.9999
    endloop
  endfacet
  facet normal 0.841197 -0.540729 0
    outer loop
      vertex 19.0179 -0.525879 2
      vertex 18.8996 -0.709915 2.9999
      vertex 18.8996 -0.709915 2
    endloop
  endfacet
  facet normal 0.77729 -0.629142 0
    outer loop
      vertex 19.0179 -0.525879 2.9999
      vertex 19.1625 -0.347229 2
      vertex 19.1625 -0.347229 2.9999
    endloop
  endfacet
  facet normal 0.77729 -0.629142 0
    outer loop
      vertex 19.1625 -0.347229 2
      vertex 19.0179 -0.525879 2.9999
      vertex 19.0179 -0.525879 2
    endloop
  endfacet
  facet normal 0.761739 -0.647883 0
    outer loop
      vertex 19.1625 -0.347229 2.9999
      vertex 19.3454 -0.132187 2
      vertex 19.3454 -0.132187 2.9999
    endloop
  endfacet
  facet normal 0.761739 -0.647883 0
    outer loop
      vertex 19.3454 -0.132187 2
      vertex 19.1625 -0.347229 2.9999
      vertex 19.1625 -0.347229 2
    endloop
  endfacet
  facet normal 0.740946 -0.671565 0
    outer loop
      vertex 19.3454 -0.132187 2.9999
      vertex 19.5522 0.0959778 2
      vertex 19.5522 0.0959778 2.9999
    endloop
  endfacet
  facet normal 0.740946 -0.671565 0
    outer loop
      vertex 19.5522 0.0959778 2
      vertex 19.3454 -0.132187 2.9999
      vertex 19.3454 -0.132187 2
    endloop
  endfacet
  facet normal 0.70971 -0.704494 0
    outer loop
      vertex 19.5522 0.0959778 2.9999
      vertex 19.7686 0.31398 2
      vertex 19.7686 0.31398 2.9999
    endloop
  endfacet
  facet normal 0.70971 -0.704494 0
    outer loop
      vertex 19.7686 0.31398 2
      vertex 19.5522 0.0959778 2.9999
      vertex 19.5522 0.0959778 2
    endloop
  endfacet
  facet normal 0.657657 -0.753318 0
    outer loop
      vertex 19.7686 0.31398 2
      vertex 19.98 0.498535 2.9999
      vertex 19.7686 0.31398 2.9999
    endloop
  endfacet
  facet normal 0.657657 -0.753318 0
    outer loop
      vertex 19.98 0.498535 2.9999
      vertex 19.7686 0.31398 2
      vertex 19.98 0.498535 2
    endloop
  endfacet
  facet normal 0.553924 -0.832567 0
    outer loop
      vertex 19.98 0.498535 2
      vertex 20.1721 0.626343 2.9999
      vertex 19.98 0.498535 2.9999
    endloop
  endfacet
  facet normal 0.553924 -0.832567 0
    outer loop
      vertex 20.1721 0.626343 2.9999
      vertex 19.98 0.498535 2
      vertex 20.1721 0.626343 2
    endloop
  endfacet
  facet normal 0.288929 -0.957351 0
    outer loop
      vertex 20.1721 0.626343 2
      vertex 20.3304 0.674118 2.9999
      vertex 20.1721 0.626343 2.9999
    endloop
  endfacet
  facet normal 0.288929 -0.957351 0
    outer loop
      vertex 20.3304 0.674118 2.9999
      vertex 20.1721 0.626343 2
      vertex 20.3304 0.674118 2
    endloop
  endfacet
  facet normal -0.198466 -0.980108 0
    outer loop
      vertex 20.3304 0.674118 2
      vertex 20.4206 0.655853 2.9999
      vertex 20.3304 0.674118 2.9999
    endloop
  endfacet
  facet normal -0.198466 -0.980108 -0
    outer loop
      vertex 20.4206 0.655853 2.9999
      vertex 20.3304 0.674118 2
      vertex 20.4206 0.655853 2
    endloop
  endfacet
  facet normal -0.609632 -0.792685 0
    outer loop
      vertex 20.4206 0.655853 2
      vertex 20.4853 0.606094 2.9999
      vertex 20.4206 0.655853 2.9999
    endloop
  endfacet
  facet normal -0.609632 -0.792685 -0
    outer loop
      vertex 20.4853 0.606094 2.9999
      vertex 20.4206 0.655853 2
      vertex 20.4853 0.606094 2
    endloop
  endfacet
  facet normal -0.861739 -0.507352 0
    outer loop
      vertex 20.5287 0.532379 2
      vertex 20.4853 0.606094 2.9999
      vertex 20.4853 0.606094 2
    endloop
  endfacet
  facet normal -0.861739 -0.507352 0
    outer loop
      vertex 20.4853 0.606094 2.9999
      vertex 20.5287 0.532379 2
      vertex 20.5287 0.532379 2.9999
    endloop
  endfacet
  facet normal -0.959943 -0.280196 0
    outer loop
      vertex 20.555 0.442276 2
      vertex 20.5287 0.532379 2.9999
      vertex 20.5287 0.532379 2
    endloop
  endfacet
  facet normal -0.959943 -0.280196 0
    outer loop
      vertex 20.5287 0.532379 2.9999
      vertex 20.555 0.442276 2
      vertex 20.555 0.442276 2.9999
    endloop
  endfacet
  facet normal -0.990819 -0.135196 0
    outer loop
      vertex 20.5685 0.343338 2
      vertex 20.555 0.442276 2.9999
      vertex 20.555 0.442276 2
    endloop
  endfacet
  facet normal -0.990819 -0.135196 0
    outer loop
      vertex 20.555 0.442276 2.9999
      vertex 20.5685 0.343338 2
      vertex 20.5685 0.343338 2.9999
    endloop
  endfacet
  facet normal -0.998759 -0.0498134 0
    outer loop
      vertex 20.5735 0.243088 2
      vertex 20.5685 0.343338 2.9999
      vertex 20.5685 0.343338 2
    endloop
  endfacet
  facet normal -0.998759 -0.0498134 0
    outer loop
      vertex 20.5685 0.343338 2.9999
      vertex 20.5735 0.243088 2
      vertex 20.5735 0.243088 2.9999
    endloop
  endfacet
  facet normal -0.999972 -0.00744708 0
    outer loop
      vertex 20.5742 0.149094 2
      vertex 20.5735 0.243088 2.9999
      vertex 20.5735 0.243088 2
    endloop
  endfacet
  facet normal -0.999972 -0.00744708 0
    outer loop
      vertex 20.5735 0.243088 2.9999
      vertex 20.5742 0.149094 2
      vertex 20.5742 0.149094 2.9999
    endloop
  endfacet
  facet normal -0.998577 0.053322 0
    outer loop
      vertex 20.5571 -0.171143 2
      vertex 20.5742 0.149094 2.9999
      vertex 20.5742 0.149094 2
    endloop
  endfacet
  facet normal -0.998577 0.053322 0
    outer loop
      vertex 20.5742 0.149094 2.9999
      vertex 20.5571 -0.171143 2
      vertex 20.5571 -0.171143 2.9999
    endloop
  endfacet
  facet normal -0.98605 0.166451 0
    outer loop
      vertex 20.5062 -0.472672 2
      vertex 20.5571 -0.171143 2.9999
      vertex 20.5571 -0.171143 2
    endloop
  endfacet
  facet normal -0.98605 0.166451 0
    outer loop
      vertex 20.5571 -0.171143 2.9999
      vertex 20.5062 -0.472672 2
      vertex 20.5062 -0.472672 2.9999
    endloop
  endfacet
  facet normal -0.958528 0.284998 0
    outer loop
      vertex 20.4222 -0.755188 2
      vertex 20.5062 -0.472672 2.9999
      vertex 20.5062 -0.472672 2
    endloop
  endfacet
  facet normal -0.958528 0.284998 0
    outer loop
      vertex 20.5062 -0.472672 2.9999
      vertex 20.4222 -0.755188 2
      vertex 20.4222 -0.755188 2.9999
    endloop
  endfacet
  facet normal -0.914399 0.404814 0
    outer loop
      vertex 20.3057 -1.01834 2
      vertex 20.4222 -0.755188 2.9999
      vertex 20.4222 -0.755188 2
    endloop
  endfacet
  facet normal -0.914399 0.404814 0
    outer loop
      vertex 20.4222 -0.755188 2.9999
      vertex 20.3057 -1.01834 2
      vertex 20.3057 -1.01834 2.9999
    endloop
  endfacet
  facet normal -0.854032 0.520221 0
    outer loop
      vertex 20.1574 -1.2618 2
      vertex 20.3057 -1.01834 2.9999
      vertex 20.3057 -1.01834 2
    endloop
  endfacet
  facet normal -0.854032 0.520221 0
    outer loop
      vertex 20.3057 -1.01834 2.9999
      vertex 20.1574 -1.2618 2
      vertex 20.1574 -1.2618 2.9999
    endloop
  endfacet
  facet normal -0.779621 0.626251 0
    outer loop
      vertex 19.9779 -1.48526 2
      vertex 20.1574 -1.2618 2.9999
      vertex 20.1574 -1.2618 2
    endloop
  endfacet
  facet normal -0.779621 0.626251 0
    outer loop
      vertex 20.1574 -1.2618 2.9999
      vertex 19.9779 -1.48526 2
      vertex 19.9779 -1.48526 2.9999
    endloop
  endfacet
  facet normal -0.695388 0.718635 0
    outer loop
      vertex 19.9779 -1.48526 2
      vertex 19.768 -1.68837 2.9999
      vertex 19.9779 -1.48526 2.9999
    endloop
  endfacet
  facet normal -0.695388 0.718635 0
    outer loop
      vertex 19.768 -1.68837 2.9999
      vertex 19.9779 -1.48526 2
      vertex 19.768 -1.68837 2
    endloop
  endfacet
  facet normal -0.628704 0.777645 0
    outer loop
      vertex 19.768 -1.68837 2
      vertex 19.5166 -1.89162 2.9999
      vertex 19.768 -1.68837 2.9999
    endloop
  endfacet
  facet normal -0.628704 0.777645 0
    outer loop
      vertex 19.5166 -1.89162 2.9999
      vertex 19.768 -1.68837 2
      vertex 19.5166 -1.89162 2
    endloop
  endfacet
  facet normal -0.567174 0.823598 0
    outer loop
      vertex 19.5166 -1.89162 2
      vertex 19.261 -2.06764 2.9999
      vertex 19.5166 -1.89162 2.9999
    endloop
  endfacet
  facet normal -0.567174 0.823598 0
    outer loop
      vertex 19.261 -2.06764 2.9999
      vertex 19.5166 -1.89162 2
      vertex 19.261 -2.06764 2
    endloop
  endfacet
  facet normal -0.498145 0.867094 0
    outer loop
      vertex 19.261 -2.06764 2
      vertex 19.0014 -2.21678 2.9999
      vertex 19.261 -2.06764 2.9999
    endloop
  endfacet
  facet normal -0.498145 0.867094 0
    outer loop
      vertex 19.0014 -2.21678 2.9999
      vertex 19.261 -2.06764 2
      vertex 19.0014 -2.21678 2
    endloop
  endfacet
  facet normal -0.42232 0.906447 0
    outer loop
      vertex 19.0014 -2.21678 2
      vertex 18.7383 -2.33936 2.9999
      vertex 19.0014 -2.21678 2.9999
    endloop
  endfacet
  facet normal -0.42232 0.906447 0
    outer loop
      vertex 18.7383 -2.33936 2.9999
      vertex 19.0014 -2.21678 2
      vertex 18.7383 -2.33936 2
    endloop
  endfacet
  facet normal -0.339906 0.940459 0
    outer loop
      vertex 18.7383 -2.33936 2
      vertex 18.4718 -2.43568 2.9999
      vertex 18.7383 -2.33936 2.9999
    endloop
  endfacet
  facet normal -0.339906 0.940459 0
    outer loop
      vertex 18.4718 -2.43568 2.9999
      vertex 18.7383 -2.33936 2
      vertex 18.4718 -2.43568 2
    endloop
  endfacet
  facet normal -0.252953 0.967479 0
    outer loop
      vertex 18.4718 -2.43568 2
      vertex 18.2025 -2.50609 2.9999
      vertex 18.4718 -2.43568 2.9999
    endloop
  endfacet
  facet normal -0.252953 0.967479 0
    outer loop
      vertex 18.2025 -2.50609 2.9999
      vertex 18.4718 -2.43568 2
      vertex 18.2025 -2.50609 2
    endloop
  endfacet
  facet normal -0.162516 0.986706 0
    outer loop
      vertex 18.2025 -2.50609 2
      vertex 17.9305 -2.55089 2.9999
      vertex 18.2025 -2.50609 2.9999
    endloop
  endfacet
  facet normal -0.162516 0.986706 0
    outer loop
      vertex 17.9305 -2.55089 2.9999
      vertex 18.2025 -2.50609 2
      vertex 17.9305 -2.55089 2
    endloop
  endfacet
  facet normal 0.908968 -0.416865 0
    outer loop
      vertex 17.9305 -2.55089 2.9999
      vertex 18.0212 -2.35312 2
      vertex 18.0212 -2.35312 2.9999
    endloop
  endfacet
  facet normal 0.908968 -0.416865 0
    outer loop
      vertex 18.0212 -2.35312 2
      vertex 17.9305 -2.55089 2.9999
      vertex 17.9305 -2.55089 2
    endloop
  endfacet
  facet normal 0.118566 -0.992946 0
    outer loop
      vertex 1.22554 -3.73877 2
      vertex 1.70616 -3.68138 2.9999
      vertex 1.22554 -3.73877 2.9999
    endloop
  endfacet
  facet normal 0.118566 -0.992946 0
    outer loop
      vertex 1.70616 -3.68138 2.9999
      vertex 1.22554 -3.73877 2
      vertex 1.70616 -3.68138 2
    endloop
  endfacet
  facet normal 0.238496 -0.971143 0
    outer loop
      vertex 1.70616 -3.68138 2
      vertex 2.25237 -3.54724 2.9999
      vertex 1.70616 -3.68138 2.9999
    endloop
  endfacet
  facet normal 0.238496 -0.971143 0
    outer loop
      vertex 2.25237 -3.54724 2.9999
      vertex 1.70616 -3.68138 2
      vertex 2.25237 -3.54724 2
    endloop
  endfacet
  facet normal 0.407237 -0.913322 0
    outer loop
      vertex 2.25237 -3.54724 2
      vertex 2.79594 -3.30487 2.9999
      vertex 2.25237 -3.54724 2.9999
    endloop
  endfacet
  facet normal 0.407237 -0.913322 0
    outer loop
      vertex 2.79594 -3.30487 2.9999
      vertex 2.25237 -3.54724 2
      vertex 2.79594 -3.30487 2
    endloop
  endfacet
  facet normal 0.628633 -0.777702 0
    outer loop
      vertex 2.79594 -3.30487 2
      vertex 3.26866 -2.92276 2.9999
      vertex 2.79594 -3.30487 2.9999
    endloop
  endfacet
  facet normal 0.628633 -0.777702 0
    outer loop
      vertex 3.26866 -2.92276 2.9999
      vertex 2.79594 -3.30487 2
      vertex 3.26866 -2.92276 2
    endloop
  endfacet
  facet normal 0.856337 -0.516418 0
    outer loop
      vertex 3.26866 -2.92276 2.9999
      vertex 3.60233 -2.36946 2
      vertex 3.60233 -2.36946 2.9999
    endloop
  endfacet
  facet normal 0.856337 -0.516418 0
    outer loop
      vertex 3.60233 -2.36946 2
      vertex 3.26866 -2.92276 2.9999
      vertex 3.26866 -2.92276 2
    endloop
  endfacet
  facet normal 0.986314 -0.164879 0
    outer loop
      vertex 3.60233 -2.36946 2.9999
      vertex 3.72871 -1.61345 2
      vertex 3.72871 -1.61345 2.9999
    endloop
  endfacet
  facet normal 0.986314 -0.164879 0
    outer loop
      vertex 3.72871 -1.61345 2
      vertex 3.60233 -2.36946 2.9999
      vertex 3.60233 -2.36946 2
    endloop
  endfacet
  facet normal 0.986484 0.163858 0
    outer loop
      vertex 3.72871 -1.61345 2.9999
      vertex 3.62009 -0.959518 2
      vertex 3.62009 -0.959518 2.9999
    endloop
  endfacet
  facet normal 0.986484 0.163858 0
    outer loop
      vertex 3.62009 -0.959518 2
      vertex 3.72871 -1.61345 2.9999
      vertex 3.72871 -1.61345 2
    endloop
  endfacet
  facet normal 0.846862 0.531812 0
    outer loop
      vertex 3.62009 -0.959518 2.9999
      vertex 3.32355 -0.487305 2
      vertex 3.32355 -0.487305 2.9999
    endloop
  endfacet
  facet normal 0.846862 0.531812 0
    outer loop
      vertex 3.32355 -0.487305 2
      vertex 3.62009 -0.959518 2.9999
      vertex 3.62009 -0.959518 2
    endloop
  endfacet
  facet normal 0.590486 0.807048 -0
    outer loop
      vertex 3.32355 -0.487305 2
      vertex 2.88303 -0.164993 2.9999
      vertex 3.32355 -0.487305 2.9999
    endloop
  endfacet
  facet normal 0.590486 0.807048 0
    outer loop
      vertex 2.88303 -0.164993 2.9999
      vertex 3.32355 -0.487305 2
      vertex 2.88303 -0.164993 2
    endloop
  endfacet
  facet normal 0.353384 0.935478 -0
    outer loop
      vertex 2.88303 -0.164993 2
      vertex 2.34245 0.0392151 2.9999
      vertex 2.88303 -0.164993 2.9999
    endloop
  endfacet
  facet normal 0.353384 0.935478 0
    outer loop
      vertex 2.34245 0.0392151 2.9999
      vertex 2.88303 -0.164993 2
      vertex 2.34245 0.0392151 2
    endloop
  endfacet
  facet normal 0.193959 0.98101 -0
    outer loop
      vertex 2.34245 0.0392151 2
      vertex 1.7458 0.157181 2.9999
      vertex 2.34245 0.0392151 2.9999
    endloop
  endfacet
  facet normal 0.193959 0.98101 0
    outer loop
      vertex 1.7458 0.157181 2.9999
      vertex 2.34245 0.0392151 2
      vertex 1.7458 0.157181 2
    endloop
  endfacet
  facet normal 0.10375 0.994603 -0
    outer loop
      vertex 1.7458 0.157181 2
      vertex 1.13699 0.220688 2.9999
      vertex 1.7458 0.157181 2.9999
    endloop
  endfacet
  facet normal 0.10375 0.994603 0
    outer loop
      vertex 1.13699 0.220688 2.9999
      vertex 1.7458 0.157181 2
      vertex 1.13699 0.220688 2
    endloop
  endfacet
  facet normal 0.0706419 0.997502 -0
    outer loop
      vertex 1.13699 0.220688 2
      vertex 0.559982 0.261551 2.9999
      vertex 1.13699 0.220688 2.9999
    endloop
  endfacet
  facet normal 0.0706419 0.997502 0
    outer loop
      vertex 0.559982 0.261551 2.9999
      vertex 1.13699 0.220688 2
      vertex 0.559982 0.261551 2
    endloop
  endfacet
  facet normal 0.0648009 0.997898 -0
    outer loop
      vertex 0.559982 0.261551 2
      vertex 0.254272 0.281403 2.9999
      vertex 0.559982 0.261551 2.9999
    endloop
  endfacet
  facet normal 0.0648009 0.997898 0
    outer loop
      vertex 0.254272 0.281403 2.9999
      vertex 0.559982 0.261551 2
      vertex 0.254272 0.281403 2
    endloop
  endfacet
  facet normal 0.1018 0.994805 -0
    outer loop
      vertex 0.254272 0.281403 2
      vertex -0.0261993 0.310104 2.9999
      vertex 0.254272 0.281403 2.9999
    endloop
  endfacet
  facet normal 0.1018 0.994805 0
    outer loop
      vertex -0.0261993 0.310104 2.9999
      vertex 0.254272 0.281403 2
      vertex -0.0261993 0.310104 2
    endloop
  endfacet
  facet normal 0.147829 0.989013 -0
    outer loop
      vertex -0.0261993 0.310104 2
      vertex -0.290604 0.349625 2.9999
      vertex -0.0261993 0.310104 2.9999
    endloop
  endfacet
  facet normal 0.147829 0.989013 0
    outer loop
      vertex -0.290604 0.349625 2.9999
      vertex -0.0261993 0.310104 2
      vertex -0.290604 0.349625 2
    endloop
  endfacet
  facet normal 0.199041 0.979991 -0
    outer loop
      vertex -0.290604 0.349625 2
      vertex -0.548141 0.401932 2.9999
      vertex -0.290604 0.349625 2.9999
    endloop
  endfacet
  facet normal 0.199041 0.979991 0
    outer loop
      vertex -0.548141 0.401932 2.9999
      vertex -0.290604 0.349625 2
      vertex -0.548141 0.401932 2
    endloop
  endfacet
  facet normal 0.249978 0.968251 -0
    outer loop
      vertex -0.548141 0.401932 2
      vertex -0.807953 0.469009 2.9999
      vertex -0.548141 0.401932 2.9999
    endloop
  endfacet
  facet normal 0.249978 0.968251 0
    outer loop
      vertex -0.807953 0.469009 2.9999
      vertex -0.548141 0.401932 2
      vertex -0.807953 0.469009 2
    endloop
  endfacet
  facet normal 0.295193 0.955438 -0
    outer loop
      vertex -0.807953 0.469009 2
      vertex -1.07924 0.552826 2.9999
      vertex -0.807953 0.469009 2.9999
    endloop
  endfacet
  facet normal 0.295193 0.955438 0
    outer loop
      vertex -1.07924 0.552826 2.9999
      vertex -0.807953 0.469009 2
      vertex -1.07924 0.552826 2
    endloop
  endfacet
  facet normal 0.331354 0.943507 -0
    outer loop
      vertex -1.07924 0.552826 2
      vertex -1.37117 0.65535 2.9999
      vertex -1.07924 0.552826 2.9999
    endloop
  endfacet
  facet normal 0.331354 0.943507 0
    outer loop
      vertex -1.37117 0.65535 2.9999
      vertex -1.07924 0.552826 2
      vertex -1.37117 0.65535 2
    endloop
  endfacet
  facet normal 0.135975 0.990712 -0
    outer loop
      vertex -1.37117 0.65535 2
      vertex -1.37917 0.656448 2.9999
      vertex -1.37117 0.65535 2.9999
    endloop
  endfacet
  facet normal 0.135975 0.990712 0
    outer loop
      vertex -1.37917 0.656448 2.9999
      vertex -1.37117 0.65535 2
      vertex -1.37917 0.656448 2
    endloop
  endfacet
  facet normal 0.370136 0.928978 -0
    outer loop
      vertex -1.37917 0.656448 2
      vertex -1.38683 0.6595 2.9999
      vertex -1.37917 0.656448 2.9999
    endloop
  endfacet
  facet normal 0.370136 0.928978 0
    outer loop
      vertex -1.38683 0.6595 2.9999
      vertex -1.37917 0.656448 2
      vertex -1.38683 0.6595 2
    endloop
  endfacet
  facet normal 0.557434 0.830221 -0
    outer loop
      vertex -1.38683 0.6595 2
      vertex -1.39383 0.6642 2.9999
      vertex -1.38683 0.6595 2.9999
    endloop
  endfacet
  facet normal 0.557434 0.830221 0
    outer loop
      vertex -1.39383 0.6642 2.9999
      vertex -1.38683 0.6595 2
      vertex -1.39383 0.6642 2
    endloop
  endfacet
  facet normal 0.707224 0.706989 0
    outer loop
      vertex -1.39383 0.6642 2.9999
      vertex -1.39984 0.670212 2
      vertex -1.39984 0.670212 2.9999
    endloop
  endfacet
  facet normal 0.707224 0.706989 0
    outer loop
      vertex -1.39984 0.670212 2
      vertex -1.39383 0.6642 2.9999
      vertex -1.39383 0.6642 2
    endloop
  endfacet
  facet normal 0.829222 0.558919 0
    outer loop
      vertex -1.39984 0.670212 2.9999
      vertex -1.40454 0.677185 2
      vertex -1.40454 0.677185 2.9999
    endloop
  endfacet
  facet normal 0.829222 0.558919 0
    outer loop
      vertex -1.40454 0.677185 2
      vertex -1.39984 0.670212 2.9999
      vertex -1.39984 0.670212 2
    endloop
  endfacet
  facet normal 0.927703 0.373319 0
    outer loop
      vertex -1.40454 0.677185 2.9999
      vertex -1.40761 0.684814 2
      vertex -1.40761 0.684814 2.9999
    endloop
  endfacet
  facet normal 0.927703 0.373319 0
    outer loop
      vertex -1.40761 0.684814 2
      vertex -1.40454 0.677185 2.9999
      vertex -1.40454 0.677185 2
    endloop
  endfacet
  facet normal 0.990528 0.137313 0
    outer loop
      vertex -1.40761 0.684814 2.9999
      vertex -1.40871 0.692749 2
      vertex -1.40871 0.692749 2.9999
    endloop
  endfacet
  facet normal 0.990528 0.137313 0
    outer loop
      vertex -1.40871 0.692749 2
      vertex -1.40761 0.684814 2.9999
      vertex -1.40761 0.684814 2
    endloop
  endfacet
  facet normal 0.99274 -0.120279 0
    outer loop
      vertex -1.40871 0.692749 2.9999
      vertex -1.40761 0.701828 2
      vertex -1.40761 0.701828 2.9999
    endloop
  endfacet
  facet normal 0.99274 -0.120279 0
    outer loop
      vertex -1.40761 0.701828 2
      vertex -1.40871 0.692749 2.9999
      vertex -1.40871 0.692749 2
    endloop
  endfacet
  facet normal 0.961402 -0.275147 0
    outer loop
      vertex -1.40761 0.701828 2.9999
      vertex -1.40454 0.712555 2
      vertex -1.40454 0.712555 2.9999
    endloop
  endfacet
  facet normal 0.961402 -0.275147 0
    outer loop
      vertex -1.40454 0.712555 2
      vertex -1.40761 0.701828 2.9999
      vertex -1.40761 0.701828 2
    endloop
  endfacet
  facet normal 0.927962 -0.372675 0
    outer loop
      vertex -1.40454 0.712555 2.9999
      vertex -1.39984 0.724258 2
      vertex -1.39984 0.724258 2.9999
    endloop
  endfacet
  facet normal 0.927962 -0.372675 0
    outer loop
      vertex -1.39984 0.724258 2
      vertex -1.40454 0.712555 2.9999
      vertex -1.40454 0.712555 2
    endloop
  endfacet
  facet normal 0.894724 -0.446619 0
    outer loop
      vertex -1.39984 0.724258 2.9999
      vertex -1.39383 0.736298 2
      vertex -1.39383 0.736298 2.9999
    endloop
  endfacet
  facet normal 0.894724 -0.446619 0
    outer loop
      vertex -1.39383 0.736298 2
      vertex -1.39984 0.724258 2.9999
      vertex -1.39984 0.724258 2
    endloop
  endfacet
  facet normal 0.858197 -0.51332 0
    outer loop
      vertex -1.39383 0.736298 2.9999
      vertex -1.38683 0.748001 2
      vertex -1.38683 0.748001 2.9999
    endloop
  endfacet
  facet normal 0.858197 -0.51332 0
    outer loop
      vertex -1.38683 0.748001 2
      vertex -1.39383 0.736298 2.9999
      vertex -1.39383 0.736298 2
    endloop
  endfacet
  facet normal 0.81381 -0.581131 0
    outer loop
      vertex -1.38683 0.748001 2.9999
      vertex -1.37917 0.758728 2
      vertex -1.37917 0.758728 2.9999
    endloop
  endfacet
  facet normal 0.81381 -0.581131 0
    outer loop
      vertex -1.37917 0.758728 2
      vertex -1.38683 0.748001 2.9999
      vertex -1.38683 0.748001 2
    endloop
  endfacet
  facet normal 0.750284 -0.661116 0
    outer loop
      vertex -1.37917 0.758728 2.9999
      vertex -1.37117 0.767807 2
      vertex -1.37117 0.767807 2.9999
    endloop
  endfacet
  facet normal 0.750284 -0.661116 0
    outer loop
      vertex -1.37117 0.767807 2
      vertex -1.37917 0.758728 2.9999
      vertex -1.37917 0.758728 2
    endloop
  endfacet
  facet normal 0.473375 -0.880861 0
    outer loop
      vertex -1.37117 0.767807 2
      vertex -1.28545 0.813873 2.9999
      vertex -1.37117 0.767807 2.9999
    endloop
  endfacet
  facet normal 0.473375 -0.880861 0
    outer loop
      vertex -1.28545 0.813873 2.9999
      vertex -1.37117 0.767807 2
      vertex -1.28545 0.813873 2
    endloop
  endfacet
  facet normal 0.39134 -0.920246 0
    outer loop
      vertex -1.28545 0.813873 2
      vertex -1.18559 0.856339 2.9999
      vertex -1.28545 0.813873 2.9999
    endloop
  endfacet
  facet normal 0.39134 -0.920246 0
    outer loop
      vertex -1.18559 0.856339 2.9999
      vertex -1.28545 0.813873 2
      vertex -1.18559 0.856339 2
    endloop
  endfacet
  facet normal 0.317866 -0.948136 0
    outer loop
      vertex -1.18559 0.856339 2
      vertex -1.06671 0.896194 2.9999
      vertex -1.18559 0.856339 2.9999
    endloop
  endfacet
  facet normal 0.317866 -0.948136 0
    outer loop
      vertex -1.06671 0.896194 2.9999
      vertex -1.18559 0.856339 2
      vertex -1.06671 0.896194 2
    endloop
  endfacet
  facet normal 0.25841 -0.966035 0
    outer loop
      vertex -1.06671 0.896194 2
      vertex -0.923874 0.934402 2.9999
      vertex -1.06671 0.896194 2.9999
    endloop
  endfacet
  facet normal 0.25841 -0.966035 0
    outer loop
      vertex -0.923874 0.934402 2.9999
      vertex -1.06671 0.896194 2
      vertex -0.923874 0.934402 2
    endloop
  endfacet
  facet normal 0.213649 -0.976911 0
    outer loop
      vertex -0.923874 0.934402 2
      vertex -0.752167 0.971954 2.9999
      vertex -0.923874 0.934402 2.9999
    endloop
  endfacet
  facet normal 0.213649 -0.976911 0
    outer loop
      vertex -0.752167 0.971954 2.9999
      vertex -0.923874 0.934402 2
      vertex -0.752167 0.971954 2
    endloop
  endfacet
  facet normal 0.18128 -0.983432 0
    outer loop
      vertex -0.752167 0.971954 2
      vertex -0.546692 1.00983 2.9999
      vertex -0.752167 0.971954 2.9999
    endloop
  endfacet
  facet normal 0.18128 -0.983432 0
    outer loop
      vertex -0.546692 1.00983 2.9999
      vertex -0.752167 0.971954 2
      vertex -0.546692 1.00983 2
    endloop
  endfacet
  facet normal 0.158424 -0.987371 0
    outer loop
      vertex -0.546692 1.00983 2
      vertex -0.302505 1.04901 2.9999
      vertex -0.546692 1.00983 2.9999
    endloop
  endfacet
  facet normal 0.158424 -0.987371 0
    outer loop
      vertex -0.302505 1.04901 2.9999
      vertex -0.546692 1.00983 2
      vertex -0.302505 1.04901 2
    endloop
  endfacet
  facet normal 0.137951 -0.990439 0
    outer loop
      vertex -0.302505 1.04901 2
      vertex 0.0285492 1.09512 2.9999
      vertex -0.302505 1.04901 2.9999
    endloop
  endfacet
  facet normal 0.137951 -0.990439 0
    outer loop
      vertex 0.0285492 1.09512 2.9999
      vertex -0.302505 1.04901 2
      vertex 0.0285492 1.09512 2
    endloop
  endfacet
  facet normal 0.0942998 -0.995544 0
    outer loop
      vertex 0.0285492 1.09512 2
      vertex 0.47702 1.1376 2.9999
      vertex 0.0285492 1.09512 2.9999
    endloop
  endfacet
  facet normal 0.0942998 -0.995544 0
    outer loop
      vertex 0.47702 1.1376 2.9999
      vertex 0.0285492 1.09512 2
      vertex 0.47702 1.1376 2
    endloop
  endfacet
  facet normal 0.0763867 -0.997078 0
    outer loop
      vertex 0.47702 1.1376 2
      vertex 0.997314 1.17746 2.9999
      vertex 0.47702 1.1376 2.9999
    endloop
  endfacet
  facet normal 0.0763867 -0.997078 0
    outer loop
      vertex 0.997314 1.17746 2.9999
      vertex 0.47702 1.1376 2
      vertex 0.997314 1.17746 2
    endloop
  endfacet
  facet normal 0.069761 -0.997564 0
    outer loop
      vertex 0.997314 1.17746 2
      vertex 1.54385 1.21568 2.9999
      vertex 0.997314 1.17746 2.9999
    endloop
  endfacet
  facet normal 0.069761 -0.997564 0
    outer loop
      vertex 1.54385 1.21568 2.9999
      vertex 0.997314 1.17746 2
      vertex 1.54385 1.21568 2
    endloop
  endfacet
  facet normal 0.071048 -0.997473 0
    outer loop
      vertex 1.54385 1.21568 2
      vertex 2.07103 1.25323 2.9999
      vertex 1.54385 1.21568 2.9999
    endloop
  endfacet
  facet normal 0.071048 -0.997473 0
    outer loop
      vertex 2.07103 1.25323 2.9999
      vertex 1.54385 1.21568 2
      vertex 2.07103 1.25323 2
    endloop
  endfacet
  facet normal 0.0817427 -0.996653 0
    outer loop
      vertex 2.07103 1.25323 2
      vertex 2.53325 1.29114 2.9999
      vertex 2.07103 1.25323 2.9999
    endloop
  endfacet
  facet normal 0.0817427 -0.996653 0
    outer loop
      vertex 2.53325 1.29114 2.9999
      vertex 2.07103 1.25323 2
      vertex 2.53325 1.29114 2
    endloop
  endfacet
  facet normal 0.110797 -0.993843 0
    outer loop
      vertex 2.53325 1.29114 2
      vertex 2.88496 1.33035 2.9999
      vertex 2.53325 1.29114 2.9999
    endloop
  endfacet
  facet normal 0.110797 -0.993843 0
    outer loop
      vertex 2.88496 1.33035 2.9999
      vertex 2.53325 1.29114 2
      vertex 2.88496 1.33035 2
    endloop
  endfacet
  facet normal 0.136824 -0.990595 0
    outer loop
      vertex 2.88496 1.33035 2
      vertex 2.95859 1.34052 2.9999
      vertex 2.88496 1.33035 2.9999
    endloop
  endfacet
  facet normal 0.136824 -0.990595 0
    outer loop
      vertex 2.95859 1.34052 2.9999
      vertex 2.88496 1.33035 2
      vertex 2.95859 1.34052 2
    endloop
  endfacet
  facet normal 0.153787 -0.988104 0
    outer loop
      vertex 2.95859 1.34052 2
      vertex 3.047 1.35428 2.9999
      vertex 2.95859 1.34052 2.9999
    endloop
  endfacet
  facet normal 0.153787 -0.988104 0
    outer loop
      vertex 3.047 1.35428 2.9999
      vertex 2.95859 1.34052 2
      vertex 3.047 1.35428 2
    endloop
  endfacet
  facet normal 0.166158 -0.986099 0
    outer loop
      vertex 3.047 1.35428 2
      vertex 3.14427 1.37067 2.9999
      vertex 3.047 1.35428 2.9999
    endloop
  endfacet
  facet normal 0.166158 -0.986099 0
    outer loop
      vertex 3.14427 1.37067 2.9999
      vertex 3.047 1.35428 2
      vertex 3.14427 1.37067 2
    endloop
  endfacet
  facet normal 0.177062 -0.9842 0
    outer loop
      vertex 3.14427 1.37067 2
      vertex 3.24449 1.3887 2.9999
      vertex 3.14427 1.37067 2.9999
    endloop
  endfacet
  facet normal 0.177062 -0.9842 0
    outer loop
      vertex 3.24449 1.3887 2.9999
      vertex 3.14427 1.37067 2
      vertex 3.24449 1.3887 2
    endloop
  endfacet
  facet normal 0.188615 -0.982051 0
    outer loop
      vertex 3.24449 1.3887 2
      vertex 3.34175 1.40738 2.9999
      vertex 3.24449 1.3887 2.9999
    endloop
  endfacet
  facet normal 0.188615 -0.982051 0
    outer loop
      vertex 3.34175 1.40738 2.9999
      vertex 3.24449 1.3887 2
      vertex 3.34175 1.40738 2
    endloop
  endfacet
  facet normal 0.203437 -0.979088 0
    outer loop
      vertex 3.34175 1.40738 2
      vertex 3.43016 1.42575 2.9999
      vertex 3.34175 1.40738 2.9999
    endloop
  endfacet
  facet normal 0.203437 -0.979088 0
    outer loop
      vertex 3.43016 1.42575 2.9999
      vertex 3.34175 1.40738 2
      vertex 3.43016 1.42575 2
    endloop
  endfacet
  facet normal 0.22569 -0.974199 0
    outer loop
      vertex 3.43016 1.42575 2
      vertex 3.5038 1.44281 2.9999
      vertex 3.43016 1.42575 2.9999
    endloop
  endfacet
  facet normal 0.22569 -0.974199 0
    outer loop
      vertex 3.5038 1.44281 2.9999
      vertex 3.43016 1.42575 2
      vertex 3.5038 1.44281 2
    endloop
  endfacet
  facet normal 0.380616 -0.924733 0
    outer loop
      vertex 3.5038 1.44281 2
      vertex 3.59056 1.47852 2.9999
      vertex 3.5038 1.44281 2.9999
    endloop
  endfacet
  facet normal 0.380616 -0.924733 0
    outer loop
      vertex 3.59056 1.47852 2.9999
      vertex 3.5038 1.44281 2
      vertex 3.59056 1.47852 2
    endloop
  endfacet
  facet normal 0.467148 -0.884179 0
    outer loop
      vertex 3.59056 1.47852 2
      vertex 3.67242 1.52177 2.9999
      vertex 3.59056 1.47852 2.9999
    endloop
  endfacet
  facet normal 0.467148 -0.884179 0
    outer loop
      vertex 3.67242 1.52177 2.9999
      vertex 3.59056 1.47852 2
      vertex 3.67242 1.52177 2
    endloop
  endfacet
  facet normal 0.568963 -0.822363 0
    outer loop
      vertex 3.67242 1.52177 2
      vertex 3.74677 1.57321 2.9999
      vertex 3.67242 1.52177 2.9999
    endloop
  endfacet
  facet normal 0.568963 -0.822363 0
    outer loop
      vertex 3.74677 1.57321 2.9999
      vertex 3.67242 1.52177 2
      vertex 3.74677 1.57321 2
    endloop
  endfacet
  facet normal 0.684787 -0.728743 0
    outer loop
      vertex 3.74677 1.57321 2
      vertex 3.81093 1.6335 2.9999
      vertex 3.74677 1.57321 2.9999
    endloop
  endfacet
  facet normal 0.684787 -0.728743 0
    outer loop
      vertex 3.81093 1.6335 2.9999
      vertex 3.74677 1.57321 2
      vertex 3.81093 1.6335 2
    endloop
  endfacet
  facet normal 0.805204 -0.592998 0
    outer loop
      vertex 3.81093 1.6335 2.9999
      vertex 3.86232 1.70328 2
      vertex 3.86232 1.70328 2.9999
    endloop
  endfacet
  facet normal 0.805204 -0.592998 0
    outer loop
      vertex 3.86232 1.70328 2
      vertex 3.81093 1.6335 2.9999
      vertex 3.81093 1.6335 2
    endloop
  endfacet
  facet normal 0.911996 -0.410199 0
    outer loop
      vertex 3.86232 1.70328 2.9999
      vertex 3.89828 1.78323 2
      vertex 3.89828 1.78323 2.9999
    endloop
  endfacet
  facet normal 0.911996 -0.410199 0
    outer loop
      vertex 3.89828 1.78323 2
      vertex 3.86232 1.70328 2.9999
      vertex 3.86232 1.70328 2
    endloop
  endfacet
  facet normal 0.980998 -0.194016 0
    outer loop
      vertex 3.89828 1.78323 2.9999
      vertex 3.91623 1.87399 2
      vertex 3.91623 1.87399 2.9999
    endloop
  endfacet
  facet normal 0.980998 -0.194016 0
    outer loop
      vertex 3.91623 1.87399 2
      vertex 3.89828 1.78323 2.9999
      vertex 3.89828 1.78323 2
    endloop
  endfacet
  facet normal 0.998369 0.0570962 0
    outer loop
      vertex 3.91623 1.87399 2.9999
      vertex 3.91168 1.95355 2
      vertex 3.91168 1.95355 2.9999
    endloop
  endfacet
  facet normal 0.998369 0.0570962 0
    outer loop
      vertex 3.91168 1.95355 2
      vertex 3.91623 1.87399 2.9999
      vertex 3.91623 1.87399 2
    endloop
  endfacet
  facet normal 0.978276 0.207307 0
    outer loop
      vertex 3.91168 1.95355 2.9999
      vertex 3.8983 2.01669 2
      vertex 3.8983 2.01669 2.9999
    endloop
  endfacet
  facet normal 0.978276 0.207307 0
    outer loop
      vertex 3.8983 2.01669 2
      vertex 3.91168 1.95355 2.9999
      vertex 3.91168 1.95355 2
    endloop
  endfacet
  facet normal 0.91202 0.410147 0
    outer loop
      vertex 3.8983 2.01669 2.9999
      vertex 3.87639 2.06541 2
      vertex 3.87639 2.06541 2.9999
    endloop
  endfacet
  facet normal 0.91202 0.410147 0
    outer loop
      vertex 3.87639 2.06541 2
      vertex 3.8983 2.01669 2.9999
      vertex 3.8983 2.01669 2
    endloop
  endfacet
  facet normal 0.769333 0.638848 0
    outer loop
      vertex 3.87639 2.06541 2.9999
      vertex 3.84628 2.10167 2
      vertex 3.84628 2.10167 2.9999
    endloop
  endfacet
  facet normal 0.769333 0.638848 0
    outer loop
      vertex 3.84628 2.10167 2
      vertex 3.87639 2.06541 2.9999
      vertex 3.87639 2.06541 2
    endloop
  endfacet
  facet normal 0.561368 0.827566 -0
    outer loop
      vertex 3.84628 2.10167 2
      vertex 3.80829 2.12744 2.9999
      vertex 3.84628 2.10167 2.9999
    endloop
  endfacet
  facet normal 0.561368 0.827566 0
    outer loop
      vertex 3.80829 2.12744 2.9999
      vertex 3.84628 2.10167 2
      vertex 3.80829 2.12744 2
    endloop
  endfacet
  facet normal 0.353732 0.935347 -0
    outer loop
      vertex 3.80829 2.12744 2
      vertex 3.76273 2.14467 2.9999
      vertex 3.80829 2.12744 2.9999
    endloop
  endfacet
  facet normal 0.353732 0.935347 0
    outer loop
      vertex 3.76273 2.14467 2.9999
      vertex 3.80829 2.12744 2
      vertex 3.76273 2.14467 2
    endloop
  endfacet
  facet normal 0.197973 0.980207 -0
    outer loop
      vertex 3.76273 2.14467 2
      vertex 3.70995 2.15533 2.9999
      vertex 3.76273 2.14467 2.9999
    endloop
  endfacet
  facet normal 0.197973 0.980207 0
    outer loop
      vertex 3.70995 2.15533 2.9999
      vertex 3.76273 2.14467 2
      vertex 3.70995 2.15533 2
    endloop
  endfacet
  facet normal 0.226833 0.973934 -0
    outer loop
      vertex 3.70995 2.15533 2
      vertex 3.43138 2.22021 2.9999
      vertex 3.70995 2.15533 2.9999
    endloop
  endfacet
  facet normal 0.226833 0.973934 0
    outer loop
      vertex 3.43138 2.22021 2.9999
      vertex 3.70995 2.15533 2
      vertex 3.43138 2.22021 2
    endloop
  endfacet
  facet normal 0.205863 0.978581 -0
    outer loop
      vertex 3.43138 2.22021 2
      vertex 3.12758 2.28412 2.9999
      vertex 3.43138 2.22021 2.9999
    endloop
  endfacet
  facet normal 0.205863 0.978581 0
    outer loop
      vertex 3.12758 2.28412 2.9999
      vertex 3.43138 2.22021 2
      vertex 3.12758 2.28412 2
    endloop
  endfacet
  facet normal 0.179513 0.983756 -0
    outer loop
      vertex 3.12758 2.28412 2
      vertex 2.8008 2.34375 2.9999
      vertex 3.12758 2.28412 2.9999
    endloop
  endfacet
  facet normal 0.179513 0.983756 0
    outer loop
      vertex 2.8008 2.34375 2.9999
      vertex 3.12758 2.28412 2
      vertex 2.8008 2.34375 2
    endloop
  endfacet
  facet normal 0.148272 0.988947 -0
    outer loop
      vertex 2.8008 2.34375 2
      vertex 2.45337 2.39584 2.9999
      vertex 2.8008 2.34375 2.9999
    endloop
  endfacet
  facet normal 0.148272 0.988947 0
    outer loop
      vertex 2.45337 2.39584 2.9999
      vertex 2.8008 2.34375 2
      vertex 2.45337 2.39584 2
    endloop
  endfacet
  facet normal 0.112131 0.993693 -0
    outer loop
      vertex 2.45337 2.39584 2
      vertex 2.08755 2.43712 2.9999
      vertex 2.45337 2.39584 2.9999
    endloop
  endfacet
  facet normal 0.112131 0.993693 0
    outer loop
      vertex 2.08755 2.43712 2.9999
      vertex 2.45337 2.39584 2
      vertex 2.08755 2.43712 2
    endloop
  endfacet
  facet normal 0.0709463 0.99748 -0
    outer loop
      vertex 2.08755 2.43712 2
      vertex 1.70569 2.46428 2.9999
      vertex 2.08755 2.43712 2.9999
    endloop
  endfacet
  facet normal 0.0709463 0.99748 0
    outer loop
      vertex 1.70569 2.46428 2.9999
      vertex 2.08755 2.43712 2
      vertex 1.70569 2.46428 2
    endloop
  endfacet
  facet normal 0.0247618 0.999693 -0
    outer loop
      vertex 1.70569 2.46428 2
      vertex 1.31004 2.47408 2.9999
      vertex 1.70569 2.46428 2.9999
    endloop
  endfacet
  facet normal 0.0247618 0.999693 0
    outer loop
      vertex 1.31004 2.47408 2.9999
      vertex 1.70569 2.46428 2
      vertex 1.31004 2.47408 2
    endloop
  endfacet
  facet normal -0.0477113 0.998861 0
    outer loop
      vertex 1.31004 2.47408 2
      vertex 1.05023 2.46167 2.9999
      vertex 1.31004 2.47408 2.9999
    endloop
  endfacet
  facet normal -0.0477113 0.998861 0
    outer loop
      vertex 1.05023 2.46167 2.9999
      vertex 1.31004 2.47408 2
      vertex 1.05023 2.46167 2
    endloop
  endfacet
  facet normal -0.0983454 0.995152 0
    outer loop
      vertex 1.05023 2.46167 2
      vertex 0.496521 2.40695 2.9999
      vertex 1.05023 2.46167 2.9999
    endloop
  endfacet
  facet normal -0.0983454 0.995152 0
    outer loop
      vertex 0.496521 2.40695 2.9999
      vertex 1.05023 2.46167 2
      vertex 0.496521 2.40695 2
    endloop
  endfacet
  facet normal -0.167425 0.985885 0
    outer loop
      vertex 0.496521 2.40695 2
      vertex -0.229355 2.28368 2.9999
      vertex 0.496521 2.40695 2.9999
    endloop
  endfacet
  facet normal -0.167425 0.985885 0
    outer loop
      vertex -0.229355 2.28368 2.9999
      vertex 0.496521 2.40695 2
      vertex -0.229355 2.28368 2
    endloop
  endfacet
  facet normal -0.270382 0.962753 0
    outer loop
      vertex -0.229355 2.28368 2
      vertex -1.00577 2.06563 2.9999
      vertex -0.229355 2.28368 2.9999
    endloop
  endfacet
  facet normal -0.270382 0.962753 0
    outer loop
      vertex -1.00577 2.06563 2.9999
      vertex -0.229355 2.28368 2
      vertex -1.00577 2.06563 2
    endloop
  endfacet
  facet normal -0.433343 0.901229 0
    outer loop
      vertex -1.00577 2.06563 2
      vertex -1.711 1.72653 2.9999
      vertex -1.00577 2.06563 2.9999
    endloop
  endfacet
  facet normal -0.433343 0.901229 0
    outer loop
      vertex -1.711 1.72653 2.9999
      vertex -1.00577 2.06563 2
      vertex -1.711 1.72653 2
    endloop
  endfacet
  facet normal -0.688458 0.725276 0
    outer loop
      vertex -1.711 1.72653 2
      vertex -2.22337 1.24017 2.9999
      vertex -1.711 1.72653 2.9999
    endloop
  endfacet
  facet normal -0.688458 0.725276 0
    outer loop
      vertex -2.22337 1.24017 2.9999
      vertex -1.711 1.72653 2
      vertex -2.22337 1.24017 2
    endloop
  endfacet
  facet normal -0.95788 0.28717 0
    outer loop
      vertex -2.4212 0.580292 2
      vertex -2.22337 1.24017 2.9999
      vertex -2.22337 1.24017 2
    endloop
  endfacet
  facet normal -0.95788 0.28717 0
    outer loop
      vertex -2.22337 1.24017 2.9999
      vertex -2.4212 0.580292 2
      vertex -2.4212 0.580292 2.9999
    endloop
  endfacet
  facet normal -0.997428 -0.071676 0
    outer loop
      vertex -2.39934 0.276093 2
      vertex -2.4212 0.580292 2.9999
      vertex -2.4212 0.580292 2
    endloop
  endfacet
  facet normal -0.997428 -0.071676 0
    outer loop
      vertex -2.4212 0.580292 2.9999
      vertex -2.39934 0.276093 2
      vertex -2.39934 0.276093 2.9999
    endloop
  endfacet
  facet normal -0.944593 -0.328243 0
    outer loop
      vertex -2.31517 0.0338745 2
      vertex -2.39934 0.276093 2.9999
      vertex -2.39934 0.276093 2
    endloop
  endfacet
  facet normal -0.944593 -0.328243 0
    outer loop
      vertex -2.39934 0.276093 2.9999
      vertex -2.31517 0.0338745 2
      vertex -2.31517 0.0338745 2.9999
    endloop
  endfacet
  facet normal -0.731543 -0.681796 0
    outer loop
      vertex -2.14079 -0.153229 2
      vertex -2.31517 0.0338745 2.9999
      vertex -2.31517 0.0338745 2
    endloop
  endfacet
  facet normal -0.731543 -0.681796 0
    outer loop
      vertex -2.31517 0.0338745 2.9999
      vertex -2.14079 -0.153229 2
      vertex -2.14079 -0.153229 2.9999
    endloop
  endfacet
  facet normal -0.429062 -0.903275 0
    outer loop
      vertex -2.14079 -0.153229 2
      vertex -1.84834 -0.292145 2.9999
      vertex -2.14079 -0.153229 2.9999
    endloop
  endfacet
  facet normal -0.429062 -0.903275 -0
    outer loop
      vertex -1.84834 -0.292145 2.9999
      vertex -2.14079 -0.153229 2
      vertex -1.84834 -0.292145 2
    endloop
  endfacet
  facet normal -0.217275 -0.976111 0
    outer loop
      vertex -1.84834 -0.292145 2
      vertex -1.40996 -0.389725 2.9999
      vertex -1.84834 -0.292145 2.9999
    endloop
  endfacet
  facet normal -0.217275 -0.976111 -0
    outer loop
      vertex -1.40996 -0.389725 2.9999
      vertex -1.84834 -0.292145 2
      vertex -1.40996 -0.389725 2
    endloop
  endfacet
  facet normal -0.10261 -0.994722 0
    outer loop
      vertex -1.40996 -0.389725 2
      vertex -0.797714 -0.452881 2.9999
      vertex -1.40996 -0.389725 2.9999
    endloop
  endfacet
  facet normal -0.10261 -0.994722 -0
    outer loop
      vertex -0.797714 -0.452881 2.9999
      vertex -1.40996 -0.389725 2
      vertex -0.797714 -0.452881 2
    endloop
  endfacet
  facet normal -0.0437144 -0.999044 0
    outer loop
      vertex -0.797714 -0.452881 2
      vertex 0.0162048 -0.488495 2.9999
      vertex -0.797714 -0.452881 2.9999
    endloop
  endfacet
  facet normal -0.0437144 -0.999044 -0
    outer loop
      vertex 0.0162048 -0.488495 2.9999
      vertex -0.797714 -0.452881 2
      vertex 0.0162048 -0.488495 2
    endloop
  endfacet
  facet normal -0.0597108 -0.998216 0
    outer loop
      vertex 0.0162048 -0.488495 2
      vertex 0.423828 -0.512878 2.9999
      vertex 0.0162048 -0.488495 2.9999
    endloop
  endfacet
  facet normal -0.0597108 -0.998216 -0
    outer loop
      vertex 0.423828 -0.512878 2.9999
      vertex 0.0162048 -0.488495 2
      vertex 0.423828 -0.512878 2
    endloop
  endfacet
  facet normal -0.117392 -0.993086 0
    outer loop
      vertex 0.423828 -0.512878 2
      vertex 0.918991 -0.571411 2.9999
      vertex 0.423828 -0.512878 2.9999
    endloop
  endfacet
  facet normal -0.117392 -0.993086 -0
    outer loop
      vertex 0.918991 -0.571411 2.9999
      vertex 0.423828 -0.512878 2
      vertex 0.918991 -0.571411 2
    endloop
  endfacet
  facet normal -0.176405 -0.984318 0
    outer loop
      vertex 0.918991 -0.571411 2
      vertex 1.44696 -0.666031 2.9999
      vertex 0.918991 -0.571411 2.9999
    endloop
  endfacet
  facet normal -0.176405 -0.984318 -0
    outer loop
      vertex 1.44696 -0.666031 2.9999
      vertex 0.918991 -0.571411 2
      vertex 1.44696 -0.666031 2
    endloop
  endfacet
  facet normal -0.253639 -0.967299 0
    outer loop
      vertex 1.44696 -0.666031 2
      vertex 1.95294 -0.798706 2.9999
      vertex 1.44696 -0.666031 2.9999
    endloop
  endfacet
  facet normal -0.253639 -0.967299 -0
    outer loop
      vertex 1.95294 -0.798706 2.9999
      vertex 1.44696 -0.666031 2
      vertex 1.95294 -0.798706 2
    endloop
  endfacet
  facet normal -0.373274 -0.927721 0
    outer loop
      vertex 1.95294 -0.798706 2
      vertex 2.38216 -0.971405 2.9999
      vertex 1.95294 -0.798706 2.9999
    endloop
  endfacet
  facet normal -0.373274 -0.927721 -0
    outer loop
      vertex 2.38216 -0.971405 2.9999
      vertex 1.95294 -0.798706 2
      vertex 2.38216 -0.971405 2
    endloop
  endfacet
  facet normal -0.584899 -0.811106 0
    outer loop
      vertex 2.38216 -0.971405 2
      vertex 2.67986 -1.18608 2.9999
      vertex 2.38216 -0.971405 2.9999
    endloop
  endfacet
  facet normal -0.584899 -0.811106 -0
    outer loop
      vertex 2.67986 -1.18608 2.9999
      vertex 2.38216 -0.971405 2
      vertex 2.67986 -1.18608 2
    endloop
  endfacet
  facet normal -0.91842 -0.395607 0
    outer loop
      vertex 2.79126 -1.4447 2
      vertex 2.67986 -1.18608 2.9999
      vertex 2.67986 -1.18608 2
    endloop
  endfacet
  facet normal -0.91842 -0.395607 0
    outer loop
      vertex 2.67986 -1.18608 2.9999
      vertex 2.79126 -1.4447 2
      vertex 2.79126 -1.4447 2.9999
    endloop
  endfacet
  facet normal -0.884361 0.466804 0
    outer loop
      vertex 2.6469 -1.71819 2
      vertex 2.79126 -1.4447 2.9999
      vertex 2.79126 -1.4447 2
    endloop
  endfacet
  facet normal -0.884361 0.466804 0
    outer loop
      vertex 2.79126 -1.4447 2.9999
      vertex 2.6469 -1.71819 2
      vertex 2.6469 -1.71819 2.9999
    endloop
  endfacet
  facet normal -0.515752 0.856738 0
    outer loop
      vertex 2.6469 -1.71819 2
      vertex 2.26997 -1.9451 2.9999
      vertex 2.6469 -1.71819 2.9999
    endloop
  endfacet
  facet normal -0.515752 0.856738 0
    outer loop
      vertex 2.26997 -1.9451 2.9999
      vertex 2.6469 -1.71819 2
      vertex 2.26997 -1.9451 2
    endloop
  endfacet
  facet normal -0.327416 0.94488 0
    outer loop
      vertex 2.26997 -1.9451 2
      vertex 1.7448 -2.12708 2.9999
      vertex 2.26997 -1.9451 2.9999
    endloop
  endfacet
  facet normal -0.327416 0.94488 0
    outer loop
      vertex 1.7448 -2.12708 2.9999
      vertex 2.26997 -1.9451 2
      vertex 1.7448 -2.12708 2
    endloop
  endfacet
  facet normal -0.229119 0.973398 0
    outer loop
      vertex 1.7448 -2.12708 2
      vertex 1.15567 -2.26575 2.9999
      vertex 1.7448 -2.12708 2.9999
    endloop
  endfacet
  facet normal -0.229119 0.973398 0
    outer loop
      vertex 1.15567 -2.26575 2.9999
      vertex 1.7448 -2.12708 2
      vertex 1.15567 -2.26575 2
    endloop
  endfacet
  facet normal -0.168157 0.98576 0
    outer loop
      vertex 1.15567 -2.26575 2
      vertex 0.586868 -2.36278 2.9999
      vertex 1.15567 -2.26575 2.9999
    endloop
  endfacet
  facet normal -0.168157 0.98576 0
    outer loop
      vertex 0.586868 -2.36278 2.9999
      vertex 1.15567 -2.26575 2
      vertex 0.586868 -2.36278 2
    endloop
  endfacet
  facet normal -0.121884 0.992544 0
    outer loop
      vertex 0.586868 -2.36278 2
      vertex 0.122696 -2.41978 2.9999
      vertex 0.586868 -2.36278 2.9999
    endloop
  endfacet
  facet normal -0.121884 0.992544 0
    outer loop
      vertex 0.122696 -2.41978 2.9999
      vertex 0.586868 -2.36278 2
      vertex 0.122696 -2.41978 2
    endloop
  endfacet
  facet normal -0.0676082 0.997712 0
    outer loop
      vertex 0.122696 -2.41978 2
      vertex -0.152527 -2.43843 2.9999
      vertex 0.122696 -2.41978 2.9999
    endloop
  endfacet
  facet normal -0.0676082 0.997712 0
    outer loop
      vertex -0.152527 -2.43843 2.9999
      vertex 0.122696 -2.41978 2
      vertex -0.152527 -2.43843 2
    endloop
  endfacet
  facet normal 0.00461802 0.999989 -0
    outer loop
      vertex -0.152527 -2.43843 2
      vertex -0.449188 -2.43706 2.9999
      vertex -0.152527 -2.43843 2.9999
    endloop
  endfacet
  facet normal 0.00461802 0.999989 0
    outer loop
      vertex -0.449188 -2.43706 2.9999
      vertex -0.152527 -2.43843 2
      vertex -0.449188 -2.43706 2
    endloop
  endfacet
  facet normal 0.031924 0.99949 -0
    outer loop
      vertex -0.449188 -2.43706 2
      vertex -0.74881 -2.42749 2.9999
      vertex -0.449188 -2.43706 2.9999
    endloop
  endfacet
  facet normal 0.031924 0.99949 0
    outer loop
      vertex -0.74881 -2.42749 2.9999
      vertex -0.449188 -2.43706 2
      vertex -0.74881 -2.42749 2
    endloop
  endfacet
  facet normal 0.0907249 0.995876 -0
    outer loop
      vertex -0.74881 -2.42749 2
      vertex -1.03366 -2.40154 2.9999
      vertex -0.74881 -2.42749 2.9999
    endloop
  endfacet
  facet normal 0.0907249 0.995876 0
    outer loop
      vertex -1.03366 -2.40154 2.9999
      vertex -0.74881 -2.42749 2
      vertex -1.03366 -2.40154 2
    endloop
  endfacet
  facet normal 0.196452 0.980513 -0
    outer loop
      vertex -1.03366 -2.40154 2
      vertex -1.28606 -2.35097 2.9999
      vertex -1.03366 -2.40154 2.9999
    endloop
  endfacet
  facet normal 0.196452 0.980513 0
    outer loop
      vertex -1.28606 -2.35097 2.9999
      vertex -1.03366 -2.40154 2
      vertex -1.28606 -2.35097 2
    endloop
  endfacet
  facet normal 0.381129 0.924522 -0
    outer loop
      vertex -1.28606 -2.35097 2
      vertex -1.48827 -2.26761 2.9999
      vertex -1.28606 -2.35097 2.9999
    endloop
  endfacet
  facet normal 0.381129 0.924522 0
    outer loop
      vertex -1.48827 -2.26761 2.9999
      vertex -1.28606 -2.35097 2
      vertex -1.48827 -2.26761 2
    endloop
  endfacet
  facet normal 0.679403 0.733766 -0
    outer loop
      vertex -1.48827 -2.26761 2
      vertex -1.62257 -2.14326 2.9999
      vertex -1.48827 -2.26761 2.9999
    endloop
  endfacet
  facet normal 0.679403 0.733766 0
    outer loop
      vertex -1.62257 -2.14326 2.9999
      vertex -1.48827 -2.26761 2
      vertex -1.62257 -2.14326 2
    endloop
  endfacet
  facet normal 0.962797 0.270227 0
    outer loop
      vertex -1.62257 -2.14326 2.9999
      vertex -1.67128 -1.96971 2
      vertex -1.67128 -1.96971 2.9999
    endloop
  endfacet
  facet normal 0.962797 0.270227 0
    outer loop
      vertex -1.67128 -1.96971 2
      vertex -1.62257 -2.14326 2.9999
      vertex -1.62257 -2.14326 2
    endloop
  endfacet
  facet normal 0.99309 -0.117359 0
    outer loop
      vertex -1.67128 -1.96971 2.9999
      vertex -1.65286 -1.81384 2
      vertex -1.65286 -1.81384 2.9999
    endloop
  endfacet
  facet normal 0.99309 -0.117359 0
    outer loop
      vertex -1.65286 -1.81384 2
      vertex -1.67128 -1.96971 2.9999
      vertex -1.67128 -1.96971 2
    endloop
  endfacet
  facet normal 0.917566 -0.397583 0
    outer loop
      vertex -1.65286 -1.81384 2.9999
      vertex -1.60196 -1.69637 2
      vertex -1.60196 -1.69637 2.9999
    endloop
  endfacet
  facet normal 0.917566 -0.397583 0
    outer loop
      vertex -1.60196 -1.69637 2
      vertex -1.65286 -1.81384 2.9999
      vertex -1.65286 -1.81384 2
    endloop
  endfacet
  facet normal 0.739384 -0.673283 0
    outer loop
      vertex -1.60196 -1.69637 2.9999
      vertex -1.52516 -1.61203 2
      vertex -1.52516 -1.61203 2.9999
    endloop
  endfacet
  facet normal 0.739384 -0.673283 0
    outer loop
      vertex -1.52516 -1.61203 2
      vertex -1.60196 -1.69637 2.9999
      vertex -1.60196 -1.69637 2
    endloop
  endfacet
  facet normal 0.506322 -0.862344 0
    outer loop
      vertex -1.52516 -1.61203 2
      vertex -1.429 -1.55557 2.9999
      vertex -1.52516 -1.61203 2.9999
    endloop
  endfacet
  facet normal 0.506322 -0.862344 0
    outer loop
      vertex -1.429 -1.55557 2.9999
      vertex -1.52516 -1.61203 2
      vertex -1.429 -1.55557 2
    endloop
  endfacet
  facet normal 0.296518 -0.955027 0
    outer loop
      vertex -1.429 -1.55557 2
      vertex -1.32004 -1.52174 2.9999
      vertex -1.429 -1.55557 2.9999
    endloop
  endfacet
  facet normal 0.296518 -0.955027 0
    outer loop
      vertex -1.32004 -1.52174 2.9999
      vertex -1.429 -1.55557 2
      vertex -1.32004 -1.52174 2
    endloop
  endfacet
  facet normal 0.141205 -0.98998 0
    outer loop
      vertex -1.32004 -1.52174 2
      vertex -1.20485 -1.50531 2.9999
      vertex -1.32004 -1.52174 2.9999
    endloop
  endfacet
  facet normal 0.141205 -0.98998 0
    outer loop
      vertex -1.20485 -1.50531 2.9999
      vertex -1.32004 -1.52174 2
      vertex -1.20485 -1.50531 2
    endloop
  endfacet
  facet normal 0.0375779 -0.999294 0
    outer loop
      vertex -1.20485 -1.50531 2
      vertex -1.08997 -1.50099 2.9999
      vertex -1.20485 -1.50531 2.9999
    endloop
  endfacet
  facet normal 0.0375779 -0.999294 0
    outer loop
      vertex -1.08997 -1.50099 2.9999
      vertex -1.20485 -1.50531 2
      vertex -1.08997 -1.50099 2
    endloop
  endfacet
  facet normal -0.0791411 -0.996863 0
    outer loop
      vertex -1.08997 -1.50099 2
      vertex -0.776077 -1.52591 2.9999
      vertex -1.08997 -1.50099 2.9999
    endloop
  endfacet
  facet normal -0.0791411 -0.996863 -0
    outer loop
      vertex -0.776077 -1.52591 2.9999
      vertex -1.08997 -1.50099 2
      vertex -0.776077 -1.52591 2
    endloop
  endfacet
  facet normal -0.201629 -0.979462 0
    outer loop
      vertex -0.776077 -1.52591 2
      vertex -0.463821 -1.59019 2.9999
      vertex -0.776077 -1.52591 2.9999
    endloop
  endfacet
  facet normal -0.201629 -0.979462 -0
    outer loop
      vertex -0.463821 -1.59019 2.9999
      vertex -0.776077 -1.52591 2
      vertex -0.463821 -1.59019 2
    endloop
  endfacet
  facet normal -0.275545 -0.961288 0
    outer loop
      vertex -0.463821 -1.59019 2
      vertex -0.157166 -1.67809 2.9999
      vertex -0.463821 -1.59019 2.9999
    endloop
  endfacet
  facet normal -0.275545 -0.961288 -0
    outer loop
      vertex -0.157166 -1.67809 2.9999
      vertex -0.463821 -1.59019 2
      vertex -0.157166 -1.67809 2
    endloop
  endfacet
  facet normal -0.306742 -0.951793 0
    outer loop
      vertex -0.157166 -1.67809 2
      vertex 0.139969 -1.77385 2.9999
      vertex -0.157166 -1.67809 2.9999
    endloop
  endfacet
  facet normal -0.306742 -0.951793 -0
    outer loop
      vertex 0.139969 -1.77385 2.9999
      vertex -0.157166 -1.67809 2
      vertex 0.139969 -1.77385 2
    endloop
  endfacet
  facet normal -0.295917 -0.955214 0
    outer loop
      vertex 0.139969 -1.77385 2
      vertex 0.423676 -1.86174 2.9999
      vertex 0.139969 -1.77385 2.9999
    endloop
  endfacet
  facet normal -0.295917 -0.955214 -0
    outer loop
      vertex 0.423676 -1.86174 2.9999
      vertex 0.139969 -1.77385 2
      vertex 0.423676 -1.86174 2
    endloop
  endfacet
  facet normal -0.234656 -0.972079 0
    outer loop
      vertex 0.423676 -1.86174 2
      vertex 0.690002 -1.92603 2.9999
      vertex 0.423676 -1.86174 2.9999
    endloop
  endfacet
  facet normal -0.234656 -0.972079 -0
    outer loop
      vertex 0.690002 -1.92603 2.9999
      vertex 0.423676 -1.86174 2
      vertex 0.690002 -1.92603 2
    endloop
  endfacet
  facet normal -0.101147 -0.994871 0
    outer loop
      vertex 0.690002 -1.92603 2
      vertex 0.935013 -1.95094 2.9999
      vertex 0.690002 -1.92603 2.9999
    endloop
  endfacet
  facet normal -0.101147 -0.994871 -0
    outer loop
      vertex 0.935013 -1.95094 2.9999
      vertex 0.690002 -1.92603 2
      vertex 0.935013 -1.95094 2
    endloop
  endfacet
  facet normal 0.0647652 -0.997901 0
    outer loop
      vertex 0.935013 -1.95094 2
      vertex 1.13393 -1.93803 2.9999
      vertex 0.935013 -1.95094 2.9999
    endloop
  endfacet
  facet normal 0.0647652 -0.997901 0
    outer loop
      vertex 1.13393 -1.93803 2.9999
      vertex 0.935013 -1.95094 2
      vertex 1.13393 -1.93803 2
    endloop
  endfacet
  facet normal 0.18061 -0.983555 0
    outer loop
      vertex 1.13393 -1.93803 2
      vertex 1.32562 -1.90283 2.9999
      vertex 1.13393 -1.93803 2.9999
    endloop
  endfacet
  facet normal 0.18061 -0.983555 0
    outer loop
      vertex 1.32562 -1.90283 2.9999
      vertex 1.13393 -1.93803 2
      vertex 1.32562 -1.90283 2
    endloop
  endfacet
  facet normal 0.279435 -0.960165 0
    outer loop
      vertex 1.32562 -1.90283 2
      vertex 1.50519 -1.85057 2.9999
      vertex 1.32562 -1.90283 2.9999
    endloop
  endfacet
  facet normal 0.279435 -0.960165 0
    outer loop
      vertex 1.50519 -1.85057 2.9999
      vertex 1.32562 -1.90283 2
      vertex 1.50519 -1.85057 2
    endloop
  endfacet
  facet normal 0.366856 -0.930278 0
    outer loop
      vertex 1.50519 -1.85057 2
      vertex 1.66771 -1.78648 2.9999
      vertex 1.50519 -1.85057 2.9999
    endloop
  endfacet
  facet normal 0.366856 -0.930278 0
    outer loop
      vertex 1.66771 -1.78648 2.9999
      vertex 1.50519 -1.85057 2
      vertex 1.66771 -1.78648 2
    endloop
  endfacet
  facet normal 0.449018 -0.893523 0
    outer loop
      vertex 1.66771 -1.78648 2
      vertex 1.80826 -1.71585 2.9999
      vertex 1.66771 -1.78648 2.9999
    endloop
  endfacet
  facet normal 0.449018 -0.893523 0
    outer loop
      vertex 1.80826 -1.71585 2.9999
      vertex 1.66771 -1.78648 2
      vertex 1.80826 -1.71585 2
    endloop
  endfacet
  facet normal 0.534695 -0.845045 0
    outer loop
      vertex 1.80826 -1.71585 2
      vertex 1.92194 -1.64392 2.9999
      vertex 1.80826 -1.71585 2.9999
    endloop
  endfacet
  facet normal 0.534695 -0.845045 0
    outer loop
      vertex 1.92194 -1.64392 2.9999
      vertex 1.80826 -1.71585 2
      vertex 1.92194 -1.64392 2
    endloop
  endfacet
  facet normal 0.638991 -0.769214 0
    outer loop
      vertex 1.92194 -1.64392 2
      vertex 2.00381 -1.57591 2.9999
      vertex 1.92194 -1.64392 2.9999
    endloop
  endfacet
  facet normal 0.638991 -0.769214 0
    outer loop
      vertex 2.00381 -1.57591 2.9999
      vertex 1.92194 -1.64392 2
      vertex 2.00381 -1.57591 2
    endloop
  endfacet
  facet normal 0.756341 -0.654177 0
    outer loop
      vertex 2.00381 -1.57591 2.9999
      vertex 2.01175 -1.56673 2
      vertex 2.01175 -1.56673 2.9999
    endloop
  endfacet
  facet normal 0.756341 -0.654177 0
    outer loop
      vertex 2.01175 -1.56673 2
      vertex 2.00381 -1.57591 2.9999
      vertex 2.00381 -1.57591 2
    endloop
  endfacet
  facet normal 0.833053 -0.553193 0
    outer loop
      vertex 2.01175 -1.56673 2.9999
      vertex 2.01938 -1.55524 2
      vertex 2.01938 -1.55524 2.9999
    endloop
  endfacet
  facet normal 0.833053 -0.553193 0
    outer loop
      vertex 2.01938 -1.55524 2
      vertex 2.01175 -1.56673 2.9999
      vertex 2.01175 -1.56673 2
    endloop
  endfacet
  facet normal 0.892345 -0.451353 0
    outer loop
      vertex 2.01938 -1.55524 2.9999
      vertex 2.02635 -1.54146 2
      vertex 2.02635 -1.54146 2.9999
    endloop
  endfacet
  facet normal 0.892345 -0.451353 0
    outer loop
      vertex 2.02635 -1.54146 2
      vertex 2.01938 -1.55524 2.9999
      vertex 2.01938 -1.55524 2
    endloop
  endfacet
  facet normal 0.936831 -0.349781 0
    outer loop
      vertex 2.02635 -1.54146 2.9999
      vertex 2.03235 -1.52539 2
      vertex 2.03235 -1.52539 2.9999
    endloop
  endfacet
  facet normal 0.936831 -0.349781 0
    outer loop
      vertex 2.03235 -1.52539 2
      vertex 2.02635 -1.54146 2.9999
      vertex 2.02635 -1.54146 2
    endloop
  endfacet
  facet normal 0.968761 -0.247994 0
    outer loop
      vertex 2.03235 -1.52539 2.9999
      vertex 2.03705 -1.50703 2
      vertex 2.03705 -1.50703 2.9999
    endloop
  endfacet
  facet normal 0.968761 -0.247994 0
    outer loop
      vertex 2.03705 -1.50703 2
      vertex 2.03235 -1.52539 2.9999
      vertex 2.03235 -1.52539 2
    endloop
  endfacet
  facet normal 0.989118 -0.147122 0
    outer loop
      vertex 2.03705 -1.50703 2.9999
      vertex 2.04012 -1.48639 2
      vertex 2.04012 -1.48639 2.9999
    endloop
  endfacet
  facet normal 0.989118 -0.147122 0
    outer loop
      vertex 2.04012 -1.48639 2
      vertex 2.03705 -1.50703 2.9999
      vertex 2.03705 -1.50703 2
    endloop
  endfacet
  facet normal 0.998872 -0.0474824 0
    outer loop
      vertex 2.04012 -1.48639 2.9999
      vertex 2.04121 -1.46346 2
      vertex 2.04121 -1.46346 2.9999
    endloop
  endfacet
  facet normal 0.998872 -0.0474824 0
    outer loop
      vertex 2.04121 -1.46346 2
      vertex 2.04012 -1.48639 2.9999
      vertex 2.04012 -1.48639 2
    endloop
  endfacet
  facet normal 0.997367 0.0725237 0
    outer loop
      vertex 2.04121 -1.46346 2.9999
      vertex 2.04012 -1.44847 2
      vertex 2.04012 -1.44847 2.9999
    endloop
  endfacet
  facet normal 0.997367 0.0725237 0
    outer loop
      vertex 2.04012 -1.44847 2
      vertex 2.04121 -1.46346 2.9999
      vertex 2.04121 -1.46346 2
    endloop
  endfacet
  facet normal 0.97327 0.229665 0
    outer loop
      vertex 2.04012 -1.44847 2.9999
      vertex 2.03705 -1.43546 2
      vertex 2.03705 -1.43546 2.9999
    endloop
  endfacet
  facet normal 0.97327 0.229665 0
    outer loop
      vertex 2.03705 -1.43546 2
      vertex 2.04012 -1.44847 2.9999
      vertex 2.04012 -1.44847 2
    endloop
  endfacet
  facet normal 0.924392 0.381444 0
    outer loop
      vertex 2.03705 -1.43546 2.9999
      vertex 2.03235 -1.42407 2
      vertex 2.03235 -1.42407 2.9999
    endloop
  endfacet
  facet normal 0.924392 0.381444 0
    outer loop
      vertex 2.03235 -1.42407 2
      vertex 2.03705 -1.43546 2.9999
      vertex 2.03705 -1.43546 2
    endloop
  endfacet
  facet normal 0.85907 0.511859 0
    outer loop
      vertex 2.03235 -1.42407 2.9999
      vertex 2.02635 -1.414 2
      vertex 2.02635 -1.414 2.9999
    endloop
  endfacet
  facet normal 0.85907 0.511859 0
    outer loop
      vertex 2.02635 -1.414 2
      vertex 2.03235 -1.42407 2.9999
      vertex 2.03235 -1.42407 2
    endloop
  endfacet
  facet normal 0.793241 0.608908 0
    outer loop
      vertex 2.02635 -1.414 2.9999
      vertex 2.01938 -1.40492 2
      vertex 2.01938 -1.40492 2.9999
    endloop
  endfacet
  facet normal 0.793241 0.608908 0
    outer loop
      vertex 2.01938 -1.40492 2
      vertex 2.02635 -1.414 2.9999
      vertex 2.02635 -1.414 2
    endloop
  endfacet
  facet normal 0.741014 0.671489 0
    outer loop
      vertex 2.01938 -1.40492 2.9999
      vertex 2.01175 -1.3965 2
      vertex 2.01175 -1.3965 2.9999
    endloop
  endfacet
  facet normal 0.741014 0.671489 0
    outer loop
      vertex 2.01175 -1.3965 2
      vertex 2.01938 -1.40492 2.9999
      vertex 2.01938 -1.40492 2
    endloop
  endfacet
  facet normal 0.714125 0.700019 0
    outer loop
      vertex 2.01175 -1.3965 2.9999
      vertex 2.00381 -1.3884 2
      vertex 2.00381 -1.3884 2.9999
    endloop
  endfacet
  facet normal 0.714125 0.700019 0
    outer loop
      vertex 2.00381 -1.3884 2
      vertex 2.01175 -1.3965 2.9999
      vertex 2.01175 -1.3965 2
    endloop
  endfacet
  facet normal 0.418716 0.908117 -0
    outer loop
      vertex 2.00381 -1.3884 2
      vertex 1.66515 -1.23225 2.9999
      vertex 2.00381 -1.3884 2.9999
    endloop
  endfacet
  facet normal 0.418716 0.908117 0
    outer loop
      vertex 1.66515 -1.23225 2.9999
      vertex 2.00381 -1.3884 2
      vertex 1.66515 -1.23225 2
    endloop
  endfacet
  facet normal 0.348911 0.937156 -0
    outer loop
      vertex 1.66515 -1.23225 2
      vertex 1.3127 -1.10103 2.9999
      vertex 1.66515 -1.23225 2.9999
    endloop
  endfacet
  facet normal 0.348911 0.937156 0
    outer loop
      vertex 1.3127 -1.10103 2.9999
      vertex 1.66515 -1.23225 2
      vertex 1.3127 -1.10103 2
    endloop
  endfacet
  facet normal 0.284532 0.958666 -0
    outer loop
      vertex 1.3127 -1.10103 2
      vertex 0.953384 -0.994385 2.9999
      vertex 1.3127 -1.10103 2.9999
    endloop
  endfacet
  facet normal 0.284532 0.958666 0
    outer loop
      vertex 0.953384 -0.994385 2.9999
      vertex 1.3127 -1.10103 2
      vertex 0.953384 -0.994385 2
    endloop
  endfacet
  facet normal 0.223448 0.974716 -0
    outer loop
      vertex 0.953384 -0.994385 2
      vertex 0.594086 -0.912018 2.9999
      vertex 0.953384 -0.994385 2.9999
    endloop
  endfacet
  facet normal 0.223448 0.974716 0
    outer loop
      vertex 0.594086 -0.912018 2.9999
      vertex 0.953384 -0.994385 2
      vertex 0.594086 -0.912018 2
    endloop
  endfacet
  facet normal 0.163588 0.986529 -0
    outer loop
      vertex 0.594086 -0.912018 2
      vertex 0.241653 -0.853577 2.9999
      vertex 0.594086 -0.912018 2.9999
    endloop
  endfacet
  facet normal 0.163588 0.986529 0
    outer loop
      vertex 0.241653 -0.853577 2.9999
      vertex 0.594086 -0.912018 2
      vertex 0.241653 -0.853577 2
    endloop
  endfacet
  facet normal 0.102292 0.994754 -0
    outer loop
      vertex 0.241653 -0.853577 2
      vertex -0.0969696 -0.818756 2.9999
      vertex 0.241653 -0.853577 2.9999
    endloop
  endfacet
  facet normal 0.102292 0.994754 0
    outer loop
      vertex -0.0969696 -0.818756 2.9999
      vertex 0.241653 -0.853577 2
      vertex -0.0969696 -0.818756 2
    endloop
  endfacet
  facet normal 0.0362536 0.999343 -0
    outer loop
      vertex -0.0969696 -0.818756 2
      vertex -0.414963 -0.80722 2.9999
      vertex -0.0969696 -0.818756 2.9999
    endloop
  endfacet
  facet normal 0.0362536 0.999343 0
    outer loop
      vertex -0.414963 -0.80722 2.9999
      vertex -0.0969696 -0.818756 2
      vertex -0.414963 -0.80722 2
    endloop
  endfacet
  facet normal -0.0488548 0.998806 0
    outer loop
      vertex -0.414963 -0.80722 2
      vertex -0.745651 -0.823395 2.9999
      vertex -0.414963 -0.80722 2.9999
    endloop
  endfacet
  facet normal -0.0488548 0.998806 0
    outer loop
      vertex -0.745651 -0.823395 2.9999
      vertex -0.414963 -0.80722 2
      vertex -0.745651 -0.823395 2
    endloop
  endfacet
  facet normal -0.157638 0.987497 0
    outer loop
      vertex -0.745651 -0.823395 2
      vertex -1.08125 -0.876968 2.9999
      vertex -0.745651 -0.823395 2.9999
    endloop
  endfacet
  facet normal -0.157638 0.987497 0
    outer loop
      vertex -1.08125 -0.876968 2.9999
      vertex -0.745651 -0.823395 2
      vertex -1.08125 -0.876968 2
    endloop
  endfacet
  facet normal -0.294029 0.955797 0
    outer loop
      vertex -1.08125 -0.876968 2
      vertex -1.40143 -0.975464 2.9999
      vertex -1.08125 -0.876968 2.9999
    endloop
  endfacet
  facet normal -0.294029 0.955797 0
    outer loop
      vertex -1.40143 -0.975464 2.9999
      vertex -1.08125 -0.876968 2
      vertex -1.40143 -0.975464 2
    endloop
  endfacet
  facet normal -0.468848 0.883279 0
    outer loop
      vertex -1.40143 -0.975464 2
      vertex -1.68584 -1.12643 2.9999
      vertex -1.40143 -0.975464 2.9999
    endloop
  endfacet
  facet normal -0.468848 0.883279 0
    outer loop
      vertex -1.68584 -1.12643 2.9999
      vertex -1.40143 -0.975464 2
      vertex -1.68584 -1.12643 2
    endloop
  endfacet
  facet normal -0.678686 0.734428 0
    outer loop
      vertex -1.68584 -1.12643 2
      vertex -1.91417 -1.33743 2.9999
      vertex -1.68584 -1.12643 2.9999
    endloop
  endfacet
  facet normal -0.678686 0.734428 0
    outer loop
      vertex -1.91417 -1.33743 2.9999
      vertex -1.68584 -1.12643 2
      vertex -1.91417 -1.33743 2
    endloop
  endfacet
  facet normal -0.877939 0.478773 0
    outer loop
      vertex -2.06609 -1.61601 2
      vertex -1.91417 -1.33743 2.9999
      vertex -1.91417 -1.33743 2
    endloop
  endfacet
  facet normal -0.877939 0.478773 0
    outer loop
      vertex -1.91417 -1.33743 2.9999
      vertex -2.06609 -1.61601 2
      vertex -2.06609 -1.61601 2.9999
    endloop
  endfacet
  facet normal -0.988066 0.154034 0
    outer loop
      vertex -2.12123 -1.96971 2
      vertex -2.06609 -1.61601 2.9999
      vertex -2.06609 -1.61601 2
    endloop
  endfacet
  facet normal -0.988066 0.154034 0
    outer loop
      vertex -2.06609 -1.61601 2.9999
      vertex -2.12123 -1.96971 2
      vertex -2.12123 -1.96971 2.9999
    endloop
  endfacet
  facet normal -0.971879 -0.235482 0
    outer loop
      vertex -2.03868 -2.31041 2
      vertex -2.12123 -1.96971 2.9999
      vertex -2.12123 -1.96971 2
    endloop
  endfacet
  facet normal -0.971879 -0.235482 0
    outer loop
      vertex -2.12123 -1.96971 2.9999
      vertex -2.03868 -2.31041 2
      vertex -2.03868 -2.31041 2.9999
    endloop
  endfacet
  facet normal -0.83093 -0.556377 0
    outer loop
      vertex -1.80527 -2.659 2
      vertex -2.03868 -2.31041 2.9999
      vertex -2.03868 -2.31041 2
    endloop
  endfacet
  facet normal -0.83093 -0.556377 0
    outer loop
      vertex -2.03868 -2.31041 2.9999
      vertex -1.80527 -2.659 2
      vertex -1.80527 -2.659 2.9999
    endloop
  endfacet
  facet normal -0.677636 -0.735397 0
    outer loop
      vertex -1.80527 -2.659 2
      vertex -1.44229 -2.99347 2.9999
      vertex -1.80527 -2.659 2.9999
    endloop
  endfacet
  facet normal -0.677636 -0.735397 -0
    outer loop
      vertex -1.44229 -2.99347 2.9999
      vertex -1.80527 -2.659 2
      vertex -1.44229 -2.99347 2
    endloop
  endfacet
  facet normal -0.535027 -0.844835 0
    outer loop
      vertex -1.44229 -2.99347 2
      vertex -0.971069 -3.29189 2.9999
      vertex -1.44229 -2.99347 2.9999
    endloop
  endfacet
  facet normal -0.535027 -0.844835 -0
    outer loop
      vertex -0.971069 -3.29189 2.9999
      vertex -1.44229 -2.99347 2
      vertex -0.971069 -3.29189 2
    endloop
  endfacet
  facet normal -0.395525 -0.918455 0
    outer loop
      vertex -0.971069 -3.29189 2
      vertex -0.412949 -3.53224 2.9999
      vertex -0.971069 -3.29189 2.9999
    endloop
  endfacet
  facet normal -0.395525 -0.918455 -0
    outer loop
      vertex -0.412949 -3.53224 2.9999
      vertex -0.971069 -3.29189 2
      vertex -0.412949 -3.53224 2
    endloop
  endfacet
  facet normal -0.248973 -0.968511 0
    outer loop
      vertex -0.412949 -3.53224 2
      vertex 0.210739 -3.69257 2.9999
      vertex -0.412949 -3.53224 2.9999
    endloop
  endfacet
  facet normal -0.248973 -0.968511 -0
    outer loop
      vertex 0.210739 -3.69257 2.9999
      vertex -0.412949 -3.53224 2
      vertex 0.210739 -3.69257 2
    endloop
  endfacet
  facet normal -0.0869914 -0.996209 0
    outer loop
      vertex 0.210739 -3.69257 2
      vertex 0.878723 -3.7509 2.9999
      vertex 0.210739 -3.69257 2.9999
    endloop
  endfacet
  facet normal -0.0869914 -0.996209 -0
    outer loop
      vertex 0.878723 -3.7509 2.9999
      vertex 0.210739 -3.69257 2
      vertex 0.878723 -3.7509 2
    endloop
  endfacet
  facet normal 0.0349538 -0.999389 0
    outer loop
      vertex 0.878723 -3.7509 2
      vertex 1.22554 -3.73877 2.9999
      vertex 0.878723 -3.7509 2.9999
    endloop
  endfacet
  facet normal 0.0349538 -0.999389 0
    outer loop
      vertex 1.22554 -3.73877 2.9999
      vertex 0.878723 -3.7509 2
      vertex 1.22554 -3.73877 2
    endloop
  endfacet
  facet normal 0.376232 -0.926526 0
    outer loop
      vertex -3.67152 -3.95534 2
      vertex -3.5311 -3.89832 2.9999
      vertex -3.67152 -3.95534 2.9999
    endloop
  endfacet
  facet normal 0.376232 -0.926526 0
    outer loop
      vertex -3.5311 -3.89832 2.9999
      vertex -3.67152 -3.95534 2
      vertex -3.5311 -3.89832 2
    endloop
  endfacet
  facet normal 0.633222 -0.77397 0
    outer loop
      vertex -3.5311 -3.89832 2
      vertex -3.42574 -3.81212 2.9999
      vertex -3.5311 -3.89832 2.9999
    endloop
  endfacet
  facet normal 0.633222 -0.77397 0
    outer loop
      vertex -3.42574 -3.81212 2.9999
      vertex -3.5311 -3.89832 2
      vertex -3.42574 -3.81212 2
    endloop
  endfacet
  facet normal 0.823511 -0.567301 0
    outer loop
      vertex -3.42574 -3.81212 2.9999
      vertex -3.35121 -3.70393 2
      vertex -3.35121 -3.70393 2.9999
    endloop
  endfacet
  facet normal 0.823511 -0.567301 0
    outer loop
      vertex -3.35121 -3.70393 2
      vertex -3.42574 -3.81212 2.9999
      vertex -3.42574 -3.81212 2
    endloop
  endfacet
  facet normal 0.93162 -0.363433 0
    outer loop
      vertex -3.35121 -3.70393 2.9999
      vertex -3.30325 -3.58099 2
      vertex -3.30325 -3.58099 2.9999
    endloop
  endfacet
  facet normal 0.93162 -0.363433 0
    outer loop
      vertex -3.30325 -3.58099 2
      vertex -3.35121 -3.70393 2.9999
      vertex -3.35121 -3.70393 2
    endloop
  endfacet
  facet normal 0.981218 -0.192904 0
    outer loop
      vertex -3.30325 -3.58099 2.9999
      vertex -3.2776 -3.45052 2
      vertex -3.2776 -3.45052 2.9999
    endloop
  endfacet
  facet normal 0.981218 -0.192904 0
    outer loop
      vertex -3.2776 -3.45052 2
      vertex -3.30325 -3.58099 2.9999
      vertex -3.30325 -3.58099 2
    endloop
  endfacet
  facet normal 0.998316 -0.0580061 0
    outer loop
      vertex -3.2776 -3.45052 2.9999
      vertex -3.27 -3.31972 2
      vertex -3.27 -3.31972 2.9999
    endloop
  endfacet
  facet normal 0.998316 -0.0580061 0
    outer loop
      vertex -3.27 -3.31972 2
      vertex -3.2776 -3.45052 2.9999
      vertex -3.2776 -3.45052 2
    endloop
  endfacet
  facet normal 0.999915 0.0130058 0
    outer loop
      vertex -3.27 -3.31972 2.9999
      vertex -3.27843 -2.6716 2
      vertex -3.27843 -2.6716 2.9999
    endloop
  endfacet
  facet normal 0.999915 0.0130058 0
    outer loop
      vertex -3.27843 -2.6716 2
      vertex -3.27 -3.31972 2.9999
      vertex -3.27 -3.31972 2
    endloop
  endfacet
  facet normal 0.999428 0.0338049 0
    outer loop
      vertex -3.27843 -2.6716 2.9999
      vertex -3.30064 -2.01497 2
      vertex -3.30064 -2.01497 2.9999
    endloop
  endfacet
  facet normal 0.999428 0.0338049 0
    outer loop
      vertex -3.30064 -2.01497 2
      vertex -3.27843 -2.6716 2.9999
      vertex -3.27843 -2.6716 2
    endloop
  endfacet
  facet normal 0.998878 0.047348 0
    outer loop
      vertex -3.30064 -2.01497 2.9999
      vertex -3.33203 -1.35275 2
      vertex -3.33203 -1.35275 2.9999
    endloop
  endfacet
  facet normal 0.998878 0.047348 0
    outer loop
      vertex -3.33203 -1.35275 2
      vertex -3.30064 -2.01497 2.9999
      vertex -3.30064 -2.01497 2
    endloop
  endfacet
  facet normal 0.998538 0.0540522 0
    outer loop
      vertex -3.33203 -1.35275 2.9999
      vertex -3.40399 -0.0233917 2
      vertex -3.40399 -0.0233917 2.9999
    endloop
  endfacet
  facet normal 0.998538 0.0540522 0
    outer loop
      vertex -3.40399 -0.0233917 2
      vertex -3.33203 -1.35275 2.9999
      vertex -3.33203 -1.35275 2
    endloop
  endfacet
  facet normal 0.998876 0.0473901 0
    outer loop
      vertex -3.40399 -0.0233917 2.9999
      vertex -3.43536 0.637817 2
      vertex -3.43536 0.637817 2.9999
    endloop
  endfacet
  facet normal 0.998876 0.0473901 0
    outer loop
      vertex -3.43536 0.637817 2
      vertex -3.40399 -0.0233917 2.9999
      vertex -3.40399 -0.0233917 2
    endloop
  endfacet
  facet normal 0.999428 0.0338126 0
    outer loop
      vertex -3.43536 0.637817 2.9999
      vertex -3.45752 1.29282 2
      vertex -3.45752 1.29282 2.9999
    endloop
  endfacet
  facet normal 0.999428 0.0338126 0
    outer loop
      vertex -3.45752 1.29282 2
      vertex -3.43536 0.637817 2.9999
      vertex -3.43536 0.637817 2
    endloop
  endfacet
  facet normal 0.997294 0.0735168 0
    outer loop
      vertex -3.45752 1.29282 2.9999
      vertex -3.47858 1.57851 2
      vertex -3.47858 1.57851 2.9999
    endloop
  endfacet
  facet normal 0.997294 0.0735168 0
    outer loop
      vertex -3.47858 1.57851 2
      vertex -3.45752 1.29282 2.9999
      vertex -3.45752 1.29282 2
    endloop
  endfacet
  facet normal 0.988763 0.149492 0
    outer loop
      vertex -3.47858 1.57851 2.9999
      vertex -3.51572 1.82416 2
      vertex -3.51572 1.82416 2.9999
    endloop
  endfacet
  facet normal 0.988763 0.149492 0
    outer loop
      vertex -3.51572 1.82416 2
      vertex -3.47858 1.57851 2.9999
      vertex -3.47858 1.57851 2
    endloop
  endfacet
  facet normal 0.956537 0.291612 0
    outer loop
      vertex -3.51572 1.82416 2.9999
      vertex -3.57811 2.02881 2
      vertex -3.57811 2.02881 2.9999
    endloop
  endfacet
  facet normal 0.956537 0.291612 0
    outer loop
      vertex -3.57811 2.02881 2
      vertex -3.51572 1.82416 2.9999
      vertex -3.51572 1.82416 2
    endloop
  endfacet
  facet normal 0.859287 0.511494 0
    outer loop
      vertex -3.57811 2.02881 2.9999
      vertex -3.67494 2.19148 2
      vertex -3.67494 2.19148 2.9999
    endloop
  endfacet
  facet normal 0.859287 0.511494 0
    outer loop
      vertex -3.67494 2.19148 2
      vertex -3.57811 2.02881 2.9999
      vertex -3.57811 2.02881 2
    endloop
  endfacet
  facet normal 0.648705 0.76104 -0
    outer loop
      vertex -3.67494 2.19148 2
      vertex -3.81538 2.31119 2.9999
      vertex -3.67494 2.19148 2.9999
    endloop
  endfacet
  facet normal 0.648705 0.76104 0
    outer loop
      vertex -3.81538 2.31119 2.9999
      vertex -3.67494 2.19148 2
      vertex -3.81538 2.31119 2
    endloop
  endfacet
  facet normal 0.36497 0.931019 -0
    outer loop
      vertex -3.81538 2.31119 2
      vertex -4.00864 2.38695 2.9999
      vertex -3.81538 2.31119 2.9999
    endloop
  endfacet
  facet normal 0.36497 0.931019 0
    outer loop
      vertex -4.00864 2.38695 2.9999
      vertex -3.81538 2.31119 2
      vertex -4.00864 2.38695 2
    endloop
  endfacet
  facet normal 0.119883 0.992788 -0
    outer loop
      vertex -4.00864 2.38695 2
      vertex -4.26387 2.41777 2.9999
      vertex -4.00864 2.38695 2.9999
    endloop
  endfacet
  facet normal 0.119883 0.992788 0
    outer loop
      vertex -4.26387 2.41777 2.9999
      vertex -4.00864 2.38695 2
      vertex -4.26387 2.41777 2
    endloop
  endfacet
  facet normal -0.0812149 0.996697 0
    outer loop
      vertex -4.26387 2.41777 2
      vertex -4.29271 2.41542 2.9999
      vertex -4.26387 2.41777 2.9999
    endloop
  endfacet
  facet normal -0.0812149 0.996697 0
    outer loop
      vertex -4.29271 2.41542 2.9999
      vertex -4.26387 2.41777 2
      vertex -4.29271 2.41542 2
    endloop
  endfacet
  facet normal -0.302364 0.953193 0
    outer loop
      vertex -4.29271 2.41542 2
      vertex -4.31566 2.40814 2.9999
      vertex -4.29271 2.41542 2.9999
    endloop
  endfacet
  facet normal -0.302364 0.953193 0
    outer loop
      vertex -4.31566 2.40814 2.9999
      vertex -4.29271 2.41542 2
      vertex -4.31566 2.40814 2
    endloop
  endfacet
  facet normal -0.570276 0.821453 0
    outer loop
      vertex -4.31566 2.40814 2
      vertex -4.33368 2.39563 2.9999
      vertex -4.31566 2.40814 2.9999
    endloop
  endfacet
  facet normal -0.570276 0.821453 0
    outer loop
      vertex -4.33368 2.39563 2.9999
      vertex -4.31566 2.40814 2
      vertex -4.33368 2.39563 2
    endloop
  endfacet
  facet normal -0.788883 0.614544 0
    outer loop
      vertex -4.34778 2.37753 2
      vertex -4.33368 2.39563 2.9999
      vertex -4.33368 2.39563 2
    endloop
  endfacet
  facet normal -0.788883 0.614544 0
    outer loop
      vertex -4.33368 2.39563 2.9999
      vertex -4.34778 2.37753 2
      vertex -4.34778 2.37753 2.9999
    endloop
  endfacet
  facet normal -0.906772 0.421622 0
    outer loop
      vertex -4.35893 2.35355 2
      vertex -4.34778 2.37753 2.9999
      vertex -4.34778 2.37753 2
    endloop
  endfacet
  facet normal -0.906772 0.421622 0
    outer loop
      vertex -4.34778 2.37753 2.9999
      vertex -4.35893 2.35355 2
      vertex -4.35893 2.35355 2.9999
    endloop
  endfacet
  facet normal -0.956766 0.290859 0
    outer loop
      vertex -4.36812 2.32332 2
      vertex -4.35893 2.35355 2.9999
      vertex -4.35893 2.35355 2
    endloop
  endfacet
  facet normal -0.956766 0.290859 0
    outer loop
      vertex -4.35893 2.35355 2.9999
      vertex -4.36812 2.32332 2
      vertex -4.36812 2.32332 2.9999
    endloop
  endfacet
  facet normal -0.975955 0.21797 0
    outer loop
      vertex -4.37633 2.28656 2
      vertex -4.36812 2.32332 2.9999
      vertex -4.36812 2.32332 2
    endloop
  endfacet
  facet normal -0.975955 0.21797 0
    outer loop
      vertex -4.36812 2.32332 2.9999
      vertex -4.37633 2.28656 2
      vertex -4.37633 2.28656 2.9999
    endloop
  endfacet
  facet normal -0.992515 0.122121 0
    outer loop
      vertex -4.46973 1.52747 2
      vertex -4.37633 2.28656 2.9999
      vertex -4.37633 2.28656 2
    endloop
  endfacet
  facet normal -0.992515 0.122121 0
    outer loop
      vertex -4.37633 2.28656 2.9999
      vertex -4.46973 1.52747 2
      vertex -4.46973 1.52747 2.9999
    endloop
  endfacet
  facet normal -0.993837 0.110851 0
    outer loop
      vertex -4.5428 0.87236 2
      vertex -4.46973 1.52747 2.9999
      vertex -4.46973 1.52747 2
    endloop
  endfacet
  facet normal -0.993837 0.110851 0
    outer loop
      vertex -4.46973 1.52747 2.9999
      vertex -4.5428 0.87236 2
      vertex -4.5428 0.87236 2.9999
    endloop
  endfacet
  facet normal -0.995019 0.0996855 0
    outer loop
      vertex -4.59818 0.31958 2
      vertex -4.5428 0.87236 2.9999
      vertex -4.5428 0.87236 2
    endloop
  endfacet
  facet normal -0.995019 0.0996855 0
    outer loop
      vertex -4.5428 0.87236 2.9999
      vertex -4.59818 0.31958 2
      vertex -4.59818 0.31958 2.9999
    endloop
  endfacet
  facet normal -0.996054 0.0887522 0
    outer loop
      vertex -4.63846 -0.132477 2
      vertex -4.59818 0.31958 2.9999
      vertex -4.59818 0.31958 2
    endloop
  endfacet
  facet normal -0.996054 0.0887522 0
    outer loop
      vertex -4.59818 0.31958 2.9999
      vertex -4.63846 -0.132477 2
      vertex -4.63846 -0.132477 2.9999
    endloop
  endfacet
  facet normal -0.996907 0.0785887 0
    outer loop
      vertex -4.66629 -0.485504 2
      vertex -4.63846 -0.132477 2.9999
      vertex -4.63846 -0.132477 2
    endloop
  endfacet
  facet normal -0.996907 0.0785887 0
    outer loop
      vertex -4.63846 -0.132477 2.9999
      vertex -4.66629 -0.485504 2
      vertex -4.66629 -0.485504 2.9999
    endloop
  endfacet
  facet normal -0.997527 0.0702874 0
    outer loop
      vertex -4.6843 -0.741104 2
      vertex -4.66629 -0.485504 2.9999
      vertex -4.66629 -0.485504 2
    endloop
  endfacet
  facet normal -0.997527 0.0702874 0
    outer loop
      vertex -4.66629 -0.485504 2.9999
      vertex -4.6843 -0.741104 2
      vertex -4.6843 -0.741104 2.9999
    endloop
  endfacet
  facet normal -0.997737 0.0672421 0
    outer loop
      vertex -4.69507 -0.900909 2
      vertex -4.6843 -0.741104 2.9999
      vertex -4.6843 -0.741104 2
    endloop
  endfacet
  facet normal -0.997737 0.0672421 0
    outer loop
      vertex -4.6843 -0.741104 2.9999
      vertex -4.69507 -0.900909 2
      vertex -4.69507 -0.900909 2.9999
    endloop
  endfacet
  facet normal -0.999194 0.0401525 0
    outer loop
      vertex -4.71001 -1.27269 2
      vertex -4.69507 -0.900909 2.9999
      vertex -4.69507 -0.900909 2
    endloop
  endfacet
  facet normal -0.999194 0.0401525 0
    outer loop
      vertex -4.69507 -0.900909 2.9999
      vertex -4.71001 -1.27269 2
      vertex -4.71001 -1.27269 2.9999
    endloop
  endfacet
  facet normal -0.999024 0.0441787 0
    outer loop
      vertex -4.73297 -1.79189 2
      vertex -4.71001 -1.27269 2.9999
      vertex -4.71001 -1.27269 2
    endloop
  endfacet
  facet normal -0.999024 0.0441787 0
    outer loop
      vertex -4.71001 -1.27269 2.9999
      vertex -4.73297 -1.79189 2
      vertex -4.73297 -1.79189 2.9999
    endloop
  endfacet
  facet normal -0.999294 0.0375772 0
    outer loop
      vertex -4.74103 -2.00623 2
      vertex -4.73297 -1.79189 2.9999
      vertex -4.73297 -1.79189 2
    endloop
  endfacet
  facet normal -0.999294 0.0375772 0
    outer loop
      vertex -4.73297 -1.79189 2.9999
      vertex -4.74103 -2.00623 2
      vertex -4.74103 -2.00623 2.9999
    endloop
  endfacet
  facet normal -0.999685 0.0250839 0
    outer loop
      vertex -4.74677 -2.23499 2
      vertex -4.74103 -2.00623 2.9999
      vertex -4.74103 -2.00623 2
    endloop
  endfacet
  facet normal -0.999685 0.0250839 0
    outer loop
      vertex -4.74103 -2.00623 2.9999
      vertex -4.74677 -2.23499 2
      vertex -4.74677 -2.23499 2.9999
    endloop
  endfacet
  facet normal -0.999923 0.0124335 0
    outer loop
      vertex -4.75021 -2.51164 2
      vertex -4.74677 -2.23499 2.9999
      vertex -4.74677 -2.23499 2
    endloop
  endfacet
  facet normal -0.999923 0.0124335 0
    outer loop
      vertex -4.74677 -2.23499 2.9999
      vertex -4.75021 -2.51164 2
      vertex -4.75021 -2.51164 2.9999
    endloop
  endfacet
  facet normal -0.999995 0.00321254 0
    outer loop
      vertex -4.75136 -2.86961 2
      vertex -4.75021 -2.51164 2.9999
      vertex -4.75021 -2.51164 2
    endloop
  endfacet
  facet normal -0.999995 0.00321254 0
    outer loop
      vertex -4.75021 -2.51164 2.9999
      vertex -4.75136 -2.86961 2
      vertex -4.75136 -2.86961 2.9999
    endloop
  endfacet
  facet normal -0.992146 -0.125088 0
    outer loop
      vertex -4.73747 -2.97978 2
      vertex -4.75136 -2.86961 2.9999
      vertex -4.75136 -2.86961 2
    endloop
  endfacet
  facet normal -0.992146 -0.125088 0
    outer loop
      vertex -4.75136 -2.86961 2.9999
      vertex -4.73747 -2.97978 2
      vertex -4.73747 -2.97978 2.9999
    endloop
  endfacet
  facet normal -0.98631 -0.164902 0
    outer loop
      vertex -4.71143 -3.13553 2
      vertex -4.73747 -2.97978 2.9999
      vertex -4.73747 -2.97978 2
    endloop
  endfacet
  facet normal -0.98631 -0.164902 0
    outer loop
      vertex -4.73747 -2.97978 2.9999
      vertex -4.71143 -3.13553 2
      vertex -4.71143 -3.13553 2.9999
    endloop
  endfacet
  facet normal -0.977612 -0.210417 0
    outer loop
      vertex -4.67261 -3.31589 2
      vertex -4.71143 -3.13553 2.9999
      vertex -4.71143 -3.13553 2
    endloop
  endfacet
  facet normal -0.977612 -0.210417 0
    outer loop
      vertex -4.71143 -3.13553 2.9999
      vertex -4.67261 -3.31589 2
      vertex -4.67261 -3.31589 2.9999
    endloop
  endfacet
  facet normal -0.96191 -0.273367 0
    outer loop
      vertex -4.62033 -3.49985 2
      vertex -4.67261 -3.31589 2.9999
      vertex -4.67261 -3.31589 2
    endloop
  endfacet
  facet normal -0.96191 -0.273367 0
    outer loop
      vertex -4.67261 -3.31589 2.9999
      vertex -4.62033 -3.49985 2
      vertex -4.62033 -3.49985 2.9999
    endloop
  endfacet
  facet normal -0.92898 -0.370131 0
    outer loop
      vertex -4.55396 -3.66643 2
      vertex -4.62033 -3.49985 2.9999
      vertex -4.62033 -3.49985 2
    endloop
  endfacet
  facet normal -0.92898 -0.370131 0
    outer loop
      vertex -4.62033 -3.49985 2.9999
      vertex -4.55396 -3.66643 2
      vertex -4.55396 -3.66643 2.9999
    endloop
  endfacet
  facet normal -0.845075 -0.534647 0
    outer loop
      vertex -4.47284 -3.79465 2
      vertex -4.55396 -3.66643 2.9999
      vertex -4.55396 -3.66643 2
    endloop
  endfacet
  facet normal -0.845075 -0.534647 0
    outer loop
      vertex -4.55396 -3.66643 2.9999
      vertex -4.47284 -3.79465 2
      vertex -4.47284 -3.79465 2.9999
    endloop
  endfacet
  facet normal -0.580703 -0.814115 0
    outer loop
      vertex -4.47284 -3.79465 2
      vertex -4.37633 -3.86349 2.9999
      vertex -4.47284 -3.79465 2.9999
    endloop
  endfacet
  facet normal -0.580703 -0.814115 -0
    outer loop
      vertex -4.37633 -3.86349 2.9999
      vertex -4.47284 -3.79465 2
      vertex -4.37633 -3.86349 2
    endloop
  endfacet
  facet normal -0.329933 -0.944004 0
    outer loop
      vertex -4.37633 -3.86349 2
      vertex -4.30789 -3.88741 2.9999
      vertex -4.37633 -3.86349 2.9999
    endloop
  endfacet
  facet normal -0.329933 -0.944004 -0
    outer loop
      vertex -4.30789 -3.88741 2.9999
      vertex -4.37633 -3.86349 2
      vertex -4.30789 -3.88741 2
    endloop
  endfacet
  facet normal -0.292374 -0.956304 0
    outer loop
      vertex -4.30789 -3.88741 2
      vertex -4.23289 -3.91034 2.9999
      vertex -4.30789 -3.88741 2.9999
    endloop
  endfacet
  facet normal -0.292374 -0.956304 -0
    outer loop
      vertex -4.23289 -3.91034 2.9999
      vertex -4.30789 -3.88741 2
      vertex -4.23289 -3.91034 2
    endloop
  endfacet
  facet normal -0.257084 -0.966389 0
    outer loop
      vertex -4.23289 -3.91034 2
      vertex -4.15395 -3.93134 2.9999
      vertex -4.23289 -3.91034 2.9999
    endloop
  endfacet
  facet normal -0.257084 -0.966389 -0
    outer loop
      vertex -4.15395 -3.93134 2.9999
      vertex -4.23289 -3.91034 2
      vertex -4.15395 -3.93134 2
    endloop
  endfacet
  facet normal -0.219208 -0.975678 0
    outer loop
      vertex -4.15395 -3.93134 2
      vertex -4.0737 -3.94937 2.9999
      vertex -4.15395 -3.93134 2.9999
    endloop
  endfacet
  facet normal -0.219208 -0.975678 -0
    outer loop
      vertex -4.0737 -3.94937 2.9999
      vertex -4.15395 -3.93134 2
      vertex -4.0737 -3.94937 2
    endloop
  endfacet
  facet normal -0.175812 -0.984424 0
    outer loop
      vertex -4.0737 -3.94937 2
      vertex -3.99475 -3.96347 2.9999
      vertex -4.0737 -3.94937 2.9999
    endloop
  endfacet
  facet normal -0.175812 -0.984424 -0
    outer loop
      vertex -3.99475 -3.96347 2.9999
      vertex -4.0737 -3.94937 2
      vertex -3.99475 -3.96347 2
    endloop
  endfacet
  facet normal -0.121624 -0.992576 0
    outer loop
      vertex -3.99475 -3.96347 2
      vertex -3.91975 -3.97266 2.9999
      vertex -3.99475 -3.96347 2.9999
    endloop
  endfacet
  facet normal -0.121624 -0.992576 -0
    outer loop
      vertex -3.91975 -3.97266 2.9999
      vertex -3.99475 -3.96347 2
      vertex -3.91975 -3.97266 2
    endloop
  endfacet
  facet normal -0.0480229 -0.998846 0
    outer loop
      vertex -3.91975 -3.97266 2
      vertex -3.85132 -3.97595 2.9999
      vertex -3.91975 -3.97266 2.9999
    endloop
  endfacet
  facet normal -0.0480229 -0.998846 -0
    outer loop
      vertex -3.85132 -3.97595 2.9999
      vertex -3.91975 -3.97266 2
      vertex -3.85132 -3.97595 2
    endloop
  endfacet
  facet normal 0.113882 -0.993494 0
    outer loop
      vertex -3.85132 -3.97595 2
      vertex -3.67152 -3.95534 2.9999
      vertex -3.85132 -3.97595 2.9999
    endloop
  endfacet
  facet normal 0.113882 -0.993494 0
    outer loop
      vertex -3.67152 -3.95534 2.9999
      vertex -3.85132 -3.97595 2
      vertex -3.67152 -3.95534 2
    endloop
  endfacet
  facet normal 0.257711 -0.966222 0
    outer loop
      vertex 12.2177 -4.26347 2
      vertex 12.7198 -4.12955 2.9999
      vertex 12.2177 -4.26347 2.9999
    endloop
  endfacet
  facet normal 0.257711 -0.966222 0
    outer loop
      vertex 12.7198 -4.12955 2.9999
      vertex 12.2177 -4.26347 2
      vertex 12.7198 -4.12955 2
    endloop
  endfacet
  facet normal 0.380436 -0.924807 0
    outer loop
      vertex 12.7198 -4.12955 2
      vertex 13.1913 -3.93559 2.9999
      vertex 12.7198 -4.12955 2.9999
    endloop
  endfacet
  facet normal 0.380436 -0.924807 0
    outer loop
      vertex 13.1913 -3.93559 2.9999
      vertex 12.7198 -4.12955 2
      vertex 13.1913 -3.93559 2
    endloop
  endfacet
  facet normal 0.47044 -0.882432 0
    outer loop
      vertex 13.1913 -3.93559 2
      vertex 13.6228 -3.70555 2.9999
      vertex 13.1913 -3.93559 2.9999
    endloop
  endfacet
  facet normal 0.47044 -0.882432 0
    outer loop
      vertex 13.6228 -3.70555 2.9999
      vertex 13.1913 -3.93559 2
      vertex 13.6228 -3.70555 2
    endloop
  endfacet
  facet normal 0.535457 -0.844562 0
    outer loop
      vertex 13.6228 -3.70555 2
      vertex 14.0048 -3.46336 2.9999
      vertex 13.6228 -3.70555 2.9999
    endloop
  endfacet
  facet normal 0.535457 -0.844562 0
    outer loop
      vertex 14.0048 -3.46336 2.9999
      vertex 13.6228 -3.70555 2
      vertex 14.0048 -3.46336 2
    endloop
  endfacet
  facet normal 0.580647 -0.814156 0
    outer loop
      vertex 14.0048 -3.46336 2
      vertex 14.3278 -3.233 2.9999
      vertex 14.0048 -3.46336 2.9999
    endloop
  endfacet
  facet normal 0.580647 -0.814156 0
    outer loop
      vertex 14.3278 -3.233 2.9999
      vertex 14.0048 -3.46336 2
      vertex 14.3278 -3.233 2
    endloop
  endfacet
  facet normal 0.60769 -0.794174 0
    outer loop
      vertex 14.3278 -3.233 2
      vertex 14.6179 -3.01102 2.9999
      vertex 14.3278 -3.233 2.9999
    endloop
  endfacet
  facet normal 0.60769 -0.794174 0
    outer loop
      vertex 14.6179 -3.01102 2.9999
      vertex 14.3278 -3.233 2
      vertex 14.6179 -3.01102 2
    endloop
  endfacet
  facet normal 0.769736 -0.638363 0
    outer loop
      vertex 14.6179 -3.01102 2.9999
      vertex 14.6455 -2.97774 2
      vertex 14.6455 -2.97774 2.9999
    endloop
  endfacet
  facet normal 0.769736 -0.638363 0
    outer loop
      vertex 14.6455 -2.97774 2
      vertex 14.6179 -3.01102 2.9999
      vertex 14.6179 -3.01102 2
    endloop
  endfacet
  facet normal 0.883107 -0.469172 0
    outer loop
      vertex 14.6455 -2.97774 2.9999
      vertex 14.6658 -2.93953 2
      vertex 14.6658 -2.93953 2.9999
    endloop
  endfacet
  facet normal 0.883107 -0.469172 0
    outer loop
      vertex 14.6658 -2.93953 2
      vertex 14.6455 -2.97774 2.9999
      vertex 14.6455 -2.97774 2
    endloop
  endfacet
  facet normal 0.948368 -0.317172 0
    outer loop
      vertex 14.6658 -2.93953 2.9999
      vertex 14.6799 -2.89737 2
      vertex 14.6799 -2.89737 2.9999
    endloop
  endfacet
  facet normal 0.948368 -0.317172 0
    outer loop
      vertex 14.6799 -2.89737 2
      vertex 14.6658 -2.93953 2.9999
      vertex 14.6658 -2.93953 2
    endloop
  endfacet
  facet normal 0.981499 -0.191469 0
    outer loop
      vertex 14.6799 -2.89737 2.9999
      vertex 14.6887 -2.85226 2
      vertex 14.6887 -2.85226 2.9999
    endloop
  endfacet
  facet normal 0.981499 -0.191469 0
    outer loop
      vertex 14.6887 -2.85226 2
      vertex 14.6799 -2.89737 2.9999
      vertex 14.6799 -2.89737 2
    endloop
  endfacet
  facet normal 0.995255 -0.0973044 0
    outer loop
      vertex 14.6887 -2.85226 2.9999
      vertex 14.6933 -2.80521 2
      vertex 14.6933 -2.80521 2.9999
    endloop
  endfacet
  facet normal 0.995255 -0.0973044 0
    outer loop
      vertex 14.6933 -2.80521 2
      vertex 14.6887 -2.85226 2.9999
      vertex 14.6887 -2.85226 2
    endloop
  endfacet
  facet normal 0.999634 -0.0270509 0
    outer loop
      vertex 14.6933 -2.80521 2.9999
      vertex 14.6946 -2.75717 2
      vertex 14.6946 -2.75717 2.9999
    endloop
  endfacet
  facet normal 0.999634 -0.0270509 0
    outer loop
      vertex 14.6946 -2.75717 2
      vertex 14.6933 -2.80521 2.9999
      vertex 14.6933 -2.80521 2
    endloop
  endfacet
  facet normal 0.991568 0.129587 0
    outer loop
      vertex 14.6946 -2.75717 2.9999
      vertex 14.6805 -2.64928 2
      vertex 14.6805 -2.64928 2.9999
    endloop
  endfacet
  facet normal 0.991568 0.129587 0
    outer loop
      vertex 14.6805 -2.64928 2
      vertex 14.6946 -2.75717 2.9999
      vertex 14.6946 -2.75717 2
    endloop
  endfacet
  facet normal 0.941626 0.336661 0
    outer loop
      vertex 14.6805 -2.64928 2.9999
      vertex 14.6411 -2.53908 2
      vertex 14.6411 -2.53908 2.9999
    endloop
  endfacet
  facet normal 0.941626 0.336661 0
    outer loop
      vertex 14.6411 -2.53908 2
      vertex 14.6805 -2.64928 2.9999
      vertex 14.6805 -2.64928 2
    endloop
  endfacet
  facet normal 0.869143 0.494561 0
    outer loop
      vertex 14.6411 -2.53908 2.9999
      vertex 14.581 -2.43346 2
      vertex 14.581 -2.43346 2.9999
    endloop
  endfacet
  facet normal 0.869143 0.494561 0
    outer loop
      vertex 14.581 -2.43346 2
      vertex 14.6411 -2.53908 2.9999
      vertex 14.6411 -2.53908 2
    endloop
  endfacet
  facet normal 0.777716 0.628616 0
    outer loop
      vertex 14.581 -2.43346 2.9999
      vertex 14.5049 -2.33931 2
      vertex 14.5049 -2.33931 2.9999
    endloop
  endfacet
  facet normal 0.777716 0.628616 0
    outer loop
      vertex 14.5049 -2.33931 2
      vertex 14.581 -2.43346 2.9999
      vertex 14.581 -2.43346 2
    endloop
  endfacet
  facet normal 0.654289 0.756244 -0
    outer loop
      vertex 14.5049 -2.33931 2
      vertex 14.4173 -2.26352 2.9999
      vertex 14.5049 -2.33931 2.9999
    endloop
  endfacet
  facet normal 0.654289 0.756244 0
    outer loop
      vertex 14.4173 -2.26352 2.9999
      vertex 14.5049 -2.33931 2
      vertex 14.4173 -2.26352 2
    endloop
  endfacet
  facet normal 0.47146 0.881888 -0
    outer loop
      vertex 14.4173 -2.26352 2
      vertex 14.3228 -2.213 2.9999
      vertex 14.4173 -2.26352 2.9999
    endloop
  endfacet
  facet normal 0.47146 0.881888 0
    outer loop
      vertex 14.3228 -2.213 2.9999
      vertex 14.4173 -2.26352 2
      vertex 14.3228 -2.213 2
    endloop
  endfacet
  facet normal 0.186259 0.982501 -0
    outer loop
      vertex 14.3228 -2.213 2
      vertex 14.2259 -2.19463 2.9999
      vertex 14.3228 -2.213 2.9999
    endloop
  endfacet
  facet normal 0.186259 0.982501 0
    outer loop
      vertex 14.2259 -2.19463 2.9999
      vertex 14.3228 -2.213 2
      vertex 14.2259 -2.19463 2
    endloop
  endfacet
  facet normal -0.012933 0.999916 0
    outer loop
      vertex 14.2259 -2.19463 2
      vertex 14.1424 -2.19571 2.9999
      vertex 14.2259 -2.19463 2.9999
    endloop
  endfacet
  facet normal -0.012933 0.999916 0
    outer loop
      vertex 14.1424 -2.19571 2.9999
      vertex 14.2259 -2.19463 2
      vertex 14.1424 -2.19571 2
    endloop
  endfacet
  facet normal -0.0347076 0.999398 0
    outer loop
      vertex 14.1424 -2.19571 2
      vertex 14.054 -2.19878 2.9999
      vertex 14.1424 -2.19571 2.9999
    endloop
  endfacet
  facet normal -0.0347076 0.999398 0
    outer loop
      vertex 14.054 -2.19878 2.9999
      vertex 14.1424 -2.19571 2
      vertex 14.054 -2.19878 2
    endloop
  endfacet
  facet normal -0.0514106 0.998678 0
    outer loop
      vertex 14.054 -2.19878 2
      vertex 13.9627 -2.20348 2.9999
      vertex 14.054 -2.19878 2.9999
    endloop
  endfacet
  facet normal -0.0514106 0.998678 0
    outer loop
      vertex 13.9627 -2.20348 2.9999
      vertex 14.054 -2.19878 2
      vertex 13.9627 -2.20348 2
    endloop
  endfacet
  facet normal -0.0650838 0.99788 0
    outer loop
      vertex 13.9627 -2.20348 2
      vertex 13.8704 -2.2095 2.9999
      vertex 13.9627 -2.20348 2.9999
    endloop
  endfacet
  facet normal -0.0650838 0.99788 0
    outer loop
      vertex 13.8704 -2.2095 2.9999
      vertex 13.9627 -2.20348 2
      vertex 13.8704 -2.2095 2
    endloop
  endfacet
  facet normal -0.0764713 0.997072 0
    outer loop
      vertex 13.8704 -2.2095 2
      vertex 13.779 -2.21651 2.9999
      vertex 13.8704 -2.2095 2.9999
    endloop
  endfacet
  facet normal -0.0764713 0.997072 0
    outer loop
      vertex 13.779 -2.21651 2.9999
      vertex 13.8704 -2.2095 2
      vertex 13.779 -2.21651 2
    endloop
  endfacet
  facet normal -0.0864251 0.996258 0
    outer loop
      vertex 13.779 -2.21651 2
      vertex 13.6907 -2.22417 2.9999
      vertex 13.779 -2.21651 2.9999
    endloop
  endfacet
  facet normal -0.0864251 0.996258 0
    outer loop
      vertex 13.6907 -2.22417 2.9999
      vertex 13.779 -2.21651 2
      vertex 13.6907 -2.22417 2
    endloop
  endfacet
  facet normal -0.0951354 0.995464 0
    outer loop
      vertex 13.6907 -2.22417 2
      vertex 13.6072 -2.23215 2.9999
      vertex 13.6907 -2.22417 2.9999
    endloop
  endfacet
  facet normal -0.0951354 0.995464 0
    outer loop
      vertex 13.6072 -2.23215 2.9999
      vertex 13.6907 -2.22417 2
      vertex 13.6072 -2.23215 2
    endloop
  endfacet
  facet normal -0.106945 0.994265 0
    outer loop
      vertex 13.6072 -2.23215 2
      vertex 13.1232 -2.28421 2.9999
      vertex 13.6072 -2.23215 2.9999
    endloop
  endfacet
  facet normal -0.106945 0.994265 0
    outer loop
      vertex 13.1232 -2.28421 2.9999
      vertex 13.6072 -2.23215 2
      vertex 13.1232 -2.28421 2
    endloop
  endfacet
  facet normal -0.132994 0.991117 0
    outer loop
      vertex 13.1232 -2.28421 2
      vertex 12.7011 -2.34085 2.9999
      vertex 13.1232 -2.28421 2.9999
    endloop
  endfacet
  facet normal -0.132994 0.991117 0
    outer loop
      vertex 12.7011 -2.34085 2.9999
      vertex 13.1232 -2.28421 2
      vertex 12.7011 -2.34085 2
    endloop
  endfacet
  facet normal -0.156327 0.987705 0
    outer loop
      vertex 12.7011 -2.34085 2
      vertex 12.3433 -2.39748 2.9999
      vertex 12.7011 -2.34085 2.9999
    endloop
  endfacet
  facet normal -0.156327 0.987705 0
    outer loop
      vertex 12.3433 -2.39748 2.9999
      vertex 12.7011 -2.34085 2
      vertex 12.3433 -2.39748 2
    endloop
  endfacet
  facet normal -0.175889 0.98441 0
    outer loop
      vertex 12.3433 -2.39748 2
      vertex 12.0521 -2.44951 2.9999
      vertex 12.3433 -2.39748 2.9999
    endloop
  endfacet
  facet normal -0.175889 0.98441 0
    outer loop
      vertex 12.0521 -2.44951 2.9999
      vertex 12.3433 -2.39748 2
      vertex 12.0521 -2.44951 2
    endloop
  endfacet
  facet normal -0.189106 0.981957 0
    outer loop
      vertex 12.0521 -2.44951 2
      vertex 11.8297 -2.49234 2.9999
      vertex 12.0521 -2.44951 2.9999
    endloop
  endfacet
  facet normal -0.189106 0.981957 0
    outer loop
      vertex 11.8297 -2.49234 2.9999
      vertex 12.0521 -2.44951 2
      vertex 11.8297 -2.49234 2
    endloop
  endfacet
  facet normal -0.188925 0.981992 0
    outer loop
      vertex 11.8297 -2.49234 2
      vertex 11.6786 -2.52141 2.9999
      vertex 11.8297 -2.49234 2.9999
    endloop
  endfacet
  facet normal -0.188925 0.981992 0
    outer loop
      vertex 11.6786 -2.52141 2.9999
      vertex 11.8297 -2.49234 2
      vertex 11.6786 -2.52141 2
    endloop
  endfacet
  facet normal -0.136375 0.990657 0
    outer loop
      vertex 11.6786 -2.52141 2
      vertex 11.6008 -2.53212 2.9999
      vertex 11.6786 -2.52141 2.9999
    endloop
  endfacet
  facet normal -0.136375 0.990657 0
    outer loop
      vertex 11.6008 -2.53212 2.9999
      vertex 11.6786 -2.52141 2
      vertex 11.6008 -2.53212 2
    endloop
  endfacet
  facet normal 0.914481 -0.404629 0
    outer loop
      vertex 11.6008 -2.53212 2.9999
      vertex 11.6799 -2.35335 2
      vertex 11.6799 -2.35335 2.9999
    endloop
  endfacet
  facet normal 0.914481 -0.404629 0
    outer loop
      vertex 11.6799 -2.35335 2
      vertex 11.6008 -2.53212 2.9999
      vertex 11.6008 -2.53212 2
    endloop
  endfacet
  facet normal 0.922949 -0.384922 0
    outer loop
      vertex 11.6799 -2.35335 2.9999
      vertex 11.7557 -2.1716 2
      vertex 11.7557 -2.1716 2.9999
    endloop
  endfacet
  facet normal 0.922949 -0.384922 0
    outer loop
      vertex 11.7557 -2.1716 2
      vertex 11.6799 -2.35335 2.9999
      vertex 11.6799 -2.35335 2
    endloop
  endfacet
  facet normal 0.931457 -0.363851 0
    outer loop
      vertex 11.7557 -2.1716 2.9999
      vertex 11.8272 -1.98856 2
      vertex 11.8272 -1.98856 2.9999
    endloop
  endfacet
  facet normal 0.931457 -0.363851 0
    outer loop
      vertex 11.8272 -1.98856 2
      vertex 11.7557 -2.1716 2.9999
      vertex 11.7557 -2.1716 2
    endloop
  endfacet
  facet normal 0.940207 -0.340603 0
    outer loop
      vertex 11.8272 -1.98856 2.9999
      vertex 11.8934 -1.80582 2
      vertex 11.8934 -1.80582 2.9999
    endloop
  endfacet
  facet normal 0.940207 -0.340603 0
    outer loop
      vertex 11.8934 -1.80582 2
      vertex 11.8272 -1.98856 2.9999
      vertex 11.8272 -1.98856 2
    endloop
  endfacet
  facet normal 0.94893 -0.315488 0
    outer loop
      vertex 11.8934 -1.80582 2.9999
      vertex 11.9535 -1.62505 2
      vertex 11.9535 -1.62505 2.9999
    endloop
  endfacet
  facet normal 0.94893 -0.315488 0
    outer loop
      vertex 11.9535 -1.62505 2
      vertex 11.8934 -1.80582 2.9999
      vertex 11.8934 -1.80582 2
    endloop
  endfacet
  facet normal 0.958347 -0.285606 0
    outer loop
      vertex 11.9535 -1.62505 2.9999
      vertex 12.0063 -1.44788 2
      vertex 12.0063 -1.44788 2.9999
    endloop
  endfacet
  facet normal 0.958347 -0.285606 0
    outer loop
      vertex 12.0063 -1.44788 2
      vertex 11.9535 -1.62505 2.9999
      vertex 11.9535 -1.62505 2
    endloop
  endfacet
  facet normal 0.967965 -0.251083 0
    outer loop
      vertex 12.0063 -1.44788 2.9999
      vertex 12.0509 -1.27594 2
      vertex 12.0509 -1.27594 2.9999
    endloop
  endfacet
  facet normal 0.967965 -0.251083 0
    outer loop
      vertex 12.0509 -1.27594 2
      vertex 12.0063 -1.44788 2.9999
      vertex 12.0063 -1.44788 2
    endloop
  endfacet
  facet normal 0.865277 -0.501294 0
    outer loop
      vertex 12.0509 -1.27594 2.9999
      vertex 12.067 -1.24815 2
      vertex 12.067 -1.24815 2.9999
    endloop
  endfacet
  facet normal 0.865277 -0.501294 0
    outer loop
      vertex 12.067 -1.24815 2
      vertex 12.0509 -1.27594 2.9999
      vertex 12.0509 -1.27594 2
    endloop
  endfacet
  facet normal 0.777581 -0.628782 0
    outer loop
      vertex 12.067 -1.24815 2.9999
      vertex 12.0831 -1.22824 2
      vertex 12.0831 -1.22824 2.9999
    endloop
  endfacet
  facet normal 0.777581 -0.628782 0
    outer loop
      vertex 12.0831 -1.22824 2
      vertex 12.067 -1.24815 2.9999
      vertex 12.067 -1.24815 2
    endloop
  endfacet
  facet normal 0.640656 -0.767828 0
    outer loop
      vertex 12.0831 -1.22824 2
      vertex 12.0991 -1.21489 2.9999
      vertex 12.0831 -1.22824 2.9999
    endloop
  endfacet
  facet normal 0.640656 -0.767828 0
    outer loop
      vertex 12.0991 -1.21489 2.9999
      vertex 12.0831 -1.22824 2
      vertex 12.0991 -1.21489 2
    endloop
  endfacet
  facet normal 0.449432 -0.893315 0
    outer loop
      vertex 12.0991 -1.21489 2
      vertex 12.1152 -1.20679 2.9999
      vertex 12.0991 -1.21489 2.9999
    endloop
  endfacet
  facet normal 0.449432 -0.893315 0
    outer loop
      vertex 12.1152 -1.20679 2.9999
      vertex 12.0991 -1.21489 2
      vertex 12.1152 -1.20679 2
    endloop
  endfacet
  facet normal 0.249605 -0.968348 0
    outer loop
      vertex 12.1152 -1.20679 2
      vertex 12.1313 -1.20264 2.9999
      vertex 12.1152 -1.20679 2.9999
    endloop
  endfacet
  facet normal 0.249605 -0.968348 0
    outer loop
      vertex 12.1313 -1.20264 2.9999
      vertex 12.1152 -1.20679 2
      vertex 12.1313 -1.20264 2
    endloop
  endfacet
  facet normal 0.0951908 -0.995459 0
    outer loop
      vertex 12.1313 -1.20264 2
      vertex 12.1473 -1.20111 2.9999
      vertex 12.1313 -1.20264 2.9999
    endloop
  endfacet
  facet normal 0.0951908 -0.995459 0
    outer loop
      vertex 12.1473 -1.20111 2.9999
      vertex 12.1313 -1.20264 2
      vertex 12.1473 -1.20111 2
    endloop
  endfacet
  facet normal 0.0142843 -0.999898 0
    outer loop
      vertex 12.1473 -1.20111 2
      vertex 12.1634 -1.20088 2.9999
      vertex 12.1473 -1.20111 2.9999
    endloop
  endfacet
  facet normal 0.0142843 -0.999898 0
    outer loop
      vertex 12.1634 -1.20088 2.9999
      vertex 12.1473 -1.20111 2
      vertex 12.1634 -1.20088 2
    endloop
  endfacet
  facet normal 0.00536837 -0.999986 0
    outer loop
      vertex 12.1634 -1.20088 2
      vertex 12.5583 -1.19876 2.9999
      vertex 12.1634 -1.20088 2.9999
    endloop
  endfacet
  facet normal 0.00536837 -0.999986 0
    outer loop
      vertex 12.5583 -1.19876 2.9999
      vertex 12.1634 -1.20088 2
      vertex 12.5583 -1.19876 2
    endloop
  endfacet
  facet normal 0.015207 -0.999884 0
    outer loop
      vertex 12.5583 -1.19876 2
      vertex 12.9344 -1.19304 2.9999
      vertex 12.5583 -1.19876 2.9999
    endloop
  endfacet
  facet normal 0.015207 -0.999884 0
    outer loop
      vertex 12.9344 -1.19304 2.9999
      vertex 12.5583 -1.19876 2
      vertex 12.9344 -1.19304 2
    endloop
  endfacet
  facet normal 0.0238299 -0.999716 0
    outer loop
      vertex 12.9344 -1.19304 2
      vertex 13.2847 -1.18469 2.9999
      vertex 12.9344 -1.19304 2.9999
    endloop
  endfacet
  facet normal 0.0238299 -0.999716 0
    outer loop
      vertex 13.2847 -1.18469 2.9999
      vertex 12.9344 -1.19304 2
      vertex 13.2847 -1.18469 2
    endloop
  endfacet
  facet normal 0.0314571 -0.999505 0
    outer loop
      vertex 13.2847 -1.18469 2
      vertex 13.6018 -1.17471 2.9999
      vertex 13.2847 -1.18469 2.9999
    endloop
  endfacet
  facet normal 0.0314571 -0.999505 0
    outer loop
      vertex 13.6018 -1.17471 2.9999
      vertex 13.2847 -1.18469 2
      vertex 13.6018 -1.17471 2
    endloop
  endfacet
  facet normal 0.038447 -0.999261 0
    outer loop
      vertex 13.6018 -1.17471 2
      vertex 13.8786 -1.16406 2.9999
      vertex 13.6018 -1.17471 2.9999
    endloop
  endfacet
  facet normal 0.038447 -0.999261 0
    outer loop
      vertex 13.8786 -1.16406 2.9999
      vertex 13.6018 -1.17471 2
      vertex 13.8786 -1.16406 2
    endloop
  endfacet
  facet normal 0.0449371 -0.99899 0
    outer loop
      vertex 13.8786 -1.16406 2
      vertex 14.1078 -1.15375 2.9999
      vertex 13.8786 -1.16406 2.9999
    endloop
  endfacet
  facet normal 0.0449371 -0.99899 0
    outer loop
      vertex 14.1078 -1.15375 2.9999
      vertex 13.8786 -1.16406 2
      vertex 14.1078 -1.15375 2
    endloop
  endfacet
  facet normal 0.0516511 -0.998665 0
    outer loop
      vertex 14.1078 -1.15375 2
      vertex 14.2822 -1.14473 2.9999
      vertex 14.1078 -1.15375 2.9999
    endloop
  endfacet
  facet normal 0.0516511 -0.998665 0
    outer loop
      vertex 14.2822 -1.14473 2.9999
      vertex 14.1078 -1.15375 2
      vertex 14.2822 -1.14473 2
    endloop
  endfacet
  facet normal 0.335154 -0.942164 0
    outer loop
      vertex 14.2822 -1.14473 2
      vertex 14.3468 -1.12175 2.9999
      vertex 14.2822 -1.14473 2.9999
    endloop
  endfacet
  facet normal 0.335154 -0.942164 0
    outer loop
      vertex 14.3468 -1.12175 2.9999
      vertex 14.2822 -1.14473 2
      vertex 14.3468 -1.12175 2
    endloop
  endfacet
  facet normal 0.693534 -0.720424 0
    outer loop
      vertex 14.3468 -1.12175 2
      vertex 14.3969 -1.07352 2.9999
      vertex 14.3468 -1.12175 2.9999
    endloop
  endfacet
  facet normal 0.693534 -0.720424 0
    outer loop
      vertex 14.3969 -1.07352 2.9999
      vertex 14.3468 -1.12175 2
      vertex 14.3969 -1.07352 2
    endloop
  endfacet
  facet normal 0.872452 -0.488699 0
    outer loop
      vertex 14.3969 -1.07352 2.9999
      vertex 14.4342 -1.00693 2
      vertex 14.4342 -1.00693 2.9999
    endloop
  endfacet
  facet normal 0.872452 -0.488699 0
    outer loop
      vertex 14.4342 -1.00693 2
      vertex 14.3969 -1.07352 2.9999
      vertex 14.3969 -1.07352 2
    endloop
  endfacet
  facet normal 0.948052 -0.318114 0
    outer loop
      vertex 14.4342 -1.00693 2.9999
      vertex 14.4604 -0.928848 2
      vertex 14.4604 -0.928848 2.9999
    endloop
  endfacet
  facet normal 0.948052 -0.318114 0
    outer loop
      vertex 14.4604 -0.928848 2
      vertex 14.4342 -1.00693 2.9999
      vertex 14.4342 -1.00693 2
    endloop
  endfacet
  facet normal 0.980431 -0.196864 0
    outer loop
      vertex 14.4604 -0.928848 2.9999
      vertex 14.477 -0.846176 2
      vertex 14.477 -0.846176 2.9999
    endloop
  endfacet
  facet normal 0.980431 -0.196864 0
    outer loop
      vertex 14.477 -0.846176 2
      vertex 14.4604 -0.928848 2.9999
      vertex 14.4604 -0.928848 2
    endloop
  endfacet
  facet normal 0.994059 -0.108846 0
    outer loop
      vertex 14.477 -0.846176 2.9999
      vertex 14.4858 -0.765808 2
      vertex 14.4858 -0.765808 2.9999
    endloop
  endfacet
  facet normal 0.994059 -0.108846 0
    outer loop
      vertex 14.4858 -0.765808 2
      vertex 14.477 -0.846176 2.9999
      vertex 14.477 -0.846176 2
    endloop
  endfacet
  facet normal 0.999333 -0.0365094 0
    outer loop
      vertex 14.4858 -0.765808 2.9999
      vertex 14.4884 -0.694641 2
      vertex 14.4884 -0.694641 2.9999
    endloop
  endfacet
  facet normal 0.999333 -0.0365094 0
    outer loop
      vertex 14.4884 -0.694641 2
      vertex 14.4858 -0.765808 2.9999
      vertex 14.4858 -0.765808 2
    endloop
  endfacet
  facet normal 0.999832 0.0183287 0
    outer loop
      vertex 14.4884 -0.694641 2.9999
      vertex 14.487 -0.618271 2
      vertex 14.487 -0.618271 2.9999
    endloop
  endfacet
  facet normal 0.999832 0.0183287 0
    outer loop
      vertex 14.487 -0.618271 2
      vertex 14.4884 -0.694641 2.9999
      vertex 14.4884 -0.694641 2
    endloop
  endfacet
  facet normal 0.998507 0.0546229 0
    outer loop
      vertex 14.487 -0.618271 2.9999
      vertex 14.4825 -0.536011 2
      vertex 14.4825 -0.536011 2.9999
    endloop
  endfacet
  facet normal 0.998507 0.0546229 0
    outer loop
      vertex 14.4825 -0.536011 2
      vertex 14.487 -0.618271 2.9999
      vertex 14.487 -0.618271 2
    endloop
  endfacet
  facet normal 0.994546 0.104294 0
    outer loop
      vertex 14.4825 -0.536011 2.9999
      vertex 14.4736 -0.451141 2
      vertex 14.4736 -0.451141 2.9999
    endloop
  endfacet
  facet normal 0.994546 0.104294 0
    outer loop
      vertex 14.4736 -0.451141 2
      vertex 14.4825 -0.536011 2.9999
      vertex 14.4825 -0.536011 2
    endloop
  endfacet
  facet normal 0.986276 0.165105 0
    outer loop
      vertex 14.4736 -0.451141 2.9999
      vertex 14.4595 -0.366913 2
      vertex 14.4595 -0.366913 2.9999
    endloop
  endfacet
  facet normal 0.986276 0.165105 0
    outer loop
      vertex 14.4595 -0.366913 2
      vertex 14.4736 -0.451141 2.9999
      vertex 14.4736 -0.451141 2
    endloop
  endfacet
  facet normal 0.969483 0.245158 0
    outer loop
      vertex 14.4595 -0.366913 2.9999
      vertex 14.4392 -0.286636 2
      vertex 14.4392 -0.286636 2.9999
    endloop
  endfacet
  facet normal 0.969483 0.245158 0
    outer loop
      vertex 14.4392 -0.286636 2
      vertex 14.4595 -0.366913 2.9999
      vertex 14.4595 -0.366913 2
    endloop
  endfacet
  facet normal 0.935496 0.353336 0
    outer loop
      vertex 14.4392 -0.286636 2.9999
      vertex 14.4116 -0.213562 2
      vertex 14.4116 -0.213562 2.9999
    endloop
  endfacet
  facet normal 0.935496 0.353336 0
    outer loop
      vertex 14.4116 -0.213562 2
      vertex 14.4392 -0.286636 2.9999
      vertex 14.4392 -0.286636 2
    endloop
  endfacet
  facet normal 0.868588 0.495535 0
    outer loop
      vertex 14.4116 -0.213562 2.9999
      vertex 14.3759 -0.150986 2
      vertex 14.3759 -0.150986 2.9999
    endloop
  endfacet
  facet normal 0.868588 0.495535 0
    outer loop
      vertex 14.3759 -0.150986 2
      vertex 14.4116 -0.213562 2.9999
      vertex 14.4116 -0.213562 2
    endloop
  endfacet
  facet normal 0.141556 0.98993 -0
    outer loop
      vertex 14.3759 -0.150986 2
      vertex 14.1135 -0.113464 2.9999
      vertex 14.3759 -0.150986 2.9999
    endloop
  endfacet
  facet normal 0.141556 0.98993 0
    outer loop
      vertex 14.1135 -0.113464 2.9999
      vertex 14.3759 -0.150986 2
      vertex 14.1135 -0.113464 2
    endloop
  endfacet
  facet normal 0 1 -0
    outer loop
      vertex 14.1135 -0.113464 2
      vertex 12.7259 -0.113464 2.9999
      vertex 14.1135 -0.113464 2.9999
    endloop
  endfacet
  facet normal 0 1 0
    outer loop
      vertex 12.7259 -0.113464 2.9999
      vertex 14.1135 -0.113464 2
      vertex 12.7259 -0.113464 2
    endloop
  endfacet
  facet normal 0.126524 0.991964 -0
    outer loop
      vertex 12.7259 -0.113464 2
      vertex 12.6753 -0.10701 2.9999
      vertex 12.7259 -0.113464 2.9999
    endloop
  endfacet
  facet normal 0.126524 0.991964 0
    outer loop
      vertex 12.6753 -0.10701 2.9999
      vertex 12.7259 -0.113464 2
      vertex 12.6753 -0.10701 2
    endloop
  endfacet
  facet normal 0.401517 0.915852 -0
    outer loop
      vertex 12.6753 -0.10701 2
      vertex 12.6351 -0.089386 2.9999
      vertex 12.6753 -0.10701 2.9999
    endloop
  endfacet
  facet normal 0.401517 0.915852 0
    outer loop
      vertex 12.6351 -0.089386 2.9999
      vertex 12.6753 -0.10701 2
      vertex 12.6351 -0.089386 2
    endloop
  endfacet
  facet normal 0.648272 0.761409 -0
    outer loop
      vertex 12.6351 -0.089386 2
      vertex 12.6044 -0.0632477 2.9999
      vertex 12.6351 -0.089386 2.9999
    endloop
  endfacet
  facet normal 0.648272 0.761409 0
    outer loop
      vertex 12.6044 -0.0632477 2.9999
      vertex 12.6351 -0.089386 2
      vertex 12.6044 -0.0632477 2
    endloop
  endfacet
  facet normal 0.8232 0.567751 0
    outer loop
      vertex 12.6044 -0.0632477 2.9999
      vertex 12.5823 -0.0312042 2
      vertex 12.5823 -0.0312042 2.9999
    endloop
  endfacet
  facet normal 0.8232 0.567751 0
    outer loop
      vertex 12.5823 -0.0312042 2
      vertex 12.6044 -0.0632477 2.9999
      vertex 12.6044 -0.0632477 2
    endloop
  endfacet
  facet normal 0.924114 0.382116 0
    outer loop
      vertex 12.5823 -0.0312042 2.9999
      vertex 12.5677 0.00410461 2
      vertex 12.5677 0.00410461 2.9999
    endloop
  endfacet
  facet normal 0.924114 0.382116 0
    outer loop
      vertex 12.5677 0.00410461 2
      vertex 12.5823 -0.0312042 2.9999
      vertex 12.5823 -0.0312042 2
    endloop
  endfacet
  facet normal 0.975544 0.219805 0
    outer loop
      vertex 12.5677 0.00410461 2.9999
      vertex 12.5596 0.0400543 2
      vertex 12.5596 0.0400543 2.9999
    endloop
  endfacet
  facet normal 0.975544 0.219805 0
    outer loop
      vertex 12.5596 0.0400543 2
      vertex 12.5677 0.00410461 2.9999
      vertex 12.5677 0.00410461 2
    endloop
  endfacet
  facet normal 0.997515 0.0704516 0
    outer loop
      vertex 12.5596 0.0400543 2.9999
      vertex 12.5572 0.0740356 2
      vertex 12.5572 0.0740356 2.9999
    endloop
  endfacet
  facet normal 0.997515 0.0704516 0
    outer loop
      vertex 12.5572 0.0740356 2
      vertex 12.5596 0.0400543 2.9999
      vertex 12.5596 0.0400543 2
    endloop
  endfacet
  facet normal 0.998972 -0.045342 0
    outer loop
      vertex 12.5572 0.0740356 2.9999
      vertex 12.5657 0.261307 2
      vertex 12.5657 0.261307 2.9999
    endloop
  endfacet
  facet normal 0.998972 -0.045342 0
    outer loop
      vertex 12.5657 0.261307 2
      vertex 12.5572 0.0740356 2.9999
      vertex 12.5572 0.0740356 2
    endloop
  endfacet
  facet normal 0.989915 -0.141662 0
    outer loop
      vertex 12.5657 0.261307 2.9999
      vertex 12.5887 0.422028 2
      vertex 12.5887 0.422028 2.9999
    endloop
  endfacet
  facet normal 0.989915 -0.141662 0
    outer loop
      vertex 12.5887 0.422028 2
      vertex 12.5657 0.261307 2.9999
      vertex 12.5657 0.261307 2
    endloop
  endfacet
  facet normal 0.970786 -0.239947 0
    outer loop
      vertex 12.5887 0.422028 2.9999
      vertex 12.6221 0.557159 2
      vertex 12.6221 0.557159 2.9999
    endloop
  endfacet
  facet normal 0.970786 -0.239947 0
    outer loop
      vertex 12.6221 0.557159 2
      vertex 12.5887 0.422028 2.9999
      vertex 12.5887 0.422028 2
    endloop
  endfacet
  facet normal 0.940324 -0.340281 0
    outer loop
      vertex 12.6221 0.557159 2.9999
      vertex 12.6621 0.667694 2
      vertex 12.6621 0.667694 2.9999
    endloop
  endfacet
  facet normal 0.940324 -0.340281 0
    outer loop
      vertex 12.6621 0.667694 2
      vertex 12.6221 0.557159 2.9999
      vertex 12.6221 0.557159 2
    endloop
  endfacet
  facet normal 0.897941 -0.440116 0
    outer loop
      vertex 12.6621 0.667694 2.9999
      vertex 12.7047 0.754608 2
      vertex 12.7047 0.754608 2.9999
    endloop
  endfacet
  facet normal 0.897941 -0.440116 0
    outer loop
      vertex 12.7047 0.754608 2
      vertex 12.6621 0.667694 2.9999
      vertex 12.6621 0.667694 2
    endloop
  endfacet
  facet normal 0.841276 -0.540605 0
    outer loop
      vertex 12.7047 0.754608 2.9999
      vertex 12.746 0.818878 2
      vertex 12.746 0.818878 2.9999
    endloop
  endfacet
  facet normal 0.841276 -0.540605 0
    outer loop
      vertex 12.746 0.818878 2
      vertex 12.7047 0.754608 2.9999
      vertex 12.7047 0.754608 2
    endloop
  endfacet
  facet normal 0.763045 -0.646345 0
    outer loop
      vertex 12.746 0.818878 2.9999
      vertex 12.7821 0.861496 2
      vertex 12.7821 0.861496 2.9999
    endloop
  endfacet
  facet normal 0.763045 -0.646345 0
    outer loop
      vertex 12.7821 0.861496 2
      vertex 12.746 0.818878 2.9999
      vertex 12.746 0.818878 2
    endloop
  endfacet
  facet normal 0.170192 -0.985411 0
    outer loop
      vertex 12.7821 0.861496 2
      vertex 12.8223 0.868439 2.9999
      vertex 12.7821 0.861496 2.9999
    endloop
  endfacet
  facet normal 0.170192 -0.985411 0
    outer loop
      vertex 12.8223 0.868439 2.9999
      vertex 12.7821 0.861496 2
      vertex 12.8223 0.868439 2
    endloop
  endfacet
  facet normal 0.12316 -0.992387 0
    outer loop
      vertex 12.8223 0.868439 2
      vertex 12.8625 0.873428 2.9999
      vertex 12.8223 0.868439 2.9999
    endloop
  endfacet
  facet normal 0.12316 -0.992387 0
    outer loop
      vertex 12.8625 0.873428 2.9999
      vertex 12.8223 0.868439 2
      vertex 12.8625 0.873428 2
    endloop
  endfacet
  facet normal 0.0824792 -0.996593 0
    outer loop
      vertex 12.8625 0.873428 2
      vertex 12.9027 0.876755 2.9999
      vertex 12.8625 0.873428 2.9999
    endloop
  endfacet
  facet normal 0.0824792 -0.996593 0
    outer loop
      vertex 12.9027 0.876755 2.9999
      vertex 12.8625 0.873428 2
      vertex 12.9027 0.876755 2
    endloop
  endfacet
  facet normal 0.0504085 -0.998729 0
    outer loop
      vertex 12.9027 0.876755 2
      vertex 12.9429 0.878784 2.9999
      vertex 12.9027 0.876755 2.9999
    endloop
  endfacet
  facet normal 0.0504085 -0.998729 0
    outer loop
      vertex 12.9429 0.878784 2.9999
      vertex 12.9027 0.876755 2
      vertex 12.9429 0.878784 2
    endloop
  endfacet
  facet normal 0.0258766 -0.999665 0
    outer loop
      vertex 12.9429 0.878784 2
      vertex 12.983 0.879822 2.9999
      vertex 12.9429 0.878784 2.9999
    endloop
  endfacet
  facet normal 0.0258766 -0.999665 0
    outer loop
      vertex 12.983 0.879822 2.9999
      vertex 12.9429 0.878784 2
      vertex 12.983 0.879822 2
    endloop
  endfacet
  facet normal 0.00947719 -0.999955 0
    outer loop
      vertex 12.983 0.879822 2
      vertex 13.0232 0.880203 2.9999
      vertex 12.983 0.879822 2.9999
    endloop
  endfacet
  facet normal 0.00947719 -0.999955 0
    outer loop
      vertex 13.0232 0.880203 2.9999
      vertex 12.983 0.879822 2
      vertex 13.0232 0.880203 2
    endloop
  endfacet
  facet normal 0.00151741 -0.999999 0
    outer loop
      vertex 13.0232 0.880203 2
      vertex 13.0634 0.880264 2.9999
      vertex 13.0232 0.880203 2.9999
    endloop
  endfacet
  facet normal 0.00151741 -0.999999 0
    outer loop
      vertex 13.0634 0.880264 2.9999
      vertex 13.0232 0.880203 2
      vertex 13.0634 0.880264 2
    endloop
  endfacet
  facet normal 0.0303207 -0.99954 0
    outer loop
      vertex 13.0634 0.880264 2
      vertex 13.2636 0.886337 2.9999
      vertex 13.0634 0.880264 2.9999
    endloop
  endfacet
  facet normal 0.0303207 -0.99954 0
    outer loop
      vertex 13.2636 0.886337 2.9999
      vertex 13.0634 0.880264 2
      vertex 13.2636 0.886337 2
    endloop
  endfacet
  facet normal 0.0194164 -0.999811 0
    outer loop
      vertex 13.2636 0.886337 2
      vertex 13.4412 0.889786 2.9999
      vertex 13.2636 0.886337 2.9999
    endloop
  endfacet
  facet normal 0.0194164 -0.999811 0
    outer loop
      vertex 13.4412 0.889786 2.9999
      vertex 13.2636 0.886337 2
      vertex 13.4412 0.889786 2
    endloop
  endfacet
  facet normal 0.0162092 -0.999869 0
    outer loop
      vertex 13.4412 0.889786 2
      vertex 13.6125 0.892563 2.9999
      vertex 13.4412 0.889786 2.9999
    endloop
  endfacet
  facet normal 0.0162092 -0.999869 0
    outer loop
      vertex 13.6125 0.892563 2.9999
      vertex 13.4412 0.889786 2
      vertex 13.6125 0.892563 2
    endloop
  endfacet
  facet normal 0.0226058 -0.999744 0
    outer loop
      vertex 13.6125 0.892563 2
      vertex 13.794 0.896667 2.9999
      vertex 13.6125 0.892563 2.9999
    endloop
  endfacet
  facet normal 0.0226058 -0.999744 0
    outer loop
      vertex 13.794 0.896667 2.9999
      vertex 13.6125 0.892563 2
      vertex 13.794 0.896667 2
    endloop
  endfacet
  facet normal 0.0354872 -0.99937 0
    outer loop
      vertex 13.794 0.896667 2
      vertex 14.002 0.904053 2.9999
      vertex 13.794 0.896667 2.9999
    endloop
  endfacet
  facet normal 0.0354872 -0.99937 0
    outer loop
      vertex 14.002 0.904053 2.9999
      vertex 13.794 0.896667 2
      vertex 14.002 0.904053 2
    endloop
  endfacet
  facet normal 0.0503106 -0.998734 0
    outer loop
      vertex 14.002 0.904053 2
      vertex 14.2531 0.916702 2.9999
      vertex 14.002 0.904053 2.9999
    endloop
  endfacet
  facet normal 0.0503106 -0.998734 0
    outer loop
      vertex 14.2531 0.916702 2.9999
      vertex 14.002 0.904053 2
      vertex 14.2531 0.916702 2
    endloop
  endfacet
  facet normal 0.0638463 -0.99796 0
    outer loop
      vertex 14.2531 0.916702 2
      vertex 14.5634 0.936554 2.9999
      vertex 14.2531 0.916702 2.9999
    endloop
  endfacet
  facet normal 0.0638463 -0.99796 0
    outer loop
      vertex 14.5634 0.936554 2.9999
      vertex 14.2531 0.916702 2
      vertex 14.5634 0.936554 2
    endloop
  endfacet
  facet normal 0.11172 -0.99374 0
    outer loop
      vertex 14.5634 0.936554 2
      vertex 14.7317 0.955475 2.9999
      vertex 14.5634 0.936554 2.9999
    endloop
  endfacet
  facet normal 0.11172 -0.99374 0
    outer loop
      vertex 14.7317 0.955475 2.9999
      vertex 14.5634 0.936554 2
      vertex 14.7317 0.955475 2
    endloop
  endfacet
  facet normal 0.199163 -0.979966 0
    outer loop
      vertex 14.7317 0.955475 2
      vertex 14.92 0.993744 2.9999
      vertex 14.7317 0.955475 2.9999
    endloop
  endfacet
  facet normal 0.199163 -0.979966 0
    outer loop
      vertex 14.92 0.993744 2.9999
      vertex 14.7317 0.955475 2
      vertex 14.92 0.993744 2
    endloop
  endfacet
  facet normal 0.271568 -0.962419 0
    outer loop
      vertex 14.92 0.993744 2
      vertex 15.1115 1.04778 2.9999
      vertex 14.92 0.993744 2.9999
    endloop
  endfacet
  facet normal 0.271568 -0.962419 0
    outer loop
      vertex 15.1115 1.04778 2.9999
      vertex 14.92 0.993744 2
      vertex 15.1115 1.04778 2
    endloop
  endfacet
  facet normal 0.348134 -0.937445 0
    outer loop
      vertex 15.1115 1.04778 2
      vertex 15.2896 1.11392 2.9999
      vertex 15.1115 1.04778 2.9999
    endloop
  endfacet
  facet normal 0.348134 -0.937445 0
    outer loop
      vertex 15.2896 1.11392 2.9999
      vertex 15.1115 1.04778 2
      vertex 15.2896 1.11392 2
    endloop
  endfacet
  facet normal 0.450735 -0.892658 0
    outer loop
      vertex 15.2896 1.11392 2
      vertex 15.4375 1.1886 2.9999
      vertex 15.2896 1.11392 2.9999
    endloop
  endfacet
  facet normal 0.450735 -0.892658 0
    outer loop
      vertex 15.4375 1.1886 2.9999
      vertex 15.2896 1.11392 2
      vertex 15.4375 1.1886 2
    endloop
  endfacet
  facet normal 0.618989 -0.7854 0
    outer loop
      vertex 15.4375 1.1886 2
      vertex 15.5385 1.2682 2.9999
      vertex 15.4375 1.1886 2.9999
    endloop
  endfacet
  facet normal 0.618989 -0.7854 0
    outer loop
      vertex 15.5385 1.2682 2.9999
      vertex 15.4375 1.1886 2
      vertex 15.5385 1.2682 2
    endloop
  endfacet
  facet normal 0.907736 -0.419542 0
    outer loop
      vertex 15.5385 1.2682 2.9999
      vertex 15.5759 1.34912 2
      vertex 15.5759 1.34912 2.9999
    endloop
  endfacet
  facet normal 0.907736 -0.419542 0
    outer loop
      vertex 15.5759 1.34912 2
      vertex 15.5385 1.2682 2.9999
      vertex 15.5385 1.2682 2
    endloop
  endfacet
  facet normal 0.985234 0.171211 0
    outer loop
      vertex 15.5759 1.34912 2.9999
      vertex 15.5515 1.48953 2
      vertex 15.5515 1.48953 2.9999
    endloop
  endfacet
  facet normal 0.985234 0.171211 0
    outer loop
      vertex 15.5515 1.48953 2
      vertex 15.5759 1.34912 2.9999
      vertex 15.5759 1.34912 2
    endloop
  endfacet
  facet normal 0.91253 0.409009 0
    outer loop
      vertex 15.5515 1.48953 2.9999
      vertex 15.4865 1.63455 2
      vertex 15.4865 1.63455 2.9999
    endloop
  endfacet
  facet normal 0.91253 0.409009 0
    outer loop
      vertex 15.4865 1.63455 2
      vertex 15.5515 1.48953 2.9999
      vertex 15.5515 1.48953 2
    endloop
  endfacet
  facet normal 0.840177 0.542312 0
    outer loop
      vertex 15.4865 1.63455 2.9999
      vertex 15.3929 1.77956 2
      vertex 15.3929 1.77956 2.9999
    endloop
  endfacet
  facet normal 0.840177 0.542312 0
    outer loop
      vertex 15.3929 1.77956 2
      vertex 15.4865 1.63455 2.9999
      vertex 15.4865 1.63455 2
    endloop
  endfacet
  facet normal 0.787195 0.616704 0
    outer loop
      vertex 15.3929 1.77956 2.9999
      vertex 15.2829 1.91997 2
      vertex 15.2829 1.91997 2.9999
    endloop
  endfacet
  facet normal 0.787195 0.616704 0
    outer loop
      vertex 15.2829 1.91997 2
      vertex 15.3929 1.77956 2.9999
      vertex 15.3929 1.77956 2
    endloop
  endfacet
  facet normal 0.754098 0.656762 0
    outer loop
      vertex 15.2829 1.91997 2.9999
      vertex 15.1686 2.05121 2
      vertex 15.1686 2.05121 2.9999
    endloop
  endfacet
  facet normal 0.754098 0.656762 0
    outer loop
      vertex 15.1686 2.05121 2
      vertex 15.2829 1.91997 2.9999
      vertex 15.2829 1.91997 2
    endloop
  endfacet
  facet normal 0.741138 0.671353 0
    outer loop
      vertex 15.1686 2.05121 2.9999
      vertex 15.0622 2.16867 2
      vertex 15.0622 2.16867 2.9999
    endloop
  endfacet
  facet normal 0.741138 0.671353 0
    outer loop
      vertex 15.0622 2.16867 2
      vertex 15.1686 2.05121 2.9999
      vertex 15.1686 2.05121 2
    endloop
  endfacet
  facet normal 0.753819 0.657082 0
    outer loop
      vertex 15.0622 2.16867 2.9999
      vertex 14.9758 2.26779 2
      vertex 14.9758 2.26779 2.9999
    endloop
  endfacet
  facet normal 0.753819 0.657082 0
    outer loop
      vertex 14.9758 2.26779 2
      vertex 15.0622 2.16867 2.9999
      vertex 15.0622 2.16867 2
    endloop
  endfacet
  facet normal 0.261396 0.965232 -0
    outer loop
      vertex 14.9758 2.26779 2
      vertex 14.8182 2.31047 2.9999
      vertex 14.9758 2.26779 2.9999
    endloop
  endfacet
  facet normal 0.261396 0.965232 0
    outer loop
      vertex 14.8182 2.31047 2.9999
      vertex 14.9758 2.26779 2
      vertex 14.8182 2.31047 2
    endloop
  endfacet
  facet normal 0.230318 0.973115 -0
    outer loop
      vertex 14.8182 2.31047 2
      vertex 14.6808 2.34299 2.9999
      vertex 14.8182 2.31047 2.9999
    endloop
  endfacet
  facet normal 0.230318 0.973115 0
    outer loop
      vertex 14.6808 2.34299 2.9999
      vertex 14.8182 2.31047 2
      vertex 14.6808 2.34299 2
    endloop
  endfacet
  facet normal 0.194065 0.980989 -0
    outer loop
      vertex 14.6808 2.34299 2
      vertex 14.5612 2.36665 2.9999
      vertex 14.6808 2.34299 2.9999
    endloop
  endfacet
  facet normal 0.194065 0.980989 0
    outer loop
      vertex 14.5612 2.36665 2.9999
      vertex 14.6808 2.34299 2
      vertex 14.5612 2.36665 2
    endloop
  endfacet
  facet normal 0.152313 0.988332 -0
    outer loop
      vertex 14.5612 2.36665 2
      vertex 14.4566 2.38277 2.9999
      vertex 14.5612 2.36665 2.9999
    endloop
  endfacet
  facet normal 0.152313 0.988332 0
    outer loop
      vertex 14.4566 2.38277 2.9999
      vertex 14.5612 2.36665 2
      vertex 14.4566 2.38277 2
    endloop
  endfacet
  facet normal 0.106876 0.994272 -0
    outer loop
      vertex 14.4566 2.38277 2
      vertex 14.3645 2.39267 2.9999
      vertex 14.4566 2.38277 2.9999
    endloop
  endfacet
  facet normal 0.106876 0.994272 0
    outer loop
      vertex 14.3645 2.39267 2.9999
      vertex 14.4566 2.38277 2
      vertex 14.3645 2.39267 2
    endloop
  endfacet
  facet normal 0.060279 0.998182 -0
    outer loop
      vertex 14.3645 2.39267 2
      vertex 14.2822 2.39764 2.9999
      vertex 14.3645 2.39267 2.9999
    endloop
  endfacet
  facet normal 0.060279 0.998182 0
    outer loop
      vertex 14.2822 2.39764 2.9999
      vertex 14.3645 2.39267 2
      vertex 14.2822 2.39764 2
    endloop
  endfacet
  facet normal 0.0183969 0.999831 -0
    outer loop
      vertex 14.2822 2.39764 2
      vertex 14.2072 2.39902 2.9999
      vertex 14.2822 2.39764 2.9999
    endloop
  endfacet
  facet normal 0.0183969 0.999831 0
    outer loop
      vertex 14.2072 2.39902 2.9999
      vertex 14.2822 2.39764 2
      vertex 14.2072 2.39902 2
    endloop
  endfacet
  facet normal -0.0302191 0.999543 0
    outer loop
      vertex 14.2072 2.39902 2
      vertex 13.5847 2.3802 2.9999
      vertex 14.2072 2.39902 2.9999
    endloop
  endfacet
  facet normal -0.0302191 0.999543 0
    outer loop
      vertex 13.5847 2.3802 2.9999
      vertex 14.2072 2.39902 2
      vertex 13.5847 2.3802 2
    endloop
  endfacet
  facet normal -0.0878791 0.996131 0
    outer loop
      vertex 13.5847 2.3802 2
      vertex 13.0295 2.33122 2.9999
      vertex 13.5847 2.3802 2.9999
    endloop
  endfacet
  facet normal -0.0878791 0.996131 0
    outer loop
      vertex 13.0295 2.33122 2.9999
      vertex 13.5847 2.3802 2
      vertex 13.0295 2.33122 2
    endloop
  endfacet
  facet normal -0.135672 0.990754 0
    outer loop
      vertex 13.0295 2.33122 2
      vertex 12.533 2.26323 2.9999
      vertex 13.0295 2.33122 2.9999
    endloop
  endfacet
  facet normal -0.135672 0.990754 0
    outer loop
      vertex 12.533 2.26323 2.9999
      vertex 13.0295 2.33122 2
      vertex 12.533 2.26323 2
    endloop
  endfacet
  facet normal -0.167557 0.985862 0
    outer loop
      vertex 12.533 2.26323 2
      vertex 12.0866 2.18736 2.9999
      vertex 12.533 2.26323 2.9999
    endloop
  endfacet
  facet normal -0.167557 0.985862 0
    outer loop
      vertex 12.0866 2.18736 2.9999
      vertex 12.533 2.26323 2
      vertex 12.0866 2.18736 2
    endloop
  endfacet
  facet normal -0.176503 0.9843 0
    outer loop
      vertex 12.0866 2.18736 2
      vertex 11.6819 2.11479 2.9999
      vertex 12.0866 2.18736 2.9999
    endloop
  endfacet
  facet normal -0.176503 0.9843 0
    outer loop
      vertex 11.6819 2.11479 2.9999
      vertex 12.0866 2.18736 2
      vertex 11.6819 2.11479 2
    endloop
  endfacet
  facet normal -0.154593 0.987978 0
    outer loop
      vertex 11.6819 2.11479 2
      vertex 11.3104 2.05666 2.9999
      vertex 11.6819 2.11479 2.9999
    endloop
  endfacet
  facet normal -0.154593 0.987978 0
    outer loop
      vertex 11.3104 2.05666 2.9999
      vertex 11.6819 2.11479 2
      vertex 11.3104 2.05666 2
    endloop
  endfacet
  facet normal -0.093394 0.995629 0
    outer loop
      vertex 11.3104 2.05666 2
      vertex 10.9634 2.02411 2.9999
      vertex 11.3104 2.05666 2.9999
    endloop
  endfacet
  facet normal -0.093394 0.995629 0
    outer loop
      vertex 10.9634 2.02411 2.9999
      vertex 11.3104 2.05666 2
      vertex 10.9634 2.02411 2
    endloop
  endfacet
  facet normal -0.0834598 0.996511 0
    outer loop
      vertex 10.9634 2.02411 2
      vertex 10.836 2.01344 2.9999
      vertex 10.9634 2.02411 2.9999
    endloop
  endfacet
  facet normal -0.0834598 0.996511 0
    outer loop
      vertex 10.836 2.01344 2.9999
      vertex 10.9634 2.02411 2
      vertex 10.836 2.01344 2
    endloop
  endfacet
  facet normal -0.156466 0.987683 0
    outer loop
      vertex 10.836 2.01344 2
      vertex 10.7273 1.99622 2.9999
      vertex 10.836 2.01344 2.9999
    endloop
  endfacet
  facet normal -0.156466 0.987683 0
    outer loop
      vertex 10.7273 1.99622 2.9999
      vertex 10.836 2.01344 2
      vertex 10.7273 1.99622 2
    endloop
  endfacet
  facet normal -0.276307 0.961069 0
    outer loop
      vertex 10.7273 1.99622 2
      vertex 10.6377 1.97046 2.9999
      vertex 10.7273 1.99622 2.9999
    endloop
  endfacet
  facet normal -0.276307 0.961069 0
    outer loop
      vertex 10.6377 1.97046 2.9999
      vertex 10.7273 1.99622 2
      vertex 10.6377 1.97046 2
    endloop
  endfacet
  facet normal -0.458405 0.888744 0
    outer loop
      vertex 10.6377 1.97046 2
      vertex 10.5674 1.9342 2.9999
      vertex 10.6377 1.97046 2.9999
    endloop
  endfacet
  facet normal -0.458405 0.888744 0
    outer loop
      vertex 10.5674 1.9342 2.9999
      vertex 10.6377 1.97046 2
      vertex 10.5674 1.9342 2
    endloop
  endfacet
  facet normal -0.693598 0.720362 0
    outer loop
      vertex 10.5674 1.9342 2
      vertex 10.5168 1.88548 2.9999
      vertex 10.5674 1.9342 2.9999
    endloop
  endfacet
  facet normal -0.693598 0.720362 0
    outer loop
      vertex 10.5168 1.88548 2.9999
      vertex 10.5674 1.9342 2
      vertex 10.5168 1.88548 2
    endloop
  endfacet
  facet normal -0.899916 0.436064 0
    outer loop
      vertex 10.4862 1.82233 2
      vertex 10.5168 1.88548 2.9999
      vertex 10.5168 1.88548 2
    endloop
  endfacet
  facet normal -0.899916 0.436064 0
    outer loop
      vertex 10.5168 1.88548 2.9999
      vertex 10.4862 1.82233 2
      vertex 10.4862 1.82233 2.9999
    endloop
  endfacet
  facet normal -0.991724 0.128391 0
    outer loop
      vertex 10.4759 1.74277 2
      vertex 10.4862 1.82233 2.9999
      vertex 10.4862 1.82233 2
    endloop
  endfacet
  facet normal -0.991724 0.128391 0
    outer loop
      vertex 10.4862 1.82233 2.9999
      vertex 10.4759 1.74277 2
      vertex 10.4759 1.74277 2.9999
    endloop
  endfacet
  facet normal -0.974775 -0.223189 0
    outer loop
      vertex 10.5125 1.58292 2
      vertex 10.4759 1.74277 2.9999
      vertex 10.4759 1.74277 2
    endloop
  endfacet
  facet normal -0.974775 -0.223189 0
    outer loop
      vertex 10.4759 1.74277 2.9999
      vertex 10.5125 1.58292 2
      vertex 10.5125 1.58292 2.9999
    endloop
  endfacet
  facet normal -0.820938 -0.571018 0
    outer loop
      vertex 10.6123 1.43944 2
      vertex 10.5125 1.58292 2.9999
      vertex 10.5125 1.58292 2
    endloop
  endfacet
  facet normal -0.820938 -0.571018 0
    outer loop
      vertex 10.5125 1.58292 2.9999
      vertex 10.6123 1.43944 2
      vertex 10.6123 1.43944 2.9999
    endloop
  endfacet
  facet normal -0.656284 -0.754514 0
    outer loop
      vertex 10.6123 1.43944 2
      vertex 10.7607 1.31036 2.9999
      vertex 10.6123 1.43944 2.9999
    endloop
  endfacet
  facet normal -0.656284 -0.754514 -0
    outer loop
      vertex 10.7607 1.31036 2.9999
      vertex 10.6123 1.43944 2
      vertex 10.7607 1.31036 2
    endloop
  endfacet
  facet normal -0.539027 -0.842288 0
    outer loop
      vertex 10.7607 1.31036 2
      vertex 10.9429 1.19376 2.9999
      vertex 10.7607 1.31036 2.9999
    endloop
  endfacet
  facet normal -0.539027 -0.842288 -0
    outer loop
      vertex 10.9429 1.19376 2.9999
      vertex 10.7607 1.31036 2
      vertex 10.9429 1.19376 2
    endloop
  endfacet
  facet normal -0.466306 -0.884623 0
    outer loop
      vertex 10.9429 1.19376 2
      vertex 11.1442 1.08765 2.9999
      vertex 10.9429 1.19376 2.9999
    endloop
  endfacet
  facet normal -0.466306 -0.884623 -0
    outer loop
      vertex 11.1442 1.08765 2.9999
      vertex 10.9429 1.19376 2
      vertex 11.1442 1.08765 2
    endloop
  endfacet
  facet normal -0.429008 -0.903301 0
    outer loop
      vertex 11.1442 1.08765 2
      vertex 11.3497 0.990051 2.9999
      vertex 11.1442 1.08765 2.9999
    endloop
  endfacet
  facet normal -0.429008 -0.903301 -0
    outer loop
      vertex 11.3497 0.990051 2.9999
      vertex 11.1442 1.08765 2
      vertex 11.3497 0.990051 2
    endloop
  endfacet
  facet normal -0.423015 -0.906123 0
    outer loop
      vertex 11.3497 0.990051 2
      vertex 11.5447 0.899017 2.9999
      vertex 11.3497 0.990051 2.9999
    endloop
  endfacet
  facet normal -0.423015 -0.906123 -0
    outer loop
      vertex 11.5447 0.899017 2.9999
      vertex 11.3497 0.990051 2
      vertex 11.5447 0.899017 2
    endloop
  endfacet
  facet normal -0.916505 0.400024 0
    outer loop
      vertex 11.0946 -0.132217 2
      vertex 11.5447 0.899017 2.9999
      vertex 11.5447 0.899017 2
    endloop
  endfacet
  facet normal -0.916505 0.400024 0
    outer loop
      vertex 11.5447 0.899017 2.9999
      vertex 11.0946 -0.132217 2
      vertex 11.0946 -0.132217 2.9999
    endloop
  endfacet
  facet normal -0.154112 0.988053 0
    outer loop
      vertex 11.0946 -0.132217 2
      vertex 11.0223 -0.143494 2.9999
      vertex 11.0946 -0.132217 2.9999
    endloop
  endfacet
  facet normal -0.154112 0.988053 0
    outer loop
      vertex 11.0223 -0.143494 2.9999
      vertex 11.0946 -0.132217 2
      vertex 11.0223 -0.143494 2
    endloop
  endfacet
  facet normal -0.227915 0.973681 0
    outer loop
      vertex 11.0223 -0.143494 2
      vertex 10.9504 -0.160324 2.9999
      vertex 11.0223 -0.143494 2.9999
    endloop
  endfacet
  facet normal -0.227915 0.973681 0
    outer loop
      vertex 10.9504 -0.160324 2.9999
      vertex 11.0223 -0.143494 2
      vertex 10.9504 -0.160324 2
    endloop
  endfacet
  facet normal -0.283619 0.958937 0
    outer loop
      vertex 10.9504 -0.160324 2
      vertex 10.8791 -0.181412 2.9999
      vertex 10.9504 -0.160324 2.9999
    endloop
  endfacet
  facet normal -0.283619 0.958937 0
    outer loop
      vertex 10.8791 -0.181412 2.9999
      vertex 10.9504 -0.160324 2
      vertex 10.8791 -0.181412 2
    endloop
  endfacet
  facet normal -0.323664 0.946172 0
    outer loop
      vertex 10.8791 -0.181412 2
      vertex 10.8088 -0.20546 2.9999
      vertex 10.8791 -0.181412 2.9999
    endloop
  endfacet
  facet normal -0.323664 0.946172 0
    outer loop
      vertex 10.8088 -0.20546 2.9999
      vertex 10.8791 -0.181412 2
      vertex 10.8088 -0.20546 2
    endloop
  endfacet
  facet normal -0.3488 0.937197 0
    outer loop
      vertex 10.8088 -0.20546 2
      vertex 10.7398 -0.23114 2.9999
      vertex 10.8088 -0.20546 2.9999
    endloop
  endfacet
  facet normal -0.3488 0.937197 0
    outer loop
      vertex 10.7398 -0.23114 2.9999
      vertex 10.8088 -0.20546 2
      vertex 10.7398 -0.23114 2
    endloop
  endfacet
  facet normal -0.360565 0.932734 0
    outer loop
      vertex 10.7398 -0.23114 2
      vertex 10.6725 -0.257156 2.9999
      vertex 10.7398 -0.23114 2.9999
    endloop
  endfacet
  facet normal -0.360565 0.932734 0
    outer loop
      vertex 10.6725 -0.257156 2.9999
      vertex 10.7398 -0.23114 2
      vertex 10.6725 -0.257156 2
    endloop
  endfacet
  facet normal -0.357749 0.933818 0
    outer loop
      vertex 10.6725 -0.257156 2
      vertex 10.6071 -0.282211 2.9999
      vertex 10.6725 -0.257156 2.9999
    endloop
  endfacet
  facet normal -0.357749 0.933818 0
    outer loop
      vertex 10.6071 -0.282211 2.9999
      vertex 10.6725 -0.257156 2
      vertex 10.6071 -0.282211 2
    endloop
  endfacet
  facet normal -0.962269 0.272099 0
    outer loop
      vertex 10.5901 -0.342331 2
      vertex 10.6071 -0.282211 2.9999
      vertex 10.6071 -0.282211 2
    endloop
  endfacet
  facet normal -0.962269 0.272099 0
    outer loop
      vertex 10.6071 -0.282211 2.9999
      vertex 10.5901 -0.342331 2
      vertex 10.5901 -0.342331 2.9999
    endloop
  endfacet
  facet normal -0.948432 0.316982 0
    outer loop
      vertex 10.5722 -0.395889 2
      vertex 10.5901 -0.342331 2.9999
      vertex 10.5901 -0.342331 2
    endloop
  endfacet
  facet normal -0.948432 0.316982 0
    outer loop
      vertex 10.5901 -0.342331 2.9999
      vertex 10.5722 -0.395889 2
      vertex 10.5722 -0.395889 2.9999
    endloop
  endfacet
  facet normal -0.941875 0.335964 0
    outer loop
      vertex 10.5545 -0.445511 2
      vertex 10.5722 -0.395889 2.9999
      vertex 10.5722 -0.395889 2
    endloop
  endfacet
  facet normal -0.941875 0.335964 0
    outer loop
      vertex 10.5722 -0.395889 2.9999
      vertex 10.5545 -0.445511 2
      vertex 10.5545 -0.445511 2.9999
    endloop
  endfacet
  facet normal -0.949318 0.314318 0
    outer loop
      vertex 10.5385 -0.493835 2
      vertex 10.5545 -0.445511 2.9999
      vertex 10.5545 -0.445511 2
    endloop
  endfacet
  facet normal -0.949318 0.314318 0
    outer loop
      vertex 10.5545 -0.445511 2.9999
      vertex 10.5385 -0.493835 2
      vertex 10.5385 -0.493835 2.9999
    endloop
  endfacet
  facet normal -0.967373 0.253356 0
    outer loop
      vertex 10.5255 -0.543472 2
      vertex 10.5385 -0.493835 2.9999
      vertex 10.5385 -0.493835 2
    endloop
  endfacet
  facet normal -0.967373 0.253356 0
    outer loop
      vertex 10.5385 -0.493835 2.9999
      vertex 10.5255 -0.543472 2
      vertex 10.5255 -0.543472 2.9999
    endloop
  endfacet
  facet normal -0.986488 0.163835 0
    outer loop
      vertex 10.5166 -0.597061 2
      vertex 10.5255 -0.543472 2.9999
      vertex 10.5255 -0.543472 2
    endloop
  endfacet
  facet normal -0.986488 0.163835 0
    outer loop
      vertex 10.5255 -0.543472 2.9999
      vertex 10.5166 -0.597061 2
      vertex 10.5166 -0.597061 2.9999
    endloop
  endfacet
  facet normal -0.998589 0.0530979 0
    outer loop
      vertex 10.5134 -0.657242 2
      vertex 10.5166 -0.597061 2.9999
      vertex 10.5166 -0.597061 2
    endloop
  endfacet
  facet normal -0.998589 0.0530979 0
    outer loop
      vertex 10.5166 -0.597061 2.9999
      vertex 10.5134 -0.657242 2
      vertex 10.5134 -0.657242 2.9999
    endloop
  endfacet
  facet normal -0.997496 -0.0707295 0
    outer loop
      vertex 10.5188 -0.733398 2
      vertex 10.5134 -0.657242 2.9999
      vertex 10.5134 -0.657242 2
    endloop
  endfacet
  facet normal -0.997496 -0.0707295 0
    outer loop
      vertex 10.5134 -0.657242 2.9999
      vertex 10.5188 -0.733398 2
      vertex 10.5188 -0.733398 2.9999
    endloop
  endfacet
  facet normal -0.978996 -0.203881 0
    outer loop
      vertex 10.5333 -0.803024 2
      vertex 10.5188 -0.733398 2.9999
      vertex 10.5188 -0.733398 2
    endloop
  endfacet
  facet normal -0.978996 -0.203881 0
    outer loop
      vertex 10.5188 -0.733398 2.9999
      vertex 10.5333 -0.803024 2
      vertex 10.5333 -0.803024 2.9999
    endloop
  endfacet
  facet normal -0.950839 -0.309686 0
    outer loop
      vertex 10.5547 -0.868729 2
      vertex 10.5333 -0.803024 2.9999
      vertex 10.5333 -0.803024 2
    endloop
  endfacet
  facet normal -0.950839 -0.309686 0
    outer loop
      vertex 10.5333 -0.803024 2.9999
      vertex 10.5547 -0.868729 2
      vertex 10.5547 -0.868729 2.9999
    endloop
  endfacet
  facet normal -0.927294 -0.374333 0
    outer loop
      vertex 10.5807 -0.933136 2
      vertex 10.5547 -0.868729 2.9999
      vertex 10.5547 -0.868729 2
    endloop
  endfacet
  facet normal -0.927294 -0.374333 0
    outer loop
      vertex 10.5547 -0.868729 2.9999
      vertex 10.5807 -0.933136 2
      vertex 10.5807 -0.933136 2.9999
    endloop
  endfacet
  facet normal -0.917956 -0.396682 0
    outer loop
      vertex 10.6091 -0.998856 2
      vertex 10.5807 -0.933136 2.9999
      vertex 10.5807 -0.933136 2
    endloop
  endfacet
  facet normal -0.917956 -0.396682 0
    outer loop
      vertex 10.5807 -0.933136 2.9999
      vertex 10.6091 -0.998856 2
      vertex 10.6091 -0.998856 2.9999
    endloop
  endfacet
  facet normal -0.926452 -0.376412 0
    outer loop
      vertex 10.6374 -1.06851 2
      vertex 10.6091 -0.998856 2.9999
      vertex 10.6091 -0.998856 2
    endloop
  endfacet
  facet normal -0.926452 -0.376412 0
    outer loop
      vertex 10.6091 -0.998856 2.9999
      vertex 10.6374 -1.06851 2
      vertex 10.6374 -1.06851 2.9999
    endloop
  endfacet
  facet normal -0.94645 -0.322851 0
    outer loop
      vertex 10.6634 -1.14473 2
      vertex 10.6374 -1.06851 2.9999
      vertex 10.6374 -1.06851 2
    endloop
  endfacet
  facet normal -0.94645 -0.322851 0
    outer loop
      vertex 10.6374 -1.06851 2.9999
      vertex 10.6634 -1.14473 2
      vertex 10.6634 -1.14473 2.9999
    endloop
  endfacet
  facet normal -0.939203 0.343362 0
    outer loop
      vertex 10.5725 -1.39337 2
      vertex 10.6634 -1.14473 2.9999
      vertex 10.6634 -1.14473 2
    endloop
  endfacet
  facet normal -0.939203 0.343362 0
    outer loop
      vertex 10.6634 -1.14473 2.9999
      vertex 10.5725 -1.39337 2
      vertex 10.5725 -1.39337 2.9999
    endloop
  endfacet
  facet normal -0.936406 0.350919 0
    outer loop
      vertex 10.4803 -1.6394 2
      vertex 10.5725 -1.39337 2.9999
      vertex 10.5725 -1.39337 2
    endloop
  endfacet
  facet normal -0.936406 0.350919 0
    outer loop
      vertex 10.5725 -1.39337 2.9999
      vertex 10.4803 -1.6394 2
      vertex 10.4803 -1.6394 2.9999
    endloop
  endfacet
  facet normal -0.939246 0.343246 0
    outer loop
      vertex 10.3923 -1.8802 2
      vertex 10.4803 -1.6394 2.9999
      vertex 10.4803 -1.6394 2
    endloop
  endfacet
  facet normal -0.939246 0.343246 0
    outer loop
      vertex 10.4803 -1.6394 2.9999
      vertex 10.3923 -1.8802 2
      vertex 10.3923 -1.8802 2.9999
    endloop
  endfacet
  facet normal -0.948124 0.3179 0
    outer loop
      vertex 10.3142 -2.11313 2
      vertex 10.3923 -1.8802 2.9999
      vertex 10.3923 -1.8802 2
    endloop
  endfacet
  facet normal -0.948124 0.3179 0
    outer loop
      vertex 10.3923 -1.8802 2.9999
      vertex 10.3142 -2.11313 2
      vertex 10.3142 -2.11313 2.9999
    endloop
  endfacet
  facet normal -0.962491 0.271313 0
    outer loop
      vertex 10.2515 -2.33556 2
      vertex 10.3142 -2.11313 2.9999
      vertex 10.3142 -2.11313 2
    endloop
  endfacet
  facet normal -0.962491 0.271313 0
    outer loop
      vertex 10.3142 -2.11313 2.9999
      vertex 10.2515 -2.33556 2
      vertex 10.2515 -2.33556 2.9999
    endloop
  endfacet
  facet normal -0.980723 0.195404 0
    outer loop
      vertex 10.2098 -2.54485 2
      vertex 10.2515 -2.33556 2.9999
      vertex 10.2515 -2.33556 2
    endloop
  endfacet
  facet normal -0.980723 0.195404 0
    outer loop
      vertex 10.2515 -2.33556 2.9999
      vertex 10.2098 -2.54485 2
      vertex 10.2098 -2.54485 2.9999
    endloop
  endfacet
  facet normal -0.996971 0.0777797 0
    outer loop
      vertex 10.1947 -2.7384 2
      vertex 10.2098 -2.54485 2.9999
      vertex 10.2098 -2.54485 2
    endloop
  endfacet
  facet normal -0.996971 0.0777797 0
    outer loop
      vertex 10.2098 -2.54485 2.9999
      vertex 10.1947 -2.7384 2
      vertex 10.1947 -2.7384 2.9999
    endloop
  endfacet
  facet normal -0.996405 -0.0847134 0
    outer loop
      vertex 10.2237 -3.0795 2
      vertex 10.1947 -2.7384 2.9999
      vertex 10.1947 -2.7384 2
    endloop
  endfacet
  facet normal -0.996405 -0.0847134 0
    outer loop
      vertex 10.1947 -2.7384 2.9999
      vertex 10.2237 -3.0795 2
      vertex 10.2237 -3.0795 2.9999
    endloop
  endfacet
  facet normal -0.964983 -0.262313 0
    outer loop
      vertex 10.3117 -3.40323 2
      vertex 10.2237 -3.0795 2.9999
      vertex 10.2237 -3.0795 2
    endloop
  endfacet
  facet normal -0.964983 -0.262313 0
    outer loop
      vertex 10.2237 -3.0795 2.9999
      vertex 10.3117 -3.40323 2
      vertex 10.3117 -3.40323 2.9999
    endloop
  endfacet
  facet normal -0.892081 -0.451875 0
    outer loop
      vertex 10.4604 -3.69679 2
      vertex 10.3117 -3.40323 2.9999
      vertex 10.3117 -3.40323 2
    endloop
  endfacet
  facet normal -0.892081 -0.451875 0
    outer loop
      vertex 10.3117 -3.40323 2.9999
      vertex 10.4604 -3.69679 2
      vertex 10.4604 -3.69679 2.9999
    endloop
  endfacet
  facet normal -0.764959 -0.644079 0
    outer loop
      vertex 10.6714 -3.94739 2
      vertex 10.4604 -3.69679 2.9999
      vertex 10.4604 -3.69679 2
    endloop
  endfacet
  facet normal -0.764959 -0.644079 0
    outer loop
      vertex 10.4604 -3.69679 2.9999
      vertex 10.6714 -3.94739 2
      vertex 10.6714 -3.94739 2.9999
    endloop
  endfacet
  facet normal -0.578253 -0.815858 0
    outer loop
      vertex 10.6714 -3.94739 2
      vertex 10.9463 -4.14223 2.9999
      vertex 10.6714 -3.94739 2.9999
    endloop
  endfacet
  facet normal -0.578253 -0.815858 -0
    outer loop
      vertex 10.9463 -4.14223 2.9999
      vertex 10.6714 -3.94739 2
      vertex 10.9463 -4.14223 2
    endloop
  endfacet
  facet normal -0.347634 -0.93763 0
    outer loop
      vertex 10.9463 -4.14223 2
      vertex 11.2869 -4.26851 2.9999
      vertex 10.9463 -4.14223 2.9999
    endloop
  endfacet
  facet normal -0.347634 -0.93763 -0
    outer loop
      vertex 11.2869 -4.26851 2.9999
      vertex 10.9463 -4.14223 2
      vertex 11.2869 -4.26851 2
    endloop
  endfacet
  facet normal -0.109538 -0.993983 0
    outer loop
      vertex 11.2869 -4.26851 2
      vertex 11.6947 -4.31345 2.9999
      vertex 11.2869 -4.26851 2.9999
    endloop
  endfacet
  facet normal -0.109538 -0.993983 -0
    outer loop
      vertex 11.6947 -4.31345 2.9999
      vertex 11.2869 -4.26851 2
      vertex 11.6947 -4.31345 2
    endloop
  endfacet
  facet normal 0.0951307 -0.995465 0
    outer loop
      vertex 11.6947 -4.31345 2
      vertex 12.2177 -4.26347 2.9999
      vertex 11.6947 -4.31345 2.9999
    endloop
  endfacet
  facet normal 0.0951307 -0.995465 0
    outer loop
      vertex 12.2177 -4.26347 2.9999
      vertex 11.6947 -4.31345 2
      vertex 12.2177 -4.26347 2
    endloop
  endfacet
endsolid OpenSCAD_Model
