solid OpenSCAD_Model
  facet normal -0.995562 0.0941064 0
    outer loop
      vertex -7.21999 3.90999 0
      vertex -7.14914 4.65952 7
      vertex -7.14914 4.65952 0
    endloop
  endfacet
  facet normal -0.995562 0.0941064 0
    outer loop
      vertex -7.14914 4.65952 7
      vertex -7.21999 3.90999 0
      vertex -7.21999 3.90999 7
    endloop
  endfacet
  facet normal 0.0627898 -0.998027 0
    outer loop
      vertex 3.21999 -7.90999 0
      vertex 3.72131 -7.87845 7
      vertex 3.21999 -7.90999 7
    endloop
  endfacet
  facet normal 0.0627898 -0.998027 0
    outer loop
      vertex 3.72131 -7.87845 7
      vertex 3.21999 -7.90999 0
      vertex 3.72131 -7.87845 0
    endloop
  endfacet
  facet normal 0 1 -0
    outer loop
      vertex 3.21999 7.90999 0
      vertex -3.21999 7.90999 7
      vertex 3.21999 7.90999 7
    endloop
  endfacet
  facet normal 0 1 0
    outer loop
      vertex -3.21999 7.90999 7
      vertex 3.21999 7.90999 0
      vertex -3.21999 7.90999 0
    endloop
  endfacet
  facet normal 0 0 -1
    outer loop
      vertex 4.63573 -2.50827 0
      vertex 7.21999 -3.90999 0
      vertex 4.68228 -2.65158 0
    endloop
  endfacet
  facet normal 0 0 -1
    outer loop
      vertex 7.21999 3.90999 0
      vertex 4.69873 2.72516 0
      vertex 4.71999 2.95001 0
    endloop
  endfacet
  facet normal 0 0 -1
    outer loop
      vertex 4.57156 -2.3719 0
      vertex 7.21999 -3.90999 0
      vertex 4.63573 -2.50827 0
    endloop
  endfacet
  facet normal 0 0 -1
    outer loop
      vertex 7.21999 3.90999 0
      vertex 4.66125 2.57919 0
      vertex 4.69873 2.72516 0
    endloop
  endfacet
  facet normal 0 0 -1
    outer loop
      vertex 4.49081 -2.24467 0
      vertex 7.21999 -3.90999 0
      vertex 4.57156 -2.3719 0
    endloop
  endfacet
  facet normal 0 0 -1
    outer loop
      vertex 7.21999 3.90999 0
      vertex 4.60577 2.43907 0
      vertex 4.66125 2.57919 0
    endloop
  endfacet
  facet normal 0 0 -1
    outer loop
      vertex 7.21999 -3.90999 0
      vertex 4.49081 -2.24467 0
      vertex 7.21999 3.90999 0
    endloop
  endfacet
  facet normal 0 0 -1
    outer loop
      vertex 7.21999 3.90999 0
      vertex 4.53319 2.30702 0
      vertex 4.60577 2.43907 0
    endloop
  endfacet
  facet normal 0 0 -1
    outer loop
      vertex 7.21999 3.90999 0
      vertex 4.49081 -2.24467 0
      vertex 4.53319 2.30702 0
    endloop
  endfacet
  facet normal 0 0 -1
    outer loop
      vertex 4.49081 -2.24467 0
      vertex 4.44461 2.1851 0
      vertex 4.53319 2.30702 0
    endloop
  endfacet
  facet normal 0 0 -1
    outer loop
      vertex 4.39474 -2.12855 0
      vertex 4.44461 2.1851 0
      vertex 4.49081 -2.24467 0
    endloop
  endfacet
  facet normal 0 0 -1
    outer loop
      vertex 4.39474 -2.12855 0
      vertex 4.34145 2.07525 0
      vertex 4.44461 2.1851 0
    endloop
  endfacet
  facet normal 0 0 -1
    outer loop
      vertex 4.2849 -2.02539 0
      vertex 4.34145 2.07525 0
      vertex 4.39474 -2.12855 0
    endloop
  endfacet
  facet normal 0 0 -1
    outer loop
      vertex 4.2849 -2.02539 0
      vertex 4.22533 1.97919 0
      vertex 4.34145 2.07525 0
    endloop
  endfacet
  facet normal 0 0 -1
    outer loop
      vertex 4.16298 -1.93681 0
      vertex 4.22533 1.97919 0
      vertex 4.2849 -2.02539 0
    endloop
  endfacet
  facet normal 0 0 -1
    outer loop
      vertex 4.16298 -1.93681 0
      vertex 4.0981 1.89844 0
      vertex 4.22533 1.97919 0
    endloop
  endfacet
  facet normal 0 0 -1
    outer loop
      vertex 4.03093 -1.86423 0
      vertex 4.0981 1.89844 0
      vertex 4.16298 -1.93681 0
    endloop
  endfacet
  facet normal 0 0 -1
    outer loop
      vertex 4.03093 -1.86423 0
      vertex 3.96173 1.83427 0
      vertex 4.0981 1.89844 0
    endloop
  endfacet
  facet normal 0 0 -1
    outer loop
      vertex 3.89081 -1.80874 0
      vertex 3.96173 1.83427 0
      vertex 4.03093 -1.86423 0
    endloop
  endfacet
  facet normal 0 0 -1
    outer loop
      vertex 3.89081 -1.80874 0
      vertex 3.81842 1.78772 0
      vertex 3.96173 1.83427 0
    endloop
  endfacet
  facet normal 0 0 -1
    outer loop
      vertex 3.74484 -1.77127 0
      vertex 3.81842 1.78772 0
      vertex 3.89081 -1.80874 0
    endloop
  endfacet
  facet normal 0 0 -1
    outer loop
      vertex 3.74484 -1.77127 0
      vertex 3.67039 1.75947 0
      vertex 3.81842 1.78772 0
    endloop
  endfacet
  facet normal 0 0 -1
    outer loop
      vertex 3.51999 -1.75001 0
      vertex 3.67039 1.75947 0
      vertex 3.74484 -1.77127 0
    endloop
  endfacet
  facet normal 0 0 -1
    outer loop
      vertex 3.51999 -1.75001 0
      vertex 3.51999 1.75001 0
      vertex 3.67039 1.75947 0
    endloop
  endfacet
  facet normal 0 0 -1
    outer loop
      vertex -3.51999 -1.75001 0
      vertex 3.51999 1.75001 0
      vertex 3.51999 -1.75001 0
    endloop
  endfacet
  facet normal 0 0 -1
    outer loop
      vertex -3.51999 -1.75001 0
      vertex -3.51999 1.75001 0
      vertex 3.51999 1.75001 0
    endloop
  endfacet
  facet normal 0 0 -1
    outer loop
      vertex -3.67039 -1.75947 0
      vertex -3.51999 1.75001 0
      vertex -3.51999 -1.75001 0
    endloop
  endfacet
  facet normal 0 0 -1
    outer loop
      vertex -3.67039 -1.75947 0
      vertex -3.74484 1.77127 0
      vertex -3.51999 1.75001 0
    endloop
  endfacet
  facet normal 0 0 -1
    outer loop
      vertex -3.81842 -1.78772 0
      vertex -3.74484 1.77127 0
      vertex -3.67039 -1.75947 0
    endloop
  endfacet
  facet normal 0 0 -1
    outer loop
      vertex -3.81842 -1.78772 0
      vertex -3.89081 1.80874 0
      vertex -3.74484 1.77127 0
    endloop
  endfacet
  facet normal 0 0 -1
    outer loop
      vertex -3.96173 -1.83427 0
      vertex -3.89081 1.80874 0
      vertex -3.81842 -1.78772 0
    endloop
  endfacet
  facet normal 0 0 -1
    outer loop
      vertex -3.96173 -1.83427 0
      vertex -4.03093 1.86423 0
      vertex -3.89081 1.80874 0
    endloop
  endfacet
  facet normal 0 0 -1
    outer loop
      vertex -4.0981 -1.89844 0
      vertex -4.03093 1.86423 0
      vertex -3.96173 -1.83427 0
    endloop
  endfacet
  facet normal 0 0 -1
    outer loop
      vertex -4.0981 -1.89844 0
      vertex -4.16298 1.93681 0
      vertex -4.03093 1.86423 0
    endloop
  endfacet
  facet normal 0 0 -1
    outer loop
      vertex -4.22533 -1.97919 0
      vertex -4.16298 1.93681 0
      vertex -4.0981 -1.89844 0
    endloop
  endfacet
  facet normal 0 0 -1
    outer loop
      vertex -4.22533 -1.97919 0
      vertex -4.2849 2.02539 0
      vertex -4.16298 1.93681 0
    endloop
  endfacet
  facet normal 0 0 -1
    outer loop
      vertex -4.34145 -2.07525 0
      vertex -4.2849 2.02539 0
      vertex -4.22533 -1.97919 0
    endloop
  endfacet
  facet normal 0 0 -1
    outer loop
      vertex -4.34145 -2.07525 0
      vertex -4.39474 2.12855 0
      vertex -4.2849 2.02539 0
    endloop
  endfacet
  facet normal 0 0 -1
    outer loop
      vertex -4.44461 -2.1851 0
      vertex -4.39474 2.12855 0
      vertex -4.34145 -2.07525 0
    endloop
  endfacet
  facet normal 0 0 -1
    outer loop
      vertex -4.44461 -2.1851 0
      vertex -4.49081 2.24467 0
      vertex -4.39474 2.12855 0
    endloop
  endfacet
  facet normal 0 0 -1
    outer loop
      vertex -4.53319 -2.30702 0
      vertex -4.49081 2.24467 0
      vertex -4.44461 -2.1851 0
    endloop
  endfacet
  facet normal 0 0 -1
    outer loop
      vertex -7.21999 -3.90999 0
      vertex -4.49081 2.24467 0
      vertex -4.53319 -2.30702 0
    endloop
  endfacet
  facet normal 0 0 -1
    outer loop
      vertex -7.21999 -3.90999 0
      vertex -4.53319 -2.30702 0
      vertex -4.60577 -2.43907 0
    endloop
  endfacet
  facet normal 0 0 -1
    outer loop
      vertex -7.21999 3.90999 0
      vertex -4.49081 2.24467 0
      vertex -7.21999 -3.90999 0
    endloop
  endfacet
  facet normal 0 0 -1
    outer loop
      vertex -7.21999 -3.90999 0
      vertex -4.60577 -2.43907 0
      vertex -4.66125 -2.57919 0
    endloop
  endfacet
  facet normal 0 0 -1
    outer loop
      vertex -4.49081 2.24467 0
      vertex -7.21999 3.90999 0
      vertex -4.57156 2.3719 0
    endloop
  endfacet
  facet normal 0 0 -1
    outer loop
      vertex -7.21999 -3.90999 0
      vertex -4.66125 -2.57919 0
      vertex -4.69873 -2.72516 0
    endloop
  endfacet
  facet normal 0 0 -1
    outer loop
      vertex -4.57156 2.3719 0
      vertex -7.21999 3.90999 0
      vertex -4.63573 2.50827 0
    endloop
  endfacet
  facet normal 0 0 -1
    outer loop
      vertex -7.21999 -3.90999 0
      vertex -4.69873 -2.72516 0
      vertex -4.71999 -2.95001 0
    endloop
  endfacet
  facet normal 0 0 -1
    outer loop
      vertex -4.63573 2.50827 0
      vertex -7.21999 3.90999 0
      vertex -4.68228 2.65158 0
    endloop
  endfacet
  facet normal 0 0 -1
    outer loop
      vertex 4.68228 -2.65158 0
      vertex 7.21999 -3.90999 0
      vertex 4.71053 -2.7996 0
    endloop
  endfacet
  facet normal 0 0 -1
    outer loop
      vertex 4.71999 -4.20999 0
      vertex 7.21999 -3.90999 0
      vertex 7.14914 -4.65952 0
    endloop
  endfacet
  facet normal 0 0 -1
    outer loop
      vertex 4.71053 -2.7996 0
      vertex 7.21999 -3.90999 0
      vertex 4.71999 -2.95001 0
    endloop
  endfacet
  facet normal 0 0 -1
    outer loop
      vertex 4.69873 -4.43484 0
      vertex 7.14914 -4.65952 0
      vertex 7.02422 -5.14606 0
    endloop
  endfacet
  facet normal 0 0 -1
    outer loop
      vertex 4.71999 4.20999 0
      vertex 7.21999 3.90999 0
      vertex 4.71999 2.95001 0
    endloop
  endfacet
  facet normal 0 0 -1
    outer loop
      vertex 4.66125 -4.58081 0
      vertex 7.02422 -5.14606 0
      vertex 6.83929 -5.6131 0
    endloop
  endfacet
  facet normal 0 0 -1
    outer loop
      vertex 7.21999 3.90999 0
      vertex 4.71999 4.20999 0
      vertex 7.18845 4.41132 0
    endloop
  endfacet
  facet normal 0 0 -1
    outer loop
      vertex 4.60577 -4.72093 0
      vertex 6.83929 -5.6131 0
      vertex 6.59729 -6.0533 0
    endloop
  endfacet
  facet normal 0 0 -1
    outer loop
      vertex 4.71053 4.3604 0
      vertex 7.18845 4.41132 0
      vertex 4.71999 4.20999 0
    endloop
  endfacet
  facet normal 0 0 -1
    outer loop
      vertex 4.53319 -4.85298 0
      vertex 6.59729 -6.0533 0
      vertex 6.30203 -6.45969 0
    endloop
  endfacet
  facet normal -0 0 -1
    outer loop
      vertex 7.18845 4.41132 0
      vertex 4.71053 4.3604 0
      vertex 7.09431 4.90475 0
    endloop
  endfacet
  facet normal 0 0 -1
    outer loop
      vertex 4.44461 -4.9749 0
      vertex 6.30203 -6.45969 0
      vertex 5.95818 -6.82587 0
    endloop
  endfacet
  facet normal 0 0 -1
    outer loop
      vertex 4.68228 4.50842 0
      vertex 7.09431 4.90475 0
      vertex 4.71053 4.3604 0
    endloop
  endfacet
  facet normal 0 0 -1
    outer loop
      vertex 4.22533 -5.18081 0
      vertex 5.95818 -6.82587 0
      vertex 5.57112 -7.14606 0
    endloop
  endfacet
  facet normal -0 0 -1
    outer loop
      vertex 7.09431 4.90475 0
      vertex 4.68228 4.50842 0
      vertex 6.93909 5.38249 0
    endloop
  endfacet
  facet normal 0 0 -1
    outer loop
      vertex 4.0981 -5.26156 0
      vertex 5.57112 -7.14606 0
      vertex 5.147 -7.41522 0
    endloop
  endfacet
  facet normal 0 0 -1
    outer loop
      vertex 4.63573 4.65173 0
      vertex 6.93909 5.38249 0
      vertex 4.68228 4.50842 0
    endloop
  endfacet
  facet normal -0 0 -1
    outer loop
      vertex 7.21999 -3.90999 0
      vertex 4.71999 -4.20999 0
      vertex 4.71999 -2.95001 0
    endloop
  endfacet
  facet normal 0 0 -1
    outer loop
      vertex 7.14914 -4.65952 0
      vertex 4.69873 -4.43484 0
      vertex 4.71999 -4.20999 0
    endloop
  endfacet
  facet normal 0 0 -1
    outer loop
      vertex 3.96173 -5.32573 0
      vertex 5.147 -7.41522 0
      vertex 4.69249 -7.62909 0
    endloop
  endfacet
  facet normal 0 0 -1
    outer loop
      vertex 7.02422 -5.14606 0
      vertex 4.66125 -4.58081 0
      vertex 4.69873 -4.43484 0
    endloop
  endfacet
  facet normal 0 0 -1
    outer loop
      vertex 6.83929 -5.6131 0
      vertex 4.60577 -4.72093 0
      vertex 4.66125 -4.58081 0
    endloop
  endfacet
  facet normal 0 0 -1
    outer loop
      vertex 6.59729 -6.0533 0
      vertex 4.53319 -4.85298 0
      vertex 4.60577 -4.72093 0
    endloop
  endfacet
  facet normal 0 0 -1
    outer loop
      vertex 6.30203 -6.45969 0
      vertex 4.44461 -4.9749 0
      vertex 4.53319 -4.85298 0
    endloop
  endfacet
  facet normal 0 0 -1
    outer loop
      vertex 5.95818 -6.82587 0
      vertex 4.34145 -5.08475 0
      vertex 4.44461 -4.9749 0
    endloop
  endfacet
  facet normal 0 0 -1
    outer loop
      vertex 5.95818 -6.82587 0
      vertex 4.22533 -5.18081 0
      vertex 4.34145 -5.08475 0
    endloop
  endfacet
  facet normal 0 0 -1
    outer loop
      vertex 3.81842 -5.37228 0
      vertex 4.69249 -7.62909 0
      vertex 4.21475 -7.78432 0
    endloop
  endfacet
  facet normal 0 0 -1
    outer loop
      vertex 5.57112 -7.14606 0
      vertex 4.0981 -5.26156 0
      vertex 4.22533 -5.18081 0
    endloop
  endfacet
  facet normal 0 0 -1
    outer loop
      vertex 5.147 -7.41522 0
      vertex 3.96173 -5.32573 0
      vertex 4.0981 -5.26156 0
    endloop
  endfacet
  facet normal 0 0 -1
    outer loop
      vertex 4.69249 -7.62909 0
      vertex 3.81842 -5.37228 0
      vertex 3.96173 -5.32573 0
    endloop
  endfacet
  facet normal 0 0 -1
    outer loop
      vertex 3.67039 -5.40053 0
      vertex 4.21475 -7.78432 0
      vertex 3.72131 -7.87845 0
    endloop
  endfacet
  facet normal 0 0 -1
    outer loop
      vertex 4.21475 -7.78432 0
      vertex 3.67039 -5.40053 0
      vertex 3.81842 -5.37228 0
    endloop
  endfacet
  facet normal 0 0 -1
    outer loop
      vertex 3.72131 -7.87845 0
      vertex 3.51999 -5.40999 0
      vertex 3.67039 -5.40053 0
    endloop
  endfacet
  facet normal 0 0 -1
    outer loop
      vertex 3.21999 -7.90999 0
      vertex 3.51999 -5.40999 0
      vertex 3.72131 -7.87845 0
    endloop
  endfacet
  facet normal 0 0 -1
    outer loop
      vertex -3.21999 -7.90999 0
      vertex 3.51999 -5.40999 0
      vertex 3.21999 -7.90999 0
    endloop
  endfacet
  facet normal 0 0 -1
    outer loop
      vertex -3.21999 -7.90999 0
      vertex -3.51999 -5.40999 0
      vertex 3.51999 -5.40999 0
    endloop
  endfacet
  facet normal 0 0 -1
    outer loop
      vertex -3.96951 -7.83914 0
      vertex -3.51999 -5.40999 0
      vertex -3.21999 -7.90999 0
    endloop
  endfacet
  facet normal -0 0 -1
    outer loop
      vertex -3.51999 -5.40999 0
      vertex -3.96951 -7.83914 0
      vertex -3.74484 -5.38873 0
    endloop
  endfacet
  facet normal 0 0 -1
    outer loop
      vertex -4.45605 -7.71422 0
      vertex -3.74484 -5.38873 0
      vertex -3.96951 -7.83914 0
    endloop
  endfacet
  facet normal -0 0 -1
    outer loop
      vertex -3.74484 -5.38873 0
      vertex -4.45605 -7.71422 0
      vertex -3.89081 -5.35126 0
    endloop
  endfacet
  facet normal 0 0 -1
    outer loop
      vertex -4.9231 -7.5293 0
      vertex -3.89081 -5.35126 0
      vertex -4.45605 -7.71422 0
    endloop
  endfacet
  facet normal -0 0 -1
    outer loop
      vertex -3.89081 -5.35126 0
      vertex -4.9231 -7.5293 0
      vertex -4.03093 -5.29577 0
    endloop
  endfacet
  facet normal 0 0 -1
    outer loop
      vertex -5.3633 -7.28729 0
      vertex -4.03093 -5.29577 0
      vertex -4.9231 -7.5293 0
    endloop
  endfacet
  facet normal -0 0 -1
    outer loop
      vertex -4.03093 -5.29577 0
      vertex -5.3633 -7.28729 0
      vertex -4.16298 -5.22319 0
    endloop
  endfacet
  facet normal 0 0 -1
    outer loop
      vertex -5.76968 -6.99203 0
      vertex -4.16298 -5.22319 0
      vertex -5.3633 -7.28729 0
    endloop
  endfacet
  facet normal -0 0 -1
    outer loop
      vertex -4.16298 -5.22319 0
      vertex -5.76968 -6.99203 0
      vertex -4.2849 -5.13461 0
    endloop
  endfacet
  facet normal 0 0 -1
    outer loop
      vertex -6.13586 -6.64818 0
      vertex -4.2849 -5.13461 0
      vertex -5.76968 -6.99203 0
    endloop
  endfacet
  facet normal -0 0 -1
    outer loop
      vertex -4.2849 -5.13461 0
      vertex -6.13586 -6.64818 0
      vertex -4.39474 -5.03145 0
    endloop
  endfacet
  facet normal -0 0 -1
    outer loop
      vertex -4.39474 -5.03145 0
      vertex -6.13586 -6.64818 0
      vertex -4.49081 -4.91533 0
    endloop
  endfacet
  facet normal 0 0 -1
    outer loop
      vertex -7.21999 -3.90999 0
      vertex -4.71999 -2.95001 0
      vertex -4.71999 -4.20999 0
    endloop
  endfacet
  facet normal 0 0 -1
    outer loop
      vertex -4.68228 2.65158 0
      vertex -7.21999 3.90999 0
      vertex -4.71053 2.7996 0
    endloop
  endfacet
  facet normal 0 0 -1
    outer loop
      vertex -6.72522 -5.83701 0
      vertex -4.57156 -4.7881 0
      vertex -6.45605 -6.26112 0
    endloop
  endfacet
  facet normal -0 0 -1
    outer loop
      vertex -4.49081 -4.91533 0
      vertex -6.45605 -6.26112 0
      vertex -4.57156 -4.7881 0
    endloop
  endfacet
  facet normal 0 0 -1
    outer loop
      vertex -6.45605 -6.26112 0
      vertex -4.49081 -4.91533 0
      vertex -6.13586 -6.64818 0
    endloop
  endfacet
  facet normal -0 0 -1
    outer loop
      vertex 6.93909 5.38249 0
      vertex 4.63573 4.65173 0
      vertex 6.72522 5.83701 0
    endloop
  endfacet
  facet normal 0 0 -1
    outer loop
      vertex 4.57156 4.7881 0
      vertex 6.72522 5.83701 0
      vertex 4.63573 4.65173 0
    endloop
  endfacet
  facet normal -0 0 -1
    outer loop
      vertex 6.72522 5.83701 0
      vertex 4.57156 4.7881 0
      vertex 6.45605 6.26112 0
    endloop
  endfacet
  facet normal 0 0 -1
    outer loop
      vertex 4.49081 4.91533 0
      vertex 6.45605 6.26112 0
      vertex 4.57156 4.7881 0
    endloop
  endfacet
  facet normal -0 0 -1
    outer loop
      vertex 6.45605 6.26112 0
      vertex 4.49081 4.91533 0
      vertex 6.13586 6.64818 0
    endloop
  endfacet
  facet normal 0 0 -1
    outer loop
      vertex 4.39474 5.03145 0
      vertex 6.13586 6.64818 0
      vertex 4.49081 4.91533 0
    endloop
  endfacet
  facet normal 0 0 -1
    outer loop
      vertex 4.2849 5.13461 0
      vertex 6.13586 6.64818 0
      vertex 4.39474 5.03145 0
    endloop
  endfacet
  facet normal -0 0 -1
    outer loop
      vertex 6.13586 6.64818 0
      vertex 4.2849 5.13461 0
      vertex 5.76968 6.99203 0
    endloop
  endfacet
  facet normal 0 0 -1
    outer loop
      vertex 4.16298 5.22319 0
      vertex 5.76968 6.99203 0
      vertex 4.2849 5.13461 0
    endloop
  endfacet
  facet normal -0 0 -1
    outer loop
      vertex 5.76968 6.99203 0
      vertex 4.16298 5.22319 0
      vertex 5.3633 7.28729 0
    endloop
  endfacet
  facet normal 0 0 -1
    outer loop
      vertex 4.03093 5.29577 0
      vertex 5.3633 7.28729 0
      vertex 4.16298 5.22319 0
    endloop
  endfacet
  facet normal -0 0 -1
    outer loop
      vertex 5.3633 7.28729 0
      vertex 4.03093 5.29577 0
      vertex 4.9231 7.5293 0
    endloop
  endfacet
  facet normal 0 0 -1
    outer loop
      vertex 3.89081 5.35126 0
      vertex 4.9231 7.5293 0
      vertex 4.03093 5.29577 0
    endloop
  endfacet
  facet normal -0 0 -1
    outer loop
      vertex 4.9231 7.5293 0
      vertex 3.89081 5.35126 0
      vertex 4.45605 7.71422 0
    endloop
  endfacet
  facet normal 0 0 -1
    outer loop
      vertex 3.74484 5.38873 0
      vertex 4.45605 7.71422 0
      vertex 3.89081 5.35126 0
    endloop
  endfacet
  facet normal -0 0 -1
    outer loop
      vertex 4.45605 7.71422 0
      vertex 3.74484 5.38873 0
      vertex 3.96951 7.83914 0
    endloop
  endfacet
  facet normal 0 0 -1
    outer loop
      vertex 3.51999 5.40999 0
      vertex 3.96951 7.83914 0
      vertex 3.74484 5.38873 0
    endloop
  endfacet
  facet normal 0 0 -1
    outer loop
      vertex 3.51999 5.40999 0
      vertex 3.21999 7.90999 0
      vertex 3.96951 7.83914 0
    endloop
  endfacet
  facet normal 0 0 -1
    outer loop
      vertex 3.51999 5.40999 0
      vertex -3.21999 7.90999 0
      vertex 3.21999 7.90999 0
    endloop
  endfacet
  facet normal 0 0 -1
    outer loop
      vertex -3.51999 5.40999 0
      vertex -3.21999 7.90999 0
      vertex 3.51999 5.40999 0
    endloop
  endfacet
  facet normal 0 0 -1
    outer loop
      vertex -3.72131 7.87845 0
      vertex -3.51999 5.40999 0
      vertex -3.67039 5.40053 0
    endloop
  endfacet
  facet normal 0 0 -1
    outer loop
      vertex -3.51999 5.40999 0
      vertex -3.72131 7.87845 0
      vertex -3.21999 7.90999 0
    endloop
  endfacet
  facet normal 0 0 -1
    outer loop
      vertex -4.21475 7.78432 0
      vertex -3.67039 5.40053 0
      vertex -3.81842 5.37228 0
    endloop
  endfacet
  facet normal 0 0 -1
    outer loop
      vertex -4.69249 7.62909 0
      vertex -3.81842 5.37228 0
      vertex -3.96173 5.32573 0
    endloop
  endfacet
  facet normal 0 0 -1
    outer loop
      vertex -5.147 7.41522 0
      vertex -3.96173 5.32573 0
      vertex -4.0981 5.26156 0
    endloop
  endfacet
  facet normal 0 0 -1
    outer loop
      vertex -3.67039 5.40053 0
      vertex -4.21475 7.78432 0
      vertex -3.72131 7.87845 0
    endloop
  endfacet
  facet normal 0 0 -1
    outer loop
      vertex -5.57112 7.14606 0
      vertex -4.0981 5.26156 0
      vertex -4.22533 5.18081 0
    endloop
  endfacet
  facet normal 0 0 -1
    outer loop
      vertex -5.95818 6.82587 0
      vertex -4.22533 5.18081 0
      vertex -4.34145 5.08475 0
    endloop
  endfacet
  facet normal 0 0 -1
    outer loop
      vertex -5.95818 6.82587 0
      vertex -4.34145 5.08475 0
      vertex -4.44461 4.9749 0
    endloop
  endfacet
  facet normal 0 0 -1
    outer loop
      vertex -6.30203 6.45969 0
      vertex -4.44461 4.9749 0
      vertex -4.53319 4.85298 0
    endloop
  endfacet
  facet normal 0 0 -1
    outer loop
      vertex -6.59729 6.0533 0
      vertex -4.53319 4.85298 0
      vertex -4.60577 4.72093 0
    endloop
  endfacet
  facet normal 0 0 -1
    outer loop
      vertex -6.83929 5.6131 0
      vertex -4.60577 4.72093 0
      vertex -4.66125 4.58081 0
    endloop
  endfacet
  facet normal 0 0 -1
    outer loop
      vertex -3.81842 5.37228 0
      vertex -4.69249 7.62909 0
      vertex -4.21475 7.78432 0
    endloop
  endfacet
  facet normal 0 0 -1
    outer loop
      vertex -7.02422 5.14606 0
      vertex -4.66125 4.58081 0
      vertex -4.69873 4.43484 0
    endloop
  endfacet
  facet normal 0 0 -1
    outer loop
      vertex -7.14914 4.65952 0
      vertex -4.69873 4.43484 0
      vertex -4.71999 4.20999 0
    endloop
  endfacet
  facet normal 0 0 -1
    outer loop
      vertex -4.71053 2.7996 0
      vertex -7.21999 3.90999 0
      vertex -4.71999 2.95001 0
    endloop
  endfacet
  facet normal 0 0 -1
    outer loop
      vertex -4.71999 2.95001 0
      vertex -7.21999 3.90999 0
      vertex -4.71999 4.20999 0
    endloop
  endfacet
  facet normal -0 0 -1
    outer loop
      vertex -4.57156 -4.7881 0
      vertex -6.72522 -5.83701 0
      vertex -4.63573 -4.65173 0
    endloop
  endfacet
  facet normal 0 -0 -1
    outer loop
      vertex -7.14914 4.65952 0
      vertex -4.71999 4.20999 0
      vertex -7.21999 3.90999 0
    endloop
  endfacet
  facet normal 0 0 -1
    outer loop
      vertex -6.93909 -5.38249 0
      vertex -4.63573 -4.65173 0
      vertex -6.72522 -5.83701 0
    endloop
  endfacet
  facet normal 0 0 -1
    outer loop
      vertex -3.96173 5.32573 0
      vertex -5.147 7.41522 0
      vertex -4.69249 7.62909 0
    endloop
  endfacet
  facet normal -0 0 -1
    outer loop
      vertex -4.63573 -4.65173 0
      vertex -6.93909 -5.38249 0
      vertex -4.68228 -4.50842 0
    endloop
  endfacet
  facet normal 0 0 -1
    outer loop
      vertex -4.0981 5.26156 0
      vertex -5.57112 7.14606 0
      vertex -5.147 7.41522 0
    endloop
  endfacet
  facet normal 0 0 -1
    outer loop
      vertex -7.09431 -4.90475 0
      vertex -4.68228 -4.50842 0
      vertex -6.93909 -5.38249 0
    endloop
  endfacet
  facet normal 0 0 -1
    outer loop
      vertex -4.22533 5.18081 0
      vertex -5.95818 6.82587 0
      vertex -5.57112 7.14606 0
    endloop
  endfacet
  facet normal -0 0 -1
    outer loop
      vertex -4.68228 -4.50842 0
      vertex -7.09431 -4.90475 0
      vertex -4.71053 -4.3604 0
    endloop
  endfacet
  facet normal 0 0 -1
    outer loop
      vertex -4.44461 4.9749 0
      vertex -6.30203 6.45969 0
      vertex -5.95818 6.82587 0
    endloop
  endfacet
  facet normal 0 0 -1
    outer loop
      vertex -7.18845 -4.41132 0
      vertex -4.71053 -4.3604 0
      vertex -7.09431 -4.90475 0
    endloop
  endfacet
  facet normal 0 0 -1
    outer loop
      vertex -4.53319 4.85298 0
      vertex -6.59729 6.0533 0
      vertex -6.30203 6.45969 0
    endloop
  endfacet
  facet normal -0 0 -1
    outer loop
      vertex -4.71053 -4.3604 0
      vertex -7.18845 -4.41132 0
      vertex -4.71999 -4.20999 0
    endloop
  endfacet
  facet normal 0 0 -1
    outer loop
      vertex -4.60577 4.72093 0
      vertex -6.83929 5.6131 0
      vertex -6.59729 6.0533 0
    endloop
  endfacet
  facet normal -0 0 -1
    outer loop
      vertex -4.71999 -4.20999 0
      vertex -7.18845 -4.41132 0
      vertex -7.21999 -3.90999 0
    endloop
  endfacet
  facet normal 0 0 -1
    outer loop
      vertex -4.66125 4.58081 0
      vertex -7.02422 5.14606 0
      vertex -6.83929 5.6131 0
    endloop
  endfacet
  facet normal 0 0 -1
    outer loop
      vertex -4.69873 4.43484 0
      vertex -7.14914 4.65952 0
      vertex -7.02422 5.14606 0
    endloop
  endfacet
  facet normal -0.0627898 0.998027 0
    outer loop
      vertex -3.21999 7.90999 0
      vertex -3.72131 7.87845 7
      vertex -3.21999 7.90999 7
    endloop
  endfacet
  facet normal -0.0627898 0.998027 0
    outer loop
      vertex -3.72131 7.87845 7
      vertex -3.21999 7.90999 0
      vertex -3.72131 7.87845 0
    endloop
  endfacet
  facet normal 0.844308 0.535857 0
    outer loop
      vertex 6.72522 5.83701 7
      vertex 6.45605 6.26112 0
      vertex 6.45605 6.26112 7
    endloop
  endfacet
  facet normal 0.844308 0.535857 0
    outer loop
      vertex 6.45605 6.26112 0
      vertex 6.72522 5.83701 7
      vertex 6.72522 5.83701 0
    endloop
  endfacet
  facet normal -0.587795 -0.80901 0
    outer loop
      vertex -5.76968 -6.99203 0
      vertex -5.3633 -7.28729 7
      vertex -5.76968 -6.99203 7
    endloop
  endfacet
  facet normal -0.587795 -0.80901 -0
    outer loop
      vertex -5.3633 -7.28729 7
      vertex -5.76968 -6.99203 0
      vertex -5.3633 -7.28729 0
    endloop
  endfacet
  facet normal -0.637408 0.770527 0
    outer loop
      vertex -5.57112 7.14606 0
      vertex -5.95818 6.82587 7
      vertex -5.57112 7.14606 7
    endloop
  endfacet
  facet normal -0.637408 0.770527 0
    outer loop
      vertex -5.95818 6.82587 7
      vertex -5.57112 7.14606 0
      vertex -5.95818 6.82587 0
    endloop
  endfacet
  facet normal -0.248686 -0.968584 0
    outer loop
      vertex -4.45605 -7.71422 0
      vertex -3.96951 -7.83914 7
      vertex -4.45605 -7.71422 7
    endloop
  endfacet
  facet normal -0.248686 -0.968584 -0
    outer loop
      vertex -3.96951 -7.83914 7
      vertex -4.45605 -7.71422 0
      vertex -3.96951 -7.83914 0
    endloop
  endfacet
  facet normal 0.637408 -0.770527 0
    outer loop
      vertex 5.57112 -7.14606 0
      vertex 5.95818 -6.82587 7
      vertex 5.57112 -7.14606 7
    endloop
  endfacet
  facet normal 0.637408 -0.770527 0
    outer loop
      vertex 5.95818 -6.82587 7
      vertex 5.57112 -7.14606 0
      vertex 5.95818 -6.82587 0
    endloop
  endfacet
  facet normal -0.481766 -0.8763 0
    outer loop
      vertex -5.3633 -7.28729 0
      vertex -4.9231 -7.5293 7
      vertex -5.3633 -7.28729 7
    endloop
  endfacet
  facet normal -0.481766 -0.8763 -0
    outer loop
      vertex -4.9231 -7.5293 7
      vertex -5.3633 -7.28729 0
      vertex -4.9231 -7.5293 0
    endloop
  endfacet
  facet normal -0.904835 -0.425762 0
    outer loop
      vertex -6.72522 -5.83701 0
      vertex -6.93909 -5.38249 7
      vertex -6.93909 -5.38249 0
    endloop
  endfacet
  facet normal -0.904835 -0.425762 0
    outer loop
      vertex -6.93909 -5.38249 7
      vertex -6.72522 -5.83701 0
      vertex -6.72522 -5.83701 7
    endloop
  endfacet
  facet normal 0 -1 0
    outer loop
      vertex -3.21999 -7.90999 0
      vertex 3.21999 -7.90999 7
      vertex -3.21999 -7.90999 7
    endloop
  endfacet
  facet normal 0 -1 -0
    outer loop
      vertex 3.21999 -7.90999 7
      vertex -3.21999 -7.90999 0
      vertex 3.21999 -7.90999 0
    endloop
  endfacet
  facet normal 0.995562 -0.0941064 0
    outer loop
      vertex 7.14914 -4.65952 7
      vertex 7.21999 -3.90999 0
      vertex 7.21999 -3.90999 7
    endloop
  endfacet
  facet normal 0.995562 -0.0941064 0
    outer loop
      vertex 7.21999 -3.90999 0
      vertex 7.14914 -4.65952 7
      vertex 7.14914 -4.65952 0
    endloop
  endfacet
  facet normal -0.68453 -0.728984 0
    outer loop
      vertex -6.13586 -6.64818 0
      vertex -5.76968 -6.99203 7
      vertex -6.13586 -6.64818 7
    endloop
  endfacet
  facet normal -0.68453 -0.728984 -0
    outer loop
      vertex -5.76968 -6.99203 7
      vertex -6.13586 -6.64818 0
      vertex -5.76968 -6.99203 0
    endloop
  endfacet
  facet normal -0.968584 0.248686 0
    outer loop
      vertex -7.14914 4.65952 0
      vertex -7.02422 5.14606 7
      vertex -7.02422 5.14606 0
    endloop
  endfacet
  facet normal -0.968584 0.248686 0
    outer loop
      vertex -7.02422 5.14606 7
      vertex -7.14914 4.65952 0
      vertex -7.14914 4.65952 7
    endloop
  endfacet
  facet normal -0.368128 -0.929775 0
    outer loop
      vertex -4.9231 -7.5293 0
      vertex -4.45605 -7.71422 7
      vertex -4.9231 -7.5293 7
    endloop
  endfacet
  facet normal -0.368128 -0.929775 -0
    outer loop
      vertex -4.45605 -7.71422 7
      vertex -4.9231 -7.5293 0
      vertex -4.45605 -7.71422 0
    endloop
  endfacet
  facet normal 0.481766 0.8763 -0
    outer loop
      vertex 5.3633 7.28729 0
      vertex 4.9231 7.5293 7
      vertex 5.3633 7.28729 7
    endloop
  endfacet
  facet normal 0.481766 0.8763 0
    outer loop
      vertex 4.9231 7.5293 7
      vertex 5.3633 7.28729 0
      vertex 4.9231 7.5293 0
    endloop
  endfacet
  facet normal 0.929766 -0.368152 0
    outer loop
      vertex 6.83929 -5.6131 7
      vertex 7.02422 -5.14606 0
      vertex 7.02422 -5.14606 7
    endloop
  endfacet
  facet normal 0.929766 -0.368152 0
    outer loop
      vertex 7.02422 -5.14606 0
      vertex 6.83929 -5.6131 7
      vertex 6.83929 -5.6131 0
    endloop
  endfacet
  facet normal -0.0941077 -0.995562 0
    outer loop
      vertex -3.96951 -7.83914 0
      vertex -3.21999 -7.90999 7
      vertex -3.96951 -7.83914 7
    endloop
  endfacet
  facet normal -0.0941077 -0.995562 -0
    outer loop
      vertex -3.21999 -7.90999 7
      vertex -3.96951 -7.83914 0
      vertex -3.21999 -7.90999 0
    endloop
  endfacet
  facet normal -0.982282 -0.187407 0
    outer loop
      vertex -7.09431 -4.90475 0
      vertex -7.18845 -4.41132 7
      vertex -7.18845 -4.41132 0
    endloop
  endfacet
  facet normal -0.982282 -0.187407 0
    outer loop
      vertex -7.18845 -4.41132 7
      vertex -7.09431 -4.90475 0
      vertex -7.09431 -4.90475 7
    endloop
  endfacet
  facet normal -0.998027 -0.0627885 0
    outer loop
      vertex -7.18845 -4.41132 0
      vertex -7.21999 -3.90999 7
      vertex -7.21999 -3.90999 0
    endloop
  endfacet
  facet normal -0.998027 -0.0627885 0
    outer loop
      vertex -7.21999 -3.90999 7
      vertex -7.18845 -4.41132 0
      vertex -7.18845 -4.41132 7
    endloop
  endfacet
  facet normal -0.929766 0.368152 0
    outer loop
      vertex -7.02422 5.14606 0
      vertex -6.83929 5.6131 7
      vertex -6.83929 5.6131 0
    endloop
  endfacet
  facet normal -0.929766 0.368152 0
    outer loop
      vertex -6.83929 5.6131 7
      vertex -7.02422 5.14606 0
      vertex -7.02422 5.14606 7
    endloop
  endfacet
  facet normal -0.951061 -0.309004 0
    outer loop
      vertex -6.93909 -5.38249 0
      vertex -7.09431 -4.90475 7
      vertex -7.09431 -4.90475 0
    endloop
  endfacet
  facet normal -0.951061 -0.309004 0
    outer loop
      vertex -7.09431 -4.90475 7
      vertex -6.93909 -5.38249 0
      vertex -6.93909 -5.38249 7
    endloop
  endfacet
  facet normal 0.68453 0.728984 -0
    outer loop
      vertex 6.13586 6.64818 0
      vertex 5.76968 6.99203 7
      vertex 6.13586 6.64818 7
    endloop
  endfacet
  facet normal 0.68453 0.728984 0
    outer loop
      vertex 5.76968 6.99203 7
      vertex 6.13586 6.64818 0
      vertex 5.76968 6.99203 0
    endloop
  endfacet
  facet normal 0.368128 0.929775 -0
    outer loop
      vertex 4.9231 7.5293 0
      vertex 4.45605 7.71422 7
      vertex 4.9231 7.5293 7
    endloop
  endfacet
  facet normal 0.368128 0.929775 0
    outer loop
      vertex 4.45605 7.71422 7
      vertex 4.9231 7.5293 0
      vertex 4.45605 7.71422 0
    endloop
  endfacet
  facet normal 0.728984 -0.68453 0
    outer loop
      vertex 5.95818 -6.82587 7
      vertex 6.30203 -6.45969 0
      vertex 6.30203 -6.45969 7
    endloop
  endfacet
  facet normal 0.728984 -0.68453 0
    outer loop
      vertex 6.30203 -6.45969 0
      vertex 5.95818 -6.82587 7
      vertex 5.95818 -6.82587 0
    endloop
  endfacet
  facet normal 0.998027 0.0627885 0
    outer loop
      vertex 7.21999 3.90999 7
      vertex 7.18845 4.41132 0
      vertex 7.18845 4.41132 7
    endloop
  endfacet
  facet normal 0.998027 0.0627885 0
    outer loop
      vertex 7.18845 4.41132 0
      vertex 7.21999 3.90999 7
      vertex 7.21999 3.90999 0
    endloop
  endfacet
  facet normal 0.904835 0.425762 0
    outer loop
      vertex 6.93909 5.38249 7
      vertex 6.72522 5.83701 0
      vertex 6.72522 5.83701 7
    endloop
  endfacet
  facet normal 0.904835 0.425762 0
    outer loop
      vertex 6.72522 5.83701 0
      vertex 6.93909 5.38249 7
      vertex 6.93909 5.38249 0
    endloop
  endfacet
  facet normal 0.248686 0.968584 -0
    outer loop
      vertex 4.45605 7.71422 0
      vertex 3.96951 7.83914 7
      vertex 4.45605 7.71422 7
    endloop
  endfacet
  facet normal 0.248686 0.968584 0
    outer loop
      vertex 3.96951 7.83914 7
      vertex 4.45605 7.71422 0
      vertex 3.96951 7.83914 0
    endloop
  endfacet
  facet normal -1 0 0
    outer loop
      vertex -7.21999 -3.90999 0
      vertex -7.21999 3.90999 7
      vertex -7.21999 3.90999 0
    endloop
  endfacet
  facet normal -1 -0 0
    outer loop
      vertex -7.21999 3.90999 7
      vertex -7.21999 -3.90999 0
      vertex -7.21999 -3.90999 7
    endloop
  endfacet
  facet normal 1 -0 0
    outer loop
      vertex 7.21999 -3.90999 7
      vertex 7.21999 3.90999 0
      vertex 7.21999 3.90999 7
    endloop
  endfacet
  facet normal 1 0 0
    outer loop
      vertex 7.21999 3.90999 0
      vertex 7.21999 -3.90999 7
      vertex 7.21999 -3.90999 0
    endloop
  endfacet
  facet normal 0.0941077 0.995562 -0
    outer loop
      vertex 3.96951 7.83914 0
      vertex 3.21999 7.90999 7
      vertex 3.96951 7.83914 7
    endloop
  endfacet
  facet normal 0.0941077 0.995562 0
    outer loop
      vertex 3.21999 7.90999 7
      vertex 3.96951 7.83914 0
      vertex 3.21999 7.90999 0
    endloop
  endfacet
  facet normal 0.587795 0.80901 -0
    outer loop
      vertex 5.76968 6.99203 0
      vertex 5.3633 7.28729 7
      vertex 5.76968 6.99203 7
    endloop
  endfacet
  facet normal 0.587795 0.80901 0
    outer loop
      vertex 5.3633 7.28729 7
      vertex 5.76968 6.99203 0
      vertex 5.3633 7.28729 0
    endloop
  endfacet
  facet normal 0.535834 -0.844323 0
    outer loop
      vertex 5.147 -7.41522 0
      vertex 5.57112 -7.14606 7
      vertex 5.147 -7.41522 7
    endloop
  endfacet
  facet normal 0.535834 -0.844323 0
    outer loop
      vertex 5.57112 -7.14606 7
      vertex 5.147 -7.41522 0
      vertex 5.57112 -7.14606 0
    endloop
  endfacet
  facet normal -0.876308 0.481751 0
    outer loop
      vertex -6.83929 5.6131 0
      vertex -6.59729 6.0533 7
      vertex -6.59729 6.0533 0
    endloop
  endfacet
  facet normal -0.876308 0.481751 0
    outer loop
      vertex -6.59729 6.0533 7
      vertex -6.83929 5.6131 0
      vertex -6.83929 5.6131 7
    endloop
  endfacet
  facet normal 0.982282 0.187407 0
    outer loop
      vertex 7.18845 4.41132 7
      vertex 7.09431 4.90475 0
      vertex 7.09431 4.90475 7
    endloop
  endfacet
  facet normal 0.982282 0.187407 0
    outer loop
      vertex 7.09431 4.90475 0
      vertex 7.18845 4.41132 7
      vertex 7.18845 4.41132 0
    endloop
  endfacet
  facet normal -0.187384 0.982287 0
    outer loop
      vertex -3.72131 7.87845 0
      vertex -4.21475 7.78432 7
      vertex -3.72131 7.87845 7
    endloop
  endfacet
  facet normal -0.187384 0.982287 0
    outer loop
      vertex -4.21475 7.78432 7
      vertex -3.72131 7.87845 0
      vertex -4.21475 7.78432 0
    endloop
  endfacet
  facet normal -0.535834 0.844323 0
    outer loop
      vertex -5.147 7.41522 0
      vertex -5.57112 7.14606 7
      vertex -5.147 7.41522 7
    endloop
  endfacet
  facet normal -0.535834 0.844323 0
    outer loop
      vertex -5.57112 7.14606 7
      vertex -5.147 7.41522 0
      vertex -5.57112 7.14606 0
    endloop
  endfacet
  facet normal -0.728984 0.68453 0
    outer loop
      vertex -6.30203 6.45969 0
      vertex -5.95818 6.82587 7
      vertex -5.95818 6.82587 0
    endloop
  endfacet
  facet normal -0.728984 0.68453 0
    outer loop
      vertex -5.95818 6.82587 7
      vertex -6.30203 6.45969 0
      vertex -6.30203 6.45969 7
    endloop
  endfacet
  facet normal -0.809017 0.587786 0
    outer loop
      vertex -6.59729 6.0533 0
      vertex -6.30203 6.45969 7
      vertex -6.30203 6.45969 0
    endloop
  endfacet
  facet normal -0.809017 0.587786 0
    outer loop
      vertex -6.30203 6.45969 7
      vertex -6.59729 6.0533 0
      vertex -6.59729 6.0533 7
    endloop
  endfacet
  facet normal -0.425769 0.904832 0
    outer loop
      vertex -4.69249 7.62909 0
      vertex -5.147 7.41522 7
      vertex -4.69249 7.62909 7
    endloop
  endfacet
  facet normal -0.425769 0.904832 0
    outer loop
      vertex -5.147 7.41522 7
      vertex -4.69249 7.62909 0
      vertex -5.147 7.41522 0
    endloop
  endfacet
  facet normal -0.309022 0.951055 0
    outer loop
      vertex -4.21475 7.78432 0
      vertex -4.69249 7.62909 7
      vertex -4.21475 7.78432 7
    endloop
  endfacet
  facet normal -0.309022 0.951055 0
    outer loop
      vertex -4.69249 7.62909 7
      vertex -4.21475 7.78432 0
      vertex -4.69249 7.62909 0
    endloop
  endfacet
  facet normal 0.770527 0.637408 0
    outer loop
      vertex 6.45605 6.26112 7
      vertex 6.13586 6.64818 0
      vertex 6.13586 6.64818 7
    endloop
  endfacet
  facet normal 0.770527 0.637408 0
    outer loop
      vertex 6.13586 6.64818 0
      vertex 6.45605 6.26112 7
      vertex 6.45605 6.26112 0
    endloop
  endfacet
  facet normal 0.951061 0.309004 0
    outer loop
      vertex 7.09431 4.90475 7
      vertex 6.93909 5.38249 0
      vertex 6.93909 5.38249 7
    endloop
  endfacet
  facet normal 0.951061 0.309004 0
    outer loop
      vertex 6.93909 5.38249 0
      vertex 7.09431 4.90475 7
      vertex 7.09431 4.90475 0
    endloop
  endfacet
  facet normal -0.844308 -0.535857 0
    outer loop
      vertex -6.45605 -6.26112 0
      vertex -6.72522 -5.83701 7
      vertex -6.72522 -5.83701 0
    endloop
  endfacet
  facet normal -0.844308 -0.535857 0
    outer loop
      vertex -6.72522 -5.83701 7
      vertex -6.45605 -6.26112 0
      vertex -6.45605 -6.26112 7
    endloop
  endfacet
  facet normal -0.770527 -0.637408 0
    outer loop
      vertex -6.13586 -6.64818 0
      vertex -6.45605 -6.26112 7
      vertex -6.45605 -6.26112 0
    endloop
  endfacet
  facet normal -0.770527 -0.637408 0
    outer loop
      vertex -6.45605 -6.26112 7
      vertex -6.13586 -6.64818 0
      vertex -6.13586 -6.64818 7
    endloop
  endfacet
  facet normal 0.809017 -0.587786 0
    outer loop
      vertex 6.30203 -6.45969 7
      vertex 6.59729 -6.0533 0
      vertex 6.59729 -6.0533 7
    endloop
  endfacet
  facet normal 0.809017 -0.587786 0
    outer loop
      vertex 6.59729 -6.0533 0
      vertex 6.30203 -6.45969 7
      vertex 6.30203 -6.45969 0
    endloop
  endfacet
  facet normal 0.187384 -0.982287 0
    outer loop
      vertex 3.72131 -7.87845 0
      vertex 4.21475 -7.78432 7
      vertex 3.72131 -7.87845 7
    endloop
  endfacet
  facet normal 0.187384 -0.982287 0
    outer loop
      vertex 4.21475 -7.78432 7
      vertex 3.72131 -7.87845 0
      vertex 4.21475 -7.78432 0
    endloop
  endfacet
  facet normal 0.425769 -0.904832 0
    outer loop
      vertex 4.69249 -7.62909 0
      vertex 5.147 -7.41522 7
      vertex 4.69249 -7.62909 7
    endloop
  endfacet
  facet normal 0.425769 -0.904832 0
    outer loop
      vertex 5.147 -7.41522 7
      vertex 4.69249 -7.62909 0
      vertex 5.147 -7.41522 0
    endloop
  endfacet
  facet normal 0.876308 -0.481751 0
    outer loop
      vertex 6.59729 -6.0533 7
      vertex 6.83929 -5.6131 0
      vertex 6.83929 -5.6131 7
    endloop
  endfacet
  facet normal 0.876308 -0.481751 0
    outer loop
      vertex 6.83929 -5.6131 0
      vertex 6.59729 -6.0533 7
      vertex 6.59729 -6.0533 0
    endloop
  endfacet
  facet normal 0.968584 -0.248686 0
    outer loop
      vertex 7.02422 -5.14606 7
      vertex 7.14914 -4.65952 0
      vertex 7.14914 -4.65952 7
    endloop
  endfacet
  facet normal 0.968584 -0.248686 0
    outer loop
      vertex 7.14914 -4.65952 0
      vertex 7.02422 -5.14606 7
      vertex 7.02422 -5.14606 0
    endloop
  endfacet
  facet normal 0.309022 -0.951055 0
    outer loop
      vertex 4.21475 -7.78432 0
      vertex 4.69249 -7.62909 7
      vertex 4.21475 -7.78432 7
    endloop
  endfacet
  facet normal 0.309022 -0.951055 0
    outer loop
      vertex 4.69249 -7.62909 7
      vertex 4.21475 -7.78432 0
      vertex 4.69249 -7.62909 0
    endloop
  endfacet
  facet normal 0.38691 0.532522 0.752808
    outer loop
      vertex 5.3633 7.28729 7
      vertex 2.40667 1.76336 12.4271
      vertex 5.76968 6.99203 7
    endloop
  endfacet
  facet normal 0.315437 0.573759 0.755844
    outer loop
      vertex 4.9231 7.5293 7
      vertex 2.40667 1.76336 12.4271
      vertex 5.3633 7.28729 7
    endloop
  endfacet
  facet normal 0.201965 -0.621572 0.756874
    outer loop
      vertex 4.69249 -7.62909 7
      vertex 2.40667 -1.76336 12.4271
      vertex 4.21475 -7.78432 7
    endloop
  endfacet
  facet normal 0 -0.0629072 0.998019
    outer loop
      vertex -2.40667 0 13
      vertex 2.40667 -0.375999 12.9763
      vertex 2.40667 0 13
    endloop
  endfacet
  facet normal 0 -0.0629072 0.998019
    outer loop
      vertex 2.40667 -0.375999 12.9763
      vertex -2.40667 0 13
      vertex -2.40667 -0.375999 12.9763
    endloop
  endfacet
  facet normal 0.779992 9.42437e-05 0.625789
    outer loop
      vertex 4.91407 1.99605 9.87442
      vertex 7.21999 3.90999 7
      vertex 4.86387 1.99605 9.93699
    endloop
  endfacet
  facet normal 0.78002 1.019e-05 0.625755
    outer loop
      vertex 5.11397 1.96457 9.62524
      vertex 7.21999 3.90999 7
      vertex 4.91407 1.99605 9.87442
    endloop
  endfacet
  facet normal 0.780019 1.26728e-05 0.625756
    outer loop
      vertex 5.30913 1.90211 9.38197
      vertex 7.21999 3.90999 7
      vertex 5.11397 1.96457 9.62524
    endloop
  endfacet
  facet normal 0.780037 -3.24808e-05 0.625733
    outer loop
      vertex 5.49646 1.80965 9.14844
      vertex 7.21999 3.90999 7
      vertex 5.30913 1.90211 9.38197
    endloop
  endfacet
  facet normal 0.780012 1.98e-05 0.625764
    outer loop
      vertex 5.67303 1.68865 8.92835
      vertex 7.21999 3.90999 7
      vertex 5.49646 1.80965 9.14844
    endloop
  endfacet
  facet normal 0.780036 -2.24905e-05 0.625734
    outer loop
      vertex 5.83603 1.54103 8.72515
      vertex 7.21999 3.90999 7
      vertex 5.67303 1.68865 8.92835
    endloop
  endfacet
  facet normal 0.780021 8.49702e-07 0.625754
    outer loop
      vertex 5.98291 1.36909 8.54206
      vertex 7.21999 3.90999 7
      vertex 5.83603 1.54103 8.72515
    endloop
  endfacet
  facet normal 0.780005 1.9964e-05 0.625773
    outer loop
      vertex 6.11135 1.17557 8.38197
      vertex 7.21999 3.90999 7
      vertex 5.98291 1.36909 8.54206
    endloop
  endfacet
  facet normal 0.780028 -3.88207e-06 0.625744
    outer loop
      vertex 6.21931 0.963507 8.24739
      vertex 7.21999 3.90999 7
      vertex 6.11135 1.17557 8.38197
    endloop
  endfacet
  facet normal 0.780022 1.13229e-06 0.625752
    outer loop
      vertex 6.3051 0.736249 8.14045
      vertex 7.21999 3.90999 7
      vertex 6.21931 0.963507 8.24739
    endloop
  endfacet
  facet normal 0.780043 -1.40513e-05 0.625726
    outer loop
      vertex 6.36736 0.497379 8.06283
      vertex 7.21999 3.90999 7
      vertex 6.3051 0.736249 8.14045
    endloop
  endfacet
  facet normal 0.779999 1.4192e-05 0.625781
    outer loop
      vertex 6.40512 0.250666 8.01577
      vertex 7.21999 3.90999 7
      vertex 6.36736 0.497379 8.06283
    endloop
  endfacet
  facet normal 0.780028 -2.52095e-06 0.625744
    outer loop
      vertex 6.41777 0 8
      vertex 7.21999 3.90999 7
      vertex 6.40512 0.250666 8.01577
    endloop
  endfacet
  facet normal 0.780028 2.52095e-06 0.625744
    outer loop
      vertex 7.21999 -3.90999 7
      vertex 6.41777 0 8
      vertex 6.40512 -0.250666 8.01577
    endloop
  endfacet
  facet normal 0.779999 -1.4192e-05 0.625781
    outer loop
      vertex 7.21999 -3.90999 7
      vertex 6.40512 -0.250666 8.01577
      vertex 6.36736 -0.497379 8.06283
    endloop
  endfacet
  facet normal 0.780023 0 0.62575
    outer loop
      vertex 6.41777 0 8
      vertex 7.21999 -3.90999 7
      vertex 7.21999 3.90999 7
    endloop
  endfacet
  facet normal 0.780043 1.40513e-05 0.625726
    outer loop
      vertex 6.3051 -0.736249 8.14045
      vertex 7.21999 -3.90999 7
      vertex 6.36736 -0.497379 8.06283
    endloop
  endfacet
  facet normal 0.780022 -1.13229e-06 0.625752
    outer loop
      vertex 6.21931 -0.963507 8.24739
      vertex 7.21999 -3.90999 7
      vertex 6.3051 -0.736249 8.14045
    endloop
  endfacet
  facet normal 0.780028 3.88207e-06 0.625744
    outer loop
      vertex 6.11135 -1.17557 8.38197
      vertex 7.21999 -3.90999 7
      vertex 6.21931 -0.963507 8.24739
    endloop
  endfacet
  facet normal 0.780005 -1.9964e-05 0.625773
    outer loop
      vertex 5.98291 -1.36909 8.54206
      vertex 7.21999 -3.90999 7
      vertex 6.11135 -1.17557 8.38197
    endloop
  endfacet
  facet normal 0.780021 -8.49702e-07 0.625754
    outer loop
      vertex 5.83603 -1.54103 8.72515
      vertex 7.21999 -3.90999 7
      vertex 5.98291 -1.36909 8.54206
    endloop
  endfacet
  facet normal 0.780036 2.24905e-05 0.625734
    outer loop
      vertex 5.67303 -1.68865 8.92835
      vertex 7.21999 -3.90999 7
      vertex 5.83603 -1.54103 8.72515
    endloop
  endfacet
  facet normal 0.780012 -1.98e-05 0.625764
    outer loop
      vertex 5.49646 -1.80965 9.14844
      vertex 7.21999 -3.90999 7
      vertex 5.67303 -1.68865 8.92835
    endloop
  endfacet
  facet normal 0.780037 3.24808e-05 0.625733
    outer loop
      vertex 5.30913 -1.90211 9.38197
      vertex 7.21999 -3.90999 7
      vertex 5.49646 -1.80965 9.14844
    endloop
  endfacet
  facet normal 0.780019 -1.26728e-05 0.625756
    outer loop
      vertex 5.11397 -1.96457 9.62524
      vertex 7.21999 -3.90999 7
      vertex 5.30913 -1.90211 9.38197
    endloop
  endfacet
  facet normal 0.78002 -1.019e-05 0.625755
    outer loop
      vertex 7.21999 -3.90999 7
      vertex 5.11397 -1.96457 9.62524
      vertex 4.91407 -1.99605 9.87442
    endloop
  endfacet
  facet normal 0.779992 -9.42437e-05 0.625789
    outer loop
      vertex 4.86387 -1.99605 9.93699
      vertex 7.21999 -3.90999 7
      vertex 4.91407 -1.99605 9.87442
    endloop
  endfacet
  facet normal 0.777107 0.00908737 0.629303
    outer loop
      vertex 2.40667 0 13
      vertex 3.32156 0.736249 11.8596
      vertex 3.32533 0.746259 11.8548
    endloop
  endfacet
  facet normal 0.78003 -6.24823e-05 0.625742
    outer loop
      vertex 2.40667 0 13
      vertex 3.25929 0.497379 11.9372
      vertex 3.32156 0.736249 11.8596
    endloop
  endfacet
  facet normal 0.780051 -0.000155338 0.625715
    outer loop
      vertex 2.40667 0 13
      vertex 3.22154 0.250666 11.9842
      vertex 3.25929 0.497379 11.9372
    endloop
  endfacet
  facet normal 0.780023 7.80316e-05 0.62575
    outer loop
      vertex 2.40667 0 13
      vertex 3.20889 0 12
      vertex 3.22154 0.250666 11.9842
    endloop
  endfacet
  facet normal 0.780023 -7.80316e-05 0.62575
    outer loop
      vertex 2.40667 0 13
      vertex 3.22154 -0.250666 11.9842
      vertex 3.20889 0 12
    endloop
  endfacet
  facet normal 0.780051 0.000155338 0.625715
    outer loop
      vertex 2.40667 0 13
      vertex 3.25929 -0.497379 11.9372
      vertex 3.22154 -0.250666 11.9842
    endloop
  endfacet
  facet normal 0.78003 6.24823e-05 0.625742
    outer loop
      vertex 2.40667 0 13
      vertex 3.32156 -0.736249 11.8596
      vertex 3.25929 -0.497379 11.9372
    endloop
  endfacet
  facet normal 0.777107 -0.00908737 0.629303
    outer loop
      vertex 3.32156 -0.736249 11.8596
      vertex 2.40667 0 13
      vertex 3.32533 -0.746259 11.8548
    endloop
  endfacet
  facet normal -0 0.187395 0.982285
    outer loop
      vertex -2.40667 0.746069 12.9057
      vertex 2.40667 0.375999 12.9763
      vertex 2.40667 0.746069 12.9057
    endloop
  endfacet
  facet normal 0 0.187395 0.982285
    outer loop
      vertex 2.40667 0.375999 12.9763
      vertex -2.40667 0.746069 12.9057
      vertex -2.40667 0.375999 12.9763
    endloop
  endfacet
  facet normal 0.0620947 0.656898 0.751418
    outer loop
      vertex 3.21999 7.90999 7
      vertex 2.40667 2.05364 12.1869
      vertex 3.96951 7.83914 7
    endloop
  endfacet
  facet normal 0.763838 0.0480551 0.643616
    outer loop
      vertex 7.18845 4.41132 7
      vertex 4.58889 1.97821 10.2668
      vertex 7.21999 3.90999 7
    endloop
  endfacet
  facet normal 0.764131 0.0473461 0.643321
    outer loop
      vertex 7.18845 4.41132 7
      vertex 4.49881 1.96457 10.3748
      vertex 4.58889 1.97821 10.2668
    endloop
  endfacet
  facet normal 0.763682 0.0484593 0.643771
    outer loop
      vertex 7.18845 4.41132 7
      vertex 4.29776 1.90211 10.618
      vertex 4.49881 1.96457 10.3748
    endloop
  endfacet
  facet normal 0.764112 0.047347 0.643343
    outer loop
      vertex 7.18845 4.41132 7
      vertex 4.10681 1.80965 10.8516
      vertex 4.29776 1.90211 10.618
    endloop
  endfacet
  facet normal 0.756799 0.066278 0.650279
    outer loop
      vertex 4.10681 1.80965 10.8516
      vertex 7.18845 4.41132 7
      vertex 4.10016 1.80513 10.8598
    endloop
  endfacet
  facet normal 0.763838 0.0480677 0.643615
    outer loop
      vertex 3.62359 1.36909 11.4579
      vertex 2.40667 0.375999 12.9763
      vertex 3.50539 1.18269 11.6121
    endloop
  endfacet
  facet normal 0.764331 0.0467208 0.643129
    outer loop
      vertex 2.40667 0.375999 12.9763
      vertex 3.62359 1.36909 11.4579
      vertex 3.71908 1.48354 11.3361
    endloop
  endfacet
  facet normal -0.677843 0.227158 0.699234
    outer loop
      vertex -2.40667 1.10437 12.7893
      vertex -7.02422 5.14606 7
      vertex -2.40667 0.746069 12.9057
    endloop
  endfacet
  facet normal -0.678319 -0.227022 0.698816
    outer loop
      vertex -2.40667 -0.746069 12.9057
      vertex -6.93909 -5.38249 7
      vertex -2.40667 -1.10437 12.7893
    endloop
  endfacet
  facet normal -0.315437 -0.573759 0.755844
    outer loop
      vertex -2.40667 -1.76336 12.4271
      vertex -5.3633 -7.28729 7
      vertex -4.9231 -7.5293 7
    endloop
  endfacet
  facet normal -0.185768 -0.626421 0.757025
    outer loop
      vertex -2.40667 -1.76336 12.4271
      vertex -4.45605 -7.71422 7
      vertex -2.40667 -2.05364 12.1869
    endloop
  endfacet
  facet normal -0.730435 -0.127987 0.670883
    outer loop
      vertex -3.71908 -1.48354 11.3361
      vertex -2.40667 -0.746069 12.9057
      vertex -2.40667 -0.375999 12.9763
    endloop
  endfacet
  facet normal -0.729785 -0.129877 0.671227
    outer loop
      vertex -3.76523 -1.54103 11.2748
      vertex -2.40667 -0.746069 12.9057
      vertex -3.71908 -1.48354 11.3361
    endloop
  endfacet
  facet normal -0.730925 -0.12665 0.670603
    outer loop
      vertex -3.92599 -1.68865 11.0717
      vertex -2.40667 -0.746069 12.9057
      vertex -3.76523 -1.54103 11.2748
    endloop
  endfacet
  facet normal -0.73086 -0.127095 0.67059
    outer loop
      vertex -7.18845 -4.41132 7
      vertex -3.92599 -1.68865 11.0717
      vertex -4.10016 -1.80513 10.8598
    endloop
  endfacet
  facet normal -0.730346 -0.128226 0.670934
    outer loop
      vertex -3.92599 -1.68865 11.0717
      vertex -7.18845 -4.41132 7
      vertex -2.40667 -0.746069 12.9057
    endloop
  endfacet
  facet normal -0.78002 1.019e-05 0.625755
    outer loop
      vertex -7.21999 3.90999 7
      vertex -5.11397 1.96457 9.62524
      vertex -4.91407 1.99605 9.87442
    endloop
  endfacet
  facet normal -0.780019 1.26728e-05 0.625756
    outer loop
      vertex -7.21999 3.90999 7
      vertex -5.30913 1.90211 9.38197
      vertex -5.11397 1.96457 9.62524
    endloop
  endfacet
  facet normal -0.780037 -3.24808e-05 0.625733
    outer loop
      vertex -7.21999 3.90999 7
      vertex -5.49646 1.80965 9.14844
      vertex -5.30913 1.90211 9.38197
    endloop
  endfacet
  facet normal -0.780012 1.98e-05 0.625764
    outer loop
      vertex -7.21999 3.90999 7
      vertex -5.67303 1.68865 8.92835
      vertex -5.49646 1.80965 9.14844
    endloop
  endfacet
  facet normal -0.780036 -2.24905e-05 0.625734
    outer loop
      vertex -7.21999 3.90999 7
      vertex -5.83603 1.54103 8.72515
      vertex -5.67303 1.68865 8.92835
    endloop
  endfacet
  facet normal -0.780021 8.49702e-07 0.625754
    outer loop
      vertex -7.21999 3.90999 7
      vertex -5.98291 1.36909 8.54206
      vertex -5.83603 1.54103 8.72515
    endloop
  endfacet
  facet normal -0.780005 1.9964e-05 0.625773
    outer loop
      vertex -7.21999 3.90999 7
      vertex -6.11135 1.17557 8.38197
      vertex -5.98291 1.36909 8.54206
    endloop
  endfacet
  facet normal -0.780028 -3.88207e-06 0.625744
    outer loop
      vertex -7.21999 3.90999 7
      vertex -6.21931 0.963507 8.24739
      vertex -6.11135 1.17557 8.38197
    endloop
  endfacet
  facet normal -0.780022 1.13229e-06 0.625752
    outer loop
      vertex -7.21999 3.90999 7
      vertex -6.3051 0.736249 8.14045
      vertex -6.21931 0.963507 8.24739
    endloop
  endfacet
  facet normal -0.780043 -1.40513e-05 0.625726
    outer loop
      vertex -7.21999 3.90999 7
      vertex -6.36736 0.497379 8.06283
      vertex -6.3051 0.736249 8.14045
    endloop
  endfacet
  facet normal -0.779999 1.4192e-05 0.625781
    outer loop
      vertex -7.21999 3.90999 7
      vertex -6.40512 0.250666 8.01577
      vertex -6.36736 0.497379 8.06283
    endloop
  endfacet
  facet normal -0.780028 -2.52095e-06 0.625744
    outer loop
      vertex -7.21999 3.90999 7
      vertex -6.41777 0 8
      vertex -6.40512 0.250666 8.01577
    endloop
  endfacet
  facet normal -0.780023 0 0.62575
    outer loop
      vertex -7.21999 -3.90999 7
      vertex -6.41777 0 8
      vertex -7.21999 3.90999 7
    endloop
  endfacet
  facet normal -0.780028 2.52095e-06 0.625744
    outer loop
      vertex -6.41777 0 8
      vertex -7.21999 -3.90999 7
      vertex -6.40512 -0.250666 8.01577
    endloop
  endfacet
  facet normal -0.779992 -9.42437e-05 0.625789
    outer loop
      vertex -4.91407 -1.99605 9.87442
      vertex -7.21999 -3.90999 7
      vertex -4.86387 -1.99605 9.93699
    endloop
  endfacet
  facet normal -0.78002 -1.019e-05 0.625755
    outer loop
      vertex -5.11397 -1.96457 9.62524
      vertex -7.21999 -3.90999 7
      vertex -4.91407 -1.99605 9.87442
    endloop
  endfacet
  facet normal -0.780019 -1.26728e-05 0.625756
    outer loop
      vertex -5.30913 -1.90211 9.38197
      vertex -7.21999 -3.90999 7
      vertex -5.11397 -1.96457 9.62524
    endloop
  endfacet
  facet normal -0.780037 3.24808e-05 0.625733
    outer loop
      vertex -5.49646 -1.80965 9.14844
      vertex -7.21999 -3.90999 7
      vertex -5.30913 -1.90211 9.38197
    endloop
  endfacet
  facet normal -0.780012 -1.98e-05 0.625764
    outer loop
      vertex -5.67303 -1.68865 8.92835
      vertex -7.21999 -3.90999 7
      vertex -5.49646 -1.80965 9.14844
    endloop
  endfacet
  facet normal -0.780036 2.24905e-05 0.625734
    outer loop
      vertex -5.83603 -1.54103 8.72515
      vertex -7.21999 -3.90999 7
      vertex -5.67303 -1.68865 8.92835
    endloop
  endfacet
  facet normal -0.780021 -8.49702e-07 0.625754
    outer loop
      vertex -5.98291 -1.36909 8.54206
      vertex -7.21999 -3.90999 7
      vertex -5.83603 -1.54103 8.72515
    endloop
  endfacet
  facet normal -0.780005 -1.9964e-05 0.625773
    outer loop
      vertex -6.11135 -1.17557 8.38197
      vertex -7.21999 -3.90999 7
      vertex -5.98291 -1.36909 8.54206
    endloop
  endfacet
  facet normal -0.780028 3.88207e-06 0.625744
    outer loop
      vertex -6.21931 -0.963507 8.24739
      vertex -7.21999 -3.90999 7
      vertex -6.11135 -1.17557 8.38197
    endloop
  endfacet
  facet normal -0.780022 -1.13229e-06 0.625752
    outer loop
      vertex -6.3051 -0.736249 8.14045
      vertex -7.21999 -3.90999 7
      vertex -6.21931 -0.963507 8.24739
    endloop
  endfacet
  facet normal -0.780043 1.40513e-05 0.625726
    outer loop
      vertex -6.36736 -0.497379 8.06283
      vertex -7.21999 -3.90999 7
      vertex -6.3051 -0.736249 8.14045
    endloop
  endfacet
  facet normal -0.779999 -1.4192e-05 0.625781
    outer loop
      vertex -6.40512 -0.250666 8.01577
      vertex -7.21999 -3.90999 7
      vertex -6.36736 -0.497379 8.06283
    endloop
  endfacet
  facet normal -0.779992 9.42437e-05 0.625789
    outer loop
      vertex -7.21999 3.90999 7
      vertex -4.91407 1.99605 9.87442
      vertex -4.86387 1.99605 9.93699
    endloop
  endfacet
  facet normal -0.777107 0.00908737 0.629303
    outer loop
      vertex -3.32156 0.736249 11.8596
      vertex -2.40667 0 13
      vertex -3.32533 0.746259 11.8548
    endloop
  endfacet
  facet normal -0.78003 -6.24823e-05 0.625742
    outer loop
      vertex -3.25929 0.497379 11.9372
      vertex -2.40667 0 13
      vertex -3.32156 0.736249 11.8596
    endloop
  endfacet
  facet normal -0.780051 -0.000155338 0.625715
    outer loop
      vertex -3.22154 0.250666 11.9842
      vertex -2.40667 0 13
      vertex -3.25929 0.497379 11.9372
    endloop
  endfacet
  facet normal -0.780023 7.80316e-05 0.62575
    outer loop
      vertex -3.20889 0 12
      vertex -2.40667 0 13
      vertex -3.22154 0.250666 11.9842
    endloop
  endfacet
  facet normal -0.780023 -7.80316e-05 0.62575
    outer loop
      vertex -3.22154 -0.250666 11.9842
      vertex -2.40667 0 13
      vertex -3.20889 0 12
    endloop
  endfacet
  facet normal -0.780051 0.000155338 0.625715
    outer loop
      vertex -3.25929 -0.497379 11.9372
      vertex -2.40667 0 13
      vertex -3.22154 -0.250666 11.9842
    endloop
  endfacet
  facet normal -0.78003 6.24823e-05 0.625742
    outer loop
      vertex -3.32156 -0.736249 11.8596
      vertex -2.40667 0 13
      vertex -3.25929 -0.497379 11.9372
    endloop
  endfacet
  facet normal -0.777107 -0.00908737 0.629303
    outer loop
      vertex -2.40667 0 13
      vertex -3.32156 -0.736249 11.8596
      vertex -3.32533 -0.746259 11.8548
    endloop
  endfacet
  facet normal 0.454436 0.483947 0.747853
    outer loop
      vertex 5.76968 6.99203 7
      vertex 2.40667 1.76336 12.4271
      vertex 6.13586 6.64818 7
    endloop
  endfacet
  facet normal 0.185768 0.626421 0.757025
    outer loop
      vertex 2.40667 2.05364 12.1869
      vertex 2.40667 1.76336 12.4271
      vertex 4.45605 7.71422 7
    endloop
  endfacet
  facet normal -0 0.53569 0.844415
    outer loop
      vertex -2.40667 1.76336 12.4271
      vertex 2.40667 1.44526 12.6289
      vertex 2.40667 1.76336 12.4271
    endloop
  endfacet
  facet normal 0 0.53569 0.844415
    outer loop
      vertex 2.40667 1.44526 12.6289
      vertex -2.40667 1.76336 12.4271
      vertex -2.40667 1.44526 12.6289
    endloop
  endfacet
  facet normal -0.466053 0.473955 0.747102
    outer loop
      vertex -2.40667 1.76336 12.4271
      vertex -5.95818 6.82587 7
      vertex -2.40667 1.44526 12.6289
    endloop
  endfacet
  facet normal -0.0414741 0.65922 0.750806
    outer loop
      vertex -3.21999 7.90999 7
      vertex -3.72131 7.87845 7
      vertex -2.40667 2.05364 12.1869
    endloop
  endfacet
  facet normal 0 0.663024 0.748598
    outer loop
      vertex 3.21999 7.90999 7
      vertex -2.40667 2.05364 12.1869
      vertex 2.40667 2.05364 12.1869
    endloop
  endfacet
  facet normal 0 0.663024 0.748598
    outer loop
      vertex -2.40667 2.05364 12.1869
      vertex 3.21999 7.90999 7
      vertex -3.21999 7.90999 7
    endloop
  endfacet
  facet normal 0 -0.637518 0.770436
    outer loop
      vertex -2.40667 -1.76336 12.4271
      vertex 2.40667 -2.05364 12.1869
      vertex 2.40667 -1.76336 12.4271
    endloop
  endfacet
  facet normal 0 -0.637518 0.770436
    outer loop
      vertex 2.40667 -2.05364 12.1869
      vertex -2.40667 -1.76336 12.4271
      vertex -2.40667 -2.05364 12.1869
    endloop
  endfacet
  facet normal -0.518403 -0.428841 0.739834
    outer loop
      vertex -2.40667 -1.44526 12.6289
      vertex -6.45605 -6.26112 7
      vertex -6.13586 -6.64818 7
    endloop
  endfacet
  facet normal 0.598159 0.341191 0.725116
    outer loop
      vertex 2.40667 1.44526 12.6289
      vertex 2.40667 1.10437 12.7893
      vertex 6.72522 5.83701 7
    endloop
  endfacet
  facet normal -0.632495 -0.297614 0.715106
    outer loop
      vertex -2.40667 -1.10437 12.7893
      vertex -6.93909 -5.38249 7
      vertex -6.72522 -5.83701 7
    endloop
  endfacet
  facet normal 0.466053 -0.473955 0.747102
    outer loop
      vertex 2.40667 -1.44526 12.6289
      vertex 2.40667 -1.76336 12.4271
      vertex 5.95818 -6.82587 7
    endloop
  endfacet
  facet normal 0.351629 -0.554068 0.754564
    outer loop
      vertex 5.57112 -7.14606 7
      vertex 2.40667 -1.76336 12.4271
      vertex 5.147 -7.41522 7
    endloop
  endfacet
  facet normal 0 -0.663024 0.748598
    outer loop
      vertex -2.40667 -2.05364 12.1869
      vertex 3.21999 -7.90999 7
      vertex 2.40667 -2.05364 12.1869
    endloop
  endfacet
  facet normal 0 -0.663024 0.748598
    outer loop
      vertex 3.21999 -7.90999 7
      vertex -2.40667 -2.05364 12.1869
      vertex -3.21999 -7.90999 7
    endloop
  endfacet
  facet normal 0 -0.308971 0.951071
    outer loop
      vertex -2.40667 -0.746069 12.9057
      vertex 2.40667 -1.10437 12.7893
      vertex 2.40667 -0.746069 12.9057
    endloop
  endfacet
  facet normal 0 -0.308971 0.951071
    outer loop
      vertex 2.40667 -1.10437 12.7893
      vertex -2.40667 -0.746069 12.9057
      vertex -2.40667 -1.10437 12.7893
    endloop
  endfacet
  facet normal 0.704823 -0.180964 0.685913
    outer loop
      vertex 7.14914 -4.65952 7
      vertex 2.40667 -0.746069 12.9057
      vertex 7.02422 -5.14606 7
    endloop
  endfacet
  facet normal 0.0414741 -0.65922 0.750806
    outer loop
      vertex 3.72131 -7.87845 7
      vertex 2.40667 -2.05364 12.1869
      vertex 3.21999 -7.90999 7
    endloop
  endfacet
  facet normal 0.577694 0.366645 0.729274
    outer loop
      vertex 6.45605 6.26112 7
      vertex 2.40667 1.44526 12.6289
      vertex 6.72522 5.83701 7
    endloop
  endfacet
  facet normal 0.240541 0.607532 0.756997
    outer loop
      vertex 4.45605 7.71422 7
      vertex 2.40667 1.76336 12.4271
      vertex 4.9231 7.5293 7
    endloop
  endfacet
  facet normal -0.201965 0.621572 0.756874
    outer loop
      vertex -4.21475 7.78432 7
      vertex -4.69249 7.62909 7
      vertex -2.40667 1.76336 12.4271
    endloop
  endfacet
  facet normal 0.162755 0.633901 0.756096
    outer loop
      vertex 3.96951 7.83914 7
      vertex 2.40667 2.05364 12.1869
      vertex 4.45605 7.71422 7
    endloop
  endfacet
  facet normal -0.486897 0.457205 0.744241
    outer loop
      vertex -5.95818 6.82587 7
      vertex -6.30203 6.45969 7
      vertex -2.40667 1.44526 12.6289
    endloop
  endfacet
  facet normal -0.122922 0.644369 0.754771
    outer loop
      vertex -3.72131 7.87845 7
      vertex -4.21475 7.78432 7
      vertex -2.40667 2.05364 12.1869
    endloop
  endfacet
  facet normal -0.186255 0.626362 0.756954
    outer loop
      vertex -2.40667 2.05364 12.1869
      vertex -4.21475 7.78432 7
      vertex -2.40667 1.76336 12.4271
    endloop
  endfacet
  facet normal 0.122922 -0.644369 0.754771
    outer loop
      vertex 4.21475 -7.78432 7
      vertex 2.40667 -2.05364 12.1869
      vertex 3.72131 -7.87845 7
    endloop
  endfacet
  facet normal 0.186255 -0.626362 0.756954
    outer loop
      vertex 2.40667 -1.76336 12.4271
      vertex 2.40667 -2.05364 12.1869
      vertex 4.21475 -7.78432 7
    endloop
  endfacet
  facet normal -0.755761 0.071439 0.650939
    outer loop
      vertex -4.58889 1.97821 10.2668
      vertex -7.14914 4.65952 7
      vertex -7.21999 3.90999 7
    endloop
  endfacet
  facet normal -0.756044 0.0708474 0.650675
    outer loop
      vertex -4.49722 1.96457 10.3748
      vertex -7.14914 4.65952 7
      vertex -4.58889 1.97821 10.2668
    endloop
  endfacet
  facet normal -0.755615 0.0717677 0.651073
    outer loop
      vertex -4.2936 1.90211 10.618
      vertex -7.14914 4.65952 7
      vertex -4.49722 1.96457 10.3748
    endloop
  endfacet
  facet normal -0.756027 0.0708455 0.650695
    outer loop
      vertex -4.10121 1.80965 10.8516
      vertex -7.14914 4.65952 7
      vertex -4.2936 1.90211 10.618
    endloop
  endfacet
  facet normal -0.755774 0.0714277 0.650926
    outer loop
      vertex -3.92308 1.68865 11.0717
      vertex -7.14914 4.65952 7
      vertex -4.10121 1.80965 10.8516
    endloop
  endfacet
  facet normal -0.758372 0.0649639 0.648576
    outer loop
      vertex -2.40667 0.375999 12.9763
      vertex -3.92308 1.68865 11.0717
      vertex -3.76203 1.54103 11.2748
    endloop
  endfacet
  facet normal -0.755401 0.0722952 0.651263
    outer loop
      vertex -3.92308 1.68865 11.0717
      vertex -2.40667 0.375999 12.9763
      vertex -7.14914 4.65952 7
    endloop
  endfacet
  facet normal -0.755769 0.0714314 0.650931
    outer loop
      vertex -3.62058 1.36909 11.4579
      vertex -2.40667 0.375999 12.9763
      vertex -3.76203 1.54103 11.2748
    endloop
  endfacet
  facet normal -0.755761 0.0714505 0.650937
    outer loop
      vertex -2.40667 0.375999 12.9763
      vertex -3.62058 1.36909 11.4579
      vertex -3.50539 1.18269 11.6121
    endloop
  endfacet
  facet normal -0.577694 -0.366645 0.729274
    outer loop
      vertex -2.40667 -1.44526 12.6289
      vertex -6.72522 -5.83701 7
      vertex -6.45605 -6.26112 7
    endloop
  endfacet
  facet normal 0.677843 -0.227158 0.699234
    outer loop
      vertex 2.40667 -0.746069 12.9057
      vertex 2.40667 -1.10437 12.7893
      vertex 7.02422 -5.14606 7
    endloop
  endfacet
  facet normal -0 0.0629072 0.998019
    outer loop
      vertex -2.40667 0.375999 12.9763
      vertex 2.40667 0 13
      vertex 2.40667 0.375999 12.9763
    endloop
  endfacet
  facet normal 0 0.0629072 0.998019
    outer loop
      vertex 2.40667 0 13
      vertex -2.40667 0.375999 12.9763
      vertex -2.40667 0 13
    endloop
  endfacet
  facet normal 0.605516 -0.332883 0.722869
    outer loop
      vertex 6.83929 -5.6131 7
      vertex 2.40667 -1.10437 12.7893
      vertex 6.59729 -6.0533 7
    endloop
  endfacet
  facet normal 0.657904 -0.260505 0.706611
    outer loop
      vertex 7.02422 -5.14606 7
      vertex 2.40667 -1.10437 12.7893
      vertex 6.83929 -5.6131 7
    endloop
  endfacet
  facet normal 0.730149 -0.128045 0.671183
    outer loop
      vertex 2.40667 -0.375999 12.9763
      vertex 2.40667 -0.746069 12.9057
      vertex 7.14914 -4.65952 7
    endloop
  endfacet
  facet normal 0.755761 -0.0714505 0.650937
    outer loop
      vertex 2.40667 -0.375999 12.9763
      vertex 3.62058 -1.36909 11.4579
      vertex 3.50539 -1.18269 11.6121
    endloop
  endfacet
  facet normal 0.755769 -0.0714314 0.650931
    outer loop
      vertex 2.40667 -0.375999 12.9763
      vertex 3.76203 -1.54103 11.2748
      vertex 3.62058 -1.36909 11.4579
    endloop
  endfacet
  facet normal 0.758372 -0.0649639 0.648576
    outer loop
      vertex 2.40667 -0.375999 12.9763
      vertex 3.92308 -1.68865 11.0717
      vertex 3.76203 -1.54103 11.2748
    endloop
  endfacet
  facet normal 0.756044 -0.0708474 0.650675
    outer loop
      vertex 7.14914 -4.65952 7
      vertex 4.58889 -1.97821 10.2668
      vertex 4.49722 -1.96457 10.3748
    endloop
  endfacet
  facet normal 0.755615 -0.0717677 0.651073
    outer loop
      vertex 7.14914 -4.65952 7
      vertex 4.49722 -1.96457 10.3748
      vertex 4.2936 -1.90211 10.618
    endloop
  endfacet
  facet normal 0.756027 -0.0708455 0.650695
    outer loop
      vertex 7.14914 -4.65952 7
      vertex 4.2936 -1.90211 10.618
      vertex 4.10121 -1.80965 10.8516
    endloop
  endfacet
  facet normal 0.755761 -0.071439 0.650939
    outer loop
      vertex 4.58889 -1.97821 10.2668
      vertex 7.14914 -4.65952 7
      vertex 7.21999 -3.90999 7
    endloop
  endfacet
  facet normal 0.755774 -0.0714277 0.650926
    outer loop
      vertex 3.92308 -1.68865 11.0717
      vertex 7.14914 -4.65952 7
      vertex 4.10121 -1.80965 10.8516
    endloop
  endfacet
  facet normal 0.755401 -0.0722952 0.651263
    outer loop
      vertex 7.14914 -4.65952 7
      vertex 3.92308 -1.68865 11.0717
      vertex 2.40667 -0.375999 12.9763
    endloop
  endfacet
  facet normal 0.598577 -0.341058 0.724834
    outer loop
      vertex 2.40667 -1.10437 12.7893
      vertex 2.40667 -1.44526 12.6289
      vertex 6.59729 -6.0533 7
    endloop
  endfacet
  facet normal 0.421189 -0.509152 0.750575
    outer loop
      vertex 5.95818 -6.82587 7
      vertex 2.40667 -1.76336 12.4271
      vertex 5.57112 -7.14606 7
    endloop
  endfacet
  facet normal -0.421189 0.509152 0.750575
    outer loop
      vertex -5.57112 7.14606 7
      vertex -5.95818 6.82587 7
      vertex -2.40667 1.76336 12.4271
    endloop
  endfacet
  facet normal 0.278374 -0.591593 0.756654
    outer loop
      vertex 5.147 -7.41522 7
      vertex 2.40667 -1.76336 12.4271
      vertex 4.69249 -7.62909 7
    endloop
  endfacet
  facet normal 0.766429 -0.0402372 0.641068
    outer loop
      vertex 4.70611 -1.99605 10.1256
      vertex 7.21999 -3.90999 7
      vertex 4.86387 -1.99605 9.93699
    endloop
  endfacet
  facet normal 0.766236 -0.0408075 0.641262
    outer loop
      vertex 7.21999 -3.90999 7
      vertex 4.70611 -1.99605 10.1256
      vertex 4.58889 -1.97821 10.2668
    endloop
  endfacet
  facet normal 0.766382 -0.0404106 0.641112
    outer loop
      vertex 2.40667 -0.375999 12.9763
      vertex 3.32533 -0.746259 11.8548
      vertex 2.40667 0 13
    endloop
  endfacet
  facet normal 0.766423 -0.0402017 0.641077
    outer loop
      vertex 2.40667 -0.375999 12.9763
      vertex 3.39942 -0.963507 11.7526
      vertex 3.32533 -0.746259 11.8548
    endloop
  endfacet
  facet normal 0.76635 -0.0404735 0.641147
    outer loop
      vertex 2.40667 -0.375999 12.9763
      vertex 3.50083 -1.17557 11.618
      vertex 3.39942 -0.963507 11.7526
    endloop
  endfacet
  facet normal 0.766346 -0.0404854 0.641151
    outer loop
      vertex 3.50083 -1.17557 11.618
      vertex 2.40667 -0.375999 12.9763
      vertex 3.50539 -1.18269 11.6121
    endloop
  endfacet
  facet normal -0 0.637518 0.770436
    outer loop
      vertex -2.40667 2.05364 12.1869
      vertex 2.40667 1.76336 12.4271
      vertex 2.40667 2.05364 12.1869
    endloop
  endfacet
  facet normal 0 0.637518 0.770436
    outer loop
      vertex 2.40667 1.76336 12.4271
      vertex -2.40667 2.05364 12.1869
      vertex -2.40667 1.76336 12.4271
    endloop
  endfacet
  facet normal 0.73086 0.127095 0.67059
    outer loop
      vertex 7.18845 4.41132 7
      vertex 3.92599 1.68865 11.0717
      vertex 4.10016 1.80513 10.8598
    endloop
  endfacet
  facet normal 0.730346 0.128226 0.670934
    outer loop
      vertex 2.40667 0.746069 12.9057
      vertex 3.92599 1.68865 11.0717
      vertex 7.18845 4.41132 7
    endloop
  endfacet
  facet normal 0.730925 0.12665 0.670603
    outer loop
      vertex 2.40667 0.746069 12.9057
      vertex 3.76523 1.54103 11.2748
      vertex 3.92599 1.68865 11.0717
    endloop
  endfacet
  facet normal 0.729785 0.129877 0.671227
    outer loop
      vertex 2.40667 0.746069 12.9057
      vertex 3.71908 1.48354 11.3361
      vertex 3.76523 1.54103 11.2748
    endloop
  endfacet
  facet normal 0.730435 0.127987 0.670883
    outer loop
      vertex 3.71908 1.48354 11.3361
      vertex 2.40667 0.746069 12.9057
      vertex 2.40667 0.375999 12.9763
    endloop
  endfacet
  facet normal -0 0.308971 0.951071
    outer loop
      vertex -2.40667 1.10437 12.7893
      vertex 2.40667 0.746069 12.9057
      vertex 2.40667 1.10437 12.7893
    endloop
  endfacet
  facet normal 0 0.308971 0.951071
    outer loop
      vertex 2.40667 0.746069 12.9057
      vertex -2.40667 1.10437 12.7893
      vertex -2.40667 0.746069 12.9057
    endloop
  endfacet
  facet normal -0.766429 0.0402372 0.641068
    outer loop
      vertex -4.70611 1.99605 10.1256
      vertex -7.21999 3.90999 7
      vertex -4.86387 1.99605 9.93699
    endloop
  endfacet
  facet normal -0.766236 0.0408075 0.641262
    outer loop
      vertex -7.21999 3.90999 7
      vertex -4.70611 1.99605 10.1256
      vertex -4.58889 1.97821 10.2668
    endloop
  endfacet
  facet normal -0.766346 0.0404854 0.641151
    outer loop
      vertex -3.50083 1.17557 11.618
      vertex -2.40667 0.375999 12.9763
      vertex -3.50539 1.18269 11.6121
    endloop
  endfacet
  facet normal -0.76635 0.0404735 0.641147
    outer loop
      vertex -3.39942 0.963507 11.7526
      vertex -2.40667 0.375999 12.9763
      vertex -3.50083 1.17557 11.618
    endloop
  endfacet
  facet normal -0.766423 0.0402017 0.641077
    outer loop
      vertex -3.32533 0.746259 11.8548
      vertex -2.40667 0.375999 12.9763
      vertex -3.39942 0.963507 11.7526
    endloop
  endfacet
  facet normal -0.766382 0.0404106 0.641112
    outer loop
      vertex -2.40667 0.375999 12.9763
      vertex -3.32533 0.746259 11.8548
      vertex -2.40667 0 13
    endloop
  endfacet
  facet normal -0.351629 0.554068 0.754564
    outer loop
      vertex -5.147 7.41522 7
      vertex -5.57112 7.14606 7
      vertex -2.40667 1.76336 12.4271
    endloop
  endfacet
  facet normal -0.240541 -0.607532 0.756997
    outer loop
      vertex -2.40667 -1.76336 12.4271
      vertex -4.9231 -7.5293 7
      vertex -4.45605 -7.71422 7
    endloop
  endfacet
  facet normal -0.454436 -0.483947 0.747853
    outer loop
      vertex -2.40667 -1.76336 12.4271
      vertex -6.13586 -6.64818 7
      vertex -5.76968 -6.99203 7
    endloop
  endfacet
  facet normal 0.486897 -0.457205 0.744241
    outer loop
      vertex 6.30203 -6.45969 7
      vertex 2.40667 -1.44526 12.6289
      vertex 5.95818 -6.82587 7
    endloop
  endfacet
  facet normal -0.763838 -0.0480551 0.643616
    outer loop
      vertex -7.18845 -4.41132 7
      vertex -4.58889 -1.97821 10.2668
      vertex -7.21999 -3.90999 7
    endloop
  endfacet
  facet normal -0.764131 -0.0473461 0.643321
    outer loop
      vertex -4.58889 -1.97821 10.2668
      vertex -7.18845 -4.41132 7
      vertex -4.49881 -1.96457 10.3748
    endloop
  endfacet
  facet normal -0.763682 -0.0484593 0.643771
    outer loop
      vertex -4.49881 -1.96457 10.3748
      vertex -7.18845 -4.41132 7
      vertex -4.29776 -1.90211 10.618
    endloop
  endfacet
  facet normal -0.756799 -0.066278 0.650279
    outer loop
      vertex -4.10681 -1.80965 10.8516
      vertex -7.18845 -4.41132 7
      vertex -4.10016 -1.80513 10.8598
    endloop
  endfacet
  facet normal -0.764112 -0.047347 0.643343
    outer loop
      vertex -4.29776 -1.90211 10.618
      vertex -7.18845 -4.41132 7
      vertex -4.10681 -1.80965 10.8516
    endloop
  endfacet
  facet normal -0.763838 -0.0480677 0.643615
    outer loop
      vertex -3.62359 -1.36909 11.4579
      vertex -2.40667 -0.375999 12.9763
      vertex -3.50539 -1.18269 11.6121
    endloop
  endfacet
  facet normal -0.764331 -0.0467208 0.643129
    outer loop
      vertex -2.40667 -0.375999 12.9763
      vertex -3.62359 -1.36909 11.4579
      vertex -3.71908 -1.48354 11.3361
    endloop
  endfacet
  facet normal -0.766429 -0.0402372 0.641068
    outer loop
      vertex -4.86387 -1.99605 9.93699
      vertex -7.21999 -3.90999 7
      vertex -4.70611 -1.99605 10.1256
    endloop
  endfacet
  facet normal -0.766236 -0.0408075 0.641262
    outer loop
      vertex -4.58889 -1.97821 10.2668
      vertex -4.70611 -1.99605 10.1256
      vertex -7.21999 -3.90999 7
    endloop
  endfacet
  facet normal -0.766382 -0.0404106 0.641112
    outer loop
      vertex -3.32533 -0.746259 11.8548
      vertex -2.40667 -0.375999 12.9763
      vertex -2.40667 0 13
    endloop
  endfacet
  facet normal -0.766423 -0.0402017 0.641077
    outer loop
      vertex -3.39942 -0.963507 11.7526
      vertex -2.40667 -0.375999 12.9763
      vertex -3.32533 -0.746259 11.8548
    endloop
  endfacet
  facet normal -0.76635 -0.0404735 0.641147
    outer loop
      vertex -3.50083 -1.17557 11.618
      vertex -2.40667 -0.375999 12.9763
      vertex -3.39942 -0.963507 11.7526
    endloop
  endfacet
  facet normal -0.766346 -0.0404854 0.641151
    outer loop
      vertex -2.40667 -0.375999 12.9763
      vertex -3.50083 -1.17557 11.618
      vertex -3.50539 -1.18269 11.6121
    endloop
  endfacet
  facet normal -0.598159 -0.341191 0.725116
    outer loop
      vertex -2.40667 -1.10437 12.7893
      vertex -6.72522 -5.83701 7
      vertex -2.40667 -1.44526 12.6289
    endloop
  endfacet
  facet normal 0 -0.187395 0.982285
    outer loop
      vertex -2.40667 -0.375999 12.9763
      vertex 2.40667 -0.746069 12.9057
      vertex 2.40667 -0.375999 12.9763
    endloop
  endfacet
  facet normal 0 -0.187395 0.982285
    outer loop
      vertex 2.40667 -0.746069 12.9057
      vertex -2.40667 -0.375999 12.9763
      vertex -2.40667 -0.746069 12.9057
    endloop
  endfacet
  facet normal -0 0.425756 0.904838
    outer loop
      vertex -2.40667 1.44526 12.6289
      vertex 2.40667 1.10437 12.7893
      vertex 2.40667 1.44526 12.6289
    endloop
  endfacet
  facet normal 0 0.425756 0.904838
    outer loop
      vertex 2.40667 1.10437 12.7893
      vertex -2.40667 1.44526 12.6289
      vertex -2.40667 1.10437 12.7893
    endloop
  endfacet
  facet normal 0.518403 0.428841 0.739834
    outer loop
      vertex 6.13586 6.64818 7
      vertex 2.40667 1.44526 12.6289
      vertex 6.45605 6.26112 7
    endloop
  endfacet
  facet normal 0.466349 0.473872 0.74697
    outer loop
      vertex 2.40667 1.76336 12.4271
      vertex 2.40667 1.44526 12.6289
      vertex 6.13586 6.64818 7
    endloop
  endfacet
  facet normal 0.766236 0.0408075 0.641262
    outer loop
      vertex 7.21999 3.90999 7
      vertex 4.58889 1.97821 10.2668
      vertex 4.70611 1.99605 10.1256
    endloop
  endfacet
  facet normal 0.766429 0.0402372 0.641068
    outer loop
      vertex 7.21999 3.90999 7
      vertex 4.70611 1.99605 10.1256
      vertex 4.86387 1.99605 9.93699
    endloop
  endfacet
  facet normal 0.766346 0.0404854 0.641151
    outer loop
      vertex 2.40667 0.375999 12.9763
      vertex 3.50083 1.17557 11.618
      vertex 3.50539 1.18269 11.6121
    endloop
  endfacet
  facet normal 0.76635 0.0404735 0.641147
    outer loop
      vertex 2.40667 0.375999 12.9763
      vertex 3.39942 0.963507 11.7526
      vertex 3.50083 1.17557 11.618
    endloop
  endfacet
  facet normal 0.766423 0.0402017 0.641077
    outer loop
      vertex 2.40667 0.375999 12.9763
      vertex 3.32533 0.746259 11.8548
      vertex 3.39942 0.963507 11.7526
    endloop
  endfacet
  facet normal 0.766382 0.0404106 0.641112
    outer loop
      vertex 3.32533 0.746259 11.8548
      vertex 2.40667 0.375999 12.9763
      vertex 2.40667 0 13
    endloop
  endfacet
  facet normal -0.38691 -0.532522 0.752808
    outer loop
      vertex -2.40667 -1.76336 12.4271
      vertex -5.76968 -6.99203 7
      vertex -5.3633 -7.28729 7
    endloop
  endfacet
  facet normal -0.605516 0.332883 0.722869
    outer loop
      vertex -6.59729 6.0533 7
      vertex -6.83929 5.6131 7
      vertex -2.40667 1.10437 12.7893
    endloop
  endfacet
  facet normal 0 -0.425756 0.904838
    outer loop
      vertex -2.40667 -1.10437 12.7893
      vertex 2.40667 -1.44526 12.6289
      vertex 2.40667 -1.10437 12.7893
    endloop
  endfacet
  facet normal 0 -0.425756 0.904838
    outer loop
      vertex 2.40667 -1.44526 12.6289
      vertex -2.40667 -1.10437 12.7893
      vertex -2.40667 -1.44526 12.6289
    endloop
  endfacet
  facet normal 0.548699 -0.398653 0.73485
    outer loop
      vertex 6.59729 -6.0533 7
      vertex 2.40667 -1.44526 12.6289
      vertex 6.30203 -6.45969 7
    endloop
  endfacet
  facet normal -0.598577 0.341058 0.724834
    outer loop
      vertex -2.40667 1.44526 12.6289
      vertex -6.59729 6.0533 7
      vertex -2.40667 1.10437 12.7893
    endloop
  endfacet
  facet normal -0.548699 0.398653 0.73485
    outer loop
      vertex -6.30203 6.45969 7
      vertex -6.59729 6.0533 7
      vertex -2.40667 1.44526 12.6289
    endloop
  endfacet
  facet normal -0.0620947 -0.656898 0.751418
    outer loop
      vertex -2.40667 -2.05364 12.1869
      vertex -3.96951 -7.83914 7
      vertex -3.21999 -7.90999 7
    endloop
  endfacet
  facet normal -0.162755 -0.633901 0.756096
    outer loop
      vertex -2.40667 -2.05364 12.1869
      vertex -4.45605 -7.71422 7
      vertex -3.96951 -7.83914 7
    endloop
  endfacet
  facet normal -0.730149 0.128045 0.671183
    outer loop
      vertex -2.40667 0.746069 12.9057
      vertex -7.14914 4.65952 7
      vertex -2.40667 0.375999 12.9763
    endloop
  endfacet
  facet normal -0.704823 0.180964 0.685913
    outer loop
      vertex -7.02422 5.14606 7
      vertex -7.14914 4.65952 7
      vertex -2.40667 0.746069 12.9057
    endloop
  endfacet
  facet normal 0.678319 0.227022 0.698816
    outer loop
      vertex 2.40667 1.10437 12.7893
      vertex 2.40667 0.746069 12.9057
      vertex 6.93909 5.38249 7
    endloop
  endfacet
  facet normal 0.632495 0.297614 0.715106
    outer loop
      vertex 6.72522 5.83701 7
      vertex 2.40667 1.10437 12.7893
      vertex 6.93909 5.38249 7
    endloop
  endfacet
  facet normal -0.657904 0.260505 0.706611
    outer loop
      vertex -6.83929 5.6131 7
      vertex -7.02422 5.14606 7
      vertex -2.40667 1.10437 12.7893
    endloop
  endfacet
  facet normal -0.466349 -0.473872 0.74697
    outer loop
      vertex -2.40667 -1.44526 12.6289
      vertex -6.13586 -6.64818 7
      vertex -2.40667 -1.76336 12.4271
    endloop
  endfacet
  facet normal 0 -0.53569 0.844415
    outer loop
      vertex -2.40667 -1.44526 12.6289
      vertex 2.40667 -1.76336 12.4271
      vertex 2.40667 -1.44526 12.6289
    endloop
  endfacet
  facet normal 0 -0.53569 0.844415
    outer loop
      vertex 2.40667 -1.76336 12.4271
      vertex -2.40667 -1.44526 12.6289
      vertex -2.40667 -1.76336 12.4271
    endloop
  endfacet
  facet normal -0.725904 -0.138493 0.673709
    outer loop
      vertex -2.40667 -0.746069 12.9057
      vertex -7.18845 -4.41132 7
      vertex -7.09431 -4.90475 7
    endloop
  endfacet
  facet normal -0.681812 -0.221524 0.69718
    outer loop
      vertex -2.40667 -0.746069 12.9057
      vertex -7.09431 -4.90475 7
      vertex -6.93909 -5.38249 7
    endloop
  endfacet
  facet normal -0.278374 0.591593 0.756654
    outer loop
      vertex -4.69249 7.62909 7
      vertex -5.147 7.41522 7
      vertex -2.40667 1.76336 12.4271
    endloop
  endfacet
  facet normal 0.681812 0.221524 0.69718
    outer loop
      vertex 6.93909 5.38249 7
      vertex 2.40667 0.746069 12.9057
      vertex 7.09431 4.90475 7
    endloop
  endfacet
  facet normal 0.725904 0.138493 0.673709
    outer loop
      vertex 7.09431 4.90475 7
      vertex 2.40667 0.746069 12.9057
      vertex 7.18845 4.41132 7
    endloop
  endfacet
  facet normal -0.0449596 0.713337 -0.699378
    outer loop
      vertex 3.60773 2.25554 0.509999
      vertex 3.67039 1.75947 0
      vertex 3.51999 2.25001 0.509999
    endloop
  endfacet
  facet normal -0.0448691 0.713353 -0.699367
    outer loop
      vertex 3.51999 2.25001 0.509999
      vertex 3.67039 1.75947 0
      vertex 3.51999 1.75001 0
    endloop
  endfacet
  facet normal -0.455602 0.550744 -0.699362
    outer loop
      vertex 4.34145 2.07525 0
      vertex 4.22533 1.97919 0
      vertex 3.99918 2.43973 0.509999
    endloop
  endfacet
  facet normal 0 0.714072 -0.700072
    outer loop
      vertex 3.51999 1.75001 0
      vertex -3.51999 2.25001 0.509999
      vertex 3.51999 2.25001 0.509999
    endloop
  endfacet
  facet normal 0 0.714072 -0.700072
    outer loop
      vertex -3.51999 2.25001 0.509999
      vertex 3.51999 1.75001 0
      vertex -3.51999 1.75001 0
    endloop
  endfacet
  facet normal -0.304329 0.646741 -0.699364
    outer loop
      vertex 4.0981 1.89844 0
      vertex 3.96173 1.83427 0
      vertex 3.77768 2.29916 0.509999
    endloop
  endfacet
  facet normal -0.220815 0.679806 -0.69936
    outer loop
      vertex 3.96173 1.83427 0
      vertex 3.81842 1.78772 0
      vertex 3.69408 2.272 0.509999
    endloop
  endfacet
  facet normal -0.133988 0.702099 -0.69936
    outer loop
      vertex 3.69408 2.272 0.509999
      vertex 3.81842 1.78772 0
      vertex 3.67039 1.75947 0
    endloop
  endfacet
  facet normal 0.455602 -0.550744 -0.699362
    outer loop
      vertex -4.22533 5.18081 0
      vertex -3.99918 4.72027 0.509999
      vertex -4.34145 5.08475 0
    endloop
  endfacet
  facet normal -0.22085 0.67979 -0.699364
    outer loop
      vertex 3.77768 2.29916 0.509999
      vertex 3.96173 1.83427 0
      vertex 3.69408 2.272 0.509999
    endloop
  endfacet
  facet normal -0.133836 0.70211 -0.699378
    outer loop
      vertex 3.69408 2.272 0.509999
      vertex 3.67039 1.75947 0
      vertex 3.60773 2.25554 0.509999
    endloop
  endfacet
  facet normal -0.692297 0.17781 -0.699363
    outer loop
      vertex 4.2076 2.81885 0.509999
      vertex 4.66125 2.57919 0
      vertex 4.18573 2.7337 0.509999
    endloop
  endfacet
  facet normal 0.0448691 -0.713353 -0.699367
    outer loop
      vertex -3.51999 5.40999 0
      vertex -3.51999 4.90999 0.509999
      vertex -3.67039 5.40053 0
    endloop
  endfacet
  facet normal -0.702109 -0.133836 -0.699379
    outer loop
      vertex 4.71053 4.3604 0
      vertex 4.21446 4.29773 0.509999
      vertex 4.198 4.38408 0.509999
    endloop
  endfacet
  facet normal -0.646734 -0.30434 -0.699366
    outer loop
      vertex 4.57156 4.7881 0
      vertex 4.17084 4.46768 0.509999
      vertex 4.13341 4.54722 0.509999
    endloop
  endfacet
  facet normal -0.383014 0.603478 -0.699368
    outer loop
      vertex 4.22533 1.97919 0
      vertex 4.0981 1.89844 0
      vertex 3.93144 2.3837 0.509999
    endloop
  endfacet
  facet normal -0.0673017 -0.712453 -0.698485
    outer loop
      vertex 3.51999 5.40999 0
      vertex 3.65115 4.8976 0.509999
      vertex 3.51999 4.90999 0.509999
    endloop
  endfacet
  facet normal 0 -0.714072 -0.700072
    outer loop
      vertex -3.51999 5.40999 0
      vertex 3.51999 4.90999 0.509999
      vertex -3.51999 4.90999 0.509999
    endloop
  endfacet
  facet normal 0 -0.714072 -0.700072
    outer loop
      vertex 3.51999 4.90999 0.509999
      vertex -3.51999 5.40999 0
      vertex 3.51999 5.40999 0
    endloop
  endfacet
  facet normal -0.692315 0.177762 -0.699357
    outer loop
      vertex 4.69873 2.72516 0
      vertex 4.66125 2.57919 0
      vertex 4.2076 2.81885 0.509999
    endloop
  endfacet
  facet normal -0.344288 -0.626387 -0.69936
    outer loop
      vertex 4.03093 5.29577 0
      vertex 4.16298 5.22319 0
      vertex 3.81804 4.84337 0.509999
    endloop
  endfacet
  facet normal 0.0673643 0.712458 -0.698474
    outer loop
      vertex -3.65115 2.2624 0.509999
      vertex -3.51999 1.75001 0
      vertex -3.74484 1.77127 0
    endloop
  endfacet
  facet normal 0.177718 0.692325 -0.699358
    outer loop
      vertex -3.65115 2.2624 0.509999
      vertex -3.74484 1.77127 0
      vertex -3.89081 1.80874 0
    endloop
  endfacet
  facet normal -0.177808 -0.69229 -0.69937
    outer loop
      vertex 3.89081 5.35126 0
      vertex 3.7363 4.87573 0.509999
      vertex 3.65115 4.8976 0.509999
    endloop
  endfacet
  facet normal -0.578217 0.420166 -0.699375
    outer loop
      vertex 4.11102 2.57493 0.509999
      vertex 4.44461 2.1851 0
      vertex 4.05934 2.50381 0.509999
    endloop
  endfacet
  facet normal -0.664583 0.263101 -0.699362
    outer loop
      vertex 4.18573 2.7337 0.509999
      vertex 4.66125 2.57919 0
      vertex 4.15337 2.65196 0.509999
    endloop
  endfacet
  facet normal 0.263176 0.664556 -0.69936
    outer loop
      vertex -3.81804 2.31663 0.509999
      vertex -3.89081 1.80874 0
      vertex -4.03093 1.86423 0
    endloop
  endfacet
  facet normal -0.712453 0.0673017 -0.698485
    outer loop
      vertex 4.21999 2.95001 0.509999
      vertex 4.71999 2.95001 0
      vertex 4.2076 2.81885 0.509999
    endloop
  endfacet
  facet normal -0.344353 -0.626341 -0.69937
    outer loop
      vertex 4.16298 5.22319 0
      vertex 3.89507 4.80102 0.509999
      vertex 3.81804 4.84337 0.509999
    endloop
  endfacet
  facet normal -0.30434 0.646734 -0.699366
    outer loop
      vertex 3.85722 2.33659 0.509999
      vertex 4.0981 1.89844 0
      vertex 3.77768 2.29916 0.509999
    endloop
  endfacet
  facet normal 0.489328 0.521013 -0.699359
    outer loop
      vertex -4.03027 2.47082 0.509999
      vertex -4.2849 2.02539 0
      vertex -4.39474 2.12855 0
    endloop
  endfacet
  facet normal -0.521033 0.489301 -0.699363
    outer loop
      vertex 4.44461 2.1851 0
      vertex 4.34145 2.07525 0
      vertex 3.99918 2.43973 0.509999
    endloop
  endfacet
  facet normal 0.133836 -0.70211 -0.699378
    outer loop
      vertex -3.67039 5.40053 0
      vertex -3.60773 4.90446 0.509999
      vertex -3.69408 4.888 0.509999
    endloop
  endfacet
  facet normal 0.712458 -0.0673643 -0.698474
    outer loop
      vertex -4.69873 4.43484 0
      vertex -4.2076 4.34115 0.509999
      vertex -4.71999 4.20999 0
    endloop
  endfacet
  facet normal -0.626387 0.344288 -0.69936
    outer loop
      vertex 4.60577 2.43907 0
      vertex 4.53319 2.30702 0
      vertex 4.15337 2.65196 0.509999
    endloop
  endfacet
  facet normal 0.304329 -0.646741 -0.699364
    outer loop
      vertex -3.96173 5.32573 0
      vertex -3.77768 4.86084 0.509999
      vertex -4.0981 5.26156 0
    endloop
  endfacet
  facet normal 0.22085 -0.67979 -0.699364
    outer loop
      vertex -3.69408 4.888 0.509999
      vertex -3.77768 4.86084 0.509999
      vertex -3.96173 5.32573 0
    endloop
  endfacet
  facet normal 0.550771 0.455561 -0.699368
    outer loop
      vertex -4.0863 2.53856 0.509999
      vertex -4.03027 2.47082 0.509999
      vertex -4.49081 2.24467 0
    endloop
  endfacet
  facet normal 0.30434 -0.646734 -0.699366
    outer loop
      vertex -3.77768 4.86084 0.509999
      vertex -3.85722 4.82341 0.509999
      vertex -4.0981 5.26156 0
    endloop
  endfacet
  facet normal 0.626387 -0.344288 -0.69936
    outer loop
      vertex -4.53319 4.85298 0
      vertex -4.15337 4.50804 0.509999
      vertex -4.60577 4.72093 0
    endloop
  endfacet
  facet normal -0.626341 0.344353 -0.69937
    outer loop
      vertex 4.15337 2.65196 0.509999
      vertex 4.53319 2.30702 0
      vertex 4.11102 2.57493 0.509999
    endloop
  endfacet
  facet normal 0.420166 0.578217 -0.699375
    outer loop
      vertex -3.96619 2.41066 0.509999
      vertex -3.89507 2.35898 0.509999
      vertex -4.2849 2.02539 0
    endloop
  endfacet
  facet normal 0.420126 0.578254 -0.699369
    outer loop
      vertex -3.89507 2.35898 0.509999
      vertex -4.16298 1.93681 0
      vertex -4.2849 2.02539 0
    endloop
  endfacet
  facet normal -0.455561 0.550771 -0.699368
    outer loop
      vertex 3.99918 2.43973 0.509999
      vertex 4.22533 1.97919 0
      vertex 3.93144 2.3837 0.509999
    endloop
  endfacet
  facet normal 0.664573 -0.263135 -0.699358
    outer loop
      vertex -4.60577 4.72093 0
      vertex -4.15337 4.50804 0.509999
      vertex -4.66125 4.58081 0
    endloop
  endfacet
  facet normal -0.646741 -0.304329 -0.699364
    outer loop
      vertex 4.57156 4.7881 0
      vertex 4.63573 4.65173 0
      vertex 4.17084 4.46768 0.509999
    endloop
  endfacet
  facet normal -0.603465 -0.38304 -0.699364
    outer loop
      vertex 4.57156 4.7881 0
      vertex 4.13341 4.54722 0.509999
      vertex 4.0863 4.62144 0.509999
    endloop
  endfacet
  facet normal 0.489218 0.521095 -0.699376
    outer loop
      vertex -4.03027 2.47082 0.509999
      vertex -3.96619 2.41066 0.509999
      vertex -4.2849 2.02539 0
    endloop
  endfacet
  facet normal -0.714072 0 -0.700072
    outer loop
      vertex 4.71999 2.95001 0
      vertex 4.21999 4.20999 0.509999
      vertex 4.71999 4.20999 0
    endloop
  endfacet
  facet normal -0.714072 -0 -0.700072
    outer loop
      vertex 4.21999 4.20999 0.509999
      vertex 4.71999 2.95001 0
      vertex 4.21999 2.95001 0.509999
    endloop
  endfacet
  facet normal -0.664573 0.263135 -0.699358
    outer loop
      vertex 4.66125 2.57919 0
      vertex 4.60577 2.43907 0
      vertex 4.15337 2.65196 0.509999
    endloop
  endfacet
  facet normal -0.712458 0.0673643 -0.698474
    outer loop
      vertex 4.71999 2.95001 0
      vertex 4.69873 2.72516 0
      vertex 4.2076 2.81885 0.509999
    endloop
  endfacet
  facet normal 0.702109 0.133836 -0.699379
    outer loop
      vertex -4.21446 2.86227 0.509999
      vertex -4.198 2.77592 0.509999
      vertex -4.71053 2.7996 0
    endloop
  endfacet
  facet normal -0.578254 0.420126 -0.699369
    outer loop
      vertex 4.53319 2.30702 0
      vertex 4.44461 2.1851 0
      vertex 4.11102 2.57493 0.509999
    endloop
  endfacet
  facet normal -0.177718 -0.692325 -0.699358
    outer loop
      vertex 3.74484 5.38873 0
      vertex 3.89081 5.35126 0
      vertex 3.65115 4.8976 0.509999
    endloop
  endfacet
  facet normal 0.664583 -0.263101 -0.699362
    outer loop
      vertex -4.15337 4.50804 0.509999
      vertex -4.18573 4.4263 0.509999
      vertex -4.66125 4.58081 0
    endloop
  endfacet
  facet normal 0.521095 -0.489218 -0.699376
    outer loop
      vertex -3.99918 4.72027 0.509999
      vertex -4.05934 4.65619 0.509999
      vertex -4.44461 4.9749 0
    endloop
  endfacet
  facet normal 0.714072 0 -0.700072
    outer loop
      vertex -4.21999 2.95001 0.509999
      vertex -4.71999 4.20999 0
      vertex -4.21999 4.20999 0.509999
    endloop
  endfacet
  facet normal 0.714072 0 -0.700072
    outer loop
      vertex -4.71999 4.20999 0
      vertex -4.21999 2.95001 0.509999
      vertex -4.71999 2.95001 0
    endloop
  endfacet
  facet normal -0.489218 -0.521095 -0.699376
    outer loop
      vertex 4.2849 5.13461 0
      vertex 4.03027 4.68918 0.509999
      vertex 3.96619 4.74934 0.509999
    endloop
  endfacet
  facet normal -0.489328 -0.521013 -0.699359
    outer loop
      vertex 4.2849 5.13461 0
      vertex 4.39474 5.03145 0
      vertex 4.03027 4.68918 0.509999
    endloop
  endfacet
  facet normal 0.712453 -0.0673017 -0.698485
    outer loop
      vertex -4.2076 4.34115 0.509999
      vertex -4.21999 4.20999 0.509999
      vertex -4.71999 4.20999 0
    endloop
  endfacet
  facet normal -0.603478 -0.383014 -0.699368
    outer loop
      vertex 4.49081 4.91533 0
      vertex 4.57156 4.7881 0
      vertex 4.0863 4.62144 0.509999
    endloop
  endfacet
  facet normal -0.521095 0.489218 -0.699376
    outer loop
      vertex 4.05934 2.50381 0.509999
      vertex 4.44461 2.1851 0
      vertex 3.99918 2.43973 0.509999
    endloop
  endfacet
  facet normal 0.133988 -0.702099 -0.69936
    outer loop
      vertex -3.67039 5.40053 0
      vertex -3.69408 4.888 0.509999
      vertex -3.81842 5.37228 0
    endloop
  endfacet
  facet normal 0.713353 0.0448662 -0.699367
    outer loop
      vertex -4.21999 2.95001 0.509999
      vertex -4.71053 2.7996 0
      vertex -4.71999 2.95001 0
    endloop
  endfacet
  facet normal 0.344353 0.626341 -0.69937
    outer loop
      vertex -3.89507 2.35898 0.509999
      vertex -3.81804 2.31663 0.509999
      vertex -4.16298 1.93681 0
    endloop
  endfacet
  facet normal 0.38304 -0.603465 -0.699364
    outer loop
      vertex -3.85722 4.82341 0.509999
      vertex -3.93144 4.7763 0.509999
      vertex -4.0981 5.26156 0
    endloop
  endfacet
  facet normal 0.0673017 0.712453 -0.698485
    outer loop
      vertex -3.51999 2.25001 0.509999
      vertex -3.51999 1.75001 0
      vertex -3.65115 2.2624 0.509999
    endloop
  endfacet
  facet normal 0.626341 -0.344353 -0.69937
    outer loop
      vertex -4.11102 4.58507 0.509999
      vertex -4.15337 4.50804 0.509999
      vertex -4.53319 4.85298 0
    endloop
  endfacet
  facet normal -0.38304 0.603465 -0.699364
    outer loop
      vertex 3.93144 2.3837 0.509999
      vertex 4.0981 1.89844 0
      vertex 3.85722 2.33659 0.509999
    endloop
  endfacet
  facet normal 0.646741 0.304329 -0.699364
    outer loop
      vertex -4.17084 2.69232 0.509999
      vertex -4.57156 2.3719 0
      vertex -4.63573 2.50827 0
    endloop
  endfacet
  facet normal 0.713336 0.0449595 -0.699378
    outer loop
      vertex -4.21999 2.95001 0.509999
      vertex -4.21446 2.86227 0.509999
      vertex -4.71053 2.7996 0
    endloop
  endfacet
  facet normal -0.0673643 -0.712458 -0.698474
    outer loop
      vertex 3.74484 5.38873 0
      vertex 3.65115 4.8976 0.509999
      vertex 3.51999 5.40999 0
    endloop
  endfacet
  facet normal -0.679806 -0.220815 -0.69936
    outer loop
      vertex 4.63573 4.65173 0
      vertex 4.68228 4.50842 0
      vertex 4.198 4.38408 0.509999
    endloop
  endfacet
  facet normal -0.263176 -0.664556 -0.69936
    outer loop
      vertex 3.89081 5.35126 0
      vertex 4.03093 5.29577 0
      vertex 3.81804 4.84337 0.509999
    endloop
  endfacet
  facet normal -0.263099 -0.664577 -0.699369
    outer loop
      vertex 3.89081 5.35126 0
      vertex 3.81804 4.84337 0.509999
      vertex 3.7363 4.87573 0.509999
    endloop
  endfacet
  facet normal 0.455561 -0.550771 -0.699368
    outer loop
      vertex -3.93144 4.7763 0.509999
      vertex -3.99918 4.72027 0.509999
      vertex -4.22533 5.18081 0
    endloop
  endfacet
  facet normal -0.420126 -0.578254 -0.699369
    outer loop
      vertex 4.16298 5.22319 0
      vertex 4.2849 5.13461 0
      vertex 3.89507 4.80102 0.509999
    endloop
  endfacet
  facet normal -0.420166 -0.578217 -0.699375
    outer loop
      vertex 4.2849 5.13461 0
      vertex 3.96619 4.74934 0.509999
      vertex 3.89507 4.80102 0.509999
    endloop
  endfacet
  facet normal 0.692297 -0.17781 -0.699363
    outer loop
      vertex -4.18573 4.4263 0.509999
      vertex -4.2076 4.34115 0.509999
      vertex -4.66125 4.58081 0
    endloop
  endfacet
  facet normal 0.0449596 -0.713337 -0.699378
    outer loop
      vertex -3.51999 4.90999 0.509999
      vertex -3.60773 4.90446 0.509999
      vertex -3.67039 5.40053 0
    endloop
  endfacet
  facet normal 0.383014 -0.603478 -0.699368
    outer loop
      vertex -4.0981 5.26156 0
      vertex -3.93144 4.7763 0.509999
      vertex -4.22533 5.18081 0
    endloop
  endfacet
  facet normal 0.177808 0.69229 -0.69937
    outer loop
      vertex -3.7363 2.28427 0.509999
      vertex -3.65115 2.2624 0.509999
      vertex -3.89081 1.80874 0
    endloop
  endfacet
  facet normal 0.67979 0.22085 -0.699364
    outer loop
      vertex -4.198 2.77592 0.509999
      vertex -4.17084 2.69232 0.509999
      vertex -4.63573 2.50827 0
    endloop
  endfacet
  facet normal -0.550771 -0.455561 -0.699368
    outer loop
      vertex 4.49081 4.91533 0
      vertex 4.0863 4.62144 0.509999
      vertex 4.03027 4.68918 0.509999
    endloop
  endfacet
  facet normal 0.550724 0.455633 -0.699358
    outer loop
      vertex -4.03027 2.47082 0.509999
      vertex -4.39474 2.12855 0
      vertex -4.49081 2.24467 0
    endloop
  endfacet
  facet normal 0.603465 0.38304 -0.699364
    outer loop
      vertex -4.13341 2.61278 0.509999
      vertex -4.0863 2.53856 0.509999
      vertex -4.57156 2.3719 0
    endloop
  endfacet
  facet normal 0.646734 0.30434 -0.699366
    outer loop
      vertex -4.17084 2.69232 0.509999
      vertex -4.13341 2.61278 0.509999
      vertex -4.57156 2.3719 0
    endloop
  endfacet
  facet normal 0.263099 0.664577 -0.699369
    outer loop
      vertex -3.81804 2.31663 0.509999
      vertex -3.7363 2.28427 0.509999
      vertex -3.89081 1.80874 0
    endloop
  endfacet
  facet normal 0.344288 0.626387 -0.69936
    outer loop
      vertex -3.81804 2.31663 0.509999
      vertex -4.03093 1.86423 0
      vertex -4.16298 1.93681 0
    endloop
  endfacet
  facet normal 0.578217 -0.420166 -0.699375
    outer loop
      vertex -4.05934 4.65619 0.509999
      vertex -4.11102 4.58507 0.509999
      vertex -4.44461 4.9749 0
    endloop
  endfacet
  facet normal -0.550724 -0.455633 -0.699358
    outer loop
      vertex 4.39474 5.03145 0
      vertex 4.49081 4.91533 0
      vertex 4.03027 4.68918 0.509999
    endloop
  endfacet
  facet normal -0.67979 -0.22085 -0.699364
    outer loop
      vertex 4.63573 4.65173 0
      vertex 4.198 4.38408 0.509999
      vertex 4.17084 4.46768 0.509999
    endloop
  endfacet
  facet normal 0.679806 0.220815 -0.69936
    outer loop
      vertex -4.198 2.77592 0.509999
      vertex -4.63573 2.50827 0
      vertex -4.68228 2.65158 0
    endloop
  endfacet
  facet normal 0.702097 0.133997 -0.69936
    outer loop
      vertex -4.198 2.77592 0.509999
      vertex -4.68228 2.65158 0
      vertex -4.71053 2.7996 0
    endloop
  endfacet
  facet normal 0.603478 0.383014 -0.699368
    outer loop
      vertex -4.0863 2.53856 0.509999
      vertex -4.49081 2.24467 0
      vertex -4.57156 2.3719 0
    endloop
  endfacet
  facet normal -0.702097 -0.133997 -0.69936
    outer loop
      vertex 4.68228 4.50842 0
      vertex 4.71053 4.3604 0
      vertex 4.198 4.38408 0.509999
    endloop
  endfacet
  facet normal 0.692315 -0.177762 -0.699357
    outer loop
      vertex -4.66125 4.58081 0
      vertex -4.2076 4.34115 0.509999
      vertex -4.69873 4.43484 0
    endloop
  endfacet
  facet normal 0.521033 -0.489301 -0.699363
    outer loop
      vertex -4.34145 5.08475 0
      vertex -3.99918 4.72027 0.509999
      vertex -4.44461 4.9749 0
    endloop
  endfacet
  facet normal 0.220815 -0.679806 -0.69936
    outer loop
      vertex -3.81842 5.37228 0
      vertex -3.69408 4.888 0.509999
      vertex -3.96173 5.32573 0
    endloop
  endfacet
  facet normal -0.713336 -0.0449595 -0.699378
    outer loop
      vertex 4.71053 4.3604 0
      vertex 4.21999 4.20999 0.509999
      vertex 4.21446 4.29773 0.509999
    endloop
  endfacet
  facet normal -0.713353 -0.0448662 -0.699367
    outer loop
      vertex 4.71053 4.3604 0
      vertex 4.71999 4.20999 0
      vertex 4.21999 4.20999 0.509999
    endloop
  endfacet
  facet normal 0.578254 -0.420126 -0.699369
    outer loop
      vertex -4.44461 4.9749 0
      vertex -4.11102 4.58507 0.509999
      vertex -4.53319 4.85298 0
    endloop
  endfacet
  facet normal -0.637139 0.770298 -0.0263731
    outer loop
      vertex 3.93144 2.3837 0.509999
      vertex 3.877 2.5619 7.03
      vertex 3.99918 2.43973 0.509999
    endloop
  endfacet
  facet normal -0.637195 0.770252 -0.0263723
    outer loop
      vertex 3.877 2.5619 7.03
      vertex 3.93144 2.3837 0.509999
      vertex 3.80927 2.50587 7.03
    endloop
  endfacet
  facet normal -0.248729 -0.968304 -0.0228059
    outer loop
      vertex 3.65115 4.8976 0.509999
      vertex 3.61412 4.75355 7.03
      vertex 3.52898 4.77542 7.03
    endloop
  endfacet
  facet normal -0.248702 -0.968312 -0.0228059
    outer loop
      vertex 3.61412 4.75355 7.03
      vertex 3.65115 4.8976 0.509999
      vertex 3.7363 4.87573 0.509999
    endloop
  endfacet
  facet normal 0 0.999824 -0.018736
    outer loop
      vertex 3.51999 2.25001 0.509999
      vertex -3.39781 2.37219 7.03
      vertex 3.39781 2.37219 7.03
    endloop
  endfacet
  facet normal 0 0.999824 -0.018736
    outer loop
      vertex -3.39781 2.37219 7.03
      vertex 3.51999 2.25001 0.509999
      vertex -3.51999 2.25001 0.509999
    endloop
  endfacet
  facet normal 0.770252 0.637195 -0.0263723
    outer loop
      vertex -3.9081 2.593 7.03
      vertex -4.0863 2.53856 0.509999
      vertex -3.96413 2.66073 7.03
    endloop
  endfacet
  facet normal 0.770298 0.637139 -0.0263731
    outer loop
      vertex -4.0863 2.53856 0.509999
      vertex -3.9081 2.593 7.03
      vertex -4.03027 2.47082 0.509999
    endloop
  endfacet
  facet normal 0.99783 0.0627766 -0.019875
    outer loop
      vertex -4.09229 2.98445 7.03
      vertex -4.21999 2.95001 0.509999
      vertex -4.09781 3.07219 7.03
    endloop
  endfacet
  facet normal 0.997823 0.0628899 -0.0198754
    outer loop
      vertex -4.21999 2.95001 0.509999
      vertex -4.09229 2.98445 7.03
      vertex -4.21446 2.86227 0.509999
    endloop
  endfacet
  facet normal -0.0628899 0.997823 -0.0198754
    outer loop
      vertex 3.51999 2.25001 0.509999
      vertex 3.48555 2.37771 7.03
      vertex 3.60773 2.25554 0.509999
    endloop
  endfacet
  facet normal -0.0627766 0.99783 -0.019875
    outer loop
      vertex 3.48555 2.37771 7.03
      vertex 3.51999 2.25001 0.509999
      vertex 3.39781 2.37219 7.03
    endloop
  endfacet
  facet normal 0.187203 -0.982077 -0.0219114
    outer loop
      vertex -3.60773 4.90446 0.509999
      vertex -3.5719 4.76582 7.03
      vertex -3.69408 4.888 0.509999
    endloop
  endfacet
  facet normal 0.187313 -0.982056 -0.0219116
    outer loop
      vertex -3.5719 4.76582 7.03
      vertex -3.60773 4.90446 0.509999
      vertex -3.48555 4.78229 7.03
    endloop
  endfacet
  facet normal 0.58772 0.808641 -0.0261655
    outer loop
      vertex -3.89507 2.35898 0.509999
      vertex -3.84401 2.53284 7.03
      vertex -3.77289 2.48115 7.03
    endloop
  endfacet
  facet normal 0.587646 0.808695 -0.0261664
    outer loop
      vertex -3.84401 2.53284 7.03
      vertex -3.89507 2.35898 0.509999
      vertex -3.96619 2.41066 0.509999
    endloop
  endfacet
  facet normal -0.187203 0.982077 -0.0219114
    outer loop
      vertex 3.60773 2.25554 0.509999
      vertex 3.5719 2.39418 7.03
      vertex 3.69408 2.272 0.509999
    endloop
  endfacet
  facet normal -0.187313 0.982056 -0.0219116
    outer loop
      vertex 3.5719 2.39418 7.03
      vertex 3.60773 2.25554 0.509999
      vertex 3.48555 2.37771 7.03
    endloop
  endfacet
  facet normal -0.770298 -0.637139 -0.0263731
    outer loop
      vertex 4.0863 4.62144 0.509999
      vertex 3.9081 4.567 7.03
      vertex 4.03027 4.68918 0.509999
    endloop
  endfacet
  facet normal -0.770252 -0.637195 -0.0263723
    outer loop
      vertex 3.9081 4.567 7.03
      vertex 4.0863 4.62144 0.509999
      vertex 3.96413 4.49927 7.03
    endloop
  endfacet
  facet normal -0.968304 0.248729 -0.0228059
    outer loop
      vertex 4.2076 2.81885 0.509999
      vertex 4.06355 2.85588 7.03
      vertex 4.08542 2.94102 7.03
    endloop
  endfacet
  facet normal -0.968312 0.248702 -0.0228059
    outer loop
      vertex 4.06355 2.85588 7.03
      vertex 4.2076 2.81885 0.509999
      vertex 4.18573 2.7337 0.509999
    endloop
  endfacet
  facet normal 0.999824 0 -0.018736
    outer loop
      vertex -4.09781 3.07219 7.03
      vertex -4.21999 4.20999 0.509999
      vertex -4.09781 4.08781 7.03
    endloop
  endfacet
  facet normal 0.999824 0 -0.018736
    outer loop
      vertex -4.21999 4.20999 0.509999
      vertex -4.09781 3.07219 7.03
      vertex -4.21999 2.95001 0.509999
    endloop
  endfacet
  facet normal 0.929514 -0.367985 -0.0243142
    outer loop
      vertex -4.03119 4.38586 7.03
      vertex -4.18573 4.4263 0.509999
      vertex -4.15337 4.50804 0.509999
    endloop
  endfacet
  facet normal 0.929514 -0.367985 -0.0243142
    outer loop
      vertex -4.18573 4.4263 0.509999
      vertex -4.03119 4.38586 7.03
      vertex -4.06355 4.30412 7.03
    endloop
  endfacet
  facet normal -0.90454 -0.425659 -0.0249263
    outer loop
      vertex 4.17084 4.46768 0.509999
      vertex 4.01123 4.42505 7.03
      vertex 4.13341 4.54722 0.509999
    endloop
  endfacet
  facet normal -0.904561 -0.425615 -0.0249265
    outer loop
      vertex 4.01123 4.42505 7.03
      vertex 4.17084 4.46768 0.509999
      vertex 4.04866 4.3455 7.03
    endloop
  endfacet
  facet normal -0.808641 0.58772 -0.0261655
    outer loop
      vertex 4.11102 2.57493 0.509999
      vertex 3.93716 2.62599 7.03
      vertex 3.98885 2.69711 7.03
    endloop
  endfacet
  facet normal -0.808695 0.587646 -0.0261664
    outer loop
      vertex 3.93716 2.62599 7.03
      vertex 4.11102 2.57493 0.509999
      vertex 4.05934 2.50381 0.509999
    endloop
  endfacet
  facet normal -0.728852 0.684159 -0.0264788
    outer loop
      vertex 4.05934 2.50381 0.509999
      vertex 3.877 2.5619 7.03
      vertex 3.93716 2.62599 7.03
    endloop
  endfacet
  facet normal -0.728799 0.684216 -0.0264778
    outer loop
      vertex 3.877 2.5619 7.03
      vertex 4.05934 2.50381 0.509999
      vertex 3.99918 2.43973 0.509999
    endloop
  endfacet
  facet normal -0.535717 0.844002 -0.0258528
    outer loop
      vertex 3.85722 2.33659 0.509999
      vertex 3.80927 2.50587 7.03
      vertex 3.93144 2.3837 0.509999
    endloop
  endfacet
  facet normal -0.535636 0.844053 -0.0258535
    outer loop
      vertex 3.80927 2.50587 7.03
      vertex 3.85722 2.33659 0.509999
      vertex 3.73505 2.45877 7.03
    endloop
  endfacet
  facet normal 0.481531 0.87606 -0.0254403
    outer loop
      vertex -3.81804 2.31663 0.509999
      vertex -3.77289 2.48115 7.03
      vertex -3.69586 2.43881 7.03
    endloop
  endfacet
  facet normal 0.481619 0.876012 -0.0254396
    outer loop
      vertex -3.77289 2.48115 7.03
      vertex -3.81804 2.31663 0.509999
      vertex -3.89507 2.35898 0.509999
    endloop
  endfacet
  facet normal 0.99536 -0.0940265 -0.0204142
    outer loop
      vertex -4.08542 4.21898 7.03
      vertex -4.21999 4.20999 0.509999
      vertex -4.2076 4.34115 0.509999
    endloop
  endfacet
  facet normal 0.995361 -0.0940194 -0.0204142
    outer loop
      vertex -4.21999 4.20999 0.509999
      vertex -4.08542 4.21898 7.03
      vertex -4.09781 4.08781 7.03
    endloop
  endfacet
  facet normal -0.367985 -0.929514 -0.0243142
    outer loop
      vertex 3.7363 4.87573 0.509999
      vertex 3.69586 4.72119 7.03
      vertex 3.61412 4.75355 7.03
    endloop
  endfacet
  facet normal -0.367985 -0.929514 -0.0243142
    outer loop
      vertex 3.69586 4.72119 7.03
      vertex 3.7363 4.87573 0.509999
      vertex 3.81804 4.84337 0.509999
    endloop
  endfacet
  facet normal 0 -0.999824 -0.018736
    outer loop
      vertex -3.51999 4.90999 0.509999
      vertex 3.39781 4.78781 7.03
      vertex -3.39781 4.78781 7.03
    endloop
  endfacet
  facet normal 0 -0.999824 -0.018736
    outer loop
      vertex 3.39781 4.78781 7.03
      vertex -3.51999 4.90999 0.509999
      vertex 3.51999 4.90999 0.509999
    endloop
  endfacet
  facet normal -0.995361 0.0940194 -0.0204142
    outer loop
      vertex 4.21999 2.95001 0.509999
      vertex 4.08542 2.94102 7.03
      vertex 4.09781 3.07219 7.03
    endloop
  endfacet
  facet normal -0.99536 0.0940265 -0.0204142
    outer loop
      vertex 4.08542 2.94102 7.03
      vertex 4.21999 2.95001 0.509999
      vertex 4.2076 2.81885 0.509999
    endloop
  endfacet
  facet normal -0.997823 -0.0628899 -0.0198754
    outer loop
      vertex 4.21999 4.20999 0.509999
      vertex 4.09229 4.17555 7.03
      vertex 4.21446 4.29773 0.509999
    endloop
  endfacet
  facet normal -0.99783 -0.0627766 -0.019875
    outer loop
      vertex 4.09229 4.17555 7.03
      vertex 4.21999 4.20999 0.509999
      vertex 4.09781 4.08781 7.03
    endloop
  endfacet
  facet normal 0.0628899 -0.997823 -0.0198754
    outer loop
      vertex -3.51999 4.90999 0.509999
      vertex -3.48555 4.78229 7.03
      vertex -3.60773 4.90446 0.509999
    endloop
  endfacet
  facet normal 0.0627766 -0.99783 -0.019875
    outer loop
      vertex -3.48555 4.78229 7.03
      vertex -3.51999 4.90999 0.509999
      vertex -3.39781 4.78781 7.03
    endloop
  endfacet
  facet normal 0.844053 0.535636 -0.0258535
    outer loop
      vertex -3.96413 2.66073 7.03
      vertex -4.13341 2.61278 0.509999
      vertex -4.01123 2.73495 7.03
    endloop
  endfacet
  facet normal 0.844002 0.535717 -0.0258528
    outer loop
      vertex -4.13341 2.61278 0.509999
      vertex -3.96413 2.66073 7.03
      vertex -4.0863 2.53856 0.509999
    endloop
  endfacet
  facet normal -0.87606 0.481531 -0.0254403
    outer loop
      vertex 4.15337 2.65196 0.509999
      vertex 3.98885 2.69711 7.03
      vertex 4.03119 2.77414 7.03
    endloop
  endfacet
  facet normal -0.876012 0.481619 -0.0254396
    outer loop
      vertex 3.98885 2.69711 7.03
      vertex 4.15337 2.65196 0.509999
      vertex 4.11102 2.57493 0.509999
    endloop
  endfacet
  facet normal -0.950802 -0.308897 -0.0236058
    outer loop
      vertex 4.198 4.38408 0.509999
      vertex 4.04866 4.3455 7.03
      vertex 4.17084 4.46768 0.509999
    endloop
  endfacet
  facet normal -0.950802 -0.308897 -0.0236058
    outer loop
      vertex 4.04866 4.3455 7.03
      vertex 4.198 4.38408 0.509999
      vertex 4.07582 4.2619 7.03
    endloop
  endfacet
  facet normal 0.248729 0.968304 -0.0228059
    outer loop
      vertex -3.65115 2.2624 0.509999
      vertex -3.61412 2.40645 7.03
      vertex -3.52898 2.38458 7.03
    endloop
  endfacet
  facet normal 0.248702 0.968312 -0.0228059
    outer loop
      vertex -3.61412 2.40645 7.03
      vertex -3.65115 2.2624 0.509999
      vertex -3.7363 2.28427 0.509999
    endloop
  endfacet
  facet normal -0.308897 0.950802 -0.0236058
    outer loop
      vertex 3.69408 2.272 0.509999
      vertex 3.6555 2.42134 7.03
      vertex 3.77768 2.29916 0.509999
    endloop
  endfacet
  facet normal -0.308897 0.950802 -0.0236058
    outer loop
      vertex 3.6555 2.42134 7.03
      vertex 3.69408 2.272 0.509999
      vertex 3.5719 2.39418 7.03
    endloop
  endfacet
  facet normal 0.308897 -0.950802 -0.0236058
    outer loop
      vertex -3.69408 4.888 0.509999
      vertex -3.6555 4.73866 7.03
      vertex -3.77768 4.86084 0.509999
    endloop
  endfacet
  facet normal 0.308897 -0.950802 -0.0236058
    outer loop
      vertex -3.6555 4.73866 7.03
      vertex -3.69408 4.888 0.509999
      vertex -3.5719 4.76582 7.03
    endloop
  endfacet
  facet normal 0.968312 -0.248702 -0.0228059
    outer loop
      vertex -4.06355 4.30412 7.03
      vertex -4.2076 4.34115 0.509999
      vertex -4.18573 4.4263 0.509999
    endloop
  endfacet
  facet normal 0.968304 -0.248729 -0.0228059
    outer loop
      vertex -4.2076 4.34115 0.509999
      vertex -4.06355 4.30412 7.03
      vertex -4.08542 4.21898 7.03
    endloop
  endfacet
  facet normal -0.425659 0.90454 -0.0249263
    outer loop
      vertex 3.77768 2.29916 0.509999
      vertex 3.73505 2.45877 7.03
      vertex 3.85722 2.33659 0.509999
    endloop
  endfacet
  facet normal -0.425615 0.904561 -0.0249265
    outer loop
      vertex 3.73505 2.45877 7.03
      vertex 3.77768 2.29916 0.509999
      vertex 3.6555 2.42134 7.03
    endloop
  endfacet
  facet normal 0.425659 -0.90454 -0.0249263
    outer loop
      vertex -3.77768 4.86084 0.509999
      vertex -3.73505 4.70123 7.03
      vertex -3.85722 4.82341 0.509999
    endloop
  endfacet
  facet normal 0.425615 -0.904561 -0.0249265
    outer loop
      vertex -3.73505 4.70123 7.03
      vertex -3.77768 4.86084 0.509999
      vertex -3.6555 4.73866 7.03
    endloop
  endfacet
  facet normal 0.728799 -0.684216 -0.0264778
    outer loop
      vertex -3.877 4.5981 7.03
      vertex -4.05934 4.65619 0.509999
      vertex -3.99918 4.72027 0.509999
    endloop
  endfacet
  facet normal 0.728852 -0.684159 -0.0264788
    outer loop
      vertex -4.05934 4.65619 0.509999
      vertex -3.877 4.5981 7.03
      vertex -3.93716 4.53401 7.03
    endloop
  endfacet
  facet normal -0.929514 0.367985 -0.0243142
    outer loop
      vertex 4.18573 2.7337 0.509999
      vertex 4.03119 2.77414 7.03
      vertex 4.06355 2.85588 7.03
    endloop
  endfacet
  facet normal -0.929514 0.367985 -0.0243142
    outer loop
      vertex 4.03119 2.77414 7.03
      vertex 4.18573 2.7337 0.509999
      vertex 4.15337 2.65196 0.509999
    endloop
  endfacet
  facet normal 0 0 -1
    outer loop
      vertex 3.39781 4.78781 7.03
      vertex 4.09781 4.08781 7.03
      vertex 4.09781 3.07219 7.03
    endloop
  endfacet
  facet normal 0 0 -1
    outer loop
      vertex 3.39781 2.37219 7.03
      vertex 4.09781 3.07219 7.03
      vertex 4.08542 2.94102 7.03
    endloop
  endfacet
  facet normal 0 0 -1
    outer loop
      vertex 3.39781 4.78781 7.03
      vertex 4.09781 3.07219 7.03
      vertex 3.39781 2.37219 7.03
    endloop
  endfacet
  facet normal 0 0 -1
    outer loop
      vertex 3.39781 2.37219 7.03
      vertex 4.08542 2.94102 7.03
      vertex 4.06355 2.85588 7.03
    endloop
  endfacet
  facet normal 0 0 -1
    outer loop
      vertex 4.09781 4.08781 7.03
      vertex 3.39781 4.78781 7.03
      vertex 4.09229 4.17555 7.03
    endloop
  endfacet
  facet normal 0 0 -1
    outer loop
      vertex 3.39781 2.37219 7.03
      vertex 4.06355 2.85588 7.03
      vertex 4.03119 2.77414 7.03
    endloop
  endfacet
  facet normal 0 0 -1
    outer loop
      vertex 4.09229 4.17555 7.03
      vertex 3.39781 4.78781 7.03
      vertex 4.07582 4.2619 7.03
    endloop
  endfacet
  facet normal 0 0 -1
    outer loop
      vertex 3.39781 2.37219 7.03
      vertex 4.03119 2.77414 7.03
      vertex 3.98885 2.69711 7.03
    endloop
  endfacet
  facet normal 0 0 -1
    outer loop
      vertex 4.07582 4.2619 7.03
      vertex 3.39781 4.78781 7.03
      vertex 4.04866 4.3455 7.03
    endloop
  endfacet
  facet normal 0 0 -1
    outer loop
      vertex 3.39781 2.37219 7.03
      vertex 3.98885 2.69711 7.03
      vertex 3.93716 2.62599 7.03
    endloop
  endfacet
  facet normal 0 0 -1
    outer loop
      vertex 4.04866 4.3455 7.03
      vertex 3.39781 4.78781 7.03
      vertex 4.01123 4.42505 7.03
    endloop
  endfacet
  facet normal 0 0 -1
    outer loop
      vertex 3.39781 2.37219 7.03
      vertex 3.93716 2.62599 7.03
      vertex 3.877 2.5619 7.03
    endloop
  endfacet
  facet normal 0 0 -1
    outer loop
      vertex 4.01123 4.42505 7.03
      vertex 3.39781 4.78781 7.03
      vertex 3.96413 4.49927 7.03
    endloop
  endfacet
  facet normal 0 0 -1
    outer loop
      vertex 3.39781 2.37219 7.03
      vertex 3.877 2.5619 7.03
      vertex 3.80927 2.50587 7.03
    endloop
  endfacet
  facet normal 0 0 -1
    outer loop
      vertex 3.96413 4.49927 7.03
      vertex 3.39781 4.78781 7.03
      vertex 3.9081 4.567 7.03
    endloop
  endfacet
  facet normal 0 0 -1
    outer loop
      vertex 3.39781 2.37219 7.03
      vertex 3.80927 2.50587 7.03
      vertex 3.73505 2.45877 7.03
    endloop
  endfacet
  facet normal 0 0 -1
    outer loop
      vertex 3.9081 4.567 7.03
      vertex 3.39781 4.78781 7.03
      vertex 3.84401 4.62716 7.03
    endloop
  endfacet
  facet normal 0 0 -1
    outer loop
      vertex 3.39781 2.37219 7.03
      vertex 3.73505 2.45877 7.03
      vertex 3.6555 2.42134 7.03
    endloop
  endfacet
  facet normal 0 0 -1
    outer loop
      vertex 3.84401 4.62716 7.03
      vertex 3.39781 4.78781 7.03
      vertex 3.77289 4.67885 7.03
    endloop
  endfacet
  facet normal 0 0 -1
    outer loop
      vertex 3.39781 2.37219 7.03
      vertex 3.6555 2.42134 7.03
      vertex 3.5719 2.39418 7.03
    endloop
  endfacet
  facet normal 0 0 -1
    outer loop
      vertex 3.77289 4.67885 7.03
      vertex 3.39781 4.78781 7.03
      vertex 3.69586 4.72119 7.03
    endloop
  endfacet
  facet normal 0 0 -1
    outer loop
      vertex 3.39781 2.37219 7.03
      vertex 3.5719 2.39418 7.03
      vertex 3.48555 2.37771 7.03
    endloop
  endfacet
  facet normal 0 0 -1
    outer loop
      vertex 3.69586 4.72119 7.03
      vertex 3.39781 4.78781 7.03
      vertex 3.61412 4.75355 7.03
    endloop
  endfacet
  facet normal 0 0 -1
    outer loop
      vertex 3.61412 4.75355 7.03
      vertex 3.39781 4.78781 7.03
      vertex 3.52898 4.77542 7.03
    endloop
  endfacet
  facet normal 0 0 -1
    outer loop
      vertex -3.39781 2.37219 7.03
      vertex 3.39781 4.78781 7.03
      vertex 3.39781 2.37219 7.03
    endloop
  endfacet
  facet normal 0 0 -1
    outer loop
      vertex -3.39781 2.37219 7.03
      vertex -3.39781 4.78781 7.03
      vertex 3.39781 4.78781 7.03
    endloop
  endfacet
  facet normal 0 0 -1
    outer loop
      vertex -4.09781 4.08781 7.03
      vertex -3.39781 4.78781 7.03
      vertex -3.39781 2.37219 7.03
    endloop
  endfacet
  facet normal 0 0 -1
    outer loop
      vertex -4.09781 3.07219 7.03
      vertex -3.39781 2.37219 7.03
      vertex -3.52898 2.38458 7.03
    endloop
  endfacet
  facet normal 0 0 -1
    outer loop
      vertex -4.09781 4.08781 7.03
      vertex -3.39781 2.37219 7.03
      vertex -4.09781 3.07219 7.03
    endloop
  endfacet
  facet normal 0 0 -1
    outer loop
      vertex -4.09781 3.07219 7.03
      vertex -3.52898 2.38458 7.03
      vertex -3.61412 2.40645 7.03
    endloop
  endfacet
  facet normal 0 0 -1
    outer loop
      vertex -3.39781 4.78781 7.03
      vertex -4.09781 4.08781 7.03
      vertex -3.48555 4.78229 7.03
    endloop
  endfacet
  facet normal 0 0 -1
    outer loop
      vertex -4.09781 3.07219 7.03
      vertex -3.61412 2.40645 7.03
      vertex -3.69586 2.43881 7.03
    endloop
  endfacet
  facet normal 0 0 -1
    outer loop
      vertex -3.48555 4.78229 7.03
      vertex -4.09781 4.08781 7.03
      vertex -3.5719 4.76582 7.03
    endloop
  endfacet
  facet normal 0 0 -1
    outer loop
      vertex -4.09781 3.07219 7.03
      vertex -3.69586 2.43881 7.03
      vertex -3.77289 2.48115 7.03
    endloop
  endfacet
  facet normal 0 0 -1
    outer loop
      vertex -3.5719 4.76582 7.03
      vertex -4.09781 4.08781 7.03
      vertex -3.6555 4.73866 7.03
    endloop
  endfacet
  facet normal 0 0 -1
    outer loop
      vertex -4.09781 3.07219 7.03
      vertex -3.77289 2.48115 7.03
      vertex -3.84401 2.53284 7.03
    endloop
  endfacet
  facet normal 0 0 -1
    outer loop
      vertex -3.6555 4.73866 7.03
      vertex -4.09781 4.08781 7.03
      vertex -3.73505 4.70123 7.03
    endloop
  endfacet
  facet normal 0 0 -1
    outer loop
      vertex -4.09781 3.07219 7.03
      vertex -3.84401 2.53284 7.03
      vertex -3.9081 2.593 7.03
    endloop
  endfacet
  facet normal 0 0 -1
    outer loop
      vertex -3.73505 4.70123 7.03
      vertex -4.09781 4.08781 7.03
      vertex -3.80927 4.65413 7.03
    endloop
  endfacet
  facet normal 0 0 -1
    outer loop
      vertex -4.09781 3.07219 7.03
      vertex -3.9081 2.593 7.03
      vertex -3.96413 2.66073 7.03
    endloop
  endfacet
  facet normal 0 0 -1
    outer loop
      vertex -3.80927 4.65413 7.03
      vertex -4.09781 4.08781 7.03
      vertex -3.877 4.5981 7.03
    endloop
  endfacet
  facet normal 0 0 -1
    outer loop
      vertex -4.09781 3.07219 7.03
      vertex -3.96413 2.66073 7.03
      vertex -4.01123 2.73495 7.03
    endloop
  endfacet
  facet normal 0 0 -1
    outer loop
      vertex -3.877 4.5981 7.03
      vertex -4.09781 4.08781 7.03
      vertex -3.93716 4.53401 7.03
    endloop
  endfacet
  facet normal 0 0 -1
    outer loop
      vertex -4.09781 3.07219 7.03
      vertex -4.01123 2.73495 7.03
      vertex -4.04866 2.8145 7.03
    endloop
  endfacet
  facet normal 0 0 -1
    outer loop
      vertex -3.93716 4.53401 7.03
      vertex -4.09781 4.08781 7.03
      vertex -3.98885 4.46289 7.03
    endloop
  endfacet
  facet normal 0 0 -1
    outer loop
      vertex -4.09781 3.07219 7.03
      vertex -4.04866 2.8145 7.03
      vertex -4.07582 2.8981 7.03
    endloop
  endfacet
  facet normal 0 0 -1
    outer loop
      vertex -3.98885 4.46289 7.03
      vertex -4.09781 4.08781 7.03
      vertex -4.03119 4.38586 7.03
    endloop
  endfacet
  facet normal 0 0 -1
    outer loop
      vertex -4.09781 3.07219 7.03
      vertex -4.07582 2.8981 7.03
      vertex -4.09229 2.98445 7.03
    endloop
  endfacet
  facet normal 0 0 -1
    outer loop
      vertex -4.03119 4.38586 7.03
      vertex -4.09781 4.08781 7.03
      vertex -4.06355 4.30412 7.03
    endloop
  endfacet
  facet normal 0 0 -1
    outer loop
      vertex -4.06355 4.30412 7.03
      vertex -4.09781 4.08781 7.03
      vertex -4.08542 4.21898 7.03
    endloop
  endfacet
  facet normal 0.808695 -0.587646 -0.0261664
    outer loop
      vertex -3.93716 4.53401 7.03
      vertex -4.11102 4.58507 0.509999
      vertex -4.05934 4.65619 0.509999
    endloop
  endfacet
  facet normal 0.808641 -0.58772 -0.0261655
    outer loop
      vertex -4.11102 4.58507 0.509999
      vertex -3.93716 4.53401 7.03
      vertex -3.98885 4.46289 7.03
    endloop
  endfacet
  facet normal 0.637139 -0.770298 -0.0263731
    outer loop
      vertex -3.93144 4.7763 0.509999
      vertex -3.877 4.5981 7.03
      vertex -3.99918 4.72027 0.509999
    endloop
  endfacet
  facet normal 0.637195 -0.770252 -0.0263723
    outer loop
      vertex -3.877 4.5981 7.03
      vertex -3.93144 4.7763 0.509999
      vertex -3.80927 4.65413 7.03
    endloop
  endfacet
  facet normal -0.999824 0 -0.018736
    outer loop
      vertex 4.21999 4.20999 0.509999
      vertex 4.09781 3.07219 7.03
      vertex 4.09781 4.08781 7.03
    endloop
  endfacet
  facet normal -0.999824 0 -0.018736
    outer loop
      vertex 4.09781 3.07219 7.03
      vertex 4.21999 4.20999 0.509999
      vertex 4.21999 2.95001 0.509999
    endloop
  endfacet
  facet normal 0.876012 -0.481619 -0.0254396
    outer loop
      vertex -3.98885 4.46289 7.03
      vertex -4.15337 4.50804 0.509999
      vertex -4.11102 4.58507 0.509999
    endloop
  endfacet
  facet normal 0.87606 -0.481531 -0.0254403
    outer loop
      vertex -4.15337 4.50804 0.509999
      vertex -3.98885 4.46289 7.03
      vertex -4.03119 4.38586 7.03
    endloop
  endfacet
  facet normal 0.982056 0.187313 -0.0219116
    outer loop
      vertex -4.07582 2.8981 7.03
      vertex -4.21446 2.86227 0.509999
      vertex -4.09229 2.98445 7.03
    endloop
  endfacet
  facet normal 0.982077 0.187203 -0.0219114
    outer loop
      vertex -4.21446 2.86227 0.509999
      vertex -4.07582 2.8981 7.03
      vertex -4.198 2.77592 0.509999
    endloop
  endfacet
  facet normal -0.58772 -0.808641 -0.0261655
    outer loop
      vertex 3.89507 4.80102 0.509999
      vertex 3.84401 4.62716 7.03
      vertex 3.77289 4.67885 7.03
    endloop
  endfacet
  facet normal -0.587646 -0.808695 -0.0261664
    outer loop
      vertex 3.84401 4.62716 7.03
      vertex 3.89507 4.80102 0.509999
      vertex 3.96619 4.74934 0.509999
    endloop
  endfacet
  facet normal -0.0940194 -0.995361 -0.0204142
    outer loop
      vertex 3.51999 4.90999 0.509999
      vertex 3.52898 4.77542 7.03
      vertex 3.39781 4.78781 7.03
    endloop
  endfacet
  facet normal -0.0940265 -0.99536 -0.0204142
    outer loop
      vertex 3.52898 4.77542 7.03
      vertex 3.51999 4.90999 0.509999
      vertex 3.65115 4.8976 0.509999
    endloop
  endfacet
  facet normal -0.684159 -0.728852 -0.0264788
    outer loop
      vertex 3.96619 4.74934 0.509999
      vertex 3.9081 4.567 7.03
      vertex 3.84401 4.62716 7.03
    endloop
  endfacet
  facet normal -0.684216 -0.728799 -0.0264778
    outer loop
      vertex 3.9081 4.567 7.03
      vertex 3.96619 4.74934 0.509999
      vertex 4.03027 4.68918 0.509999
    endloop
  endfacet
  facet normal -0.982077 -0.187203 -0.0219114
    outer loop
      vertex 4.21446 4.29773 0.509999
      vertex 4.07582 4.2619 7.03
      vertex 4.198 4.38408 0.509999
    endloop
  endfacet
  facet normal -0.982056 -0.187313 -0.0219116
    outer loop
      vertex 4.07582 4.2619 7.03
      vertex 4.21446 4.29773 0.509999
      vertex 4.09229 4.17555 7.03
    endloop
  endfacet
  facet normal 0.950802 0.308897 -0.0236058
    outer loop
      vertex -4.04866 2.8145 7.03
      vertex -4.198 2.77592 0.509999
      vertex -4.07582 2.8981 7.03
    endloop
  endfacet
  facet normal 0.950802 0.308897 -0.0236058
    outer loop
      vertex -4.198 2.77592 0.509999
      vertex -4.04866 2.8145 7.03
      vertex -4.17084 2.69232 0.509999
    endloop
  endfacet
  facet normal -0.481531 -0.87606 -0.0254403
    outer loop
      vertex 3.81804 4.84337 0.509999
      vertex 3.77289 4.67885 7.03
      vertex 3.69586 4.72119 7.03
    endloop
  endfacet
  facet normal -0.481619 -0.876012 -0.0254396
    outer loop
      vertex 3.77289 4.67885 7.03
      vertex 3.81804 4.84337 0.509999
      vertex 3.89507 4.80102 0.509999
    endloop
  endfacet
  facet normal 0.535717 -0.844002 -0.0258528
    outer loop
      vertex -3.85722 4.82341 0.509999
      vertex -3.80927 4.65413 7.03
      vertex -3.93144 4.7763 0.509999
    endloop
  endfacet
  facet normal 0.535636 -0.844053 -0.0258535
    outer loop
      vertex -3.80927 4.65413 7.03
      vertex -3.85722 4.82341 0.509999
      vertex -3.73505 4.70123 7.03
    endloop
  endfacet
  facet normal 0.904561 0.425615 -0.0249265
    outer loop
      vertex -4.01123 2.73495 7.03
      vertex -4.17084 2.69232 0.509999
      vertex -4.04866 2.8145 7.03
    endloop
  endfacet
  facet normal 0.90454 0.425659 -0.0249263
    outer loop
      vertex -4.17084 2.69232 0.509999
      vertex -4.01123 2.73495 7.03
      vertex -4.13341 2.61278 0.509999
    endloop
  endfacet
  facet normal 0.684159 0.728852 -0.0264788
    outer loop
      vertex -3.96619 2.41066 0.509999
      vertex -3.9081 2.593 7.03
      vertex -3.84401 2.53284 7.03
    endloop
  endfacet
  facet normal 0.684216 0.728799 -0.0264778
    outer loop
      vertex -3.9081 2.593 7.03
      vertex -3.96619 2.41066 0.509999
      vertex -4.03027 2.47082 0.509999
    endloop
  endfacet
  facet normal 0.367985 0.929514 -0.0243142
    outer loop
      vertex -3.7363 2.28427 0.509999
      vertex -3.69586 2.43881 7.03
      vertex -3.61412 2.40645 7.03
    endloop
  endfacet
  facet normal 0.367985 0.929514 -0.0243142
    outer loop
      vertex -3.69586 2.43881 7.03
      vertex -3.7363 2.28427 0.509999
      vertex -3.81804 2.31663 0.509999
    endloop
  endfacet
  facet normal -0.844002 -0.535717 -0.0258528
    outer loop
      vertex 4.13341 4.54722 0.509999
      vertex 3.96413 4.49927 7.03
      vertex 4.0863 4.62144 0.509999
    endloop
  endfacet
  facet normal -0.844053 -0.535636 -0.0258535
    outer loop
      vertex 3.96413 4.49927 7.03
      vertex 4.13341 4.54722 0.509999
      vertex 4.01123 4.42505 7.03
    endloop
  endfacet
  facet normal 0.0940194 0.995361 -0.0204142
    outer loop
      vertex -3.51999 2.25001 0.509999
      vertex -3.52898 2.38458 7.03
      vertex -3.39781 2.37219 7.03
    endloop
  endfacet
  facet normal 0.0940265 0.99536 -0.0204142
    outer loop
      vertex -3.52898 2.38458 7.03
      vertex -3.51999 2.25001 0.509999
      vertex -3.65115 2.2624 0.509999
    endloop
  endfacet
  facet normal -0.0449596 0.713337 -0.699378
    outer loop
      vertex 3.60773 -4.90446 0.509999
      vertex 3.67039 -5.40053 0
      vertex 3.51999 -4.90999 0.509999
    endloop
  endfacet
  facet normal -0.0448691 0.713353 -0.699367
    outer loop
      vertex 3.51999 -4.90999 0.509999
      vertex 3.67039 -5.40053 0
      vertex 3.51999 -5.40999 0
    endloop
  endfacet
  facet normal -0.455602 0.550744 -0.699362
    outer loop
      vertex 4.34145 -5.08475 0
      vertex 4.22533 -5.18081 0
      vertex 3.99918 -4.72027 0.509999
    endloop
  endfacet
  facet normal 0 0.714072 -0.700072
    outer loop
      vertex 3.51999 -5.40999 0
      vertex -3.51999 -4.90999 0.509999
      vertex 3.51999 -4.90999 0.509999
    endloop
  endfacet
  facet normal 0 0.714072 -0.700072
    outer loop
      vertex -3.51999 -4.90999 0.509999
      vertex 3.51999 -5.40999 0
      vertex -3.51999 -5.40999 0
    endloop
  endfacet
  facet normal -0.304329 0.646741 -0.699364
    outer loop
      vertex 4.0981 -5.26156 0
      vertex 3.96173 -5.32573 0
      vertex 3.77768 -4.86084 0.509999
    endloop
  endfacet
  facet normal -0.220815 0.679806 -0.69936
    outer loop
      vertex 3.96173 -5.32573 0
      vertex 3.81842 -5.37228 0
      vertex 3.69408 -4.888 0.509999
    endloop
  endfacet
  facet normal -0.133988 0.702099 -0.69936
    outer loop
      vertex 3.69408 -4.888 0.509999
      vertex 3.81842 -5.37228 0
      vertex 3.67039 -5.40053 0
    endloop
  endfacet
  facet normal 0.455602 -0.550744 -0.699362
    outer loop
      vertex -4.22533 -1.97919 0
      vertex -3.99918 -2.43973 0.509999
      vertex -4.34145 -2.07525 0
    endloop
  endfacet
  facet normal -0.22085 0.67979 -0.699364
    outer loop
      vertex 3.77768 -4.86084 0.509999
      vertex 3.96173 -5.32573 0
      vertex 3.69408 -4.888 0.509999
    endloop
  endfacet
  facet normal -0.133836 0.70211 -0.699378
    outer loop
      vertex 3.69408 -4.888 0.509999
      vertex 3.67039 -5.40053 0
      vertex 3.60773 -4.90446 0.509999
    endloop
  endfacet
  facet normal -0.692297 0.17781 -0.699363
    outer loop
      vertex 4.2076 -4.34115 0.509999
      vertex 4.66125 -4.58081 0
      vertex 4.18573 -4.4263 0.509999
    endloop
  endfacet
  facet normal 0.0448691 -0.713353 -0.699367
    outer loop
      vertex -3.51999 -1.75001 0
      vertex -3.51999 -2.25001 0.509999
      vertex -3.67039 -1.75947 0
    endloop
  endfacet
  facet normal -0.702109 -0.133836 -0.699379
    outer loop
      vertex 4.71053 -2.7996 0
      vertex 4.21446 -2.86227 0.509999
      vertex 4.198 -2.77592 0.509999
    endloop
  endfacet
  facet normal -0.646734 -0.30434 -0.699366
    outer loop
      vertex 4.57156 -2.3719 0
      vertex 4.17084 -2.69232 0.509999
      vertex 4.13341 -2.61278 0.509999
    endloop
  endfacet
  facet normal -0.383014 0.603478 -0.699368
    outer loop
      vertex 4.22533 -5.18081 0
      vertex 4.0981 -5.26156 0
      vertex 3.93144 -4.7763 0.509999
    endloop
  endfacet
  facet normal -0.0673017 -0.712453 -0.698485
    outer loop
      vertex 3.51999 -1.75001 0
      vertex 3.65115 -2.2624 0.509999
      vertex 3.51999 -2.25001 0.509999
    endloop
  endfacet
  facet normal 0 -0.714072 -0.700072
    outer loop
      vertex -3.51999 -1.75001 0
      vertex 3.51999 -2.25001 0.509999
      vertex -3.51999 -2.25001 0.509999
    endloop
  endfacet
  facet normal 0 -0.714072 -0.700072
    outer loop
      vertex 3.51999 -2.25001 0.509999
      vertex -3.51999 -1.75001 0
      vertex 3.51999 -1.75001 0
    endloop
  endfacet
  facet normal -0.692315 0.177762 -0.699357
    outer loop
      vertex 4.69873 -4.43484 0
      vertex 4.66125 -4.58081 0
      vertex 4.2076 -4.34115 0.509999
    endloop
  endfacet
  facet normal -0.344288 -0.626387 -0.69936
    outer loop
      vertex 4.03093 -1.86423 0
      vertex 4.16298 -1.93681 0
      vertex 3.81804 -2.31663 0.509999
    endloop
  endfacet
  facet normal 0.0673643 0.712458 -0.698474
    outer loop
      vertex -3.65115 -4.8976 0.509999
      vertex -3.51999 -5.40999 0
      vertex -3.74484 -5.38873 0
    endloop
  endfacet
  facet normal 0.177718 0.692325 -0.699358
    outer loop
      vertex -3.65115 -4.8976 0.509999
      vertex -3.74484 -5.38873 0
      vertex -3.89081 -5.35126 0
    endloop
  endfacet
  facet normal -0.177808 -0.69229 -0.69937
    outer loop
      vertex 3.89081 -1.80874 0
      vertex 3.7363 -2.28427 0.509999
      vertex 3.65115 -2.2624 0.509999
    endloop
  endfacet
  facet normal -0.578217 0.420166 -0.699375
    outer loop
      vertex 4.11102 -4.58507 0.509999
      vertex 4.44461 -4.9749 0
      vertex 4.05934 -4.65619 0.509999
    endloop
  endfacet
  facet normal -0.664583 0.263101 -0.699362
    outer loop
      vertex 4.18573 -4.4263 0.509999
      vertex 4.66125 -4.58081 0
      vertex 4.15337 -4.50804 0.509999
    endloop
  endfacet
  facet normal 0.263176 0.664556 -0.69936
    outer loop
      vertex -3.81804 -4.84337 0.509999
      vertex -3.89081 -5.35126 0
      vertex -4.03093 -5.29577 0
    endloop
  endfacet
  facet normal -0.712453 0.0673017 -0.698485
    outer loop
      vertex 4.21999 -4.20999 0.509999
      vertex 4.71999 -4.20999 0
      vertex 4.2076 -4.34115 0.509999
    endloop
  endfacet
  facet normal -0.344353 -0.626341 -0.69937
    outer loop
      vertex 4.16298 -1.93681 0
      vertex 3.89507 -2.35898 0.509999
      vertex 3.81804 -2.31663 0.509999
    endloop
  endfacet
  facet normal -0.30434 0.646734 -0.699366
    outer loop
      vertex 3.85722 -4.82341 0.509999
      vertex 4.0981 -5.26156 0
      vertex 3.77768 -4.86084 0.509999
    endloop
  endfacet
  facet normal 0.489328 0.521013 -0.699359
    outer loop
      vertex -4.03027 -4.68918 0.509999
      vertex -4.2849 -5.13461 0
      vertex -4.39474 -5.03145 0
    endloop
  endfacet
  facet normal -0.521033 0.489301 -0.699363
    outer loop
      vertex 4.44461 -4.9749 0
      vertex 4.34145 -5.08475 0
      vertex 3.99918 -4.72027 0.509999
    endloop
  endfacet
  facet normal 0.133836 -0.70211 -0.699378
    outer loop
      vertex -3.67039 -1.75947 0
      vertex -3.60773 -2.25554 0.509999
      vertex -3.69408 -2.272 0.509999
    endloop
  endfacet
  facet normal 0.712458 -0.0673643 -0.698474
    outer loop
      vertex -4.69873 -2.72516 0
      vertex -4.2076 -2.81885 0.509999
      vertex -4.71999 -2.95001 0
    endloop
  endfacet
  facet normal -0.626387 0.344288 -0.69936
    outer loop
      vertex 4.60577 -4.72093 0
      vertex 4.53319 -4.85298 0
      vertex 4.15337 -4.50804 0.509999
    endloop
  endfacet
  facet normal 0.304329 -0.646741 -0.699364
    outer loop
      vertex -3.96173 -1.83427 0
      vertex -3.77768 -2.29916 0.509999
      vertex -4.0981 -1.89844 0
    endloop
  endfacet
  facet normal 0.22085 -0.67979 -0.699364
    outer loop
      vertex -3.69408 -2.272 0.509999
      vertex -3.77768 -2.29916 0.509999
      vertex -3.96173 -1.83427 0
    endloop
  endfacet
  facet normal 0.550771 0.455561 -0.699368
    outer loop
      vertex -4.0863 -4.62144 0.509999
      vertex -4.03027 -4.68918 0.509999
      vertex -4.49081 -4.91533 0
    endloop
  endfacet
  facet normal 0.30434 -0.646734 -0.699366
    outer loop
      vertex -3.77768 -2.29916 0.509999
      vertex -3.85722 -2.33659 0.509999
      vertex -4.0981 -1.89844 0
    endloop
  endfacet
  facet normal 0.626387 -0.344288 -0.69936
    outer loop
      vertex -4.53319 -2.30702 0
      vertex -4.15337 -2.65196 0.509999
      vertex -4.60577 -2.43907 0
    endloop
  endfacet
  facet normal -0.626341 0.344353 -0.69937
    outer loop
      vertex 4.15337 -4.50804 0.509999
      vertex 4.53319 -4.85298 0
      vertex 4.11102 -4.58507 0.509999
    endloop
  endfacet
  facet normal 0.420166 0.578217 -0.699375
    outer loop
      vertex -3.96619 -4.74934 0.509999
      vertex -3.89507 -4.80102 0.509999
      vertex -4.2849 -5.13461 0
    endloop
  endfacet
  facet normal 0.420126 0.578254 -0.699369
    outer loop
      vertex -3.89507 -4.80102 0.509999
      vertex -4.16298 -5.22319 0
      vertex -4.2849 -5.13461 0
    endloop
  endfacet
  facet normal -0.455561 0.550771 -0.699368
    outer loop
      vertex 3.99918 -4.72027 0.509999
      vertex 4.22533 -5.18081 0
      vertex 3.93144 -4.7763 0.509999
    endloop
  endfacet
  facet normal 0.664573 -0.263135 -0.699358
    outer loop
      vertex -4.60577 -2.43907 0
      vertex -4.15337 -2.65196 0.509999
      vertex -4.66125 -2.57919 0
    endloop
  endfacet
  facet normal -0.646741 -0.304329 -0.699364
    outer loop
      vertex 4.57156 -2.3719 0
      vertex 4.63573 -2.50827 0
      vertex 4.17084 -2.69232 0.509999
    endloop
  endfacet
  facet normal -0.603465 -0.38304 -0.699364
    outer loop
      vertex 4.57156 -2.3719 0
      vertex 4.13341 -2.61278 0.509999
      vertex 4.0863 -2.53856 0.509999
    endloop
  endfacet
  facet normal 0.489218 0.521095 -0.699376
    outer loop
      vertex -4.03027 -4.68918 0.509999
      vertex -3.96619 -4.74934 0.509999
      vertex -4.2849 -5.13461 0
    endloop
  endfacet
  facet normal -0.714072 0 -0.700072
    outer loop
      vertex 4.71999 -4.20999 0
      vertex 4.21999 -2.95001 0.509999
      vertex 4.71999 -2.95001 0
    endloop
  endfacet
  facet normal -0.714072 -0 -0.700072
    outer loop
      vertex 4.21999 -2.95001 0.509999
      vertex 4.71999 -4.20999 0
      vertex 4.21999 -4.20999 0.509999
    endloop
  endfacet
  facet normal -0.664573 0.263135 -0.699358
    outer loop
      vertex 4.66125 -4.58081 0
      vertex 4.60577 -4.72093 0
      vertex 4.15337 -4.50804 0.509999
    endloop
  endfacet
  facet normal -0.712458 0.0673643 -0.698474
    outer loop
      vertex 4.71999 -4.20999 0
      vertex 4.69873 -4.43484 0
      vertex 4.2076 -4.34115 0.509999
    endloop
  endfacet
  facet normal 0.702109 0.133836 -0.699379
    outer loop
      vertex -4.21446 -4.29773 0.509999
      vertex -4.198 -4.38408 0.509999
      vertex -4.71053 -4.3604 0
    endloop
  endfacet
  facet normal -0.578254 0.420126 -0.699369
    outer loop
      vertex 4.53319 -4.85298 0
      vertex 4.44461 -4.9749 0
      vertex 4.11102 -4.58507 0.509999
    endloop
  endfacet
  facet normal -0.177718 -0.692325 -0.699358
    outer loop
      vertex 3.74484 -1.77127 0
      vertex 3.89081 -1.80874 0
      vertex 3.65115 -2.2624 0.509999
    endloop
  endfacet
  facet normal 0.664583 -0.263101 -0.699362
    outer loop
      vertex -4.15337 -2.65196 0.509999
      vertex -4.18573 -2.7337 0.509999
      vertex -4.66125 -2.57919 0
    endloop
  endfacet
  facet normal 0.521095 -0.489218 -0.699376
    outer loop
      vertex -3.99918 -2.43973 0.509999
      vertex -4.05934 -2.50381 0.509999
      vertex -4.44461 -2.1851 0
    endloop
  endfacet
  facet normal 0.714072 0 -0.700072
    outer loop
      vertex -4.21999 -4.20999 0.509999
      vertex -4.71999 -2.95001 0
      vertex -4.21999 -2.95001 0.509999
    endloop
  endfacet
  facet normal 0.714072 0 -0.700072
    outer loop
      vertex -4.71999 -2.95001 0
      vertex -4.21999 -4.20999 0.509999
      vertex -4.71999 -4.20999 0
    endloop
  endfacet
  facet normal -0.489218 -0.521095 -0.699376
    outer loop
      vertex 4.2849 -2.02539 0
      vertex 4.03027 -2.47082 0.509999
      vertex 3.96619 -2.41066 0.509999
    endloop
  endfacet
  facet normal -0.489328 -0.521013 -0.699359
    outer loop
      vertex 4.2849 -2.02539 0
      vertex 4.39474 -2.12855 0
      vertex 4.03027 -2.47082 0.509999
    endloop
  endfacet
  facet normal 0.712453 -0.0673017 -0.698485
    outer loop
      vertex -4.2076 -2.81885 0.509999
      vertex -4.21999 -2.95001 0.509999
      vertex -4.71999 -2.95001 0
    endloop
  endfacet
  facet normal -0.603478 -0.383014 -0.699368
    outer loop
      vertex 4.49081 -2.24467 0
      vertex 4.57156 -2.3719 0
      vertex 4.0863 -2.53856 0.509999
    endloop
  endfacet
  facet normal -0.521095 0.489218 -0.699376
    outer loop
      vertex 4.05934 -4.65619 0.509999
      vertex 4.44461 -4.9749 0
      vertex 3.99918 -4.72027 0.509999
    endloop
  endfacet
  facet normal 0.133988 -0.702099 -0.69936
    outer loop
      vertex -3.67039 -1.75947 0
      vertex -3.69408 -2.272 0.509999
      vertex -3.81842 -1.78772 0
    endloop
  endfacet
  facet normal 0.713353 0.0448662 -0.699367
    outer loop
      vertex -4.21999 -4.20999 0.509999
      vertex -4.71053 -4.3604 0
      vertex -4.71999 -4.20999 0
    endloop
  endfacet
  facet normal 0.344353 0.626341 -0.69937
    outer loop
      vertex -3.89507 -4.80102 0.509999
      vertex -3.81804 -4.84337 0.509999
      vertex -4.16298 -5.22319 0
    endloop
  endfacet
  facet normal 0.38304 -0.603465 -0.699364
    outer loop
      vertex -3.85722 -2.33659 0.509999
      vertex -3.93144 -2.3837 0.509999
      vertex -4.0981 -1.89844 0
    endloop
  endfacet
  facet normal 0.0673017 0.712453 -0.698485
    outer loop
      vertex -3.51999 -4.90999 0.509999
      vertex -3.51999 -5.40999 0
      vertex -3.65115 -4.8976 0.509999
    endloop
  endfacet
  facet normal 0.626341 -0.344353 -0.69937
    outer loop
      vertex -4.11102 -2.57493 0.509999
      vertex -4.15337 -2.65196 0.509999
      vertex -4.53319 -2.30702 0
    endloop
  endfacet
  facet normal -0.38304 0.603465 -0.699364
    outer loop
      vertex 3.93144 -4.7763 0.509999
      vertex 4.0981 -5.26156 0
      vertex 3.85722 -4.82341 0.509999
    endloop
  endfacet
  facet normal 0.646741 0.304329 -0.699364
    outer loop
      vertex -4.17084 -4.46768 0.509999
      vertex -4.57156 -4.7881 0
      vertex -4.63573 -4.65173 0
    endloop
  endfacet
  facet normal 0.713336 0.0449595 -0.699378
    outer loop
      vertex -4.21999 -4.20999 0.509999
      vertex -4.21446 -4.29773 0.509999
      vertex -4.71053 -4.3604 0
    endloop
  endfacet
  facet normal -0.0673643 -0.712458 -0.698474
    outer loop
      vertex 3.74484 -1.77127 0
      vertex 3.65115 -2.2624 0.509999
      vertex 3.51999 -1.75001 0
    endloop
  endfacet
  facet normal -0.679806 -0.220815 -0.69936
    outer loop
      vertex 4.63573 -2.50827 0
      vertex 4.68228 -2.65158 0
      vertex 4.198 -2.77592 0.509999
    endloop
  endfacet
  facet normal -0.263176 -0.664556 -0.69936
    outer loop
      vertex 3.89081 -1.80874 0
      vertex 4.03093 -1.86423 0
      vertex 3.81804 -2.31663 0.509999
    endloop
  endfacet
  facet normal -0.263099 -0.664577 -0.699369
    outer loop
      vertex 3.89081 -1.80874 0
      vertex 3.81804 -2.31663 0.509999
      vertex 3.7363 -2.28427 0.509999
    endloop
  endfacet
  facet normal 0.455561 -0.550771 -0.699368
    outer loop
      vertex -3.93144 -2.3837 0.509999
      vertex -3.99918 -2.43973 0.509999
      vertex -4.22533 -1.97919 0
    endloop
  endfacet
  facet normal -0.420126 -0.578254 -0.699369
    outer loop
      vertex 4.16298 -1.93681 0
      vertex 4.2849 -2.02539 0
      vertex 3.89507 -2.35898 0.509999
    endloop
  endfacet
  facet normal -0.420166 -0.578217 -0.699375
    outer loop
      vertex 4.2849 -2.02539 0
      vertex 3.96619 -2.41066 0.509999
      vertex 3.89507 -2.35898 0.509999
    endloop
  endfacet
  facet normal 0.692297 -0.17781 -0.699363
    outer loop
      vertex -4.18573 -2.7337 0.509999
      vertex -4.2076 -2.81885 0.509999
      vertex -4.66125 -2.57919 0
    endloop
  endfacet
  facet normal 0.0449596 -0.713337 -0.699378
    outer loop
      vertex -3.51999 -2.25001 0.509999
      vertex -3.60773 -2.25554 0.509999
      vertex -3.67039 -1.75947 0
    endloop
  endfacet
  facet normal 0.383014 -0.603478 -0.699368
    outer loop
      vertex -4.0981 -1.89844 0
      vertex -3.93144 -2.3837 0.509999
      vertex -4.22533 -1.97919 0
    endloop
  endfacet
  facet normal 0.177808 0.69229 -0.69937
    outer loop
      vertex -3.7363 -4.87573 0.509999
      vertex -3.65115 -4.8976 0.509999
      vertex -3.89081 -5.35126 0
    endloop
  endfacet
  facet normal 0.67979 0.22085 -0.699364
    outer loop
      vertex -4.198 -4.38408 0.509999
      vertex -4.17084 -4.46768 0.509999
      vertex -4.63573 -4.65173 0
    endloop
  endfacet
  facet normal -0.550771 -0.455561 -0.699368
    outer loop
      vertex 4.49081 -2.24467 0
      vertex 4.0863 -2.53856 0.509999
      vertex 4.03027 -2.47082 0.509999
    endloop
  endfacet
  facet normal 0.550724 0.455633 -0.699358
    outer loop
      vertex -4.03027 -4.68918 0.509999
      vertex -4.39474 -5.03145 0
      vertex -4.49081 -4.91533 0
    endloop
  endfacet
  facet normal 0.603465 0.38304 -0.699364
    outer loop
      vertex -4.13341 -4.54722 0.509999
      vertex -4.0863 -4.62144 0.509999
      vertex -4.57156 -4.7881 0
    endloop
  endfacet
  facet normal 0.646734 0.30434 -0.699366
    outer loop
      vertex -4.17084 -4.46768 0.509999
      vertex -4.13341 -4.54722 0.509999
      vertex -4.57156 -4.7881 0
    endloop
  endfacet
  facet normal 0.263099 0.664577 -0.699369
    outer loop
      vertex -3.81804 -4.84337 0.509999
      vertex -3.7363 -4.87573 0.509999
      vertex -3.89081 -5.35126 0
    endloop
  endfacet
  facet normal 0.344288 0.626387 -0.69936
    outer loop
      vertex -3.81804 -4.84337 0.509999
      vertex -4.03093 -5.29577 0
      vertex -4.16298 -5.22319 0
    endloop
  endfacet
  facet normal 0.578217 -0.420166 -0.699375
    outer loop
      vertex -4.05934 -2.50381 0.509999
      vertex -4.11102 -2.57493 0.509999
      vertex -4.44461 -2.1851 0
    endloop
  endfacet
  facet normal -0.550724 -0.455633 -0.699358
    outer loop
      vertex 4.39474 -2.12855 0
      vertex 4.49081 -2.24467 0
      vertex 4.03027 -2.47082 0.509999
    endloop
  endfacet
  facet normal -0.67979 -0.22085 -0.699364
    outer loop
      vertex 4.63573 -2.50827 0
      vertex 4.198 -2.77592 0.509999
      vertex 4.17084 -2.69232 0.509999
    endloop
  endfacet
  facet normal 0.679806 0.220815 -0.69936
    outer loop
      vertex -4.198 -4.38408 0.509999
      vertex -4.63573 -4.65173 0
      vertex -4.68228 -4.50842 0
    endloop
  endfacet
  facet normal 0.702097 0.133997 -0.69936
    outer loop
      vertex -4.198 -4.38408 0.509999
      vertex -4.68228 -4.50842 0
      vertex -4.71053 -4.3604 0
    endloop
  endfacet
  facet normal 0.603478 0.383014 -0.699368
    outer loop
      vertex -4.0863 -4.62144 0.509999
      vertex -4.49081 -4.91533 0
      vertex -4.57156 -4.7881 0
    endloop
  endfacet
  facet normal -0.702097 -0.133997 -0.69936
    outer loop
      vertex 4.68228 -2.65158 0
      vertex 4.71053 -2.7996 0
      vertex 4.198 -2.77592 0.509999
    endloop
  endfacet
  facet normal 0.692315 -0.177762 -0.699357
    outer loop
      vertex -4.66125 -2.57919 0
      vertex -4.2076 -2.81885 0.509999
      vertex -4.69873 -2.72516 0
    endloop
  endfacet
  facet normal 0.521033 -0.489301 -0.699363
    outer loop
      vertex -4.34145 -2.07525 0
      vertex -3.99918 -2.43973 0.509999
      vertex -4.44461 -2.1851 0
    endloop
  endfacet
  facet normal 0.220815 -0.679806 -0.69936
    outer loop
      vertex -3.81842 -1.78772 0
      vertex -3.69408 -2.272 0.509999
      vertex -3.96173 -1.83427 0
    endloop
  endfacet
  facet normal -0.713336 -0.0449595 -0.699378
    outer loop
      vertex 4.71053 -2.7996 0
      vertex 4.21999 -2.95001 0.509999
      vertex 4.21446 -2.86227 0.509999
    endloop
  endfacet
  facet normal -0.713353 -0.0448662 -0.699367
    outer loop
      vertex 4.71053 -2.7996 0
      vertex 4.71999 -2.95001 0
      vertex 4.21999 -2.95001 0.509999
    endloop
  endfacet
  facet normal 0.578254 -0.420126 -0.699369
    outer loop
      vertex -4.44461 -2.1851 0
      vertex -4.11102 -2.57493 0.509999
      vertex -4.53319 -2.30702 0
    endloop
  endfacet
  facet normal -0.637139 0.770298 -0.0263731
    outer loop
      vertex 3.93144 -4.7763 0.509999
      vertex 3.877 -4.5981 7.03
      vertex 3.99918 -4.72027 0.509999
    endloop
  endfacet
  facet normal -0.637195 0.770252 -0.0263723
    outer loop
      vertex 3.877 -4.5981 7.03
      vertex 3.93144 -4.7763 0.509999
      vertex 3.80927 -4.65413 7.03
    endloop
  endfacet
  facet normal -0.248729 -0.968304 -0.0228059
    outer loop
      vertex 3.65115 -2.2624 0.509999
      vertex 3.61412 -2.40645 7.03
      vertex 3.52898 -2.38458 7.03
    endloop
  endfacet
  facet normal -0.248702 -0.968312 -0.0228059
    outer loop
      vertex 3.61412 -2.40645 7.03
      vertex 3.65115 -2.2624 0.509999
      vertex 3.7363 -2.28427 0.509999
    endloop
  endfacet
  facet normal 0 0.999824 -0.018736
    outer loop
      vertex 3.51999 -4.90999 0.509999
      vertex -3.39781 -4.78781 7.03
      vertex 3.39781 -4.78781 7.03
    endloop
  endfacet
  facet normal 0 0.999824 -0.018736
    outer loop
      vertex -3.39781 -4.78781 7.03
      vertex 3.51999 -4.90999 0.509999
      vertex -3.51999 -4.90999 0.509999
    endloop
  endfacet
  facet normal 0.770252 0.637195 -0.0263723
    outer loop
      vertex -3.9081 -4.567 7.03
      vertex -4.0863 -4.62144 0.509999
      vertex -3.96413 -4.49927 7.03
    endloop
  endfacet
  facet normal 0.770298 0.637139 -0.0263731
    outer loop
      vertex -4.0863 -4.62144 0.509999
      vertex -3.9081 -4.567 7.03
      vertex -4.03027 -4.68918 0.509999
    endloop
  endfacet
  facet normal 0.99783 0.0627766 -0.019875
    outer loop
      vertex -4.09229 -4.17555 7.03
      vertex -4.21999 -4.20999 0.509999
      vertex -4.09781 -4.08781 7.03
    endloop
  endfacet
  facet normal 0.997823 0.0628899 -0.0198754
    outer loop
      vertex -4.21999 -4.20999 0.509999
      vertex -4.09229 -4.17555 7.03
      vertex -4.21446 -4.29773 0.509999
    endloop
  endfacet
  facet normal -0.0628899 0.997823 -0.0198754
    outer loop
      vertex 3.51999 -4.90999 0.509999
      vertex 3.48555 -4.78229 7.03
      vertex 3.60773 -4.90446 0.509999
    endloop
  endfacet
  facet normal -0.0627766 0.99783 -0.019875
    outer loop
      vertex 3.48555 -4.78229 7.03
      vertex 3.51999 -4.90999 0.509999
      vertex 3.39781 -4.78781 7.03
    endloop
  endfacet
  facet normal 0.187203 -0.982077 -0.0219114
    outer loop
      vertex -3.60773 -2.25554 0.509999
      vertex -3.5719 -2.39418 7.03
      vertex -3.69408 -2.272 0.509999
    endloop
  endfacet
  facet normal 0.187313 -0.982056 -0.0219116
    outer loop
      vertex -3.5719 -2.39418 7.03
      vertex -3.60773 -2.25554 0.509999
      vertex -3.48555 -2.37771 7.03
    endloop
  endfacet
  facet normal 0.58772 0.808641 -0.0261655
    outer loop
      vertex -3.89507 -4.80102 0.509999
      vertex -3.84401 -4.62716 7.03
      vertex -3.77289 -4.67885 7.03
    endloop
  endfacet
  facet normal 0.587646 0.808695 -0.0261664
    outer loop
      vertex -3.84401 -4.62716 7.03
      vertex -3.89507 -4.80102 0.509999
      vertex -3.96619 -4.74934 0.509999
    endloop
  endfacet
  facet normal -0.187203 0.982077 -0.0219114
    outer loop
      vertex 3.60773 -4.90446 0.509999
      vertex 3.5719 -4.76582 7.03
      vertex 3.69408 -4.888 0.509999
    endloop
  endfacet
  facet normal -0.187313 0.982056 -0.0219116
    outer loop
      vertex 3.5719 -4.76582 7.03
      vertex 3.60773 -4.90446 0.509999
      vertex 3.48555 -4.78229 7.03
    endloop
  endfacet
  facet normal -0.770298 -0.637139 -0.0263731
    outer loop
      vertex 4.0863 -2.53856 0.509999
      vertex 3.9081 -2.593 7.03
      vertex 4.03027 -2.47082 0.509999
    endloop
  endfacet
  facet normal -0.770252 -0.637195 -0.0263723
    outer loop
      vertex 3.9081 -2.593 7.03
      vertex 4.0863 -2.53856 0.509999
      vertex 3.96413 -2.66073 7.03
    endloop
  endfacet
  facet normal -0.968304 0.248729 -0.0228059
    outer loop
      vertex 4.2076 -4.34115 0.509999
      vertex 4.06355 -4.30412 7.03
      vertex 4.08542 -4.21898 7.03
    endloop
  endfacet
  facet normal -0.968312 0.248702 -0.0228059
    outer loop
      vertex 4.06355 -4.30412 7.03
      vertex 4.2076 -4.34115 0.509999
      vertex 4.18573 -4.4263 0.509999
    endloop
  endfacet
  facet normal 0.999824 0 -0.018736
    outer loop
      vertex -4.09781 -4.08781 7.03
      vertex -4.21999 -2.95001 0.509999
      vertex -4.09781 -3.07219 7.03
    endloop
  endfacet
  facet normal 0.999824 0 -0.018736
    outer loop
      vertex -4.21999 -2.95001 0.509999
      vertex -4.09781 -4.08781 7.03
      vertex -4.21999 -4.20999 0.509999
    endloop
  endfacet
  facet normal 0.929514 -0.367985 -0.0243142
    outer loop
      vertex -4.03119 -2.77414 7.03
      vertex -4.18573 -2.7337 0.509999
      vertex -4.15337 -2.65196 0.509999
    endloop
  endfacet
  facet normal 0.929514 -0.367985 -0.0243142
    outer loop
      vertex -4.18573 -2.7337 0.509999
      vertex -4.03119 -2.77414 7.03
      vertex -4.06355 -2.85588 7.03
    endloop
  endfacet
  facet normal -0.90454 -0.425659 -0.0249263
    outer loop
      vertex 4.17084 -2.69232 0.509999
      vertex 4.01123 -2.73495 7.03
      vertex 4.13341 -2.61278 0.509999
    endloop
  endfacet
  facet normal -0.904561 -0.425615 -0.0249265
    outer loop
      vertex 4.01123 -2.73495 7.03
      vertex 4.17084 -2.69232 0.509999
      vertex 4.04866 -2.8145 7.03
    endloop
  endfacet
  facet normal -0.808641 0.58772 -0.0261655
    outer loop
      vertex 4.11102 -4.58507 0.509999
      vertex 3.93716 -4.53401 7.03
      vertex 3.98885 -4.46289 7.03
    endloop
  endfacet
  facet normal -0.808695 0.587646 -0.0261664
    outer loop
      vertex 3.93716 -4.53401 7.03
      vertex 4.11102 -4.58507 0.509999
      vertex 4.05934 -4.65619 0.509999
    endloop
  endfacet
  facet normal -0.728852 0.684159 -0.0264788
    outer loop
      vertex 4.05934 -4.65619 0.509999
      vertex 3.877 -4.5981 7.03
      vertex 3.93716 -4.53401 7.03
    endloop
  endfacet
  facet normal -0.728799 0.684216 -0.0264778
    outer loop
      vertex 3.877 -4.5981 7.03
      vertex 4.05934 -4.65619 0.509999
      vertex 3.99918 -4.72027 0.509999
    endloop
  endfacet
  facet normal -0.535717 0.844002 -0.0258528
    outer loop
      vertex 3.85722 -4.82341 0.509999
      vertex 3.80927 -4.65413 7.03
      vertex 3.93144 -4.7763 0.509999
    endloop
  endfacet
  facet normal -0.535636 0.844053 -0.0258535
    outer loop
      vertex 3.80927 -4.65413 7.03
      vertex 3.85722 -4.82341 0.509999
      vertex 3.73505 -4.70123 7.03
    endloop
  endfacet
  facet normal 0.481531 0.87606 -0.0254403
    outer loop
      vertex -3.81804 -4.84337 0.509999
      vertex -3.77289 -4.67885 7.03
      vertex -3.69586 -4.72119 7.03
    endloop
  endfacet
  facet normal 0.481619 0.876012 -0.0254396
    outer loop
      vertex -3.77289 -4.67885 7.03
      vertex -3.81804 -4.84337 0.509999
      vertex -3.89507 -4.80102 0.509999
    endloop
  endfacet
  facet normal 0.99536 -0.0940265 -0.0204142
    outer loop
      vertex -4.08542 -2.94102 7.03
      vertex -4.21999 -2.95001 0.509999
      vertex -4.2076 -2.81885 0.509999
    endloop
  endfacet
  facet normal 0.995361 -0.0940194 -0.0204142
    outer loop
      vertex -4.21999 -2.95001 0.509999
      vertex -4.08542 -2.94102 7.03
      vertex -4.09781 -3.07219 7.03
    endloop
  endfacet
  facet normal -0.367985 -0.929514 -0.0243142
    outer loop
      vertex 3.7363 -2.28427 0.509999
      vertex 3.69586 -2.43881 7.03
      vertex 3.61412 -2.40645 7.03
    endloop
  endfacet
  facet normal -0.367985 -0.929514 -0.0243142
    outer loop
      vertex 3.69586 -2.43881 7.03
      vertex 3.7363 -2.28427 0.509999
      vertex 3.81804 -2.31663 0.509999
    endloop
  endfacet
  facet normal 0 -0.999824 -0.018736
    outer loop
      vertex -3.51999 -2.25001 0.509999
      vertex 3.39781 -2.37219 7.03
      vertex -3.39781 -2.37219 7.03
    endloop
  endfacet
  facet normal 0 -0.999824 -0.018736
    outer loop
      vertex 3.39781 -2.37219 7.03
      vertex -3.51999 -2.25001 0.509999
      vertex 3.51999 -2.25001 0.509999
    endloop
  endfacet
  facet normal -0.995361 0.0940194 -0.0204142
    outer loop
      vertex 4.21999 -4.20999 0.509999
      vertex 4.08542 -4.21898 7.03
      vertex 4.09781 -4.08781 7.03
    endloop
  endfacet
  facet normal -0.99536 0.0940265 -0.0204142
    outer loop
      vertex 4.08542 -4.21898 7.03
      vertex 4.21999 -4.20999 0.509999
      vertex 4.2076 -4.34115 0.509999
    endloop
  endfacet
  facet normal -0.997823 -0.0628899 -0.0198754
    outer loop
      vertex 4.21999 -2.95001 0.509999
      vertex 4.09229 -2.98445 7.03
      vertex 4.21446 -2.86227 0.509999
    endloop
  endfacet
  facet normal -0.99783 -0.0627766 -0.019875
    outer loop
      vertex 4.09229 -2.98445 7.03
      vertex 4.21999 -2.95001 0.509999
      vertex 4.09781 -3.07219 7.03
    endloop
  endfacet
  facet normal 0.0628899 -0.997823 -0.0198754
    outer loop
      vertex -3.51999 -2.25001 0.509999
      vertex -3.48555 -2.37771 7.03
      vertex -3.60773 -2.25554 0.509999
    endloop
  endfacet
  facet normal 0.0627766 -0.99783 -0.019875
    outer loop
      vertex -3.48555 -2.37771 7.03
      vertex -3.51999 -2.25001 0.509999
      vertex -3.39781 -2.37219 7.03
    endloop
  endfacet
  facet normal 0.844053 0.535636 -0.0258535
    outer loop
      vertex -3.96413 -4.49927 7.03
      vertex -4.13341 -4.54722 0.509999
      vertex -4.01123 -4.42505 7.03
    endloop
  endfacet
  facet normal 0.844002 0.535717 -0.0258528
    outer loop
      vertex -4.13341 -4.54722 0.509999
      vertex -3.96413 -4.49927 7.03
      vertex -4.0863 -4.62144 0.509999
    endloop
  endfacet
  facet normal -0.87606 0.481531 -0.0254403
    outer loop
      vertex 4.15337 -4.50804 0.509999
      vertex 3.98885 -4.46289 7.03
      vertex 4.03119 -4.38586 7.03
    endloop
  endfacet
  facet normal -0.876012 0.481619 -0.0254396
    outer loop
      vertex 3.98885 -4.46289 7.03
      vertex 4.15337 -4.50804 0.509999
      vertex 4.11102 -4.58507 0.509999
    endloop
  endfacet
  facet normal -0.950802 -0.308897 -0.0236058
    outer loop
      vertex 4.198 -2.77592 0.509999
      vertex 4.04866 -2.8145 7.03
      vertex 4.17084 -2.69232 0.509999
    endloop
  endfacet
  facet normal -0.950802 -0.308897 -0.0236058
    outer loop
      vertex 4.04866 -2.8145 7.03
      vertex 4.198 -2.77592 0.509999
      vertex 4.07582 -2.8981 7.03
    endloop
  endfacet
  facet normal 0.248729 0.968304 -0.0228059
    outer loop
      vertex -3.65115 -4.8976 0.509999
      vertex -3.61412 -4.75355 7.03
      vertex -3.52898 -4.77542 7.03
    endloop
  endfacet
  facet normal 0.248702 0.968312 -0.0228059
    outer loop
      vertex -3.61412 -4.75355 7.03
      vertex -3.65115 -4.8976 0.509999
      vertex -3.7363 -4.87573 0.509999
    endloop
  endfacet
  facet normal -0.308897 0.950802 -0.0236058
    outer loop
      vertex 3.69408 -4.888 0.509999
      vertex 3.6555 -4.73866 7.03
      vertex 3.77768 -4.86084 0.509999
    endloop
  endfacet
  facet normal -0.308897 0.950802 -0.0236058
    outer loop
      vertex 3.6555 -4.73866 7.03
      vertex 3.69408 -4.888 0.509999
      vertex 3.5719 -4.76582 7.03
    endloop
  endfacet
  facet normal 0.308897 -0.950802 -0.0236058
    outer loop
      vertex -3.69408 -2.272 0.509999
      vertex -3.6555 -2.42134 7.03
      vertex -3.77768 -2.29916 0.509999
    endloop
  endfacet
  facet normal 0.308897 -0.950802 -0.0236058
    outer loop
      vertex -3.6555 -2.42134 7.03
      vertex -3.69408 -2.272 0.509999
      vertex -3.5719 -2.39418 7.03
    endloop
  endfacet
  facet normal 0.968312 -0.248702 -0.0228059
    outer loop
      vertex -4.06355 -2.85588 7.03
      vertex -4.2076 -2.81885 0.509999
      vertex -4.18573 -2.7337 0.509999
    endloop
  endfacet
  facet normal 0.968304 -0.248729 -0.0228059
    outer loop
      vertex -4.2076 -2.81885 0.509999
      vertex -4.06355 -2.85588 7.03
      vertex -4.08542 -2.94102 7.03
    endloop
  endfacet
  facet normal -0.425659 0.90454 -0.0249263
    outer loop
      vertex 3.77768 -4.86084 0.509999
      vertex 3.73505 -4.70123 7.03
      vertex 3.85722 -4.82341 0.509999
    endloop
  endfacet
  facet normal -0.425615 0.904561 -0.0249265
    outer loop
      vertex 3.73505 -4.70123 7.03
      vertex 3.77768 -4.86084 0.509999
      vertex 3.6555 -4.73866 7.03
    endloop
  endfacet
  facet normal 0.425659 -0.90454 -0.0249263
    outer loop
      vertex -3.77768 -2.29916 0.509999
      vertex -3.73505 -2.45877 7.03
      vertex -3.85722 -2.33659 0.509999
    endloop
  endfacet
  facet normal 0.425615 -0.904561 -0.0249265
    outer loop
      vertex -3.73505 -2.45877 7.03
      vertex -3.77768 -2.29916 0.509999
      vertex -3.6555 -2.42134 7.03
    endloop
  endfacet
  facet normal 0.728799 -0.684216 -0.0264778
    outer loop
      vertex -3.877 -2.5619 7.03
      vertex -4.05934 -2.50381 0.509999
      vertex -3.99918 -2.43973 0.509999
    endloop
  endfacet
  facet normal 0.728852 -0.684159 -0.0264788
    outer loop
      vertex -4.05934 -2.50381 0.509999
      vertex -3.877 -2.5619 7.03
      vertex -3.93716 -2.62599 7.03
    endloop
  endfacet
  facet normal -0.929514 0.367985 -0.0243142
    outer loop
      vertex 4.18573 -4.4263 0.509999
      vertex 4.03119 -4.38586 7.03
      vertex 4.06355 -4.30412 7.03
    endloop
  endfacet
  facet normal -0.929514 0.367985 -0.0243142
    outer loop
      vertex 4.03119 -4.38586 7.03
      vertex 4.18573 -4.4263 0.509999
      vertex 4.15337 -4.50804 0.509999
    endloop
  endfacet
  facet normal 0 0 -1
    outer loop
      vertex 3.39781 -2.37219 7.03
      vertex 4.09781 -3.07219 7.03
      vertex 4.09781 -4.08781 7.03
    endloop
  endfacet
  facet normal 0 0 -1
    outer loop
      vertex 3.39781 -4.78781 7.03
      vertex 4.09781 -4.08781 7.03
      vertex 4.08542 -4.21898 7.03
    endloop
  endfacet
  facet normal 0 0 -1
    outer loop
      vertex 3.39781 -2.37219 7.03
      vertex 4.09781 -4.08781 7.03
      vertex 3.39781 -4.78781 7.03
    endloop
  endfacet
  facet normal 0 0 -1
    outer loop
      vertex 3.39781 -4.78781 7.03
      vertex 4.08542 -4.21898 7.03
      vertex 4.06355 -4.30412 7.03
    endloop
  endfacet
  facet normal 0 0 -1
    outer loop
      vertex 4.09781 -3.07219 7.03
      vertex 3.39781 -2.37219 7.03
      vertex 4.09229 -2.98445 7.03
    endloop
  endfacet
  facet normal 0 0 -1
    outer loop
      vertex 3.39781 -4.78781 7.03
      vertex 4.06355 -4.30412 7.03
      vertex 4.03119 -4.38586 7.03
    endloop
  endfacet
  facet normal 0 0 -1
    outer loop
      vertex 4.09229 -2.98445 7.03
      vertex 3.39781 -2.37219 7.03
      vertex 4.07582 -2.8981 7.03
    endloop
  endfacet
  facet normal 0 0 -1
    outer loop
      vertex 3.39781 -4.78781 7.03
      vertex 4.03119 -4.38586 7.03
      vertex 3.98885 -4.46289 7.03
    endloop
  endfacet
  facet normal 0 0 -1
    outer loop
      vertex 4.07582 -2.8981 7.03
      vertex 3.39781 -2.37219 7.03
      vertex 4.04866 -2.8145 7.03
    endloop
  endfacet
  facet normal 0 0 -1
    outer loop
      vertex 3.39781 -4.78781 7.03
      vertex 3.98885 -4.46289 7.03
      vertex 3.93716 -4.53401 7.03
    endloop
  endfacet
  facet normal 0 0 -1
    outer loop
      vertex 4.04866 -2.8145 7.03
      vertex 3.39781 -2.37219 7.03
      vertex 4.01123 -2.73495 7.03
    endloop
  endfacet
  facet normal 0 0 -1
    outer loop
      vertex 3.39781 -4.78781 7.03
      vertex 3.93716 -4.53401 7.03
      vertex 3.877 -4.5981 7.03
    endloop
  endfacet
  facet normal 0 0 -1
    outer loop
      vertex 4.01123 -2.73495 7.03
      vertex 3.39781 -2.37219 7.03
      vertex 3.96413 -2.66073 7.03
    endloop
  endfacet
  facet normal 0 0 -1
    outer loop
      vertex 3.39781 -4.78781 7.03
      vertex 3.877 -4.5981 7.03
      vertex 3.80927 -4.65413 7.03
    endloop
  endfacet
  facet normal 0 0 -1
    outer loop
      vertex 3.96413 -2.66073 7.03
      vertex 3.39781 -2.37219 7.03
      vertex 3.9081 -2.593 7.03
    endloop
  endfacet
  facet normal 0 0 -1
    outer loop
      vertex 3.39781 -4.78781 7.03
      vertex 3.80927 -4.65413 7.03
      vertex 3.73505 -4.70123 7.03
    endloop
  endfacet
  facet normal 0 0 -1
    outer loop
      vertex 3.9081 -2.593 7.03
      vertex 3.39781 -2.37219 7.03
      vertex 3.84401 -2.53284 7.03
    endloop
  endfacet
  facet normal 0 0 -1
    outer loop
      vertex 3.39781 -4.78781 7.03
      vertex 3.73505 -4.70123 7.03
      vertex 3.6555 -4.73866 7.03
    endloop
  endfacet
  facet normal 0 0 -1
    outer loop
      vertex 3.84401 -2.53284 7.03
      vertex 3.39781 -2.37219 7.03
      vertex 3.77289 -2.48115 7.03
    endloop
  endfacet
  facet normal 0 0 -1
    outer loop
      vertex 3.39781 -4.78781 7.03
      vertex 3.6555 -4.73866 7.03
      vertex 3.5719 -4.76582 7.03
    endloop
  endfacet
  facet normal 0 0 -1
    outer loop
      vertex 3.77289 -2.48115 7.03
      vertex 3.39781 -2.37219 7.03
      vertex 3.69586 -2.43881 7.03
    endloop
  endfacet
  facet normal 0 0 -1
    outer loop
      vertex 3.39781 -4.78781 7.03
      vertex 3.5719 -4.76582 7.03
      vertex 3.48555 -4.78229 7.03
    endloop
  endfacet
  facet normal 0 0 -1
    outer loop
      vertex 3.69586 -2.43881 7.03
      vertex 3.39781 -2.37219 7.03
      vertex 3.61412 -2.40645 7.03
    endloop
  endfacet
  facet normal 0 0 -1
    outer loop
      vertex 3.61412 -2.40645 7.03
      vertex 3.39781 -2.37219 7.03
      vertex 3.52898 -2.38458 7.03
    endloop
  endfacet
  facet normal 0 0 -1
    outer loop
      vertex -3.39781 -4.78781 7.03
      vertex 3.39781 -2.37219 7.03
      vertex 3.39781 -4.78781 7.03
    endloop
  endfacet
  facet normal 0 0 -1
    outer loop
      vertex -3.39781 -4.78781 7.03
      vertex -3.39781 -2.37219 7.03
      vertex 3.39781 -2.37219 7.03
    endloop
  endfacet
  facet normal 0 0 -1
    outer loop
      vertex -4.09781 -3.07219 7.03
      vertex -3.39781 -2.37219 7.03
      vertex -3.39781 -4.78781 7.03
    endloop
  endfacet
  facet normal 0 0 -1
    outer loop
      vertex -4.09781 -4.08781 7.03
      vertex -3.39781 -4.78781 7.03
      vertex -3.52898 -4.77542 7.03
    endloop
  endfacet
  facet normal 0 0 -1
    outer loop
      vertex -4.09781 -3.07219 7.03
      vertex -3.39781 -4.78781 7.03
      vertex -4.09781 -4.08781 7.03
    endloop
  endfacet
  facet normal 0 0 -1
    outer loop
      vertex -4.09781 -4.08781 7.03
      vertex -3.52898 -4.77542 7.03
      vertex -3.61412 -4.75355 7.03
    endloop
  endfacet
  facet normal 0 0 -1
    outer loop
      vertex -3.39781 -2.37219 7.03
      vertex -4.09781 -3.07219 7.03
      vertex -3.48555 -2.37771 7.03
    endloop
  endfacet
  facet normal 0 0 -1
    outer loop
      vertex -4.09781 -4.08781 7.03
      vertex -3.61412 -4.75355 7.03
      vertex -3.69586 -4.72119 7.03
    endloop
  endfacet
  facet normal 0 0 -1
    outer loop
      vertex -3.48555 -2.37771 7.03
      vertex -4.09781 -3.07219 7.03
      vertex -3.5719 -2.39418 7.03
    endloop
  endfacet
  facet normal 0 0 -1
    outer loop
      vertex -4.09781 -4.08781 7.03
      vertex -3.69586 -4.72119 7.03
      vertex -3.77289 -4.67885 7.03
    endloop
  endfacet
  facet normal 0 0 -1
    outer loop
      vertex -3.5719 -2.39418 7.03
      vertex -4.09781 -3.07219 7.03
      vertex -3.6555 -2.42134 7.03
    endloop
  endfacet
  facet normal 0 0 -1
    outer loop
      vertex -4.09781 -4.08781 7.03
      vertex -3.77289 -4.67885 7.03
      vertex -3.84401 -4.62716 7.03
    endloop
  endfacet
  facet normal 0 0 -1
    outer loop
      vertex -3.6555 -2.42134 7.03
      vertex -4.09781 -3.07219 7.03
      vertex -3.73505 -2.45877 7.03
    endloop
  endfacet
  facet normal 0 0 -1
    outer loop
      vertex -4.09781 -4.08781 7.03
      vertex -3.84401 -4.62716 7.03
      vertex -3.9081 -4.567 7.03
    endloop
  endfacet
  facet normal 0 0 -1
    outer loop
      vertex -3.73505 -2.45877 7.03
      vertex -4.09781 -3.07219 7.03
      vertex -3.80927 -2.50587 7.03
    endloop
  endfacet
  facet normal 0 0 -1
    outer loop
      vertex -4.09781 -4.08781 7.03
      vertex -3.9081 -4.567 7.03
      vertex -3.96413 -4.49927 7.03
    endloop
  endfacet
  facet normal 0 0 -1
    outer loop
      vertex -3.80927 -2.50587 7.03
      vertex -4.09781 -3.07219 7.03
      vertex -3.877 -2.5619 7.03
    endloop
  endfacet
  facet normal 0 0 -1
    outer loop
      vertex -4.09781 -4.08781 7.03
      vertex -3.96413 -4.49927 7.03
      vertex -4.01123 -4.42505 7.03
    endloop
  endfacet
  facet normal 0 0 -1
    outer loop
      vertex -3.877 -2.5619 7.03
      vertex -4.09781 -3.07219 7.03
      vertex -3.93716 -2.62599 7.03
    endloop
  endfacet
  facet normal 0 0 -1
    outer loop
      vertex -4.09781 -4.08781 7.03
      vertex -4.01123 -4.42505 7.03
      vertex -4.04866 -4.3455 7.03
    endloop
  endfacet
  facet normal 0 0 -1
    outer loop
      vertex -3.93716 -2.62599 7.03
      vertex -4.09781 -3.07219 7.03
      vertex -3.98885 -2.69711 7.03
    endloop
  endfacet
  facet normal 0 0 -1
    outer loop
      vertex -4.09781 -4.08781 7.03
      vertex -4.04866 -4.3455 7.03
      vertex -4.07582 -4.2619 7.03
    endloop
  endfacet
  facet normal 0 0 -1
    outer loop
      vertex -3.98885 -2.69711 7.03
      vertex -4.09781 -3.07219 7.03
      vertex -4.03119 -2.77414 7.03
    endloop
  endfacet
  facet normal 0 0 -1
    outer loop
      vertex -4.09781 -4.08781 7.03
      vertex -4.07582 -4.2619 7.03
      vertex -4.09229 -4.17555 7.03
    endloop
  endfacet
  facet normal 0 0 -1
    outer loop
      vertex -4.03119 -2.77414 7.03
      vertex -4.09781 -3.07219 7.03
      vertex -4.06355 -2.85588 7.03
    endloop
  endfacet
  facet normal 0 0 -1
    outer loop
      vertex -4.06355 -2.85588 7.03
      vertex -4.09781 -3.07219 7.03
      vertex -4.08542 -2.94102 7.03
    endloop
  endfacet
  facet normal 0.808695 -0.587646 -0.0261664
    outer loop
      vertex -3.93716 -2.62599 7.03
      vertex -4.11102 -2.57493 0.509999
      vertex -4.05934 -2.50381 0.509999
    endloop
  endfacet
  facet normal 0.808641 -0.58772 -0.0261655
    outer loop
      vertex -4.11102 -2.57493 0.509999
      vertex -3.93716 -2.62599 7.03
      vertex -3.98885 -2.69711 7.03
    endloop
  endfacet
  facet normal 0.637139 -0.770298 -0.0263731
    outer loop
      vertex -3.93144 -2.3837 0.509999
      vertex -3.877 -2.5619 7.03
      vertex -3.99918 -2.43973 0.509999
    endloop
  endfacet
  facet normal 0.637195 -0.770252 -0.0263723
    outer loop
      vertex -3.877 -2.5619 7.03
      vertex -3.93144 -2.3837 0.509999
      vertex -3.80927 -2.50587 7.03
    endloop
  endfacet
  facet normal -0.999824 0 -0.018736
    outer loop
      vertex 4.21999 -2.95001 0.509999
      vertex 4.09781 -4.08781 7.03
      vertex 4.09781 -3.07219 7.03
    endloop
  endfacet
  facet normal -0.999824 0 -0.018736
    outer loop
      vertex 4.09781 -4.08781 7.03
      vertex 4.21999 -2.95001 0.509999
      vertex 4.21999 -4.20999 0.509999
    endloop
  endfacet
  facet normal 0.876012 -0.481619 -0.0254396
    outer loop
      vertex -3.98885 -2.69711 7.03
      vertex -4.15337 -2.65196 0.509999
      vertex -4.11102 -2.57493 0.509999
    endloop
  endfacet
  facet normal 0.87606 -0.481531 -0.0254403
    outer loop
      vertex -4.15337 -2.65196 0.509999
      vertex -3.98885 -2.69711 7.03
      vertex -4.03119 -2.77414 7.03
    endloop
  endfacet
  facet normal 0.982056 0.187313 -0.0219116
    outer loop
      vertex -4.07582 -4.2619 7.03
      vertex -4.21446 -4.29773 0.509999
      vertex -4.09229 -4.17555 7.03
    endloop
  endfacet
  facet normal 0.982077 0.187203 -0.0219114
    outer loop
      vertex -4.21446 -4.29773 0.509999
      vertex -4.07582 -4.2619 7.03
      vertex -4.198 -4.38408 0.509999
    endloop
  endfacet
  facet normal -0.58772 -0.808641 -0.0261655
    outer loop
      vertex 3.89507 -2.35898 0.509999
      vertex 3.84401 -2.53284 7.03
      vertex 3.77289 -2.48115 7.03
    endloop
  endfacet
  facet normal -0.587646 -0.808695 -0.0261664
    outer loop
      vertex 3.84401 -2.53284 7.03
      vertex 3.89507 -2.35898 0.509999
      vertex 3.96619 -2.41066 0.509999
    endloop
  endfacet
  facet normal -0.0940194 -0.995361 -0.0204142
    outer loop
      vertex 3.51999 -2.25001 0.509999
      vertex 3.52898 -2.38458 7.03
      vertex 3.39781 -2.37219 7.03
    endloop
  endfacet
  facet normal -0.0940265 -0.99536 -0.0204142
    outer loop
      vertex 3.52898 -2.38458 7.03
      vertex 3.51999 -2.25001 0.509999
      vertex 3.65115 -2.2624 0.509999
    endloop
  endfacet
  facet normal -0.684159 -0.728852 -0.0264788
    outer loop
      vertex 3.96619 -2.41066 0.509999
      vertex 3.9081 -2.593 7.03
      vertex 3.84401 -2.53284 7.03
    endloop
  endfacet
  facet normal -0.684216 -0.728799 -0.0264778
    outer loop
      vertex 3.9081 -2.593 7.03
      vertex 3.96619 -2.41066 0.509999
      vertex 4.03027 -2.47082 0.509999
    endloop
  endfacet
  facet normal -0.982077 -0.187203 -0.0219114
    outer loop
      vertex 4.21446 -2.86227 0.509999
      vertex 4.07582 -2.8981 7.03
      vertex 4.198 -2.77592 0.509999
    endloop
  endfacet
  facet normal -0.982056 -0.187313 -0.0219116
    outer loop
      vertex 4.07582 -2.8981 7.03
      vertex 4.21446 -2.86227 0.509999
      vertex 4.09229 -2.98445 7.03
    endloop
  endfacet
  facet normal 0.950802 0.308897 -0.0236058
    outer loop
      vertex -4.04866 -4.3455 7.03
      vertex -4.198 -4.38408 0.509999
      vertex -4.07582 -4.2619 7.03
    endloop
  endfacet
  facet normal 0.950802 0.308897 -0.0236058
    outer loop
      vertex -4.198 -4.38408 0.509999
      vertex -4.04866 -4.3455 7.03
      vertex -4.17084 -4.46768 0.509999
    endloop
  endfacet
  facet normal -0.481531 -0.87606 -0.0254403
    outer loop
      vertex 3.81804 -2.31663 0.509999
      vertex 3.77289 -2.48115 7.03
      vertex 3.69586 -2.43881 7.03
    endloop
  endfacet
  facet normal -0.481619 -0.876012 -0.0254396
    outer loop
      vertex 3.77289 -2.48115 7.03
      vertex 3.81804 -2.31663 0.509999
      vertex 3.89507 -2.35898 0.509999
    endloop
  endfacet
  facet normal 0.535717 -0.844002 -0.0258528
    outer loop
      vertex -3.85722 -2.33659 0.509999
      vertex -3.80927 -2.50587 7.03
      vertex -3.93144 -2.3837 0.509999
    endloop
  endfacet
  facet normal 0.535636 -0.844053 -0.0258535
    outer loop
      vertex -3.80927 -2.50587 7.03
      vertex -3.85722 -2.33659 0.509999
      vertex -3.73505 -2.45877 7.03
    endloop
  endfacet
  facet normal 0.904561 0.425615 -0.0249265
    outer loop
      vertex -4.01123 -4.42505 7.03
      vertex -4.17084 -4.46768 0.509999
      vertex -4.04866 -4.3455 7.03
    endloop
  endfacet
  facet normal 0.90454 0.425659 -0.0249263
    outer loop
      vertex -4.17084 -4.46768 0.509999
      vertex -4.01123 -4.42505 7.03
      vertex -4.13341 -4.54722 0.509999
    endloop
  endfacet
  facet normal 0.684159 0.728852 -0.0264788
    outer loop
      vertex -3.96619 -4.74934 0.509999
      vertex -3.9081 -4.567 7.03
      vertex -3.84401 -4.62716 7.03
    endloop
  endfacet
  facet normal 0.684216 0.728799 -0.0264778
    outer loop
      vertex -3.9081 -4.567 7.03
      vertex -3.96619 -4.74934 0.509999
      vertex -4.03027 -4.68918 0.509999
    endloop
  endfacet
  facet normal 0.367985 0.929514 -0.0243142
    outer loop
      vertex -3.7363 -4.87573 0.509999
      vertex -3.69586 -4.72119 7.03
      vertex -3.61412 -4.75355 7.03
    endloop
  endfacet
  facet normal 0.367985 0.929514 -0.0243142
    outer loop
      vertex -3.69586 -4.72119 7.03
      vertex -3.7363 -4.87573 0.509999
      vertex -3.81804 -4.84337 0.509999
    endloop
  endfacet
  facet normal -0.844002 -0.535717 -0.0258528
    outer loop
      vertex 4.13341 -2.61278 0.509999
      vertex 3.96413 -2.66073 7.03
      vertex 4.0863 -2.53856 0.509999
    endloop
  endfacet
  facet normal -0.844053 -0.535636 -0.0258535
    outer loop
      vertex 3.96413 -2.66073 7.03
      vertex 4.13341 -2.61278 0.509999
      vertex 4.01123 -2.73495 7.03
    endloop
  endfacet
  facet normal 0.0940194 0.995361 -0.0204142
    outer loop
      vertex -3.51999 -4.90999 0.509999
      vertex -3.52898 -4.77542 7.03
      vertex -3.39781 -4.78781 7.03
    endloop
  endfacet
  facet normal 0.0940265 0.99536 -0.0204142
    outer loop
      vertex -3.52898 -4.77542 7.03
      vertex -3.51999 -4.90999 0.509999
      vertex -3.65115 -4.8976 0.509999
    endloop
  endfacet
  facet normal 0 0.535829 0.844327
    outer loop
      vertex 6.21931 -0.963507 8.24739
      vertex -6.11135 -1.17557 8.38197
      vertex 6.11135 -1.17557 8.38197
    endloop
  endfacet
  facet normal 0 0.535829 0.844327
    outer loop
      vertex -6.11135 -1.17557 8.38197
      vertex 6.21931 -0.963507 8.24739
      vertex -6.21931 -0.963507 8.24739
    endloop
  endfacet
  facet normal 0 -0.876299 0.481767
    outer loop
      vertex -5.67303 1.68865 8.92835
      vertex 5.49646 1.80965 9.14844
      vertex -5.49646 1.80965 9.14844
    endloop
  endfacet
  facet normal 0 -0.876299 0.481767
    outer loop
      vertex 5.49646 1.80965 9.14844
      vertex -5.67303 1.68865 8.92835
      vertex 5.67303 1.68865 8.92835
    endloop
  endfacet
  facet normal 0 -0.637415 0.77052
    outer loop
      vertex -5.98291 1.36909 8.54206
      vertex 6.11135 1.17557 8.38197
      vertex 5.98291 1.36909 8.54206
    endloop
  endfacet
  facet normal 0 -0.637415 0.77052
    outer loop
      vertex 6.11135 1.17557 8.38197
      vertex -5.98291 1.36909 8.54206
      vertex -6.11135 1.17557 8.38197
    endloop
  endfacet
  facet normal 0 0.968584 0.248686
    outer loop
      vertex 5.30913 -1.90211 9.38197
      vertex -5.11397 -1.96457 9.62524
      vertex 5.11397 -1.96457 9.62524
    endloop
  endfacet
  facet normal 0 0.968584 0.248686
    outer loop
      vertex -5.11397 -1.96457 9.62524
      vertex 5.30913 -1.90211 9.38197
      vertex -5.30913 -1.90211 9.38197
    endloop
  endfacet
  facet normal 0 -0.0627883 0.998027
    outer loop
      vertex -6.40512 0.250666 8.01577
      vertex 6.41777 0 8
      vertex 6.40512 0.250666 8.01577
    endloop
  endfacet
  facet normal 0 -0.0627883 0.998027
    outer loop
      vertex 6.41777 0 8
      vertex -6.40512 0.250666 8.01577
      vertex -6.41777 0 8
    endloop
  endfacet
  facet normal 0 0.0627883 0.998027
    outer loop
      vertex 6.41777 0 8
      vertex -6.40512 -0.250666 8.01577
      vertex 6.40512 -0.250666 8.01577
    endloop
  endfacet
  facet normal 0 0.0627883 0.998027
    outer loop
      vertex -6.40512 -0.250666 8.01577
      vertex 6.41777 0 8
      vertex -6.41777 0 8
    endloop
  endfacet
  facet normal -0.232025 0.348148 -0.908271
    outer loop
      vertex 3.39942 -0.963507 11.7526
      vertex 3.32156 -0.736249 11.8596
      vertex 3.32533 -0.746259 11.8548
    endloop
  endfacet
  facet normal 0 0.425976 -0.904734
    outer loop
      vertex 3.39942 -0.963507 11.7526
      vertex -3.32156 -0.736249 11.8596
      vertex 3.32156 -0.736249 11.8596
    endloop
  endfacet
  facet normal 0.000261629 0.432299 -0.90173
    outer loop
      vertex 3.39942 -0.963507 11.7526
      vertex -3.32533 -0.746259 11.8548
      vertex -3.32156 -0.736249 11.8596
    endloop
  endfacet
  facet normal 0 0.42568 -0.904874
    outer loop
      vertex -3.32533 -0.746259 11.8548
      vertex 3.39942 -0.963507 11.7526
      vertex -3.39942 -0.963507 11.7526
    endloop
  endfacet
  facet normal 0 -0.535829 0.844327
    outer loop
      vertex -6.11135 1.17557 8.38197
      vertex 6.21931 0.963507 8.24739
      vertex 6.11135 1.17557 8.38197
    endloop
  endfacet
  facet normal 0 -0.535829 0.844327
    outer loop
      vertex 6.21931 0.963507 8.24739
      vertex -6.11135 1.17557 8.38197
      vertex -6.21931 0.963507 8.24739
    endloop
  endfacet
  facet normal 0 0.18737 0.982289
    outer loop
      vertex 6.40512 -0.250666 8.01577
      vertex -6.36736 -0.497379 8.06283
      vertex 6.36736 -0.497379 8.06283
    endloop
  endfacet
  facet normal 0 0.18737 0.982289
    outer loop
      vertex -6.36736 -0.497379 8.06283
      vertex 6.40512 -0.250666 8.01577
      vertex -6.40512 -0.250666 8.01577
    endloop
  endfacet
  facet normal 0 -1 0
    outer loop
      vertex -4.86387 1.99605 9.93699
      vertex 4.70611 1.99605 10.1256
      vertex -4.70611 1.99605 10.1256
    endloop
  endfacet
  facet normal 0 -1 0
    outer loop
      vertex -4.86387 1.99605 9.93699
      vertex 4.86387 1.99605 9.93699
      vertex 4.70611 1.99605 10.1256
    endloop
  endfacet
  facet normal 0 -1 0
    outer loop
      vertex -4.91407 1.99605 9.87442
      vertex 4.86387 1.99605 9.93699
      vertex -4.86387 1.99605 9.93699
    endloop
  endfacet
  facet normal 0 -1 -0
    outer loop
      vertex 4.86387 1.99605 9.93699
      vertex -4.91407 1.99605 9.87442
      vertex 4.91407 1.99605 9.87442
    endloop
  endfacet
  facet normal 0 -0.0629072 -0.998019
    outer loop
      vertex -3.20889 0 12
      vertex 3.22154 0.250666 11.9842
      vertex 3.20889 0 12
    endloop
  endfacet
  facet normal -0 -0.0629072 -0.998019
    outer loop
      vertex 3.22154 0.250666 11.9842
      vertex -3.20889 0 12
      vertex -3.22154 0.250666 11.9842
    endloop
  endfacet
  facet normal 0 -0.638055 -0.769991
    outer loop
      vertex -3.50539 1.18269 11.6121
      vertex 3.50539 1.18269 11.6121
      vertex 3.50083 1.17557 11.618
    endloop
  endfacet
  facet normal 0 -0.638055 -0.769991
    outer loop
      vertex -3.50539 1.18269 11.6121
      vertex 3.50083 1.17557 11.618
      vertex -3.50083 1.17557 11.618
    endloop
  endfacet
  facet normal -0 -0.637415 -0.77052
    outer loop
      vertex 3.50539 1.18269 11.6121
      vertex -3.50539 1.18269 11.6121
      vertex -3.62058 1.36909 11.4579
    endloop
  endfacet
  facet normal 0 -0.637415 -0.77052
    outer loop
      vertex 3.50539 1.18269 11.6121
      vertex -3.62058 1.36909 11.4579
      vertex 3.62359 1.36909 11.4579
    endloop
  endfacet
  facet normal 0 0.535886 -0.844291
    outer loop
      vertex 3.50083 -1.17557 11.618
      vertex -3.39942 -0.963507 11.7526
      vertex 3.39942 -0.963507 11.7526
    endloop
  endfacet
  facet normal 0 0.535886 -0.844291
    outer loop
      vertex -3.39942 -0.963507 11.7526
      vertex 3.50083 -1.17557 11.618
      vertex -3.50083 -1.17557 11.618
    endloop
  endfacet
  facet normal 0 -0.968567 -0.248753
    outer loop
      vertex -4.49722 1.96457 10.3748
      vertex 4.29776 1.90211 10.618
      vertex -4.2936 1.90211 10.618
    endloop
  endfacet
  facet normal 0 -0.968567 -0.248753
    outer loop
      vertex 4.29776 1.90211 10.618
      vertex -4.49722 1.96457 10.3748
      vertex 4.49881 1.96457 10.3748
    endloop
  endfacet
  facet normal 0 -0.18737 0.982289
    outer loop
      vertex -6.36736 0.497379 8.06283
      vertex 6.40512 0.250666 8.01577
      vertex 6.36736 0.497379 8.06283
    endloop
  endfacet
  facet normal 0 -0.18737 0.982289
    outer loop
      vertex 6.40512 0.250666 8.01577
      vertex -6.36736 0.497379 8.06283
      vertex -6.40512 0.250666 8.01577
    endloop
  endfacet
  facet normal 0 -0.876329 -0.481712
    outer loop
      vertex -3.92308 1.68865 11.0717
      vertex 4.10016 1.80513 10.8598
      vertex 3.92599 1.68865 11.0717
    endloop
  endfacet
  facet normal -1.28847e-06 -0.876309 -0.48175
    outer loop
      vertex -4.10121 1.80965 10.8516
      vertex 4.10016 1.80513 10.8598
      vertex -3.92308 1.68865 11.0717
    endloop
  endfacet
  facet normal 0 -0.875765 -0.482739
    outer loop
      vertex 4.10016 1.80513 10.8598
      vertex -4.10121 1.80965 10.8516
      vertex 4.10681 1.80965 10.8516
    endloop
  endfacet
  facet normal 0 0.728753 -0.684777
    outer loop
      vertex 3.62058 -1.36909 11.4579
      vertex -3.71908 -1.48354 11.3361
      vertex -3.62359 -1.36909 11.4579
    endloop
  endfacet
  facet normal -7.23175e-06 0.72897 -0.684545
    outer loop
      vertex 3.76203 -1.54103 11.2748
      vertex -3.71908 -1.48354 11.3361
      vertex 3.62058 -1.36909 11.4579
    endloop
  endfacet
  facet normal 0 0.729411 -0.684076
    outer loop
      vertex -3.71908 -1.48354 11.3361
      vertex 3.76203 -1.54103 11.2748
      vertex -3.76523 -1.54103 11.2748
    endloop
  endfacet
  facet normal 0 0.308968 -0.951072
    outer loop
      vertex 3.32156 -0.736249 11.8596
      vertex -3.25929 -0.497379 11.9372
      vertex 3.25929 -0.497379 11.9372
    endloop
  endfacet
  facet normal 0 0.308968 -0.951072
    outer loop
      vertex -3.25929 -0.497379 11.9372
      vertex 3.32156 -0.736249 11.8596
      vertex -3.32156 -0.736249 11.8596
    endloop
  endfacet
  facet normal 0 0.929778 0.368121
    outer loop
      vertex 5.49646 -1.80965 9.14844
      vertex -5.30913 -1.90211 9.38197
      vertex 5.30913 -1.90211 9.38197
    endloop
  endfacet
  facet normal 0 0.929778 0.368121
    outer loop
      vertex -5.30913 -1.90211 9.38197
      vertex 5.49646 -1.80965 9.14844
      vertex -5.49646 -1.80965 9.14844
    endloop
  endfacet
  facet normal 0 0.992114 0.125338
    outer loop
      vertex 5.11397 -1.96457 9.62524
      vertex -4.91407 -1.99605 9.87442
      vertex 4.91407 -1.99605 9.87442
    endloop
  endfacet
  facet normal 0 0.992114 0.125338
    outer loop
      vertex -4.91407 -1.99605 9.87442
      vertex 5.11397 -1.96457 9.62524
      vertex -5.11397 -1.96457 9.62524
    endloop
  endfacet
  facet normal 0 -0.728753 -0.684777
    outer loop
      vertex -3.62058 1.36909 11.4579
      vertex 3.71908 1.48354 11.3361
      vertex 3.62359 1.36909 11.4579
    endloop
  endfacet
  facet normal 7.23175e-06 -0.72897 -0.684545
    outer loop
      vertex -3.76203 1.54103 11.2748
      vertex 3.71908 1.48354 11.3361
      vertex -3.62058 1.36909 11.4579
    endloop
  endfacet
  facet normal 0 -0.729411 -0.684076
    outer loop
      vertex 3.71908 1.48354 11.3361
      vertex -3.76203 1.54103 11.2748
      vertex 3.76523 1.54103 11.2748
    endloop
  endfacet
  facet normal 0 -0.929778 0.368121
    outer loop
      vertex -5.49646 1.80965 9.14844
      vertex 5.30913 1.90211 9.38197
      vertex -5.30913 1.90211 9.38197
    endloop
  endfacet
  facet normal 0 -0.929778 0.368121
    outer loop
      vertex 5.30913 1.90211 9.38197
      vertex -5.49646 1.80965 9.14844
      vertex 5.49646 1.80965 9.14844
    endloop
  endfacet
  facet normal 0 -0.728955 0.684562
    outer loop
      vertex -5.98291 1.36909 8.54206
      vertex 5.83603 1.54103 8.72515
      vertex -5.83603 1.54103 8.72515
    endloop
  endfacet
  facet normal 0 -0.728955 0.684562
    outer loop
      vertex 5.83603 1.54103 8.72515
      vertex -5.98291 1.36909 8.54206
      vertex 5.98291 1.36909 8.54206
    endloop
  endfacet
  facet normal 0 0.0629072 -0.998019
    outer loop
      vertex 3.22154 -0.250666 11.9842
      vertex -3.20889 0 12
      vertex 3.20889 0 12
    endloop
  endfacet
  facet normal 0 0.0629072 -0.998019
    outer loop
      vertex -3.20889 0 12
      vertex 3.22154 -0.250666 11.9842
      vertex -3.22154 -0.250666 11.9842
    endloop
  endfacet
  facet normal 0 -0.809042 0.58775
    outer loop
      vertex -5.83603 1.54103 8.72515
      vertex 5.67303 1.68865 8.92835
      vertex -5.67303 1.68865 8.92835
    endloop
  endfacet
  facet normal 0 -0.809042 0.58775
    outer loop
      vertex 5.67303 1.68865 8.92835
      vertex -5.83603 1.54103 8.72515
      vertex 5.83603 1.54103 8.72515
    endloop
  endfacet
  facet normal 0 0.876299 0.481767
    outer loop
      vertex 5.67303 -1.68865 8.92835
      vertex -5.49646 -1.80965 9.14844
      vertex 5.49646 -1.80965 9.14844
    endloop
  endfacet
  facet normal 0 0.876299 0.481767
    outer loop
      vertex -5.49646 -1.80965 9.14844
      vertex 5.67303 -1.68865 8.92835
      vertex -5.67303 -1.68865 8.92835
    endloop
  endfacet
  facet normal 0 -0.929816 -0.368026
    outer loop
      vertex -4.2936 1.90211 10.618
      vertex 4.10681 1.80965 10.8516
      vertex -4.10121 1.80965 10.8516
    endloop
  endfacet
  facet normal 0 -0.929816 -0.368026
    outer loop
      vertex 4.10681 1.80965 10.8516
      vertex -4.2936 1.90211 10.618
      vertex 4.29776 1.90211 10.618
    endloop
  endfacet
  facet normal 0 -0.425781 0.904826
    outer loop
      vertex -6.21931 0.963507 8.24739
      vertex 6.3051 0.736249 8.14045
      vertex 6.21931 0.963507 8.24739
    endloop
  endfacet
  facet normal 0 -0.425781 0.904826
    outer loop
      vertex 6.3051 0.736249 8.14045
      vertex -6.21931 0.963507 8.24739
      vertex -6.3051 0.736249 8.14045
    endloop
  endfacet
  facet normal 0 0.30904 0.951049
    outer loop
      vertex 6.36736 -0.497379 8.06283
      vertex -6.3051 -0.736249 8.14045
      vertex 6.3051 -0.736249 8.14045
    endloop
  endfacet
  facet normal 0 0.30904 0.951049
    outer loop
      vertex -6.3051 -0.736249 8.14045
      vertex 6.36736 -0.497379 8.06283
      vertex -6.36736 -0.497379 8.06283
    endloop
  endfacet
  facet normal 0 0.968567 -0.248753
    outer loop
      vertex 4.49722 -1.96457 10.3748
      vertex -4.29776 -1.90211 10.618
      vertex 4.2936 -1.90211 10.618
    endloop
  endfacet
  facet normal 0 0.968567 -0.248753
    outer loop
      vertex -4.29776 -1.90211 10.618
      vertex 4.49722 -1.96457 10.3748
      vertex -4.49881 -1.96457 10.3748
    endloop
  endfacet
  facet normal 0 0.637415 0.77052
    outer loop
      vertex 6.11135 -1.17557 8.38197
      vertex -5.98291 -1.36909 8.54206
      vertex 5.98291 -1.36909 8.54206
    endloop
  endfacet
  facet normal 0 0.637415 0.77052
    outer loop
      vertex -5.98291 -1.36909 8.54206
      vertex 6.11135 -1.17557 8.38197
      vertex -6.11135 -1.17557 8.38197
    endloop
  endfacet
  facet normal 0 -0.187139 -0.982333
    outer loop
      vertex -3.22154 0.250666 11.9842
      vertex 3.25929 0.497379 11.9372
      vertex 3.22154 0.250666 11.9842
    endloop
  endfacet
  facet normal -0 -0.187139 -0.982333
    outer loop
      vertex 3.25929 0.497379 11.9372
      vertex -3.22154 0.250666 11.9842
      vertex -3.25929 0.497379 11.9372
    endloop
  endfacet
  facet normal 0 1 0
    outer loop
      vertex 4.86387 -1.99605 9.93699
      vertex -4.70611 -1.99605 10.1256
      vertex 4.70611 -1.99605 10.1256
    endloop
  endfacet
  facet normal 0 1 0
    outer loop
      vertex 4.86387 -1.99605 9.93699
      vertex -4.86387 -1.99605 9.93699
      vertex -4.70611 -1.99605 10.1256
    endloop
  endfacet
  facet normal 0 1 0
    outer loop
      vertex 4.91407 -1.99605 9.87442
      vertex -4.86387 -1.99605 9.93699
      vertex 4.86387 -1.99605 9.93699
    endloop
  endfacet
  facet normal 0 1 0
    outer loop
      vertex -4.86387 -1.99605 9.93699
      vertex 4.91407 -1.99605 9.87442
      vertex -4.91407 -1.99605 9.87442
    endloop
  endfacet
  facet normal 0 -0.808905 -0.58794
    outer loop
      vertex -3.92308 1.68865 11.0717
      vertex 3.76523 1.54103 11.2748
      vertex -3.76203 1.54103 11.2748
    endloop
  endfacet
  facet normal 0 -0.808905 -0.58794
    outer loop
      vertex 3.76523 1.54103 11.2748
      vertex -3.92308 1.68865 11.0717
      vertex 3.92599 1.68865 11.0717
    endloop
  endfacet
  facet normal 0 -0.992114 0.125338
    outer loop
      vertex -5.11397 1.96457 9.62524
      vertex 4.91407 1.99605 9.87442
      vertex -4.91407 1.99605 9.87442
    endloop
  endfacet
  facet normal 0 -0.992114 0.125338
    outer loop
      vertex 4.91407 1.99605 9.87442
      vertex -5.11397 1.96457 9.62524
      vertex 5.11397 1.96457 9.62524
    endloop
  endfacet
  facet normal 0 -0.308968 -0.951072
    outer loop
      vertex -3.25929 0.497379 11.9372
      vertex 3.32156 0.736249 11.8596
      vertex 3.25929 0.497379 11.9372
    endloop
  endfacet
  facet normal -0 -0.308968 -0.951072
    outer loop
      vertex 3.32156 0.736249 11.8596
      vertex -3.25929 0.497379 11.9372
      vertex -3.32156 0.736249 11.8596
    endloop
  endfacet
  facet normal -0.232025 -0.348148 -0.908271
    outer loop
      vertex 3.32156 0.736249 11.8596
      vertex 3.39942 0.963507 11.7526
      vertex 3.32533 0.746259 11.8548
    endloop
  endfacet
  facet normal 0 -0.425976 -0.904734
    outer loop
      vertex -3.32156 0.736249 11.8596
      vertex 3.39942 0.963507 11.7526
      vertex 3.32156 0.736249 11.8596
    endloop
  endfacet
  facet normal 0.000261629 -0.432299 -0.90173
    outer loop
      vertex -3.32533 0.746259 11.8548
      vertex 3.39942 0.963507 11.7526
      vertex -3.32156 0.736249 11.8596
    endloop
  endfacet
  facet normal -0 -0.42568 -0.904874
    outer loop
      vertex 3.39942 0.963507 11.7526
      vertex -3.32533 0.746259 11.8548
      vertex -3.39942 0.963507 11.7526
    endloop
  endfacet
  facet normal 0 -0.30904 0.951049
    outer loop
      vertex -6.3051 0.736249 8.14045
      vertex 6.36736 0.497379 8.06283
      vertex 6.3051 0.736249 8.14045
    endloop
  endfacet
  facet normal 0 -0.30904 0.951049
    outer loop
      vertex 6.36736 0.497379 8.06283
      vertex -6.3051 0.736249 8.14045
      vertex -6.36736 0.497379 8.06283
    endloop
  endfacet
  facet normal 0 0.637415 -0.77052
    outer loop
      vertex -3.50539 -1.18269 11.6121
      vertex 3.50539 -1.18269 11.6121
      vertex 3.62058 -1.36909 11.4579
    endloop
  endfacet
  facet normal 0 0.638055 -0.769991
    outer loop
      vertex 3.50539 -1.18269 11.6121
      vertex -3.50539 -1.18269 11.6121
      vertex 3.50083 -1.17557 11.618
    endloop
  endfacet
  facet normal 0 0.638055 -0.769991
    outer loop
      vertex 3.50083 -1.17557 11.618
      vertex -3.50539 -1.18269 11.6121
      vertex -3.50083 -1.17557 11.618
    endloop
  endfacet
  facet normal 0 0.637415 -0.77052
    outer loop
      vertex -3.50539 -1.18269 11.6121
      vertex 3.62058 -1.36909 11.4579
      vertex -3.62359 -1.36909 11.4579
    endloop
  endfacet
  facet normal 0 0.876329 -0.481712
    outer loop
      vertex 3.92308 -1.68865 11.0717
      vertex -4.10016 -1.80513 10.8598
      vertex -3.92599 -1.68865 11.0717
    endloop
  endfacet
  facet normal 1.28847e-06 0.876309 -0.48175
    outer loop
      vertex 4.10121 -1.80965 10.8516
      vertex -4.10016 -1.80513 10.8598
      vertex 3.92308 -1.68865 11.0717
    endloop
  endfacet
  facet normal 0 0.875765 -0.482739
    outer loop
      vertex -4.10016 -1.80513 10.8598
      vertex 4.10121 -1.80965 10.8516
      vertex -4.10681 -1.80965 10.8516
    endloop
  endfacet
  facet normal 0 -0.968584 0.248686
    outer loop
      vertex -5.30913 1.90211 9.38197
      vertex 5.11397 1.96457 9.62524
      vertex -5.11397 1.96457 9.62524
    endloop
  endfacet
  facet normal 0 -0.968584 0.248686
    outer loop
      vertex 5.11397 1.96457 9.62524
      vertex -5.30913 1.90211 9.38197
      vertex 5.30913 1.90211 9.38197
    endloop
  endfacet
  facet normal 0 -0.992119 -0.125301
    outer loop
      vertex -4.58889 1.97821 10.2668
      vertex 4.49881 1.96457 10.3748
      vertex -4.49722 1.96457 10.3748
    endloop
  endfacet
  facet normal 0 -0.992119 -0.125301
    outer loop
      vertex -4.58889 1.97821 10.2668
      vertex 4.58889 1.97821 10.2668
      vertex 4.49881 1.96457 10.3748
    endloop
  endfacet
  facet normal 0 -0.992113 -0.125349
    outer loop
      vertex -4.70611 1.99605 10.1256
      vertex 4.58889 1.97821 10.2668
      vertex -4.58889 1.97821 10.2668
    endloop
  endfacet
  facet normal 0 -0.992113 -0.125349
    outer loop
      vertex 4.58889 1.97821 10.2668
      vertex -4.70611 1.99605 10.1256
      vertex 4.70611 1.99605 10.1256
    endloop
  endfacet
  facet normal 0 0.808905 -0.58794
    outer loop
      vertex 3.92308 -1.68865 11.0717
      vertex -3.76523 -1.54103 11.2748
      vertex 3.76203 -1.54103 11.2748
    endloop
  endfacet
  facet normal 0 0.808905 -0.58794
    outer loop
      vertex -3.76523 -1.54103 11.2748
      vertex 3.92308 -1.68865 11.0717
      vertex -3.92599 -1.68865 11.0717
    endloop
  endfacet
  facet normal 0 -0.535886 -0.844291
    outer loop
      vertex -3.39942 0.963507 11.7526
      vertex 3.50083 1.17557 11.618
      vertex 3.39942 0.963507 11.7526
    endloop
  endfacet
  facet normal -0 -0.535886 -0.844291
    outer loop
      vertex 3.50083 1.17557 11.618
      vertex -3.39942 0.963507 11.7526
      vertex -3.50083 1.17557 11.618
    endloop
  endfacet
  facet normal 0 0.728955 0.684562
    outer loop
      vertex 5.98291 -1.36909 8.54206
      vertex -5.83603 -1.54103 8.72515
      vertex 5.83603 -1.54103 8.72515
    endloop
  endfacet
  facet normal 0 0.728955 0.684562
    outer loop
      vertex -5.83603 -1.54103 8.72515
      vertex 5.98291 -1.36909 8.54206
      vertex -5.98291 -1.36909 8.54206
    endloop
  endfacet
  facet normal 0 0.187139 -0.982333
    outer loop
      vertex 3.25929 -0.497379 11.9372
      vertex -3.22154 -0.250666 11.9842
      vertex 3.22154 -0.250666 11.9842
    endloop
  endfacet
  facet normal 0 0.187139 -0.982333
    outer loop
      vertex -3.22154 -0.250666 11.9842
      vertex 3.25929 -0.497379 11.9372
      vertex -3.25929 -0.497379 11.9372
    endloop
  endfacet
  facet normal 0 0.992119 -0.125301
    outer loop
      vertex 4.58889 -1.97821 10.2668
      vertex -4.49881 -1.96457 10.3748
      vertex 4.49722 -1.96457 10.3748
    endloop
  endfacet
  facet normal 0 0.992119 -0.125301
    outer loop
      vertex 4.58889 -1.97821 10.2668
      vertex -4.58889 -1.97821 10.2668
      vertex -4.49881 -1.96457 10.3748
    endloop
  endfacet
  facet normal 0 0.992113 -0.125349
    outer loop
      vertex 4.70611 -1.99605 10.1256
      vertex -4.58889 -1.97821 10.2668
      vertex 4.58889 -1.97821 10.2668
    endloop
  endfacet
  facet normal 0 0.992113 -0.125349
    outer loop
      vertex -4.58889 -1.97821 10.2668
      vertex 4.70611 -1.99605 10.1256
      vertex -4.70611 -1.99605 10.1256
    endloop
  endfacet
  facet normal 0 0.809042 0.58775
    outer loop
      vertex 5.83603 -1.54103 8.72515
      vertex -5.67303 -1.68865 8.92835
      vertex 5.67303 -1.68865 8.92835
    endloop
  endfacet
  facet normal 0 0.809042 0.58775
    outer loop
      vertex -5.67303 -1.68865 8.92835
      vertex 5.83603 -1.54103 8.72515
      vertex -5.83603 -1.54103 8.72515
    endloop
  endfacet
  facet normal 0 0.425781 0.904826
    outer loop
      vertex 6.3051 -0.736249 8.14045
      vertex -6.21931 -0.963507 8.24739
      vertex 6.21931 -0.963507 8.24739
    endloop
  endfacet
  facet normal 0 0.425781 0.904826
    outer loop
      vertex -6.21931 -0.963507 8.24739
      vertex 6.3051 -0.736249 8.14045
      vertex -6.3051 -0.736249 8.14045
    endloop
  endfacet
  facet normal 0 0.929816 -0.368026
    outer loop
      vertex 4.2936 -1.90211 10.618
      vertex -4.10681 -1.80965 10.8516
      vertex 4.10121 -1.80965 10.8516
    endloop
  endfacet
  facet normal 0 0.929816 -0.368026
    outer loop
      vertex -4.10681 -1.80965 10.8516
      vertex 4.2936 -1.90211 10.618
      vertex -4.29776 -1.90211 10.618
    endloop
  endfacet
endsolid OpenSCAD_Model
