solid OpenSCAD_Model
  facet normal 0 0 -1
    outer loop
      vertex -0.874664 -94.9921 0
      vertex -0.93721 -94.998 0
      vertex -1 -95 0
    endloop
  endfacet
  facet normal 0 0 -1
    outer loop
      vertex -0.812622 -94.9823 0
      vertex -0.690979 -94.951 0
      vertex -0.751312 -94.9686 0
    endloop
  endfacet
  facet normal 0 0 -1
    outer loop
      vertex -0.874664 -94.9921 0
      vertex -0.690979 -94.951 0
      vertex -0.812622 -94.9823 0
    endloop
  endfacet
  facet normal 0 0 -1
    outer loop
      vertex -0.229492 -94.6374 0
      vertex -0.362579 -94.7705 0
      vertex -0.690979 -94.951 0
    endloop
  endfacet
  facet normal 0 0 -1
    outer loop
      vertex -0.51825 -94.8763 0
      vertex -0.574219 -94.9048 0
      vertex -0.631882 -94.9298 0
    endloop
  endfacet
  facet normal 0 0 -1
    outer loop
      vertex -0.690979 -94.951 0
      vertex -0.51825 -94.8763 0
      vertex -0.631882 -94.9298 0
    endloop
  endfacet
  facet normal 0 0 -1
    outer loop
      vertex -0.690979 -94.951 0
      vertex -0.464172 -94.8443 0
      vertex -0.51825 -94.8763 0
    endloop
  endfacet
  facet normal 0 0 -1
    outer loop
      vertex -0.362579 -94.7705 0
      vertex -0.412216 -94.809 0
      vertex -0.464172 -94.8443 0
    endloop
  endfacet
  facet normal 0 0 -1
    outer loop
      vertex -0.690979 -94.951 0
      vertex -0.362579 -94.7705 0
      vertex -0.464172 -94.8443 0
    endloop
  endfacet
  facet normal 0 0 -1
    outer loop
      vertex -0.0489502 -94.309 0
      vertex -0.229492 -94.6374 0
      vertex -0.690979 -94.951 0
    endloop
  endfacet
  facet normal 0 0 -1
    outer loop
      vertex -0.362579 -94.7705 0
      vertex -0.271027 -94.6845 0
      vertex -0.31546 -94.729 0
    endloop
  endfacet
  facet normal 0 0 -1
    outer loop
      vertex -0.362579 -94.7705 0
      vertex -0.229492 -94.6374 0
      vertex -0.271027 -94.6845 0
    endloop
  endfacet
  facet normal 0 0 -1
    outer loop
      vertex -0.0489502 -94.309 0
      vertex -0.15567 -94.5358 0
      vertex -0.229492 -94.6374 0
    endloop
  endfacet
  facet normal 0 0 -1
    outer loop
      vertex -0.229492 -94.6374 0
      vertex -0.15567 -94.5358 0
      vertex -0.190979 -94.5878 0
    endloop
  endfacet
  facet normal -0 0 -1
    outer loop
      vertex -0.0702209 -94.3681 0
      vertex -0.123688 -94.4818 0
      vertex -0.0489502 -94.309 0
    endloop
  endfacet
  facet normal 0 0 -1
    outer loop
      vertex -0.0702209 -94.3681 0
      vertex -0.0951691 -94.4258 0
      vertex -0.123688 -94.4818 0
    endloop
  endfacet
  facet normal 0 0 -1
    outer loop
      vertex -0.0489502 -94.309 0
      vertex -0.123688 -94.4818 0
      vertex -0.15567 -94.5358 0
    endloop
  endfacet
  facet normal 0 0 -1
    outer loop
      vertex -0.874664 -94.9921 0
      vertex -0.0489502 -94.309 0
      vertex -0.690979 -94.951 0
    endloop
  endfacet
  facet normal 0 0 -1
    outer loop
      vertex -0.00788879 -94.1253 0
      vertex -0.0177155 -94.1874 0
      vertex -0.0489502 -94.309 0
    endloop
  endfacet
  facet normal 0 0 -1
    outer loop
      vertex -0.0489502 -94.309 0
      vertex -0.0177155 -94.1874 0
      vertex -0.0314178 -94.2487 0
    endloop
  endfacet
  facet normal 0 0 -1
    outer loop
      vertex -0.874664 -94.9921 0
      vertex -0.00788879 -94.1253 0
      vertex -0.0489502 -94.309 0
    endloop
  endfacet
  facet normal -0 0 -1
    outer loop
      vertex -0.874664 -94.9921 0
      vertex -1 -95 0
      vertex -0.00788879 -94.1253 0
    endloop
  endfacet
  facet normal 0 0 -1
    outer loop
      vertex -0.00788879 -94.1253 0
      vertex 0 -94 0
      vertex -0.00196838 -94.0628 0
    endloop
  endfacet
  facet normal -0 0 -1
    outer loop
      vertex -0.00788879 -94.1253 0
      vertex -1 -95 0
      vertex 0 -94 0
    endloop
  endfacet
  facet normal 0 0 -1
    outer loop
      vertex -3.00247 -29.0629 0
      vertex -3 -28.9841 0
      vertex 0 -1.01593 0
    endloop
  endfacet
  facet normal 0 0 -1
    outer loop
      vertex -2.77051 2.63742 0
      vertex -2.72897 2.68454 0
      vertex -2.68454 2.72897 0
    endloop
  endfacet
  facet normal 0 0 -1
    outer loop
      vertex -2.30902 2.95105 0
      vertex -2.95105 2.30902 0
      vertex -2.63742 2.77051 0
    endloop
  endfacet
  facet normal 0 0 -1
    outer loop
      vertex -2.63742 2.77051 0
      vertex -2.58778 2.80902 0
      vertex -2.53583 2.84433 0
    endloop
  endfacet
  facet normal 0 -0 -1
    outer loop
      vertex -2.48175 2.87631 0
      vertex -2.30902 2.95105 0
      vertex -2.53583 2.84433 0
    endloop
  endfacet
  facet normal 0 0 -1
    outer loop
      vertex -2.48175 2.87631 0
      vertex -2.36812 2.92978 0
      vertex -2.30902 2.95105 0
    endloop
  endfacet
  facet normal 0 0 -1
    outer loop
      vertex -2.48175 2.87631 0
      vertex -2.42578 2.90483 0
      vertex -2.36812 2.92978 0
    endloop
  endfacet
  facet normal 0 0 -1
    outer loop
      vertex -2.30902 2.95105 0
      vertex -2.24869 2.96858 0
      vertex -2.18738 2.98228 0
    endloop
  endfacet
  facet normal 0 0 -1
    outer loop
      vertex -2.12534 2.99211 0
      vertex -2.30902 2.95105 0
      vertex -2.18738 2.98228 0
    endloop
  endfacet
  facet normal 0 0 -1
    outer loop
      vertex -2.12534 2.99211 0
      vertex -2.06279 2.99803 0
      vertex -2 3 0
    endloop
  endfacet
  facet normal 0 0 -1
    outer loop
      vertex -2.95105 2.30902 0
      vertex -2.77051 2.63742 0
      vertex -2.63742 2.77051 0
    endloop
  endfacet
  facet normal 0 -0 -1
    outer loop
      vertex -2.53583 2.84433 0
      vertex -2.30902 2.95105 0
      vertex -2.63742 2.77051 0
    endloop
  endfacet
  facet normal 0 0 -1
    outer loop
      vertex -2.95105 2.30902 0
      vertex -2.92978 2.36812 0
      vertex -2.87631 2.48175 0
    endloop
  endfacet
  facet normal 0 -0 -1
    outer loop
      vertex -2.96858 2.24869 0
      vertex -2.95105 2.30902 0
      vertex -2.98228 2.18738 0
    endloop
  endfacet
  facet normal -0 0 -1
    outer loop
      vertex 0.315826 -0.271362 0
      vertex 0.271362 -0.315826 0
      vertex -2 3 0
    endloop
  endfacet
  facet normal -0 0 -1
    outer loop
      vertex 0.362793 -0.22995 0
      vertex 0.315826 -0.271362 0
      vertex -2 3 0
    endloop
  endfacet
  facet normal -0 0 -1
    outer loop
      vertex 0.412598 -0.19133 0
      vertex 0.362793 -0.22995 0
      vertex -2 3 0
    endloop
  endfacet
  facet normal -0 0 -1
    outer loop
      vertex 0.464493 -0.156052 0
      vertex 0.412598 -0.19133 0
      vertex -2 3 0
    endloop
  endfacet
  facet normal -0 0 -1
    outer loop
      vertex 0.518387 -0.124191 0
      vertex 0.464493 -0.156052 0
      vertex -2 3 0
    endloop
  endfacet
  facet normal -0 0 -1
    outer loop
      vertex 0.574417 -0.0956421 0
      vertex 0.518387 -0.124191 0
      vertex -2 3 0
    endloop
  endfacet
  facet normal -0 0 -1
    outer loop
      vertex 0.632126 -0.0706635 0
      vertex 0.574417 -0.0956421 0
      vertex -2 3 0
    endloop
  endfacet
  facet normal -0 0 -1
    outer loop
      vertex 0.691162 -0.049408 0
      vertex 0.632126 -0.0706635 0
      vertex -2 3 0
    endloop
  endfacet
  facet normal -0 0 -1
    outer loop
      vertex 0.751434 -0.0318909 0
      vertex 0.691162 -0.049408 0
      vertex -2 3 0
    endloop
  endfacet
  facet normal -0 0 -1
    outer loop
      vertex 0.812698 -0.0182037 0
      vertex 0.751434 -0.0318909 0
      vertex -2 3 0
    endloop
  endfacet
  facet normal -0 0 -1
    outer loop
      vertex 0.87471 -0.00837708 0
      vertex 0.812698 -0.0182037 0
      vertex -2 3 0
    endloop
  endfacet
  facet normal -0 0 -1
    outer loop
      vertex 0.937149 -0.00247192 0
      vertex 0.87471 -0.00837708 0
      vertex -2 3 0
    endloop
  endfacet
  facet normal 0 0 -1
    outer loop
      vertex 36.6374 2.77051 0
      vertex 36.729 2.68454 0
      vertex 36.7705 2.63742 0
    endloop
  endfacet
  facet normal 0 0 -1
    outer loop
      vertex 36.6374 2.77051 0
      vertex 36.6845 2.72897 0
      vertex 36.729 2.68454 0
    endloop
  endfacet
  facet normal 0 0 -1
    outer loop
      vertex 36.951 2.30902 0
      vertex 36.309 2.95105 0
      vertex 36.7705 2.63742 0
    endloop
  endfacet
  facet normal 0 0 -1
    outer loop
      vertex 36.7705 2.63742 0
      vertex 36.809 2.58778 0
      vertex 36.8443 2.53583 0
    endloop
  endfacet
  facet normal -0 -0 -1
    outer loop
      vertex 36.8763 2.48175 0
      vertex 36.951 2.30902 0
      vertex 36.8443 2.53583 0
    endloop
  endfacet
  facet normal 0 0 -1
    outer loop
      vertex 36.8763 2.48175 0
      vertex 36.9298 2.36812 0
      vertex 36.951 2.30902 0
    endloop
  endfacet
  facet normal 0 0 -1
    outer loop
      vertex 36.8763 2.48175 0
      vertex 36.9048 2.42578 0
      vertex 36.9298 2.36812 0
    endloop
  endfacet
  facet normal 0 0 -1
    outer loop
      vertex 36.951 2.30902 0
      vertex 36.9686 2.24869 0
      vertex 36.9823 2.18738 0
    endloop
  endfacet
  facet normal 0 0 -1
    outer loop
      vertex 36.9921 2.12534 0
      vertex 36.951 2.30902 0
      vertex 36.9823 2.18738 0
    endloop
  endfacet
  facet normal 0 0 -1
    outer loop
      vertex 36.9921 2.12534 0
      vertex 36.998 2.06279 0
      vertex 37 2 0
    endloop
  endfacet
  facet normal 0 0 -1
    outer loop
      vertex 36.309 2.95105 0
      vertex 36.6374 2.77051 0
      vertex 36.7705 2.63742 0
    endloop
  endfacet
  facet normal -0 -0 -1
    outer loop
      vertex 36.8443 2.53583 0
      vertex 36.951 2.30902 0
      vertex 36.7705 2.63742 0
    endloop
  endfacet
  facet normal 0 0 -1
    outer loop
      vertex 37.0025 -55.3514 0
      vertex 37.0025 -29.0629 0
      vertex 37.0084 -55.2889 0
    endloop
  endfacet
  facet normal 0 0 -1
    outer loop
      vertex 61.4818 -20.1237 0
      vertex 61.3681 -20.0702 0
      vertex 61.4258 -20.0952 0
    endloop
  endfacet
  facet normal 0 0 -1
    outer loop
      vertex 61.4818 -20.1237 0
      vertex 61.309 -20.049 0
      vertex 61.3681 -20.0702 0
    endloop
  endfacet
  facet normal 0 0 -1
    outer loop
      vertex 61.7071 -30.2929 0
      vertex 62 -29.5858 0
      vertex 61.9956 -29.6799 0
    endloop
  endfacet
  facet normal 0 0 -1
    outer loop
      vertex 61.9956 -29.6799 0
      vertex 62 -29.5858 0
      vertex 61.9995 -29.6172 0
    endloop
  endfacet
  facet normal 0 0 -1
    outer loop
      vertex 61.9956 -29.6799 0
      vertex 61.7501 -30.2471 0
      vertex 61.7071 -30.2929 0
    endloop
  endfacet
  facet normal 0 0 -1
    outer loop
      vertex 61.9956 -29.6799 0
      vertex 61.9178 -29.9829 0
      vertex 61.7501 -30.2471 0
    endloop
  endfacet
  facet normal 0 0 -1
    outer loop
      vertex 61.9178 -29.9829 0
      vertex 61.9877 -29.7422 0
      vertex 61.9603 -29.8648 0
    endloop
  endfacet
  facet normal 0 0 -1
    outer loop
      vertex 61.9603 -69.8648 0
      vertex 61.9409 -69.9245 0
      vertex 61.9178 -69.9829 0
    endloop
  endfacet
  facet normal 0 0 -1
    outer loop
      vertex 61.9956 -69.6799 0
      vertex 61.9877 -69.7422 0
      vertex 61.9178 -69.9829 0
    endloop
  endfacet
  facet normal -0 0 -1
    outer loop
      vertex 61.7902 -70.1987 0
      vertex 61.7501 -70.2471 0
      vertex 61.9178 -69.9829 0
    endloop
  endfacet
  facet normal -0 0 -1
    outer loop
      vertex 61.891 -70.0398 0
      vertex 61.7902 -70.1987 0
      vertex 61.9178 -69.9829 0
    endloop
  endfacet
  facet normal 0 0 -1
    outer loop
      vertex 61.891 -70.0398 0
      vertex 61.8607 -70.0948 0
      vertex 61.8271 -70.1479 0
    endloop
  endfacet
  facet normal 0 0 -1
    outer loop
      vertex 37.2232 -94.7705 0
      vertex 37.1736 -94.809 0
      vertex 37.1216 -94.8443 0
    endloop
  endfacet
  facet normal 0 0 -1
    outer loop
      vertex 34 -94 0
      vertex 34.0079 -94.1253 0
      vertex 34.002 -94.0628 0
    endloop
  endfacet
  facet normal 0 0 -1
    outer loop
      vertex 34.0079 -94.1253 0
      vertex 34.049 -94.309 0
      vertex 34.0177 -94.1874 0
    endloop
  endfacet
  facet normal 0 0 -1
    outer loop
      vertex 34.0177 -94.1874 0
      vertex 34.049 -94.309 0
      vertex 34.0314 -94.2487 0
    endloop
  endfacet
  facet normal 0 0 -1
    outer loop
      vertex 34.3626 -94.7705 0
      vertex 34.2295 -94.6374 0
      vertex 34.049 -94.309 0
    endloop
  endfacet
  facet normal 0 0 -1
    outer loop
      vertex 34.1237 -94.4818 0
      vertex 34.0952 -94.4258 0
      vertex 34.0702 -94.3681 0
    endloop
  endfacet
  facet normal 0 0 -1
    outer loop
      vertex 34.049 -94.309 0
      vertex 34.1237 -94.4818 0
      vertex 34.0702 -94.3681 0
    endloop
  endfacet
  facet normal 0 0 -1
    outer loop
      vertex 34.049 -94.309 0
      vertex 34.1557 -94.5358 0
      vertex 34.1237 -94.4818 0
    endloop
  endfacet
  facet normal 0 0 -1
    outer loop
      vertex 34.2295 -94.6374 0
      vertex 34.191 -94.5878 0
      vertex 34.1557 -94.5358 0
    endloop
  endfacet
  facet normal 0 0 -1
    outer loop
      vertex 34.049 -94.309 0
      vertex 34.2295 -94.6374 0
      vertex 34.1557 -94.5358 0
    endloop
  endfacet
  facet normal 0 0 -1
    outer loop
      vertex 34.691 -94.951 0
      vertex 34.3626 -94.7705 0
      vertex 34.049 -94.309 0
    endloop
  endfacet
  facet normal 0 0 -1
    outer loop
      vertex 34.2295 -94.6374 0
      vertex 34.3155 -94.729 0
      vertex 34.271 -94.6845 0
    endloop
  endfacet
  facet normal 0 0 -1
    outer loop
      vertex 34.2295 -94.6374 0
      vertex 34.3626 -94.7705 0
      vertex 34.3155 -94.729 0
    endloop
  endfacet
  facet normal 0 0 -1
    outer loop
      vertex 34.691 -94.951 0
      vertex 34.4642 -94.8443 0
      vertex 34.3626 -94.7705 0
    endloop
  endfacet
  facet normal 0 0 -1
    outer loop
      vertex 34.3626 -94.7705 0
      vertex 34.4642 -94.8443 0
      vertex 34.4122 -94.809 0
    endloop
  endfacet
  facet normal 0 0 -1
    outer loop
      vertex 34.6319 -94.9298 0
      vertex 34.5182 -94.8763 0
      vertex 34.691 -94.951 0
    endloop
  endfacet
  facet normal 0 0 -1
    outer loop
      vertex 34.6319 -94.9298 0
      vertex 34.5742 -94.9048 0
      vertex 34.5182 -94.8763 0
    endloop
  endfacet
  facet normal 0 0 -1
    outer loop
      vertex 34.691 -94.951 0
      vertex 34.5182 -94.8763 0
      vertex 34.4642 -94.8443 0
    endloop
  endfacet
  facet normal 0 0 -1
    outer loop
      vertex 34.0079 -94.1253 0
      vertex 34.691 -94.951 0
      vertex 34.049 -94.309 0
    endloop
  endfacet
  facet normal 0 0 -1
    outer loop
      vertex 34.8747 -94.9921 0
      vertex 34.8126 -94.9823 0
      vertex 34.691 -94.951 0
    endloop
  endfacet
  facet normal 0 0 -1
    outer loop
      vertex 34.691 -94.951 0
      vertex 34.8126 -94.9823 0
      vertex 34.7513 -94.9686 0
    endloop
  endfacet
  facet normal 0 0 -1
    outer loop
      vertex 34.0079 -94.1253 0
      vertex 34.8747 -94.9921 0
      vertex 34.691 -94.951 0
    endloop
  endfacet
  facet normal 0 0 -1
    outer loop
      vertex 34.0079 -94.1253 0
      vertex 34 -94 0
      vertex 34.8747 -94.9921 0
    endloop
  endfacet
  facet normal 0 0 -1
    outer loop
      vertex 34.8747 -94.9921 0
      vertex 35 -95 0
      vertex 34.9372 -94.998 0
    endloop
  endfacet
  facet normal 0 0 -1
    outer loop
      vertex 34.8747 -94.9921 0
      vertex 34 -94 0
      vertex 35 -95 0
    endloop
  endfacet
  facet normal 0 0 -1
    outer loop
      vertex 35 -95 0
      vertex 34 -94 0
      vertex 36.5858 -95 0
    endloop
  endfacet
  facet normal 0 0 -1
    outer loop
      vertex 36.5858 -95 0
      vertex 36.7111 -94.9921 0
      vertex 36.6486 -94.998 0
    endloop
  endfacet
  facet normal 0 0 -1
    outer loop
      vertex 36.8948 -94.951 0
      vertex 36.7732 -94.9823 0
      vertex 36.7111 -94.9921 0
    endloop
  endfacet
  facet normal 0 0 -1
    outer loop
      vertex 36.8948 -94.951 0
      vertex 36.8345 -94.9686 0
      vertex 36.7732 -94.9823 0
    endloop
  endfacet
  facet normal 0 0 -1
    outer loop
      vertex 37.2232 -94.7705 0
      vertex 36.8948 -94.951 0
      vertex 36.7111 -94.9921 0
    endloop
  endfacet
  facet normal -0 0 -1
    outer loop
      vertex 37.0116 -94.9048 0
      vertex 36.9539 -94.9298 0
      vertex 37.0675 -94.8763 0
    endloop
  endfacet
  facet normal 0 0 -1
    outer loop
      vertex 37.0675 -94.8763 0
      vertex 36.9539 -94.9298 0
      vertex 36.8948 -94.951 0
    endloop
  endfacet
  facet normal 0 0 -1
    outer loop
      vertex 37.1216 -94.8443 0
      vertex 37.0675 -94.8763 0
      vertex 36.8948 -94.951 0
    endloop
  endfacet
  facet normal -0 0 -1
    outer loop
      vertex 37.1216 -94.8443 0
      vertex 36.8948 -94.951 0
      vertex 37.2232 -94.7705 0
    endloop
  endfacet
  facet normal 0 0 -1
    outer loop
      vertex 37.2232 -94.7705 0
      vertex 36.7111 -94.9921 0
      vertex 36.5858 -95 0
    endloop
  endfacet
  facet normal -0 0 -1
    outer loop
      vertex 37.2703 -94.729 0
      vertex 37.2232 -94.7705 0
      vertex 37.2929 -94.7071 0
    endloop
  endfacet
  facet normal 0 0 -1
    outer loop
      vertex 37.2929 -94.7071 0
      vertex 37.2232 -94.7705 0
      vertex 36.5858 -95 0
    endloop
  endfacet
  facet normal 0 0 -1
    outer loop
      vertex 34 -94 0
      vertex 37.2929 -94.7071 0
      vertex 36.5858 -95 0
    endloop
  endfacet
  facet normal 0 0 -1
    outer loop
      vertex 58.7042 -63.2831 0
      vertex 58.7274 -63.1926 0
      vertex 62 -61 0
    endloop
  endfacet
  facet normal 0 0 -1
    outer loop
      vertex 61.9956 -69.6799 0
      vertex 61.7501 -70.2471 0
      vertex 61.7071 -70.2929 0
    endloop
  endfacet
  facet normal -0 0 -1
    outer loop
      vertex 61.8271 -70.1479 0
      vertex 61.7902 -70.1987 0
      vertex 61.891 -70.0398 0
    endloop
  endfacet
  facet normal 0 0 -1
    outer loop
      vertex 61.9877 -69.7422 0
      vertex 61.9759 -69.8039 0
      vertex 61.9603 -69.8648 0
    endloop
  endfacet
  facet normal 0 0 -1
    outer loop
      vertex 61.9178 -69.9829 0
      vertex 61.9877 -69.7422 0
      vertex 61.9603 -69.8648 0
    endloop
  endfacet
  facet normal 0 0 -1
    outer loop
      vertex 61.7501 -70.2471 0
      vertex 61.9956 -69.6799 0
      vertex 61.9178 -69.9829 0
    endloop
  endfacet
  facet normal 0 0 -1
    outer loop
      vertex 62 -69.5858 0
      vertex 61.9995 -69.6172 0
      vertex 61.9956 -69.6799 0
    endloop
  endfacet
  facet normal 0 0 -1
    outer loop
      vertex 61.7071 -70.2929 0
      vertex 62 -69.5858 0
      vertex 61.9956 -69.6799 0
    endloop
  endfacet
  facet normal 0 0 -1
    outer loop
      vertex 61.309 -60.049 0
      vertex 61.5358 -60.1557 0
      vertex 61.6374 -60.2295 0
    endloop
  endfacet
  facet normal 0 0 -1
    outer loop
      vertex 61.9298 -60.6319 0
      vertex 61.8763 -60.5182 0
      vertex 61.9048 -60.5742 0
    endloop
  endfacet
  facet normal 0 0 -1
    outer loop
      vertex 62 -61 0
      vertex 61.9921 -60.8747 0
      vertex 61.998 -60.9372 0
    endloop
  endfacet
  facet normal 0 0 -1
    outer loop
      vertex 61.951 -60.691 0
      vertex 61.9823 -60.8126 0
      vertex 61.9921 -60.8747 0
    endloop
  endfacet
  facet normal 0 0 -1
    outer loop
      vertex 61.951 -60.691 0
      vertex 61.9686 -60.7513 0
      vertex 61.9823 -60.8126 0
    endloop
  endfacet
  facet normal 0 0 -1
    outer loop
      vertex 61.7705 -60.3626 0
      vertex 61.309 -60.049 0
      vertex 61.6374 -60.2295 0
    endloop
  endfacet
  facet normal -0 -0 -1
    outer loop
      vertex 61.9298 -60.6319 0
      vertex 61.951 -60.691 0
      vertex 61.8763 -60.5182 0
    endloop
  endfacet
  facet normal -0 -0 -1
    outer loop
      vertex 61.8763 -60.5182 0
      vertex 61.951 -60.691 0
      vertex 61.8443 -60.4642 0
    endloop
  endfacet
  facet normal 0 0 -1
    outer loop
      vertex 61.8443 -60.4642 0
      vertex 61.7705 -60.3626 0
      vertex 61.809 -60.4122 0
    endloop
  endfacet
  facet normal 0 -0 -1
    outer loop
      vertex 59.7511 -20.0314 0
      vertex 59.8124 -20.0177 0
      vertex 59.6907 -20.049 0
    endloop
  endfacet
  facet normal -0 0 -1
    outer loop
      vertex 61.8271 -30.1479 0
      vertex 61.7902 -30.1987 0
      vertex 61.891 -30.0398 0
    endloop
  endfacet
  facet normal -0 0 -1
    outer loop
      vertex 61.8607 -30.0948 0
      vertex 61.8271 -30.1479 0
      vertex 61.891 -30.0398 0
    endloop
  endfacet
  facet normal -0 0 -1
    outer loop
      vertex 61.891 -30.0398 0
      vertex 61.7902 -30.1987 0
      vertex 61.9178 -29.9829 0
    endloop
  endfacet
  facet normal 0 0 -1
    outer loop
      vertex 61.9178 -29.9829 0
      vertex 61.7902 -30.1987 0
      vertex 61.7501 -30.2471 0
    endloop
  endfacet
  facet normal -0 0 -1
    outer loop
      vertex 61.9877 -29.7422 0
      vertex 61.9178 -29.9829 0
      vertex 61.9956 -29.6799 0
    endloop
  endfacet
  facet normal 0 0 -1
    outer loop
      vertex 61.9603 -29.8648 0
      vertex 61.9409 -29.9245 0
      vertex 61.9178 -29.9829 0
    endloop
  endfacet
  facet normal 0 0 -1
    outer loop
      vertex 61.7705 -60.3626 0
      vertex 61.8443 -60.4642 0
      vertex 61.951 -60.691 0
    endloop
  endfacet
  facet normal -0 -0 -1
    outer loop
      vertex 61.7705 -60.3626 0
      vertex 61.951 -60.691 0
      vertex 61.309 -60.049 0
    endloop
  endfacet
  facet normal -0 -0 -1
    outer loop
      vertex 61.6845 -60.271 0
      vertex 61.729 -60.3155 0
      vertex 61.6374 -60.2295 0
    endloop
  endfacet
  facet normal 0 0 -1
    outer loop
      vertex 61.6374 -60.2295 0
      vertex 61.729 -60.3155 0
      vertex 61.7705 -60.3626 0
    endloop
  endfacet
  facet normal -0 -0 -1
    outer loop
      vertex 61.5878 -60.191 0
      vertex 61.6374 -60.2295 0
      vertex 61.5358 -60.1557 0
    endloop
  endfacet
  facet normal 0 0 -1
    outer loop
      vertex 61.309 -60.049 0
      vertex 61.3681 -60.0702 0
      vertex 61.4818 -60.1237 0
    endloop
  endfacet
  facet normal 0 0 -1
    outer loop
      vertex 61.4818 -60.1237 0
      vertex 61.3681 -60.0702 0
      vertex 61.4258 -60.0952 0
    endloop
  endfacet
  facet normal 0 0 -1
    outer loop
      vertex 61.5358 -60.1557 0
      vertex 61.309 -60.049 0
      vertex 61.4818 -60.1237 0
    endloop
  endfacet
  facet normal 0 0 -1
    outer loop
      vertex 61.951 -60.691 0
      vertex 61.1253 -60.0079 0
      vertex 61.309 -60.049 0
    endloop
  endfacet
  facet normal 0 0 -1
    outer loop
      vertex 61.309 -60.049 0
      vertex 61.1253 -60.0079 0
      vertex 61.1874 -60.0177 0
    endloop
  endfacet
  facet normal -0 -0 -1
    outer loop
      vertex 61.2487 -60.0314 0
      vertex 61.309 -60.049 0
      vertex 61.1874 -60.0177 0
    endloop
  endfacet
  facet normal -0 -0 -1
    outer loop
      vertex 61.951 -60.691 0
      vertex 61.9921 -60.8747 0
      vertex 61.1253 -60.0079 0
    endloop
  endfacet
  facet normal -0 -0 -1
    outer loop
      vertex 61.1253 -60.0079 0
      vertex 61.9921 -60.8747 0
      vertex 61 -60 0
    endloop
  endfacet
  facet normal -0 -0 -1
    outer loop
      vertex 61.0628 -60.002 0
      vertex 61.1253 -60.0079 0
      vertex 61 -60 0
    endloop
  endfacet
  facet normal 0 0 -1
    outer loop
      vertex 61 -60 0
      vertex 61.9921 -60.8747 0
      vertex 62 -61 0
    endloop
  endfacet
  facet normal 0 0 -1
    outer loop
      vertex 59.9998 -60 0
      vertex 58.9837 -61.5181 0
      vertex 58.9993 -61.0232 0
    endloop
  endfacet
  facet normal 0 -0 -1
    outer loop
      vertex 59.937 -60.002 0
      vertex 59.9998 -60 0
      vertex 59.8744 -60.0079 0
    endloop
  endfacet
  facet normal 0 0 -1
    outer loop
      vertex 59.8744 -60.0079 0
      vertex 59.6907 -60.049 0
      vertex 59.8124 -60.0177 0
    endloop
  endfacet
  facet normal 0 0 -1
    outer loop
      vertex 59.8124 -60.0177 0
      vertex 59.6907 -60.049 0
      vertex 59.7511 -60.0314 0
    endloop
  endfacet
  facet normal 0 -0 -1
    outer loop
      vertex 59.2292 -60.3626 0
      vertex 59.3623 -60.2295 0
      vertex 59.0487 -60.691 0
    endloop
  endfacet
  facet normal 0 0 -1
    outer loop
      vertex 59.518 -60.1237 0
      vertex 59.574 -60.0952 0
      vertex 59.6316 -60.0702 0
    endloop
  endfacet
  facet normal 0 0 -1
    outer loop
      vertex 59.6907 -60.049 0
      vertex 59.518 -60.1237 0
      vertex 59.6316 -60.0702 0
    endloop
  endfacet
  facet normal 0 0 -1
    outer loop
      vertex 59.6907 -60.049 0
      vertex 59.4639 -60.1557 0
      vertex 59.518 -60.1237 0
    endloop
  endfacet
  facet normal 0 0 -1
    outer loop
      vertex 59.3623 -60.2295 0
      vertex 59.412 -60.191 0
      vertex 59.4639 -60.1557 0
    endloop
  endfacet
  facet normal 0 0 -1
    outer loop
      vertex 59.6907 -60.049 0
      vertex 59.3623 -60.2295 0
      vertex 59.4639 -60.1557 0
    endloop
  endfacet
  facet normal 0 0 -1
    outer loop
      vertex 59.0487 -60.691 0
      vertex 59.3623 -60.2295 0
      vertex 59.6907 -60.049 0
    endloop
  endfacet
  facet normal 0 0 -1
    outer loop
      vertex 59.2292 -60.3626 0
      vertex 59.2708 -60.3155 0
      vertex 59.3152 -60.271 0
    endloop
  endfacet
  facet normal 0 0 -1
    outer loop
      vertex 59.3623 -60.2295 0
      vertex 59.2292 -60.3626 0
      vertex 59.3152 -60.271 0
    endloop
  endfacet
  facet normal 0 0 -1
    outer loop
      vertex 59.0487 -60.691 0
      vertex 59.1554 -60.4642 0
      vertex 59.2292 -60.3626 0
    endloop
  endfacet
  facet normal 0 0 -1
    outer loop
      vertex 59.2292 -60.3626 0
      vertex 59.1554 -60.4642 0
      vertex 59.1907 -60.4122 0
    endloop
  endfacet
  facet normal 0 -0 -1
    outer loop
      vertex 59.07 -60.6319 0
      vertex 59.1234 -60.5182 0
      vertex 59.0487 -60.691 0
    endloop
  endfacet
  facet normal 0 0 -1
    outer loop
      vertex 59.07 -60.6319 0
      vertex 59.0949 -60.5742 0
      vertex 59.1234 -60.5182 0
    endloop
  endfacet
  facet normal 0 0 -1
    outer loop
      vertex 59.0487 -60.691 0
      vertex 59.1234 -60.5182 0
      vertex 59.1554 -60.4642 0
    endloop
  endfacet
  facet normal 0 0 -1
    outer loop
      vertex 59.0076 -60.8747 0
      vertex 59.0487 -60.691 0
      vertex 59.6907 -60.049 0
    endloop
  endfacet
  facet normal 0 0 -1
    outer loop
      vertex 59.0076 -60.8747 0
      vertex 59.0175 -60.8126 0
      vertex 59.0487 -60.691 0
    endloop
  endfacet
  facet normal 0 0 -1
    outer loop
      vertex 59.0487 -60.691 0
      vertex 59.0175 -60.8126 0
      vertex 59.0312 -60.7513 0
    endloop
  endfacet
  facet normal 0 0 -1
    outer loop
      vertex 59.8744 -60.0079 0
      vertex 59.0076 -60.8747 0
      vertex 59.6907 -60.049 0
    endloop
  endfacet
  facet normal 0 -0 -1
    outer loop
      vertex 59.8744 -60.0079 0
      vertex 59.9998 -60 0
      vertex 59.0076 -60.8747 0
    endloop
  endfacet
  facet normal 0 0 -1
    outer loop
      vertex 59.0076 -60.8747 0
      vertex 58.9999 -60.9841 0
      vertex 59.0017 -60.9372 0
    endloop
  endfacet
  facet normal 0 -0 -1
    outer loop
      vertex 59.0076 -60.8747 0
      vertex 59.9998 -60 0
      vertex 58.9999 -60.9841 0
    endloop
  endfacet
  facet normal 0 -0 -1
    outer loop
      vertex 58.9999 -60.9841 0
      vertex 59.9998 -60 0
      vertex 58.9993 -61.0232 0
    endloop
  endfacet
  facet normal 0 -0 -1
    outer loop
      vertex 59.9998 -60 0
      vertex 61 -60 0
      vertex 58.9837 -61.5181 0
    endloop
  endfacet
  facet normal 0 0 -1
    outer loop
      vertex 58.9837 -61.5181 0
      vertex 61 -60 0
      vertex 62 -61 0
    endloop
  endfacet
  facet normal 0 0 -1
    outer loop
      vertex 58.9778 -61.6124 0
      vertex 58.9837 -61.5181 0
      vertex 62 -61 0
    endloop
  endfacet
  facet normal 0 0 -1
    outer loop
      vertex 58.9335 -62.0812 0
      vertex 58.9778 -61.6124 0
      vertex 62 -61 0
    endloop
  endfacet
  facet normal 0 0 -1
    outer loop
      vertex 58.9217 -62.1743 0
      vertex 58.9335 -62.0812 0
      vertex 62 -61 0
    endloop
  endfacet
  facet normal 0 0 -1
    outer loop
      vertex 58.848 -62.6398 0
      vertex 58.9217 -62.1743 0
      vertex 62 -61 0
    endloop
  endfacet
  facet normal 0 0 -1
    outer loop
      vertex 58.8304 -62.7321 0
      vertex 58.848 -62.6398 0
      vertex 62 -61 0
    endloop
  endfacet
  facet normal 0 0 -1
    outer loop
      vertex 58.7274 -63.1926 0
      vertex 58.8304 -62.7321 0
      vertex 62 -61 0
    endloop
  endfacet
  facet normal 0 0 -1
    outer loop
      vertex 56.9035 -66.772 0
      vertex 56.9634 -66.6997 0
      vertex 62 -69.5858 0
    endloop
  endfacet
  facet normal 0 0 -1
    outer loop
      vertex 58.5725 -63.7362 0
      vertex 58.7042 -63.2831 0
      vertex 62 -61 0
    endloop
  endfacet
  facet normal 0 0 -1
    outer loop
      vertex 58.5435 -63.8256 0
      vertex 58.5725 -63.7362 0
      vertex 62 -61 0
    endloop
  endfacet
  facet normal 0 0 -1
    outer loop
      vertex 62 -69.5858 0
      vertex 58.5435 -63.8256 0
      vertex 62 -61 0
    endloop
  endfacet
  facet normal 0 0 -1
    outer loop
      vertex 62 -69.5858 0
      vertex 58.3839 -64.2689 0
      vertex 58.5435 -63.8256 0
    endloop
  endfacet
  facet normal 0 0 -1
    outer loop
      vertex 62 -69.5858 0
      vertex 58.3494 -64.356 0
      vertex 58.3839 -64.2689 0
    endloop
  endfacet
  facet normal 0 0 -1
    outer loop
      vertex 62 -69.5858 0
      vertex 58.162 -64.7889 0
      vertex 58.3494 -64.356 0
    endloop
  endfacet
  facet normal 0 0 -1
    outer loop
      vertex 62 -69.5858 0
      vertex 58.1219 -64.8743 0
      vertex 58.162 -64.7889 0
    endloop
  endfacet
  facet normal 0 0 -1
    outer loop
      vertex 62 -69.5858 0
      vertex 57.9083 -65.2935 0
      vertex 58.1219 -64.8743 0
    endloop
  endfacet
  facet normal 0 0 -1
    outer loop
      vertex 62 -69.5858 0
      vertex 57.8627 -65.3764 0
      vertex 57.9083 -65.2935 0
    endloop
  endfacet
  facet normal 0 0 -1
    outer loop
      vertex 62 -69.5858 0
      vertex 57.6229 -65.7819 0
      vertex 57.8627 -65.3764 0
    endloop
  endfacet
  facet normal 0 0 -1
    outer loop
      vertex 62 -69.5858 0
      vertex 57.5726 -65.8612 0
      vertex 57.6229 -65.7819 0
    endloop
  endfacet
  facet normal 0 0 -1
    outer loop
      vertex 62 -69.5858 0
      vertex 57.3074 -66.2513 0
      vertex 57.5726 -65.8612 0
    endloop
  endfacet
  facet normal 0 0 -1
    outer loop
      vertex 62 -69.5858 0
      vertex 57.2522 -66.3273 0
      vertex 57.3074 -66.2513 0
    endloop
  endfacet
  facet normal 0 0 -1
    outer loop
      vertex 62 -69.5858 0
      vertex 56.9634 -66.6997 0
      vertex 57.2522 -66.3273 0
    endloop
  endfacet
  facet normal 0 0 -1
    outer loop
      vertex 61.7071 -70.2929 0
      vertex 56.9035 -66.772 0
      vertex 62 -69.5858 0
    endloop
  endfacet
  facet normal 0 0 -1
    outer loop
      vertex 61.7071 -70.2929 0
      vertex 56.5918 -67.1256 0
      vertex 56.9035 -66.772 0
    endloop
  endfacet
  facet normal 0 0 -1
    outer loop
      vertex 61.7071 -70.2929 0
      vertex 56.5274 -67.1942 0
      vertex 56.5918 -67.1256 0
    endloop
  endfacet
  facet normal 0 0 -1
    outer loop
      vertex 61.7071 -70.2929 0
      vertex 56.1942 -67.5275 0
      vertex 56.5274 -67.1942 0
    endloop
  endfacet
  facet normal 0 0 -1
    outer loop
      vertex 61.7071 -70.2929 0
      vertex 56.1256 -67.5919 0
      vertex 56.1942 -67.5275 0
    endloop
  endfacet
  facet normal 0 0 -1
    outer loop
      vertex 61.7071 -70.2929 0
      vertex 55.772 -67.9036 0
      vertex 56.1256 -67.5919 0
    endloop
  endfacet
  facet normal 0 0 -1
    outer loop
      vertex 61.7071 -70.2929 0
      vertex 55.6997 -67.9634 0
      vertex 55.772 -67.9036 0
    endloop
  endfacet
  facet normal 0 0 -1
    outer loop
      vertex 61.7071 -70.2929 0
      vertex 55.3273 -68.2522 0
      vertex 55.6997 -67.9634 0
    endloop
  endfacet
  facet normal 0 0 -1
    outer loop
      vertex 61.7071 -70.2929 0
      vertex 55.2513 -68.3075 0
      vertex 55.3273 -68.2522 0
    endloop
  endfacet
  facet normal 0 0 -1
    outer loop
      vertex 61.7071 -70.2929 0
      vertex 54.8612 -68.5726 0
      vertex 55.2513 -68.3075 0
    endloop
  endfacet
  facet normal 0 0 -1
    outer loop
      vertex 52.9305 -73.1913 0
      vertex 52.8786 -73.1561 0
      vertex 53.356 -69.3494 0
    endloop
  endfacet
  facet normal 0 0 -1
    outer loop
      vertex 52.711 -73.0707 0
      vertex 52.8255 -69.5435 0
      vertex 52.7687 -73.0956 0
    endloop
  endfacet
  facet normal 0 0 -1
    outer loop
      vertex 52.711 -73.0707 0
      vertex 52.7362 -69.5726 0
      vertex 52.8255 -69.5435 0
    endloop
  endfacet
  facet normal 0 0 -1
    outer loop
      vertex 52.711 -73.0707 0
      vertex 52.652 -73.0494 0
      vertex 52.7362 -69.5726 0
    endloop
  endfacet
  facet normal 0 0 -1
    outer loop
      vertex 52.7362 -69.5726 0
      vertex 52.652 -73.0494 0
      vertex 52.5917 -73.0319 0
    endloop
  endfacet
  facet normal 0 0 -1
    outer loop
      vertex 52.2831 -69.7042 0
      vertex 52.7362 -69.5726 0
      vertex 52.5917 -73.0319 0
    endloop
  endfacet
  facet normal 0 0 -1
    outer loop
      vertex 52.5304 -73.0182 0
      vertex 52.2831 -69.7042 0
      vertex 52.5917 -73.0319 0
    endloop
  endfacet
  facet normal 0 0 -1
    outer loop
      vertex 52.5304 -73.0182 0
      vertex 52.4684 -73.0084 0
      vertex 52.2831 -69.7042 0
    endloop
  endfacet
  facet normal 0 -0 -1
    outer loop
      vertex 52.2831 -69.7042 0
      vertex 52.4684 -73.0084 0
      vertex 52.1926 -69.7274 0
    endloop
  endfacet
  facet normal 0 0 -1
    outer loop
      vertex 52.1926 -69.7274 0
      vertex 52.4684 -73.0084 0
      vertex 52.406 -73.0025 0
    endloop
  endfacet
  facet normal 0 0 -1
    outer loop
      vertex 51.7321 -69.8304 0
      vertex 52.1926 -69.7274 0
      vertex 52.3272 -73 0
    endloop
  endfacet
  facet normal 0 0 -1
    outer loop
      vertex 51.6398 -69.848 0
      vertex 51.7321 -69.8304 0
      vertex 52.3272 -73 0
    endloop
  endfacet
  facet normal 0 0 -1
    outer loop
      vertex 37.2929 -94.7071 0
      vertex 41.0313 -86.3421 0
      vertex 41.0942 -86.3382 0
    endloop
  endfacet
  facet normal 0 0 -1
    outer loop
      vertex 52.3272 -73 0
      vertex 51.1743 -69.9217 0
      vertex 51.6398 -69.848 0
    endloop
  endfacet
  facet normal 0 0 -1
    outer loop
      vertex 52.3272 -73 0
      vertex 51.0811 -69.9335 0
      vertex 51.1743 -69.9217 0
    endloop
  endfacet
  facet normal 0 0 -1
    outer loop
      vertex 52.3272 -73 0
      vertex 50.6124 -69.9778 0
      vertex 51.0811 -69.9335 0
    endloop
  endfacet
  facet normal 0 0 -1
    outer loop
      vertex 52.3272 -73 0
      vertex 50.5181 -69.9837 0
      vertex 50.6124 -69.9778 0
    endloop
  endfacet
  facet normal 0 0 -1
    outer loop
      vertex 52.3272 -73 0
      vertex 50.0232 -69.9993 0
      vertex 50.5181 -69.9837 0
    endloop
  endfacet
  facet normal 0 0 -1
    outer loop
      vertex 52.3272 -73 0
      vertex 49.9761 -70 0
      vertex 50.0232 -69.9993 0
    endloop
  endfacet
  facet normal 0 0 -1
    outer loop
      vertex 52.3272 -73 0
      vertex 41.0159 -73 0
      vertex 49.9761 -70 0
    endloop
  endfacet
  facet normal 0 0 -1
    outer loop
      vertex 61.7071 -70.2929 0
      vertex 53.0665 -74.6902 0
      vertex 53.1132 -74.6372 0
    endloop
  endfacet
  facet normal -0 0 -1
    outer loop
      vertex 41.0313 -86.3421 0
      vertex 37.2929 -94.7071 0
      vertex 40.9687 -86.3421 0
    endloop
  endfacet
  facet normal 0 0 -1
    outer loop
      vertex 37.5744 -69.9044 0
      vertex 37.6321 -69.9293 0
      vertex 40.0025 -73.9372 0
    endloop
  endfacet
  facet normal 0 0 -1
    outer loop
      vertex 40 -74.0159 0
      vertex 37.5744 -69.9044 0
      vertex 40.0025 -73.9372 0
    endloop
  endfacet
  facet normal 0 0 -1
    outer loop
      vertex 40 -74.0159 0
      vertex 37.5184 -69.8758 0
      vertex 37.5744 -69.9044 0
    endloop
  endfacet
  facet normal 0 0 -1
    outer loop
      vertex 40 -74.0159 0
      vertex 37.4645 -69.8439 0
      vertex 37.5184 -69.8758 0
    endloop
  endfacet
  facet normal 0 0 -1
    outer loop
      vertex 40 -74.0159 0
      vertex 37.4126 -69.8087 0
      vertex 37.4645 -69.8439 0
    endloop
  endfacet
  facet normal 0 0 -1
    outer loop
      vertex 40 -74.0159 0
      vertex 37.3628 -69.7701 0
      vertex 37.4126 -69.8087 0
    endloop
  endfacet
  facet normal 0 0 -1
    outer loop
      vertex 40 -74.0159 0
      vertex 37.3158 -69.7286 0
      vertex 37.3628 -69.7701 0
    endloop
  endfacet
  facet normal 0 0 -1
    outer loop
      vertex 40 -74.0159 0
      vertex 37.2714 -69.6842 0
      vertex 37.3158 -69.7286 0
    endloop
  endfacet
  facet normal -0 -0 -1
    outer loop
      vertex 40 -74.0159 0
      vertex 40 -85.3351 0
      vertex 37.2714 -69.6842 0
    endloop
  endfacet
  facet normal -0 -0 -1
    outer loop
      vertex 37.2714 -69.6842 0
      vertex 40 -85.3351 0
      vertex 37.2299 -69.6372 0
    endloop
  endfacet
  facet normal -0 -0 -1
    outer loop
      vertex 37.2299 -69.6372 0
      vertex 40 -85.3351 0
      vertex 37.1913 -69.5874 0
    endloop
  endfacet
  facet normal 0 -0 -1
    outer loop
      vertex 40.0049 -85.4373 0
      vertex 40.0128 -85.4994 0
      vertex 34 -94 0
    endloop
  endfacet
  facet normal 0 -0 -1
    outer loop
      vertex 37.1561 -69.5355 0
      vertex 37.1913 -69.5874 0
      vertex 34 -94 0
    endloop
  endfacet
  facet normal 0 -0 -1
    outer loop
      vertex 37.1242 -69.4816 0
      vertex 37.1561 -69.5355 0
      vertex 34 -94 0
    endloop
  endfacet
  facet normal 0 -0 -1
    outer loop
      vertex 37.0956 -69.4256 0
      vertex 37.1242 -69.4816 0
      vertex 34 -94 0
    endloop
  endfacet
  facet normal 0 -0 -1
    outer loop
      vertex 37.0707 -69.3679 0
      vertex 37.0956 -69.4256 0
      vertex 34 -94 0
    endloop
  endfacet
  facet normal 0 -0 -1
    outer loop
      vertex 37.0494 -69.3088 0
      vertex 37.0707 -69.3679 0
      vertex 34 -94 0
    endloop
  endfacet
  facet normal 0 -0 -1
    outer loop
      vertex 37.0319 -69.2486 0
      vertex 37.0494 -69.3088 0
      vertex 34 -94 0
    endloop
  endfacet
  facet normal 0 -0 -1
    outer loop
      vertex 37.0182 -69.1873 0
      vertex 37.0319 -69.2486 0
      vertex 34 -94 0
    endloop
  endfacet
  facet normal 0 -0 -1
    outer loop
      vertex 37.0084 -69.1253 0
      vertex 37.0182 -69.1873 0
      vertex 34 -94 0
    endloop
  endfacet
  facet normal 0 -0 -1
    outer loop
      vertex 37 -68.9841 0
      vertex 37.0025 -69.0629 0
      vertex 34 -94 0
    endloop
  endfacet
  facet normal 0 -0 -1
    outer loop
      vertex 37.0025 -69.0629 0
      vertex 37.0084 -69.1253 0
      vertex 34 -94 0
    endloop
  endfacet
  facet normal 0 -0 -1
    outer loop
      vertex 37 -55.4301 0
      vertex 37 -68.9841 0
      vertex 34 -94 0
    endloop
  endfacet
  facet normal 0 0 -1
    outer loop
      vertex 34 -1.01593 0
      vertex 37 -55.4301 0
      vertex 34 -94 0
    endloop
  endfacet
  facet normal 0 0 -1
    outer loop
      vertex 34 -1.01593 0
      vertex 37.0025 -55.3514 0
      vertex 37 -55.4301 0
    endloop
  endfacet
  facet normal 0 0 -1
    outer loop
      vertex 37.1913 -29.5874 0
      vertex 37.2299 -29.6372 0
      vertex 40 -45.3351 0
    endloop
  endfacet
  facet normal 0 0 -1
    outer loop
      vertex 40 -45.3351 0
      vertex 37.2299 -29.6372 0
      vertex 37.2714 -29.6842 0
    endloop
  endfacet
  facet normal -0 -0 -1
    outer loop
      vertex 40 -34.0159 0
      vertex 40 -45.3351 0
      vertex 37.2714 -29.6842 0
    endloop
  endfacet
  facet normal -0 -0 -1
    outer loop
      vertex 37.3158 -29.7286 0
      vertex 40 -34.0159 0
      vertex 37.2714 -29.6842 0
    endloop
  endfacet
  facet normal 0 0 -1
    outer loop
      vertex 37.3158 -29.7286 0
      vertex 37.3628 -29.7701 0
      vertex 40 -34.0159 0
    endloop
  endfacet
  facet normal 0 0 -1
    outer loop
      vertex 40 -34.0159 0
      vertex 37.3628 -29.7701 0
      vertex 37.4126 -29.8087 0
    endloop
  endfacet
  facet normal -0 -0 -1
    outer loop
      vertex 37.4645 -29.8439 0
      vertex 40 -34.0159 0
      vertex 37.4126 -29.8087 0
    endloop
  endfacet
  facet normal 0 0 -1
    outer loop
      vertex 37.4645 -29.8439 0
      vertex 37.5184 -29.8758 0
      vertex 40 -34.0159 0
    endloop
  endfacet
  facet normal 0 0 -1
    outer loop
      vertex 40 -34.0159 0
      vertex 37.5184 -29.8758 0
      vertex 37.5744 -29.9044 0
    endloop
  endfacet
  facet normal -0 0 -1
    outer loop
      vertex 40.0025 -33.9372 0
      vertex 40 -34.0159 0
      vertex 37.5744 -29.9044 0
    endloop
  endfacet
  facet normal -0 -0 -1
    outer loop
      vertex 37.6321 -29.9293 0
      vertex 40.0025 -33.9372 0
      vertex 37.5744 -29.9044 0
    endloop
  endfacet
  facet normal 0 0 -1
    outer loop
      vertex 61.6374 -20.2295 0
      vertex 61.309 -20.049 0
      vertex 61.5358 -20.1557 0
    endloop
  endfacet
  facet normal -0 0 -1
    outer loop
      vertex 61.9759 -29.8039 0
      vertex 61.9603 -29.8648 0
      vertex 61.9877 -29.7422 0
    endloop
  endfacet
  facet normal 0 0 -1
    outer loop
      vertex 61.8763 -20.5182 0
      vertex 61.9298 -20.6319 0
      vertex 61.951 -20.691 0
    endloop
  endfacet
  facet normal -0 -0 -1
    outer loop
      vertex 61.998 -20.9372 0
      vertex 62 -21 0
      vertex 61.9921 -20.8747 0
    endloop
  endfacet
  facet normal 0 0 -1
    outer loop
      vertex 61.9921 -20.8747 0
      vertex 61.951 -20.691 0
      vertex 61.9823 -20.8126 0
    endloop
  endfacet
  facet normal 0 0 -1
    outer loop
      vertex 61.9823 -20.8126 0
      vertex 61.951 -20.691 0
      vertex 61.9686 -20.7513 0
    endloop
  endfacet
  facet normal -0 -0 -1
    outer loop
      vertex 61.6374 -20.2295 0
      vertex 61.7705 -20.3626 0
      vertex 61.309 -20.049 0
    endloop
  endfacet
  facet normal 0 0 -1
    outer loop
      vertex 61.8763 -20.5182 0
      vertex 61.9048 -20.5742 0
      vertex 61.9298 -20.6319 0
    endloop
  endfacet
  facet normal 0 0 -1
    outer loop
      vertex 61.8443 -20.4642 0
      vertex 61.8763 -20.5182 0
      vertex 61.951 -20.691 0
    endloop
  endfacet
  facet normal -0 -0 -1
    outer loop
      vertex 61.809 -20.4122 0
      vertex 61.8443 -20.4642 0
      vertex 61.7705 -20.3626 0
    endloop
  endfacet
  facet normal 0 0 -1
    outer loop
      vertex 61.7705 -20.3626 0
      vertex 61.8443 -20.4642 0
      vertex 61.951 -20.691 0
    endloop
  endfacet
  facet normal -0 -0 -1
    outer loop
      vertex 61.7705 -20.3626 0
      vertex 61.951 -20.691 0
      vertex 61.309 -20.049 0
    endloop
  endfacet
  facet normal -0 -0 -1
    outer loop
      vertex 61.6845 -20.271 0
      vertex 61.729 -20.3155 0
      vertex 61.6374 -20.2295 0
    endloop
  endfacet
  facet normal 0 0 -1
    outer loop
      vertex 61.6374 -20.2295 0
      vertex 61.729 -20.3155 0
      vertex 61.7705 -20.3626 0
    endloop
  endfacet
  facet normal -0 -0 -1
    outer loop
      vertex 61.5878 -20.191 0
      vertex 61.6374 -20.2295 0
      vertex 61.5358 -20.1557 0
    endloop
  endfacet
  facet normal -0 -0 -1
    outer loop
      vertex 36.309 2.95105 0
      vertex 36.951 2.30902 0
      vertex 36.1253 2.99211 0
    endloop
  endfacet
  facet normal 0 0 -1
    outer loop
      vertex 33.9975 -0.937149 0
      vertex 37 2 0
      vertex 34 -1.01593 0
    endloop
  endfacet
  facet normal 0 0 -1
    outer loop
      vertex 33.9975 -0.937149 0
      vertex 33.9916 -0.87471 0
      vertex 37 2 0
    endloop
  endfacet
  facet normal 0 0 -1
    outer loop
      vertex 37 2 0
      vertex 33.9916 -0.87471 0
      vertex 33.9818 -0.812698 0
    endloop
  endfacet
  facet normal 0 0 -1
    outer loop
      vertex 33.9681 -0.751434 0
      vertex 37 2 0
      vertex 33.9818 -0.812698 0
    endloop
  endfacet
  facet normal 0 0 -1
    outer loop
      vertex 33.9681 -0.751434 0
      vertex 33.9506 -0.691162 0
      vertex 37 2 0
    endloop
  endfacet
  facet normal 0 0 -1
    outer loop
      vertex 37 2 0
      vertex 33.9506 -0.691162 0
      vertex 33.9293 -0.632126 0
    endloop
  endfacet
  facet normal 0 0 -1
    outer loop
      vertex 33.9044 -0.574417 0
      vertex 37 2 0
      vertex 33.9293 -0.632126 0
    endloop
  endfacet
  facet normal 0 0 -1
    outer loop
      vertex 33.9044 -0.574417 0
      vertex 33.8758 -0.518387 0
      vertex 37 2 0
    endloop
  endfacet
  facet normal 0 0 -1
    outer loop
      vertex 37 2 0
      vertex 33.8758 -0.518387 0
      vertex 33.8439 -0.464493 0
    endloop
  endfacet
  facet normal 0 0 -1
    outer loop
      vertex 33.8087 -0.412598 0
      vertex 37 2 0
      vertex 33.8439 -0.464493 0
    endloop
  endfacet
  facet normal 0 0 -1
    outer loop
      vertex 33.8087 -0.412598 0
      vertex 33.7701 -0.362793 0
      vertex 37 2 0
    endloop
  endfacet
  facet normal 0 0 -1
    outer loop
      vertex 37 2 0
      vertex 33.7701 -0.362793 0
      vertex 33.7286 -0.315826 0
    endloop
  endfacet
  facet normal 0 -0 -1
    outer loop
      vertex 36 3 0
      vertex 37 2 0
      vertex 33.7286 -0.315826 0
    endloop
  endfacet
  facet normal 0 0 -1
    outer loop
      vertex 36.4818 2.87631 0
      vertex 36.309 2.95105 0
      vertex 36.3681 2.92978 0
    endloop
  endfacet
  facet normal -0 -0 -1
    outer loop
      vertex 36.2487 2.96858 0
      vertex 36.309 2.95105 0
      vertex 36.1874 2.98228 0
    endloop
  endfacet
  facet normal 0 0 -1
    outer loop
      vertex 61.309 -20.049 0
      vertex 61.4818 -20.1237 0
      vertex 61.5358 -20.1557 0
    endloop
  endfacet
  facet normal 0 0 -1
    outer loop
      vertex 61.1253 -20.0079 0
      vertex 61.309 -20.049 0
      vertex 61.951 -20.691 0
    endloop
  endfacet
  facet normal 0 0 -1
    outer loop
      vertex 61.1253 -20.0079 0
      vertex 61.1874 -20.0177 0
      vertex 61.309 -20.049 0
    endloop
  endfacet
  facet normal 0 0 -1
    outer loop
      vertex 61.309 -20.049 0
      vertex 61.1874 -20.0177 0
      vertex 61.2487 -20.0314 0
    endloop
  endfacet
  facet normal 0 0 -1
    outer loop
      vertex 61.9921 -20.8747 0
      vertex 61.1253 -20.0079 0
      vertex 61.951 -20.691 0
    endloop
  endfacet
  facet normal 0 0 -1
    outer loop
      vertex 61.9921 -20.8747 0
      vertex 61 -20 0
      vertex 61.1253 -20.0079 0
    endloop
  endfacet
  facet normal 0 0 -1
    outer loop
      vertex 61.1253 -20.0079 0
      vertex 61 -20 0
      vertex 61.0628 -20.002 0
    endloop
  endfacet
  facet normal -0 -0 -1
    outer loop
      vertex 61.9921 -20.8747 0
      vertex 62 -21 0
      vertex 61 -20 0
    endloop
  endfacet
  facet normal 0 0 -1
    outer loop
      vertex 58.9837 -21.5181 0
      vertex 58.9993 -21.0232 0
      vertex 59.9998 -20 0
    endloop
  endfacet
  facet normal 0 0 -1
    outer loop
      vertex 59.9998 -20 0
      vertex 59.8744 -20.0079 0
      vertex 59.937 -20.002 0
    endloop
  endfacet
  facet normal 0 0 -1
    outer loop
      vertex 59.6907 -20.049 0
      vertex 59.8124 -20.0177 0
      vertex 59.8744 -20.0079 0
    endloop
  endfacet
  facet normal 0 0 -1
    outer loop
      vertex 59.0487 -20.691 0
      vertex 59.2292 -20.3626 0
      vertex 59.3623 -20.2295 0
    endloop
  endfacet
  facet normal 0 0 -1
    outer loop
      vertex 59.6316 -20.0702 0
      vertex 59.518 -20.1237 0
      vertex 59.574 -20.0952 0
    endloop
  endfacet
  facet normal 0 -0 -1
    outer loop
      vertex 59.6316 -20.0702 0
      vertex 59.6907 -20.049 0
      vertex 59.518 -20.1237 0
    endloop
  endfacet
  facet normal 0 -0 -1
    outer loop
      vertex 59.518 -20.1237 0
      vertex 59.6907 -20.049 0
      vertex 59.4639 -20.1557 0
    endloop
  endfacet
  facet normal 0 0 -1
    outer loop
      vertex 59.4639 -20.1557 0
      vertex 59.3623 -20.2295 0
      vertex 59.412 -20.191 0
    endloop
  endfacet
  facet normal 0 -0 -1
    outer loop
      vertex 59.4639 -20.1557 0
      vertex 59.6907 -20.049 0
      vertex 59.3623 -20.2295 0
    endloop
  endfacet
  facet normal 0 0 -1
    outer loop
      vertex 59.6907 -20.049 0
      vertex 59.0487 -20.691 0
      vertex 59.3623 -20.2295 0
    endloop
  endfacet
  facet normal 0 0 -1
    outer loop
      vertex 59.3152 -20.271 0
      vertex 59.2292 -20.3626 0
      vertex 59.2708 -20.3155 0
    endloop
  endfacet
  facet normal 0 -0 -1
    outer loop
      vertex 59.3152 -20.271 0
      vertex 59.3623 -20.2295 0
      vertex 59.2292 -20.3626 0
    endloop
  endfacet
  facet normal 0 0 -1
    outer loop
      vertex 59.2292 -20.3626 0
      vertex 59.0487 -20.691 0
      vertex 59.1554 -20.4642 0
    endloop
  endfacet
  facet normal 0 -0 -1
    outer loop
      vertex 59.1907 -20.4122 0
      vertex 59.2292 -20.3626 0
      vertex 59.1554 -20.4642 0
    endloop
  endfacet
  facet normal 0 0 -1
    outer loop
      vertex 59.0487 -20.691 0
      vertex 59.07 -20.6319 0
      vertex 59.1234 -20.5182 0
    endloop
  endfacet
  facet normal 0 0 -1
    outer loop
      vertex 59.1234 -20.5182 0
      vertex 59.07 -20.6319 0
      vertex 59.0949 -20.5742 0
    endloop
  endfacet
  facet normal 0 0 -1
    outer loop
      vertex 59.1554 -20.4642 0
      vertex 59.0487 -20.691 0
      vertex 59.1234 -20.5182 0
    endloop
  endfacet
  facet normal 0 0 -1
    outer loop
      vertex 59.6907 -20.049 0
      vertex 59.0076 -20.8747 0
      vertex 59.0487 -20.691 0
    endloop
  endfacet
  facet normal -0 -0 -1
    outer loop
      vertex 36.4818 2.87631 0
      vertex 36.5358 2.84433 0
      vertex 36.309 2.95105 0
    endloop
  endfacet
  facet normal -0 -0 -1
    outer loop
      vertex 36.4258 2.90483 0
      vertex 36.4818 2.87631 0
      vertex 36.3681 2.92978 0
    endloop
  endfacet
  facet normal 0 0 -1
    outer loop
      vertex 59.0487 -20.691 0
      vertex 59.0076 -20.8747 0
      vertex 59.0175 -20.8126 0
    endloop
  endfacet
  facet normal 0 -0 -1
    outer loop
      vertex 59.0312 -20.7513 0
      vertex 59.0487 -20.691 0
      vertex 59.0175 -20.8126 0
    endloop
  endfacet
  facet normal 0 0 -1
    outer loop
      vertex 36.6374 2.77051 0
      vertex 36.5358 2.84433 0
      vertex 36.5878 2.80902 0
    endloop
  endfacet
  facet normal 0 -0 -1
    outer loop
      vertex 59.6907 -20.049 0
      vertex 59.8744 -20.0079 0
      vertex 59.0076 -20.8747 0
    endloop
  endfacet
  facet normal 0 0 -1
    outer loop
      vertex 59.0076 -20.8747 0
      vertex 59.8744 -20.0079 0
      vertex 59.9998 -20 0
    endloop
  endfacet
  facet normal 0 -0 -1
    outer loop
      vertex 59.0017 -20.9372 0
      vertex 59.0076 -20.8747 0
      vertex 58.9999 -20.9841 0
    endloop
  endfacet
  facet normal 0 0 -1
    outer loop
      vertex 58.9999 -20.9841 0
      vertex 59.0076 -20.8747 0
      vertex 59.9998 -20 0
    endloop
  endfacet
  facet normal 0 0 -1
    outer loop
      vertex 58.9993 -21.0232 0
      vertex 58.9999 -20.9841 0
      vertex 59.9998 -20 0
    endloop
  endfacet
  facet normal 0 0 -1
    outer loop
      vertex 58.9837 -21.5181 0
      vertex 59.9998 -20 0
      vertex 61 -20 0
    endloop
  endfacet
  facet normal -0 0 -1
    outer loop
      vertex 62 -21 0
      vertex 58.9837 -21.5181 0
      vertex 61 -20 0
    endloop
  endfacet
  facet normal 0 0 -1
    outer loop
      vertex 62 -21 0
      vertex 58.9778 -21.6124 0
      vertex 58.9837 -21.5181 0
    endloop
  endfacet
  facet normal 0 0 -1
    outer loop
      vertex 62 -21 0
      vertex 58.9335 -22.0812 0
      vertex 58.9778 -21.6124 0
    endloop
  endfacet
  facet normal 0 0 -1
    outer loop
      vertex 62 -21 0
      vertex 58.9217 -22.1743 0
      vertex 58.9335 -22.0812 0
    endloop
  endfacet
  facet normal 0 0 -1
    outer loop
      vertex 62 -21 0
      vertex 58.848 -22.6398 0
      vertex 58.9217 -22.1743 0
    endloop
  endfacet
  facet normal 0 0 -1
    outer loop
      vertex 62 -21 0
      vertex 58.8304 -22.7321 0
      vertex 58.848 -22.6398 0
    endloop
  endfacet
  facet normal 0 0 -1
    outer loop
      vertex 62 -21 0
      vertex 58.7274 -23.1926 0
      vertex 58.8304 -22.7321 0
    endloop
  endfacet
  facet normal 0 0 -1
    outer loop
      vertex 62 -21 0
      vertex 58.7042 -23.2831 0
      vertex 58.7274 -23.1926 0
    endloop
  endfacet
  facet normal 0 0 -1
    outer loop
      vertex 62 -21 0
      vertex 58.5725 -23.7362 0
      vertex 58.7042 -23.2831 0
    endloop
  endfacet
  facet normal 0 0 -1
    outer loop
      vertex 62 -21 0
      vertex 58.5435 -23.8256 0
      vertex 58.5725 -23.7362 0
    endloop
  endfacet
  facet normal 0 -0 -1
    outer loop
      vertex 62 -21 0
      vertex 62 -29.5858 0
      vertex 58.5435 -23.8256 0
    endloop
  endfacet
  facet normal 0 -0 -1
    outer loop
      vertex 58.5435 -23.8256 0
      vertex 62 -29.5858 0
      vertex 58.3839 -24.2689 0
    endloop
  endfacet
  facet normal 0 -0 -1
    outer loop
      vertex 58.3839 -24.2689 0
      vertex 62 -29.5858 0
      vertex 58.3494 -24.356 0
    endloop
  endfacet
  facet normal 0 -0 -1
    outer loop
      vertex 58.3494 -24.356 0
      vertex 62 -29.5858 0
      vertex 58.162 -24.7889 0
    endloop
  endfacet
  facet normal 0 -0 -1
    outer loop
      vertex 58.162 -24.7889 0
      vertex 62 -29.5858 0
      vertex 58.1219 -24.8743 0
    endloop
  endfacet
  facet normal 0 -0 -1
    outer loop
      vertex 58.1219 -24.8743 0
      vertex 62 -29.5858 0
      vertex 57.9083 -25.2935 0
    endloop
  endfacet
  facet normal 0 -0 -1
    outer loop
      vertex 57.9083 -25.2935 0
      vertex 62 -29.5858 0
      vertex 57.8627 -25.3764 0
    endloop
  endfacet
  facet normal 0 -0 -1
    outer loop
      vertex 57.8627 -25.3764 0
      vertex 62 -29.5858 0
      vertex 57.6229 -25.7819 0
    endloop
  endfacet
  facet normal 0 -0 -1
    outer loop
      vertex 57.6229 -25.7819 0
      vertex 62 -29.5858 0
      vertex 57.5726 -25.8612 0
    endloop
  endfacet
  facet normal 0 -0 -1
    outer loop
      vertex 57.5726 -25.8612 0
      vertex 62 -29.5858 0
      vertex 57.3074 -26.2513 0
    endloop
  endfacet
  facet normal 0 -0 -1
    outer loop
      vertex 57.2522 -26.3273 0
      vertex 62 -29.5858 0
      vertex 56.9634 -26.6997 0
    endloop
  endfacet
  facet normal 0 -0 -1
    outer loop
      vertex 57.3074 -26.2513 0
      vertex 62 -29.5858 0
      vertex 57.2522 -26.3273 0
    endloop
  endfacet
  facet normal 0 -0 -1
    outer loop
      vertex 56.9634 -26.6997 0
      vertex 62 -29.5858 0
      vertex 56.9035 -26.772 0
    endloop
  endfacet
  facet normal 0 0 -1
    outer loop
      vertex 56.9035 -26.772 0
      vertex 62 -29.5858 0
      vertex 61.7071 -30.2929 0
    endloop
  endfacet
  facet normal 0 0 -1
    outer loop
      vertex 56.5918 -27.1256 0
      vertex 56.9035 -26.772 0
      vertex 61.7071 -30.2929 0
    endloop
  endfacet
  facet normal 0 0 -1
    outer loop
      vertex 56.5274 -27.1942 0
      vertex 56.5918 -27.1256 0
      vertex 61.7071 -30.2929 0
    endloop
  endfacet
  facet normal 0 0 -1
    outer loop
      vertex 56.1942 -27.5275 0
      vertex 56.5274 -27.1942 0
      vertex 61.7071 -30.2929 0
    endloop
  endfacet
  facet normal 0 0 -1
    outer loop
      vertex 56.1256 -27.5919 0
      vertex 56.1942 -27.5275 0
      vertex 61.7071 -30.2929 0
    endloop
  endfacet
  facet normal 0 0 -1
    outer loop
      vertex 55.772 -27.9036 0
      vertex 56.1256 -27.5919 0
      vertex 61.7071 -30.2929 0
    endloop
  endfacet
  facet normal 0 0 -1
    outer loop
      vertex 55.6997 -27.9634 0
      vertex 55.772 -27.9036 0
      vertex 61.7071 -30.2929 0
    endloop
  endfacet
  facet normal 0 0 -1
    outer loop
      vertex 55.3273 -28.2522 0
      vertex 55.6997 -27.9634 0
      vertex 61.7071 -30.2929 0
    endloop
  endfacet
  facet normal 0 0 -1
    outer loop
      vertex 55.2513 -28.3075 0
      vertex 55.3273 -28.2522 0
      vertex 61.7071 -30.2929 0
    endloop
  endfacet
  facet normal 0 0 -1
    outer loop
      vertex 54.8612 -28.5726 0
      vertex 55.2513 -28.3075 0
      vertex 61.7071 -30.2929 0
    endloop
  endfacet
  facet normal 0 0 -1
    outer loop
      vertex 52.8786 -33.1561 0
      vertex 53.356 -29.3494 0
      vertex 52.9305 -33.1913 0
    endloop
  endfacet
  facet normal 0 0 -1
    outer loop
      vertex 52.8255 -29.5435 0
      vertex 52.7687 -33.0956 0
      vertex 52.711 -33.0707 0
    endloop
  endfacet
  facet normal 0 -0 -1
    outer loop
      vertex 52.7362 -29.5726 0
      vertex 52.8255 -29.5435 0
      vertex 52.711 -33.0707 0
    endloop
  endfacet
  facet normal 0 0 -1
    outer loop
      vertex 52.652 -33.0494 0
      vertex 52.7362 -29.5726 0
      vertex 52.711 -33.0707 0
    endloop
  endfacet
  facet normal 0 0 -1
    outer loop
      vertex 52.652 -33.0494 0
      vertex 52.5917 -33.0319 0
      vertex 52.7362 -29.5726 0
    endloop
  endfacet
  facet normal 0 0 -1
    outer loop
      vertex 52.7362 -29.5726 0
      vertex 52.5917 -33.0319 0
      vertex 52.2831 -29.7042 0
    endloop
  endfacet
  facet normal 0 0 -1
    outer loop
      vertex 52.2831 -29.7042 0
      vertex 52.5917 -33.0319 0
      vertex 52.5304 -33.0182 0
    endloop
  endfacet
  facet normal 0 0 -1
    outer loop
      vertex 52.4684 -33.0084 0
      vertex 52.2831 -29.7042 0
      vertex 52.5304 -33.0182 0
    endloop
  endfacet
  facet normal 0 0 -1
    outer loop
      vertex 52.4684 -33.0084 0
      vertex 52.1926 -29.7274 0
      vertex 52.2831 -29.7042 0
    endloop
  endfacet
  facet normal 0 0 -1
    outer loop
      vertex 52.4684 -33.0084 0
      vertex 52.406 -33.0025 0
      vertex 52.1926 -29.7274 0
    endloop
  endfacet
  facet normal 0 -0 -1
    outer loop
      vertex 52.1926 -29.7274 0
      vertex 52.3272 -33 0
      vertex 51.7321 -29.8304 0
    endloop
  endfacet
  facet normal 0 -0 -1
    outer loop
      vertex 51.7321 -29.8304 0
      vertex 52.3272 -33 0
      vertex 51.6398 -29.848 0
    endloop
  endfacet
  facet normal 0 0 -1
    outer loop
      vertex 52.1926 -29.7274 0
      vertex 52.406 -33.0025 0
      vertex 52.3272 -33 0
    endloop
  endfacet
  facet normal 0 0 -1
    outer loop
      vertex 51.1743 -29.9217 0
      vertex 51.6398 -29.848 0
      vertex 52.3272 -33 0
    endloop
  endfacet
  facet normal 0 0 -1
    outer loop
      vertex 51.0811 -29.9335 0
      vertex 51.1743 -29.9217 0
      vertex 52.3272 -33 0
    endloop
  endfacet
  facet normal 0 0 -1
    outer loop
      vertex 50.6124 -29.9778 0
      vertex 51.0811 -29.9335 0
      vertex 52.3272 -33 0
    endloop
  endfacet
  facet normal 0 0 -1
    outer loop
      vertex 50.5181 -29.9837 0
      vertex 50.6124 -29.9778 0
      vertex 52.3272 -33 0
    endloop
  endfacet
  facet normal 0 0 -1
    outer loop
      vertex 50.0232 -29.9993 0
      vertex 50.5181 -29.9837 0
      vertex 52.3272 -33 0
    endloop
  endfacet
  facet normal 0 0 -1
    outer loop
      vertex 49.9761 -30 0
      vertex 50.0232 -29.9993 0
      vertex 52.3272 -33 0
    endloop
  endfacet
  facet normal 0 0 -1
    outer loop
      vertex 41.0159 -33 0
      vertex 49.9761 -30 0
      vertex 52.3272 -33 0
    endloop
  endfacet
  facet normal 0 0 -1
    outer loop
      vertex 40.0025 -33.9372 0
      vertex 37.6321 -29.9293 0
      vertex 40.0084 -33.8747 0
    endloop
  endfacet
  facet normal 0 0 -1
    outer loop
      vertex 40 -45.3351 0
      vertex 37.1561 -29.5355 0
      vertex 37.1913 -29.5874 0
    endloop
  endfacet
  facet normal 0 0 -1
    outer loop
      vertex 40 -45.3351 0
      vertex 37.1242 -29.4816 0
      vertex 37.1561 -29.5355 0
    endloop
  endfacet
  facet normal -0 0 -1
    outer loop
      vertex 41.0313 -46.3421 0
      vertex 37.2983 -54.7017 0
      vertex 40.9687 -46.3421 0
    endloop
  endfacet
  facet normal -0 0 -1
    outer loop
      vertex 40.9687 -46.3421 0
      vertex 37.2983 -54.7017 0
      vertex 40.9058 -46.3382 0
    endloop
  endfacet
  facet normal 0 0 -1
    outer loop
      vertex 37.1242 -54.9326 0
      vertex 37.1242 -29.4816 0
      vertex 40 -45.3351 0
    endloop
  endfacet
  facet normal -0 0 -1
    outer loop
      vertex 37.1561 -54.8787 0
      vertex 37.1242 -54.9326 0
      vertex 40 -45.3351 0
    endloop
  endfacet
  facet normal -0 0 -1
    outer loop
      vertex 40.9058 -46.3382 0
      vertex 37.2983 -54.7017 0
      vertex 40.8437 -46.3304 0
    endloop
  endfacet
  facet normal 0 0 -1
    outer loop
      vertex 37.2983 -54.7017 0
      vertex 40.4383 -46.1699 0
      vertex 40.4911 -46.2034 0
    endloop
  endfacet
  facet normal 0 -0 -1
    outer loop
      vertex 40.0826 -45.74 0
      vertex 40.1094 -45.7969 0
      vertex 37.2983 -54.7017 0
    endloop
  endfacet
  facet normal 0 0 -1
    outer loop
      vertex 37.2983 -54.7017 0
      vertex 40.1094 -45.7969 0
      vertex 40.1397 -45.852 0
    endloop
  endfacet
  facet normal 0 0 -1
    outer loop
      vertex 37.0956 -29.4256 0
      vertex 37.1242 -29.4816 0
      vertex 37.1242 -54.9326 0
    endloop
  endfacet
  facet normal 0 0 -1
    outer loop
      vertex 37.0956 -54.9886 0
      vertex 37.0956 -29.4256 0
      vertex 37.1242 -54.9326 0
    endloop
  endfacet
  facet normal 0 0 -1
    outer loop
      vertex 37.0956 -54.9886 0
      vertex 37.0707 -29.3679 0
      vertex 37.0956 -29.4256 0
    endloop
  endfacet
  facet normal -0 0 -1
    outer loop
      vertex 37.0956 -54.9886 0
      vertex 37.0707 -55.0463 0
      vertex 37.0707 -29.3679 0
    endloop
  endfacet
  facet normal -0 -0 -1
    outer loop
      vertex 37.0707 -29.3679 0
      vertex 37.0707 -55.0463 0
      vertex 37.0494 -29.3088 0
    endloop
  endfacet
  facet normal 0 0 -1
    outer loop
      vertex 37.0494 -29.3088 0
      vertex 37.0707 -55.0463 0
      vertex 37.0494 -55.1054 0
    endloop
  endfacet
  facet normal 0 0 -1
    outer loop
      vertex 37.0319 -29.2486 0
      vertex 37.0494 -29.3088 0
      vertex 37.0494 -55.1054 0
    endloop
  endfacet
  facet normal 0 0 -1
    outer loop
      vertex 37.0319 -55.1656 0
      vertex 37.0319 -29.2486 0
      vertex 37.0494 -55.1054 0
    endloop
  endfacet
  facet normal 0 0 -1
    outer loop
      vertex 37.0319 -55.1656 0
      vertex 37.0182 -29.1873 0
      vertex 37.0319 -29.2486 0
    endloop
  endfacet
  facet normal -0 0 -1
    outer loop
      vertex 37.0319 -55.1656 0
      vertex 37.0182 -55.2269 0
      vertex 37.0182 -29.1873 0
    endloop
  endfacet
  facet normal -0 -0 -1
    outer loop
      vertex 37.0182 -29.1873 0
      vertex 37.0182 -55.2269 0
      vertex 37.0084 -29.1253 0
    endloop
  endfacet
  facet normal 0 0 -1
    outer loop
      vertex 37.0084 -29.1253 0
      vertex 37.0182 -55.2269 0
      vertex 37.0084 -55.2889 0
    endloop
  endfacet
  facet normal 0 0 -1
    outer loop
      vertex 37.0025 -29.0629 0
      vertex 37.0084 -29.1253 0
      vertex 37.0084 -55.2889 0
    endloop
  endfacet
  facet normal 0 0 -1
    outer loop
      vertex 34 -1.01593 0
      vertex 37.0025 -29.0629 0
      vertex 37.0025 -55.3514 0
    endloop
  endfacet
  facet normal 0 0 -1
    outer loop
      vertex 34 -1.01593 0
      vertex 37 -28.9841 0
      vertex 37.0025 -29.0629 0
    endloop
  endfacet
  facet normal 0 0 -1
    outer loop
      vertex 36.309 2.95105 0
      vertex 36.5358 2.84433 0
      vertex 36.6374 2.77051 0
    endloop
  endfacet
  facet normal 0 0 -1
    outer loop
      vertex 34 -1.01593 0
      vertex 37 2 0
      vertex 37 -28.9841 0
    endloop
  endfacet
  facet normal -0 -0 -1
    outer loop
      vertex 36.1874 2.98228 0
      vertex 36.309 2.95105 0
      vertex 36.1253 2.99211 0
    endloop
  endfacet
  facet normal -0 -0 -1
    outer loop
      vertex 36.951 2.30902 0
      vertex 36.9921 2.12534 0
      vertex 36.1253 2.99211 0
    endloop
  endfacet
  facet normal -0 -0 -1
    outer loop
      vertex 36.1253 2.99211 0
      vertex 36.9921 2.12534 0
      vertex 36 3 0
    endloop
  endfacet
  facet normal -0 -0 -1
    outer loop
      vertex 36.0628 2.99803 0
      vertex 36.1253 2.99211 0
      vertex 36 3 0
    endloop
  endfacet
  facet normal 0 0 -1
    outer loop
      vertex 36 3 0
      vertex 36.9921 2.12534 0
      vertex 37 2 0
    endloop
  endfacet
  facet normal 0 0 -1
    outer loop
      vertex 33.6842 -0.271362 0
      vertex 36 3 0
      vertex 33.7286 -0.315826 0
    endloop
  endfacet
  facet normal 0 0 -1
    outer loop
      vertex 33.6842 -0.271362 0
      vertex 33.6372 -0.22995 0
      vertex 36 3 0
    endloop
  endfacet
  facet normal 0 0 -1
    outer loop
      vertex 36 3 0
      vertex 33.6372 -0.22995 0
      vertex 33.5874 -0.19133 0
    endloop
  endfacet
  facet normal 0 0 -1
    outer loop
      vertex 33.5355 -0.156052 0
      vertex 36 3 0
      vertex 33.5874 -0.19133 0
    endloop
  endfacet
  facet normal 0 0 -1
    outer loop
      vertex 33.5355 -0.156052 0
      vertex 33.4816 -0.124191 0
      vertex 36 3 0
    endloop
  endfacet
  facet normal 0 0 -1
    outer loop
      vertex 36 3 0
      vertex 33.4816 -0.124191 0
      vertex 33.4256 -0.0956421 0
    endloop
  endfacet
  facet normal 0 0 -1
    outer loop
      vertex 33.3679 -0.0706635 0
      vertex 36 3 0
      vertex 33.4256 -0.0956421 0
    endloop
  endfacet
  facet normal 0 0 -1
    outer loop
      vertex 33.3679 -0.0706635 0
      vertex 33.3088 -0.049408 0
      vertex 36 3 0
    endloop
  endfacet
  facet normal 0 0 -1
    outer loop
      vertex 36 3 0
      vertex 33.3088 -0.049408 0
      vertex 33.2486 -0.0318909 0
    endloop
  endfacet
  facet normal 0 0 -1
    outer loop
      vertex 33.1873 -0.0182037 0
      vertex 36 3 0
      vertex 33.2486 -0.0318909 0
    endloop
  endfacet
  facet normal 0 0 -1
    outer loop
      vertex 33.1873 -0.0182037 0
      vertex 33.1253 -0.00837708 0
      vertex 36 3 0
    endloop
  endfacet
  facet normal 0 0 -1
    outer loop
      vertex 36 3 0
      vertex 33.1253 -0.00837708 0
      vertex 33.0629 -0.00247192 0
    endloop
  endfacet
  facet normal 0 0 -1
    outer loop
      vertex 32.9841 0 0
      vertex 36 3 0
      vertex 33.0629 -0.00247192 0
    endloop
  endfacet
  facet normal 0 0 -1
    outer loop
      vertex 32.9841 0 0
      vertex -2 3 0
      vertex 36 3 0
    endloop
  endfacet
  facet normal 0 0 -1
    outer loop
      vertex 32.9841 0 0
      vertex 1.01593 0 0
      vertex -2 3 0
    endloop
  endfacet
  facet normal 0 0 -1
    outer loop
      vertex -2 3 0
      vertex 1.01593 0 0
      vertex 0.937149 -0.00247192 0
    endloop
  endfacet
  facet normal 0 -0 -1
    outer loop
      vertex -2.68454 2.72897 0
      vertex -2.63742 2.77051 0
      vertex -2.77051 2.63742 0
    endloop
  endfacet
  facet normal 0 0 -1
    outer loop
      vertex -2.77051 2.63742 0
      vertex -2.95105 2.30902 0
      vertex -2.84433 2.53583 0
    endloop
  endfacet
  facet normal 0 -0 -1
    outer loop
      vertex -2.80902 2.58778 0
      vertex -2.77051 2.63742 0
      vertex -2.84433 2.53583 0
    endloop
  endfacet
  facet normal 0 0 -1
    outer loop
      vertex -2.92978 2.36812 0
      vertex -2.90483 2.42578 0
      vertex -2.87631 2.48175 0
    endloop
  endfacet
  facet normal 0 0 -1
    outer loop
      vertex -2.95105 2.30902 0
      vertex -2.87631 2.48175 0
      vertex -2.84433 2.53583 0
    endloop
  endfacet
  facet normal 0 0 -1
    outer loop
      vertex -2.99211 2.12534 0
      vertex -2.95105 2.30902 0
      vertex -2.30902 2.95105 0
    endloop
  endfacet
  facet normal 0 0 -1
    outer loop
      vertex -2.99211 2.12534 0
      vertex -2.98228 2.18738 0
      vertex -2.95105 2.30902 0
    endloop
  endfacet
  facet normal 0 0 -1
    outer loop
      vertex -2.99211 2.12534 0
      vertex -2.30902 2.95105 0
      vertex -2.12534 2.99211 0
    endloop
  endfacet
  facet normal 0 0 -1
    outer loop
      vertex -3 2 0
      vertex -2.99211 2.12534 0
      vertex -2.12534 2.99211 0
    endloop
  endfacet
  facet normal 0 0 -1
    outer loop
      vertex -3 2 0
      vertex -2.99803 2.06279 0
      vertex -2.99211 2.12534 0
    endloop
  endfacet
  facet normal 0 0 -1
    outer loop
      vertex -2 3 0
      vertex -3 2 0
      vertex -2.12534 2.99211 0
    endloop
  endfacet
  facet normal 0 -0 -1
    outer loop
      vertex -2 3 0
      vertex 0.271362 -0.315826 0
      vertex -3 2 0
    endloop
  endfacet
  facet normal 0 0 -1
    outer loop
      vertex -3 2 0
      vertex 0.271362 -0.315826 0
      vertex 0.22995 -0.362793 0
    endloop
  endfacet
  facet normal 0 0 -1
    outer loop
      vertex 0.19133 -0.412598 0
      vertex -3 2 0
      vertex 0.22995 -0.362793 0
    endloop
  endfacet
  facet normal -0 0 -1
    outer loop
      vertex 0.19133 -0.412598 0
      vertex 0.156052 -0.464493 0
      vertex -3 2 0
    endloop
  endfacet
  facet normal 0 0 -1
    outer loop
      vertex -3 2 0
      vertex 0.156052 -0.464493 0
      vertex 0.124191 -0.518387 0
    endloop
  endfacet
  facet normal 0 0 -1
    outer loop
      vertex 0.0956421 -0.574417 0
      vertex -3 2 0
      vertex 0.124191 -0.518387 0
    endloop
  endfacet
  facet normal -0 0 -1
    outer loop
      vertex 0.0956421 -0.574417 0
      vertex 0.0706635 -0.632126 0
      vertex -3 2 0
    endloop
  endfacet
  facet normal 0 0 -1
    outer loop
      vertex -3 2 0
      vertex 0.0706635 -0.632126 0
      vertex 0.049408 -0.691162 0
    endloop
  endfacet
  facet normal 0 0 -1
    outer loop
      vertex 0.0318909 -0.751434 0
      vertex -3 2 0
      vertex 0.049408 -0.691162 0
    endloop
  endfacet
  facet normal -0 0 -1
    outer loop
      vertex 0.0318909 -0.751434 0
      vertex 0.0182037 -0.812698 0
      vertex -3 2 0
    endloop
  endfacet
  facet normal 0 0 -1
    outer loop
      vertex -3 2 0
      vertex 0.0182037 -0.812698 0
      vertex 0.00837708 -0.87471 0
    endloop
  endfacet
  facet normal 0 0 -1
    outer loop
      vertex 0.00247192 -0.937149 0
      vertex -3 2 0
      vertex 0.00837708 -0.87471 0
    endloop
  endfacet
  facet normal -0 0 -1
    outer loop
      vertex 0.00247192 -0.937149 0
      vertex 0 -1.01593 0
      vertex -3 2 0
    endloop
  endfacet
  facet normal 0 0 -1
    outer loop
      vertex -3 2 0
      vertex 0 -1.01593 0
      vertex -3 -28.9841 0
    endloop
  endfacet
  facet normal 0 0 -1
    outer loop
      vertex -3.07066 -29.3679 0
      vertex -3.08264 -55.0174 0
      vertex -3.09564 -29.4256 0
    endloop
  endfacet
  facet normal 0 0 -1
    outer loop
      vertex -3.12419 -29.4816 0
      vertex -3.09564 -29.4256 0
      vertex -3.10944 -54.9605 0
    endloop
  endfacet
  facet normal 0 -0 -1
    outer loop
      vertex -3.09564 -29.4256 0
      vertex -3.08264 -55.0174 0
      vertex -3.10944 -54.9605 0
    endloop
  endfacet
  facet normal 0 0 -1
    outer loop
      vertex -6 -45.3273 0
      vertex -3.12419 -29.4816 0
      vertex -3.10944 -54.9605 0
    endloop
  endfacet
  facet normal 0 0 -1
    outer loop
      vertex -6 -45.3273 0
      vertex -3.15605 -29.5355 0
      vertex -3.12419 -29.4816 0
    endloop
  endfacet
  facet normal 0 0 -1
    outer loop
      vertex -3.13972 -54.9053 0
      vertex -6 -45.3273 0
      vertex -3.10944 -54.9605 0
    endloop
  endfacet
  facet normal 0 0 -1
    outer loop
      vertex -3.15605 -29.5355 0
      vertex -6 -45.3273 0
      vertex -3.19133 -29.5874 0
    endloop
  endfacet
  facet normal 0 0 -1
    outer loop
      vertex -3.13972 -54.9053 0
      vertex -3.17326 -54.8525 0
      vertex -6 -45.3273 0
    endloop
  endfacet
  facet normal 0 0 -1
    outer loop
      vertex -3.22995 -29.6372 0
      vertex -6 -45.3273 0
      vertex -3.27136 -29.6842 0
    endloop
  endfacet
  facet normal 0 -0 -1
    outer loop
      vertex -3.22995 -29.6372 0
      vertex -3.19133 -29.5874 0
      vertex -6 -45.3273 0
    endloop
  endfacet
  facet normal 0 0 -1
    outer loop
      vertex -3.31583 -29.7286 0
      vertex -6 -34.0159 0
      vertex -3.36279 -29.7701 0
    endloop
  endfacet
  facet normal 0 0 -1
    outer loop
      vertex -6.00249 -45.406 0
      vertex -3.17326 -54.8525 0
      vertex -3.21034 -54.8015 0
    endloop
  endfacet
  facet normal 0 0 -1
    outer loop
      vertex -3.57442 -29.9044 0
      vertex -6.00247 -33.9372 0
      vertex -3.63213 -29.9293 0
    endloop
  endfacet
  facet normal 0 0 -1
    outer loop
      vertex -6.03189 -33.7514 0
      vertex -3.75143 -29.9681 0
      vertex -6.0182 -33.8127 0
    endloop
  endfacet
  facet normal 0 0 -1
    outer loop
      vertex -3.87471 -29.9916 0
      vertex -6.07066 -33.6321 0
      vertex -3.93715 -29.9975 0
    endloop
  endfacet
  facet normal 0 0 -1
    outer loop
      vertex -6.15605 -33.4645 0
      vertex -6.19133 -33.4126 0
      vertex -4.01593 -30 0
    endloop
  endfacet
  facet normal 0 0 -1
    outer loop
      vertex -4.01593 -30 0
      vertex -6.4126 -33.1913 0
      vertex -6.46449 -33.1561 0
    endloop
  endfacet
  facet normal 0 0 -1
    outer loop
      vertex -6.57442 -33.0956 0
      vertex -4.01593 -30 0
      vertex -6.51839 -33.1242 0
    endloop
  endfacet
  facet normal 0 0 -1
    outer loop
      vertex -6.57442 -33.0956 0
      vertex -6.63213 -33.0707 0
      vertex -4.01593 -30 0
    endloop
  endfacet
  facet normal 0 0 -1
    outer loop
      vertex -4.01593 -30 0
      vertex -6.63213 -33.0707 0
      vertex -6.69116 -33.0494 0
    endloop
  endfacet
  facet normal 0 0 -1
    outer loop
      vertex -6.75143 -33.0319 0
      vertex -4.01593 -30 0
      vertex -6.69116 -33.0494 0
    endloop
  endfacet
  facet normal 0 0 -1
    outer loop
      vertex -6.75143 -33.0319 0
      vertex -6.8127 -33.0182 0
      vertex -4.01593 -30 0
    endloop
  endfacet
  facet normal 0 0 -1
    outer loop
      vertex -4.01593 -30 0
      vertex -6.8127 -33.0182 0
      vertex -6.87471 -33.0084 0
    endloop
  endfacet
  facet normal 0 0 -1
    outer loop
      vertex -6.93715 -33.0025 0
      vertex -4.01593 -30 0
      vertex -6.87471 -33.0084 0
    endloop
  endfacet
  facet normal 0 0 -1
    outer loop
      vertex -6.93715 -33.0025 0
      vertex -7.01593 -33 0
      vertex -4.01593 -30 0
    endloop
  endfacet
  facet normal 0 0 -1
    outer loop
      vertex 0 -1.01593 0
      vertex -3.0005 -55.3907 0
      vertex -3.00247 -29.0629 0
    endloop
  endfacet
  facet normal 0 0 -1
    outer loop
      vertex -18.74 -33.0826 0
      vertex -18.8255 -29.5435 0
      vertex -18.6818 -33.0596 0
    endloop
  endfacet
  facet normal -0 0 -1
    outer loop
      vertex -18.74 -33.0826 0
      vertex -18.7969 -33.1094 0
      vertex -18.8255 -29.5435 0
    endloop
  endfacet
  facet normal -0 0 -1
    outer loop
      vertex -18.852 -33.1397 0
      vertex -18.9048 -33.1733 0
      vertex -19.2689 -29.3839 0
    endloop
  endfacet
  facet normal -0 -0 -1
    outer loop
      vertex -19.2689 -29.3839 0
      vertex -18.9048 -33.1733 0
      vertex -19.356 -29.3494 0
    endloop
  endfacet
  facet normal -0 -0 -1
    outer loop
      vertex -7 -46.3426 0
      vertex -3.30396 -54.696 0
      vertex -7.06285 -46.3407 0
    endloop
  endfacet
  facet normal 0 0 -1
    outer loop
      vertex -27.7071 -30.2929 0
      vertex -19.3382 -33.9059 0
      vertex -19.3421 -33.9687 0
    endloop
  endfacet
  facet normal 0 0 -1
    outer loop
      vertex -27.7071 -30.2929 0
      vertex -21.2513 -28.3075 0
      vertex -20.8612 -28.5726 0
    endloop
  endfacet
  facet normal 0 0 -1
    outer loop
      vertex -27.7071 -30.2929 0
      vertex -21.3273 -28.2522 0
      vertex -21.2513 -28.3075 0
    endloop
  endfacet
  facet normal 0 0 -1
    outer loop
      vertex -19.0392 -34.7182 0
      vertex -27.7071 -30.2929 0
      vertex -19.0929 -34.661 0
    endloop
  endfacet
  facet normal -0 0 -1
    outer loop
      vertex -21.3273 -28.2522 0
      vertex -27.7071 -30.2929 0
      vertex -21.6997 -27.9634 0
    endloop
  endfacet
  facet normal -0 0 -1
    outer loop
      vertex -21.6997 -27.9634 0
      vertex -27.7071 -30.2929 0
      vertex -21.772 -27.9036 0
    endloop
  endfacet
  facet normal -0 0 -1
    outer loop
      vertex -21.772 -27.9036 0
      vertex -27.7071 -30.2929 0
      vertex -22.1256 -27.5919 0
    endloop
  endfacet
  facet normal -0 0 -1
    outer loop
      vertex -22.1256 -27.5919 0
      vertex -27.7071 -30.2929 0
      vertex -22.1942 -27.5275 0
    endloop
  endfacet
  facet normal -0 0 -1
    outer loop
      vertex -22.1942 -27.5275 0
      vertex -27.7071 -30.2929 0
      vertex -22.5274 -27.1942 0
    endloop
  endfacet
  facet normal -0 0 -1
    outer loop
      vertex -22.5274 -27.1942 0
      vertex -27.7071 -30.2929 0
      vertex -22.5918 -27.1256 0
    endloop
  endfacet
  facet normal -0 0 -1
    outer loop
      vertex -22.5918 -27.1256 0
      vertex -27.7071 -30.2929 0
      vertex -22.9035 -26.772 0
    endloop
  endfacet
  facet normal 0 0 -1
    outer loop
      vertex -22.9035 -26.772 0
      vertex -27.7071 -30.2929 0
      vertex -28 -29.5858 0
    endloop
  endfacet
  facet normal 0 0 -1
    outer loop
      vertex -28 -29.5858 0
      vertex -27.7071 -30.2929 0
      vertex -27.7705 -30.2232 0
    endloop
  endfacet
  facet normal 0 0 -1
    outer loop
      vertex -27.7705 -30.2232 0
      vertex -27.7071 -30.2929 0
      vertex -27.729 -30.2703 0
    endloop
  endfacet
  facet normal 0 0 -1
    outer loop
      vertex -27.7705 -30.2232 0
      vertex -27.8443 -30.1216 0
      vertex -27.951 -29.8948 0
    endloop
  endfacet
  facet normal 0 0 -1
    outer loop
      vertex -27.7705 -30.2232 0
      vertex -27.809 -30.1736 0
      vertex -27.8443 -30.1216 0
    endloop
  endfacet
  facet normal 0 0 -1
    outer loop
      vertex -27.8763 -30.0675 0
      vertex -27.951 -29.8948 0
      vertex -27.8443 -30.1216 0
    endloop
  endfacet
  facet normal 0 0 -1
    outer loop
      vertex -27.8763 -30.0675 0
      vertex -27.9298 -29.9539 0
      vertex -27.951 -29.8948 0
    endloop
  endfacet
  facet normal 0 0 -1
    outer loop
      vertex -27.8763 -30.0675 0
      vertex -27.9048 -30.0116 0
      vertex -27.9298 -29.9539 0
    endloop
  endfacet
  facet normal 0 0 -1
    outer loop
      vertex -27.951 -29.8948 0
      vertex -27.9686 -29.8345 0
      vertex -27.9823 -29.7732 0
    endloop
  endfacet
  facet normal 0 0 -1
    outer loop
      vertex -27.9921 -29.7111 0
      vertex -27.951 -29.8948 0
      vertex -27.9823 -29.7732 0
    endloop
  endfacet
  facet normal 0 0 -1
    outer loop
      vertex -27.9921 -29.7111 0
      vertex -27.998 -29.6486 0
      vertex -28 -29.5858 0
    endloop
  endfacet
  facet normal 0 0 -1
    outer loop
      vertex -27.951 -29.8948 0
      vertex -27.9921 -29.7111 0
      vertex -27.7705 -30.2232 0
    endloop
  endfacet
  facet normal 0 0 -1
    outer loop
      vertex -27.7705 -30.2232 0
      vertex -27.9921 -29.7111 0
      vertex -28 -29.5858 0
    endloop
  endfacet
  facet normal 0 -0 -1
    outer loop
      vertex -22.9634 -26.6997 0
      vertex -22.9035 -26.772 0
      vertex -28 -29.5858 0
    endloop
  endfacet
  facet normal 0 0 -1
    outer loop
      vertex -28 -29.5858 0
      vertex -23.9083 -25.2935 0
      vertex -23.8627 -25.3764 0
    endloop
  endfacet
  facet normal -0 0 -1
    outer loop
      vertex -24.5435 -23.8256 0
      vertex -28 -29.5858 0
      vertex -28 -21 0
    endloop
  endfacet
  facet normal 0 0 -1
    outer loop
      vertex -24.8304 -22.7321 0
      vertex -28 -21 0
      vertex -24.848 -22.6398 0
    endloop
  endfacet
  facet normal 0 -0 -1
    outer loop
      vertex -27.1253 -20.0079 0
      vertex -27 -20 0
      vertex -28 -21 0
    endloop
  endfacet
  facet normal 0 0 -1
    outer loop
      vertex -27.951 -20.691 0
      vertex -27.9921 -20.8747 0
      vertex -27.9823 -20.8126 0
    endloop
  endfacet
  facet normal 0 0 -1
    outer loop
      vertex -27.7705 -20.3626 0
      vertex -27.8443 -20.4642 0
      vertex -27.809 -20.4122 0
    endloop
  endfacet
  facet normal 0 0 -1
    outer loop
      vertex -27.7705 -20.3626 0
      vertex -27.951 -20.691 0
      vertex -27.8443 -20.4642 0
    endloop
  endfacet
  facet normal 0 0 -1
    outer loop
      vertex -27.7705 -20.3626 0
      vertex -27.6845 -20.271 0
      vertex -27.6374 -20.2295 0
    endloop
  endfacet
  facet normal 0 0 -1
    outer loop
      vertex -27.7705 -20.3626 0
      vertex -27.729 -20.3155 0
      vertex -27.6845 -20.271 0
    endloop
  endfacet
  facet normal 0 0 -1
    outer loop
      vertex -27.309 -20.049 0
      vertex -27.951 -20.691 0
      vertex -27.6374 -20.2295 0
    endloop
  endfacet
  facet normal 0 0 -1
    outer loop
      vertex -27.5358 -20.1557 0
      vertex -27.4818 -20.1237 0
      vertex -27.309 -20.049 0
    endloop
  endfacet
  facet normal 0 0 -1
    outer loop
      vertex -27.4818 -20.1237 0
      vertex -27.4258 -20.0952 0
      vertex -27.3681 -20.0702 0
    endloop
  endfacet
  facet normal 0 0 -1
    outer loop
      vertex -27.951 -20.691 0
      vertex -27.7705 -20.3626 0
      vertex -27.6374 -20.2295 0
    endloop
  endfacet
  facet normal 0 0 -1
    outer loop
      vertex -27.951 -20.691 0
      vertex -27.9298 -20.6319 0
      vertex -27.8763 -20.5182 0
    endloop
  endfacet
  facet normal 0 0 -1
    outer loop
      vertex -24.9993 -21.0232 0
      vertex -25.9998 -20 0
      vertex -24.9999 -20.9841 0
    endloop
  endfacet
  facet normal 0 0 -1
    outer loop
      vertex -25.9529 -20.0011 0
      vertex -25.8902 -20.006 0
      vertex -25.828 -20.0149 0
    endloop
  endfacet
  facet normal 0 0 -1
    outer loop
      vertex -25.6465 -20.0645 0
      vertex -25.7665 -20.0276 0
      vertex -25.7059 -20.0441 0
    endloop
  endfacet
  facet normal -0 -0 -1
    outer loop
      vertex -25.0537 -20.6759 0
      vertex -25.0098 -20.8589 0
      vertex -25.5884 -20.0885 0
    endloop
  endfacet
  facet normal -0 -0 -1
    outer loop
      vertex -25.4249 -20.1817 0
      vertex -25.0537 -20.6759 0
      vertex -25.5884 -20.0885 0
    endloop
  endfacet
  facet normal -0 -0 -1
    outer loop
      vertex -25.2818 -20.3039 0
      vertex -25.2395 -20.3504 0
      vertex -25.3269 -20.2602 0
    endloop
  endfacet
  facet normal 0 0 -1
    outer loop
      vertex -25.1018 -20.5599 0
      vertex -25.1641 -20.4508 0
      vertex -25.1312 -20.5044 0
    endloop
  endfacet
  facet normal 0 0 -1
    outer loop
      vertex -25.0352 -20.7359 0
      vertex -25.0206 -20.797 0
      vertex -25.0098 -20.8589 0
    endloop
  endfacet
  facet normal -0 -0 -1
    outer loop
      vertex -25.0029 -20.9213 0
      vertex -24.9999 -20.9841 0
      vertex -25.0098 -20.8589 0
    endloop
  endfacet
  facet normal 0 0 -1
    outer loop
      vertex -25.0537 -20.6759 0
      vertex -25.0352 -20.7359 0
      vertex -25.0098 -20.8589 0
    endloop
  endfacet
  facet normal -0 -0 -1
    outer loop
      vertex -25.076 -20.6171 0
      vertex -25.0537 -20.6759 0
      vertex -25.1018 -20.5599 0
    endloop
  endfacet
  facet normal 0 0 -1
    outer loop
      vertex -25.4249 -20.1817 0
      vertex -25.3269 -20.2602 0
      vertex -25.1641 -20.4508 0
    endloop
  endfacet
  facet normal -0 -0 -1
    outer loop
      vertex -25.2395 -20.3504 0
      vertex -25.2002 -20.3994 0
      vertex -25.3269 -20.2602 0
    endloop
  endfacet
  facet normal 0 0 -1
    outer loop
      vertex -25.3269 -20.2602 0
      vertex -25.2002 -20.3994 0
      vertex -25.1641 -20.4508 0
    endloop
  endfacet
  facet normal -0 -0 -1
    outer loop
      vertex -25.1641 -20.4508 0
      vertex -25.1018 -20.5599 0
      vertex -25.4249 -20.1817 0
    endloop
  endfacet
  facet normal -0 -0 -1
    outer loop
      vertex -25.3747 -20.2194 0
      vertex -25.3269 -20.2602 0
      vertex -25.4249 -20.1817 0
    endloop
  endfacet
  facet normal 0 0 -1
    outer loop
      vertex -25.4249 -20.1817 0
      vertex -25.1018 -20.5599 0
      vertex -25.0537 -20.6759 0
    endloop
  endfacet
  facet normal -0 -0 -1
    outer loop
      vertex -25.532 -20.1161 0
      vertex -25.4249 -20.1817 0
      vertex -25.5884 -20.0885 0
    endloop
  endfacet
  facet normal 0 0 -1
    outer loop
      vertex -25.532 -20.1161 0
      vertex -25.4774 -20.1472 0
      vertex -25.4249 -20.1817 0
    endloop
  endfacet
  facet normal 0 0 -1
    outer loop
      vertex -25.5884 -20.0885 0
      vertex -25.828 -20.0149 0
      vertex -25.7665 -20.0276 0
    endloop
  endfacet
  facet normal -0 -0 -1
    outer loop
      vertex -25.6465 -20.0645 0
      vertex -25.5884 -20.0885 0
      vertex -25.7665 -20.0276 0
    endloop
  endfacet
  facet normal 0 0 -1
    outer loop
      vertex -25.0098 -20.8589 0
      vertex -25.828 -20.0149 0
      vertex -25.5884 -20.0885 0
    endloop
  endfacet
  facet normal 0 0 -1
    outer loop
      vertex -25.0098 -20.8589 0
      vertex -25.9998 -20 0
      vertex -25.828 -20.0149 0
    endloop
  endfacet
  facet normal 0 0 -1
    outer loop
      vertex -25.9998 -20 0
      vertex -25.9529 -20.0011 0
      vertex -25.828 -20.0149 0
    endloop
  endfacet
  facet normal 0 0 -1
    outer loop
      vertex -24.9999 -20.9841 0
      vertex -25.9998 -20 0
      vertex -25.0098 -20.8589 0
    endloop
  endfacet
  facet normal -0 -0 -1
    outer loop
      vertex -24.9993 -21.0232 0
      vertex -24.9837 -21.5181 0
      vertex -25.9998 -20 0
    endloop
  endfacet
  facet normal -0 -0 -1
    outer loop
      vertex -25.9998 -20 0
      vertex -24.9837 -21.5181 0
      vertex -27 -20 0
    endloop
  endfacet
  facet normal 0 0 -1
    outer loop
      vertex -27 -20 0
      vertex -27.1253 -20.0079 0
      vertex -27.0628 -20.002 0
    endloop
  endfacet
  facet normal 0 0 -1
    outer loop
      vertex -27.309 -20.049 0
      vertex -27.1874 -20.0177 0
      vertex -27.1253 -20.0079 0
    endloop
  endfacet
  facet normal 0 0 -1
    outer loop
      vertex -27.309 -20.049 0
      vertex -27.2487 -20.0314 0
      vertex -27.1874 -20.0177 0
    endloop
  endfacet
  facet normal 0 0 -1
    outer loop
      vertex -27.309 -20.049 0
      vertex -27.4818 -20.1237 0
      vertex -27.3681 -20.0702 0
    endloop
  endfacet
  facet normal 0 -0 -1
    outer loop
      vertex -27.5878 -20.191 0
      vertex -27.5358 -20.1557 0
      vertex -27.6374 -20.2295 0
    endloop
  endfacet
  facet normal 0 0 -1
    outer loop
      vertex -27.6374 -20.2295 0
      vertex -27.5358 -20.1557 0
      vertex -27.309 -20.049 0
    endloop
  endfacet
  facet normal 0 -0 -1
    outer loop
      vertex -27.9048 -20.5742 0
      vertex -27.8763 -20.5182 0
      vertex -27.9298 -20.6319 0
    endloop
  endfacet
  facet normal 0 -0 -1
    outer loop
      vertex -27.8763 -20.5182 0
      vertex -27.8443 -20.4642 0
      vertex -27.951 -20.691 0
    endloop
  endfacet
  facet normal 0 -0 -1
    outer loop
      vertex -27.951 -20.691 0
      vertex -27.309 -20.049 0
      vertex -27.9921 -20.8747 0
    endloop
  endfacet
  facet normal 0 -0 -1
    outer loop
      vertex -27.9686 -20.7513 0
      vertex -27.951 -20.691 0
      vertex -27.9823 -20.8126 0
    endloop
  endfacet
  facet normal 0 -0 -1
    outer loop
      vertex -27.309 -20.049 0
      vertex -27.1253 -20.0079 0
      vertex -27.9921 -20.8747 0
    endloop
  endfacet
  facet normal 0 -0 -1
    outer loop
      vertex -27.9921 -20.8747 0
      vertex -27.1253 -20.0079 0
      vertex -28 -21 0
    endloop
  endfacet
  facet normal 0 -0 -1
    outer loop
      vertex -27.998 -20.9372 0
      vertex -27.9921 -20.8747 0
      vertex -28 -21 0
    endloop
  endfacet
  facet normal 0 0 -1
    outer loop
      vertex -28 -21 0
      vertex -27 -20 0
      vertex -24.9837 -21.5181 0
    endloop
  endfacet
  facet normal 0 0 -1
    outer loop
      vertex -24.9778 -21.6124 0
      vertex -28 -21 0
      vertex -24.9837 -21.5181 0
    endloop
  endfacet
  facet normal -0 -0 -1
    outer loop
      vertex -24.9778 -21.6124 0
      vertex -24.9335 -22.0812 0
      vertex -28 -21 0
    endloop
  endfacet
  facet normal 0 0 -1
    outer loop
      vertex -28 -21 0
      vertex -24.9335 -22.0812 0
      vertex -24.9217 -22.1743 0
    endloop
  endfacet
  facet normal 0 0 -1
    outer loop
      vertex -24.848 -22.6398 0
      vertex -28 -21 0
      vertex -24.9217 -22.1743 0
    endloop
  endfacet
  facet normal -0 -0 -1
    outer loop
      vertex -24.8304 -22.7321 0
      vertex -24.7274 -23.1926 0
      vertex -28 -21 0
    endloop
  endfacet
  facet normal 0 0 -1
    outer loop
      vertex -28 -21 0
      vertex -24.7274 -23.1926 0
      vertex -24.7042 -23.2831 0
    endloop
  endfacet
  facet normal 0 0 -1
    outer loop
      vertex -24.5725 -23.7362 0
      vertex -28 -21 0
      vertex -24.7042 -23.2831 0
    endloop
  endfacet
  facet normal -0 -0 -1
    outer loop
      vertex -24.5725 -23.7362 0
      vertex -24.5435 -23.8256 0
      vertex -28 -21 0
    endloop
  endfacet
  facet normal 0 -0 -1
    outer loop
      vertex -24.5435 -23.8256 0
      vertex -24.3839 -24.2689 0
      vertex -28 -29.5858 0
    endloop
  endfacet
  facet normal 0 0 -1
    outer loop
      vertex -28 -29.5858 0
      vertex -24.3839 -24.2689 0
      vertex -24.3494 -24.356 0
    endloop
  endfacet
  facet normal -0 0 -1
    outer loop
      vertex -24.162 -24.7889 0
      vertex -28 -29.5858 0
      vertex -24.3494 -24.356 0
    endloop
  endfacet
  facet normal 0 -0 -1
    outer loop
      vertex -24.162 -24.7889 0
      vertex -24.1219 -24.8743 0
      vertex -28 -29.5858 0
    endloop
  endfacet
  facet normal 0 0 -1
    outer loop
      vertex -28 -29.5858 0
      vertex -24.1219 -24.8743 0
      vertex -23.9083 -25.2935 0
    endloop
  endfacet
  facet normal -0 0 -1
    outer loop
      vertex -23.6229 -25.7819 0
      vertex -28 -29.5858 0
      vertex -23.8627 -25.3764 0
    endloop
  endfacet
  facet normal 0 -0 -1
    outer loop
      vertex -23.6229 -25.7819 0
      vertex -23.5726 -25.8612 0
      vertex -28 -29.5858 0
    endloop
  endfacet
  facet normal 0 0 -1
    outer loop
      vertex -28 -29.5858 0
      vertex -23.5726 -25.8612 0
      vertex -23.3074 -26.2513 0
    endloop
  endfacet
  facet normal -0 0 -1
    outer loop
      vertex -23.2522 -26.3273 0
      vertex -28 -29.5858 0
      vertex -23.3074 -26.2513 0
    endloop
  endfacet
  facet normal 0 -0 -1
    outer loop
      vertex -23.2522 -26.3273 0
      vertex -22.9634 -26.6997 0
      vertex -28 -29.5858 0
    endloop
  endfacet
  facet normal 0 0 -1
    outer loop
      vertex -19.3186 -34.218 0
      vertex -27.7071 -30.2929 0
      vertex -19.3304 -34.1563 0
    endloop
  endfacet
  facet normal 0 0 -1
    outer loop
      vertex -19.3382 -34.0942 0
      vertex -27.7071 -30.2929 0
      vertex -19.3421 -34.0313 0
    endloop
  endfacet
  facet normal 0 0 -1
    outer loop
      vertex -27.7071 -30.2929 0
      vertex -19.3304 -33.8437 0
      vertex -19.3382 -33.9059 0
    endloop
  endfacet
  facet normal 0 0 -1
    outer loop
      vertex -25.1018 -60.5599 0
      vertex -25.1641 -60.4508 0
      vertex -25.1312 -60.5044 0
    endloop
  endfacet
  facet normal 0 0 -1
    outer loop
      vertex -27.7071 -30.2929 0
      vertex -19.3029 -33.721 0
      vertex -19.3186 -33.782 0
    endloop
  endfacet
  facet normal 0 0 -1
    outer loop
      vertex -25.0537 -60.6759 0
      vertex -25.1018 -60.5599 0
      vertex -25.076 -60.6171 0
    endloop
  endfacet
  facet normal 0 0 -1
    outer loop
      vertex -27.7071 -30.2929 0
      vertex -20.8612 -28.5726 0
      vertex -19.2835 -33.6614 0
    endloop
  endfacet
  facet normal -0 -0 -1
    outer loop
      vertex -25.0206 -60.797 0
      vertex -25.0098 -60.8589 0
      vertex -25.0352 -60.7359 0
    endloop
  endfacet
  facet normal 0 0 -1
    outer loop
      vertex -19.2835 -33.6614 0
      vertex -20.8612 -28.5726 0
      vertex -19.2605 -33.6032 0
    endloop
  endfacet
  facet normal 0 0 -1
    outer loop
      vertex -6 -74.0159 0
      vertex -3.51839 -69.8758 0
      vertex -3.46449 -69.8439 0
    endloop
  endfacet
  facet normal 0 0 -1
    outer loop
      vertex 0 -94 0
      vertex -3 -68.9841 0
      vertex -3 -55.4223 0
    endloop
  endfacet
  facet normal 0 -0 -1
    outer loop
      vertex 0 -1.01593 0
      vertex 0 -94 0
      vertex -3.0005 -55.3907 0
    endloop
  endfacet
  facet normal 0 0 -1
    outer loop
      vertex -20.3764 -28.8627 0
      vertex -19.1699 -33.4383 0
      vertex -19.2034 -33.4911 0
    endloop
  endfacet
  facet normal 0 0 -1
    outer loop
      vertex -3.30396 -54.696 0
      vertex -7.71248 -46.0449 0
      vertex -7.69016 -46.0665 0
    endloop
  endfacet
  facet normal -0 -0 -1
    outer loop
      vertex -19.356 -29.3494 0
      vertex -19.0041 -33.2502 0
      vertex -19.7889 -29.1621 0
    endloop
  endfacet
  facet normal 0 0 -1
    outer loop
      vertex -6.00838 -45.4684 0
      vertex -6.00249 -45.406 0
      vertex -3.21034 -54.8015 0
    endloop
  endfacet
  facet normal 0 0 -1
    outer loop
      vertex -18.6818 -33.0596 0
      vertex -18.7362 -29.5726 0
      vertex -18.6221 -33.0402 0
    endloop
  endfacet
  facet normal 0 -0 -1
    outer loop
      vertex -3.07066 -29.3679 0
      vertex -3.0596 -55.0756 0
      vertex -3.08264 -55.0174 0
    endloop
  endfacet
  facet normal 0 0 -1
    outer loop
      vertex -3.07066 -29.3679 0
      vertex -3.04941 -29.3088 0
      vertex -3.0596 -55.0756 0
    endloop
  endfacet
  facet normal 0 0 -1
    outer loop
      vertex -3.0596 -55.0756 0
      vertex -3.04941 -29.3088 0
      vertex -3.04021 -55.1353 0
    endloop
  endfacet
  facet normal 0 0 -1
    outer loop
      vertex -3.04021 -55.1353 0
      vertex -3.04941 -29.3088 0
      vertex -3.03189 -29.2486 0
    endloop
  endfacet
  facet normal 0 0 -1
    outer loop
      vertex -3.02457 -55.1962 0
      vertex -3.04021 -55.1353 0
      vertex -3.03189 -29.2486 0
    endloop
  endfacet
  facet normal 0 0 -1
    outer loop
      vertex -3.0182 -29.1873 0
      vertex -3.02457 -55.1962 0
      vertex -3.03189 -29.2486 0
    endloop
  endfacet
  facet normal 0 -0 -1
    outer loop
      vertex -3.0182 -29.1873 0
      vertex -3.01279 -55.2579 0
      vertex -3.02457 -55.1962 0
    endloop
  endfacet
  facet normal 0 0 -1
    outer loop
      vertex -3.0182 -29.1873 0
      vertex -3.00838 -29.1253 0
      vertex -3.01279 -55.2579 0
    endloop
  endfacet
  facet normal 0 0 -1
    outer loop
      vertex -3.01279 -55.2579 0
      vertex -3.00838 -29.1253 0
      vertex -3.00494 -55.3201 0
    endloop
  endfacet
  facet normal 0 0 -1
    outer loop
      vertex -3.00494 -55.3201 0
      vertex -3.00838 -29.1253 0
      vertex -3.00247 -29.0629 0
    endloop
  endfacet
  facet normal 0 0 -1
    outer loop
      vertex -3.0005 -55.3907 0
      vertex -3.00494 -55.3201 0
      vertex -3.00247 -29.0629 0
    endloop
  endfacet
  facet normal 0 0 -1
    outer loop
      vertex -3.0005 -55.3907 0
      vertex 0 -94 0
      vertex -3 -55.4223 0
    endloop
  endfacet
  facet normal 0 0 -1
    outer loop
      vertex 0 -94 0
      vertex -3.00247 -69.0629 0
      vertex -3 -68.9841 0
    endloop
  endfacet
  facet normal 0 0 -1
    outer loop
      vertex 0 -94 0
      vertex -3.00838 -69.1253 0
      vertex -3.00247 -69.0629 0
    endloop
  endfacet
  facet normal 0 0 -1
    outer loop
      vertex 0 -94 0
      vertex -3.0182 -69.1873 0
      vertex -3.00838 -69.1253 0
    endloop
  endfacet
  facet normal 0 0 -1
    outer loop
      vertex 0 -94 0
      vertex -3.03189 -69.2486 0
      vertex -3.0182 -69.1873 0
    endloop
  endfacet
  facet normal 0 0 -1
    outer loop
      vertex 0 -94 0
      vertex -3.04941 -69.3088 0
      vertex -3.03189 -69.2486 0
    endloop
  endfacet
  facet normal 0 0 -1
    outer loop
      vertex 0 -94 0
      vertex -3.07066 -69.3679 0
      vertex -3.04941 -69.3088 0
    endloop
  endfacet
  facet normal 0 0 -1
    outer loop
      vertex 0 -94 0
      vertex -3.09564 -69.4256 0
      vertex -3.07066 -69.3679 0
    endloop
  endfacet
  facet normal 0 0 -1
    outer loop
      vertex 0 -94 0
      vertex -3.12419 -69.4816 0
      vertex -3.09564 -69.4256 0
    endloop
  endfacet
  facet normal 0 0 -1
    outer loop
      vertex 0 -94 0
      vertex -3.15605 -69.5355 0
      vertex -3.12419 -69.4816 0
    endloop
  endfacet
  facet normal 0 0 -1
    outer loop
      vertex 0 -94 0
      vertex -3.19133 -69.5874 0
      vertex -3.15605 -69.5355 0
    endloop
  endfacet
  facet normal 0 0 -1
    outer loop
      vertex -6 -85.3273 0
      vertex -3.22995 -69.6372 0
      vertex -3.19133 -69.5874 0
    endloop
  endfacet
  facet normal 0 0 -1
    outer loop
      vertex -6 -74.0159 0
      vertex -3.27136 -69.6842 0
      vertex -6 -85.3273 0
    endloop
  endfacet
  facet normal 0 0 -1
    outer loop
      vertex -6.00247 -73.9372 0
      vertex -3.63213 -69.9293 0
      vertex -3.57442 -69.9044 0
    endloop
  endfacet
  facet normal 0 0 -1
    outer loop
      vertex -3.75143 -69.9681 0
      vertex -6.0182 -73.8127 0
      vertex -6.03189 -73.7514 0
    endloop
  endfacet
  facet normal 0 0 -1
    outer loop
      vertex -6.07066 -73.6321 0
      vertex -3.93715 -69.9975 0
      vertex -3.87471 -69.9916 0
    endloop
  endfacet
  facet normal 0 0 -1
    outer loop
      vertex -6.19133 -73.4126 0
      vertex -4.01593 -70 0
      vertex -6.15605 -73.4645 0
    endloop
  endfacet
  facet normal 0 0 -1
    outer loop
      vertex -6.4126 -73.1913 0
      vertex -6.46449 -73.1561 0
      vertex -4.01593 -70 0
    endloop
  endfacet
  facet normal 0 0 -1
    outer loop
      vertex -4.01593 -70 0
      vertex -6.51839 -73.1242 0
      vertex -6.57442 -73.0956 0
    endloop
  endfacet
  facet normal 0 0 -1
    outer loop
      vertex -6.63213 -73.0707 0
      vertex -4.01593 -70 0
      vertex -6.57442 -73.0956 0
    endloop
  endfacet
  facet normal 0 0 -1
    outer loop
      vertex -6.63213 -73.0707 0
      vertex -6.69116 -73.0494 0
      vertex -4.01593 -70 0
    endloop
  endfacet
  facet normal 0 0 -1
    outer loop
      vertex -4.01593 -70 0
      vertex -6.69116 -73.0494 0
      vertex -6.75143 -73.0319 0
    endloop
  endfacet
  facet normal 0 0 -1
    outer loop
      vertex -6.8127 -73.0182 0
      vertex -4.01593 -70 0
      vertex -6.75143 -73.0319 0
    endloop
  endfacet
  facet normal 0 0 -1
    outer loop
      vertex -6.8127 -73.0182 0
      vertex -6.87471 -73.0084 0
      vertex -4.01593 -70 0
    endloop
  endfacet
  facet normal 0 0 -1
    outer loop
      vertex -4.01593 -70 0
      vertex -6.87471 -73.0084 0
      vertex -6.93715 -73.0025 0
    endloop
  endfacet
  facet normal 0 0 -1
    outer loop
      vertex -7.01593 -73 0
      vertex -4.01593 -70 0
      vertex -6.93715 -73.0025 0
    endloop
  endfacet
  facet normal 0 0 -1
    outer loop
      vertex -18.7362 -69.5726 0
      vertex -18.5611 -73.0246 0
      vertex -18.6221 -73.0402 0
    endloop
  endfacet
  facet normal 0 0 -1
    outer loop
      vertex -24.9999 -60.9841 0
      vertex -25.0098 -60.8589 0
      vertex -25.0029 -60.9213 0
    endloop
  endfacet
  facet normal 0 0 -1
    outer loop
      vertex -18.8255 -69.5435 0
      vertex -18.6818 -73.0596 0
      vertex -18.74 -73.0826 0
    endloop
  endfacet
  facet normal 0 0 -1
    outer loop
      vertex -18.9048 -73.1733 0
      vertex -19.2689 -69.3839 0
      vertex -18.852 -73.1397 0
    endloop
  endfacet
  facet normal 0 0 -1
    outer loop
      vertex -19.0041 -73.2502 0
      vertex -19.7889 -69.1621 0
      vertex -19.356 -69.3494 0
    endloop
  endfacet
  facet normal 0 0 -1
    outer loop
      vertex -27.7071 -70.2929 0
      vertex -19.3382 -73.9059 0
      vertex -19.3421 -73.9687 0
    endloop
  endfacet
  facet normal -0 0 -1
    outer loop
      vertex -21.3273 -68.2522 0
      vertex -27.7071 -70.2929 0
      vertex -21.6997 -67.9634 0
    endloop
  endfacet
  facet normal -0 0 -1
    outer loop
      vertex -21.6997 -67.9634 0
      vertex -27.7071 -70.2929 0
      vertex -21.772 -67.9036 0
    endloop
  endfacet
  facet normal -0 0 -1
    outer loop
      vertex -21.772 -67.9036 0
      vertex -27.7071 -70.2929 0
      vertex -22.1256 -67.5919 0
    endloop
  endfacet
  facet normal -0 0 -1
    outer loop
      vertex -22.1256 -67.5919 0
      vertex -27.7071 -70.2929 0
      vertex -22.1942 -67.5275 0
    endloop
  endfacet
  facet normal -0 0 -1
    outer loop
      vertex -22.1942 -67.5275 0
      vertex -27.7071 -70.2929 0
      vertex -22.5274 -67.1942 0
    endloop
  endfacet
  facet normal -0 0 -1
    outer loop
      vertex -22.5274 -67.1942 0
      vertex -27.7071 -70.2929 0
      vertex -22.5918 -67.1256 0
    endloop
  endfacet
  facet normal -0 0 -1
    outer loop
      vertex -22.5918 -67.1256 0
      vertex -27.7071 -70.2929 0
      vertex -22.9035 -66.772 0
    endloop
  endfacet
  facet normal 0 0 -1
    outer loop
      vertex -22.9035 -66.772 0
      vertex -27.7071 -70.2929 0
      vertex -28 -69.5858 0
    endloop
  endfacet
  facet normal 0 0 -1
    outer loop
      vertex -28 -69.5858 0
      vertex -27.7071 -70.2929 0
      vertex -27.7705 -70.2232 0
    endloop
  endfacet
  facet normal 0 0 -1
    outer loop
      vertex -27.7705 -70.2232 0
      vertex -27.7071 -70.2929 0
      vertex -27.729 -70.2703 0
    endloop
  endfacet
  facet normal 0 0 -1
    outer loop
      vertex -27.7705 -70.2232 0
      vertex -27.8443 -70.1216 0
      vertex -27.951 -69.8948 0
    endloop
  endfacet
  facet normal 0 0 -1
    outer loop
      vertex -27.7705 -70.2232 0
      vertex -27.809 -70.1736 0
      vertex -27.8443 -70.1216 0
    endloop
  endfacet
  facet normal 0 0 -1
    outer loop
      vertex -27.8763 -70.0675 0
      vertex -27.951 -69.8948 0
      vertex -27.8443 -70.1216 0
    endloop
  endfacet
  facet normal 0 0 -1
    outer loop
      vertex -27.8763 -70.0675 0
      vertex -27.9298 -69.9539 0
      vertex -27.951 -69.8948 0
    endloop
  endfacet
  facet normal 0 0 -1
    outer loop
      vertex -27.8763 -70.0675 0
      vertex -27.9048 -70.0116 0
      vertex -27.9298 -69.9539 0
    endloop
  endfacet
  facet normal 0 0 -1
    outer loop
      vertex -27.951 -69.8948 0
      vertex -27.9686 -69.8345 0
      vertex -27.9823 -69.7732 0
    endloop
  endfacet
  facet normal 0 0 -1
    outer loop
      vertex -27.9921 -69.7111 0
      vertex -27.951 -69.8948 0
      vertex -27.9823 -69.7732 0
    endloop
  endfacet
  facet normal 0 0 -1
    outer loop
      vertex -27.9921 -69.7111 0
      vertex -27.998 -69.6486 0
      vertex -28 -69.5858 0
    endloop
  endfacet
  facet normal 0 0 -1
    outer loop
      vertex -27.951 -69.8948 0
      vertex -27.9921 -69.7111 0
      vertex -27.7705 -70.2232 0
    endloop
  endfacet
  facet normal 0 0 -1
    outer loop
      vertex -27.7705 -70.2232 0
      vertex -27.9921 -69.7111 0
      vertex -28 -69.5858 0
    endloop
  endfacet
  facet normal 0 0 -1
    outer loop
      vertex -28 -69.5858 0
      vertex -23.8627 -65.3764 0
      vertex -23.6229 -65.7819 0
    endloop
  endfacet
  facet normal 0 -0 -1
    outer loop
      vertex -24.3839 -64.2689 0
      vertex -24.3494 -64.356 0
      vertex -28 -69.5858 0
    endloop
  endfacet
  facet normal 0 -0 -1
    outer loop
      vertex -24.5435 -63.8256 0
      vertex -24.3839 -64.2689 0
      vertex -28 -69.5858 0
    endloop
  endfacet
  facet normal -0 -0 -1
    outer loop
      vertex -24.8304 -62.7321 0
      vertex -24.7274 -63.1926 0
      vertex -28 -61 0
    endloop
  endfacet
  facet normal 0 0 -1
    outer loop
      vertex -24.9778 -61.6124 0
      vertex -28 -61 0
      vertex -24.9837 -61.5181 0
    endloop
  endfacet
  facet normal 0 -0 -1
    outer loop
      vertex -27.9921 -60.8747 0
      vertex -27.1253 -60.0079 0
      vertex -28 -61 0
    endloop
  endfacet
  facet normal 0 -0 -1
    outer loop
      vertex -27.8763 -60.5182 0
      vertex -27.8443 -60.4642 0
      vertex -27.951 -60.691 0
    endloop
  endfacet
  facet normal 0 -0 -1
    outer loop
      vertex -27.809 -60.4122 0
      vertex -27.7705 -60.3626 0
      vertex -27.8443 -60.4642 0
    endloop
  endfacet
  facet normal 0 -0 -1
    outer loop
      vertex -27.8443 -60.4642 0
      vertex -27.7705 -60.3626 0
      vertex -27.951 -60.691 0
    endloop
  endfacet
  facet normal 0 0 -1
    outer loop
      vertex -27.6374 -60.2295 0
      vertex -27.7705 -60.3626 0
      vertex -27.6845 -60.271 0
    endloop
  endfacet
  facet normal 0 0 -1
    outer loop
      vertex -27.6845 -60.271 0
      vertex -27.7705 -60.3626 0
      vertex -27.729 -60.3155 0
    endloop
  endfacet
  facet normal 0 -0 -1
    outer loop
      vertex -27.6374 -60.2295 0
      vertex -27.309 -60.049 0
      vertex -27.951 -60.691 0
    endloop
  endfacet
  facet normal 0 0 -1
    outer loop
      vertex -27.309 -60.049 0
      vertex -27.5358 -60.1557 0
      vertex -27.4818 -60.1237 0
    endloop
  endfacet
  facet normal 0 0 -1
    outer loop
      vertex -27.951 -60.691 0
      vertex -27.7705 -60.3626 0
      vertex -27.6374 -60.2295 0
    endloop
  endfacet
  facet normal 0 0 -1
    outer loop
      vertex -27.951 -60.691 0
      vertex -27.9298 -60.6319 0
      vertex -27.8763 -60.5182 0
    endloop
  endfacet
  facet normal 0 0 -1
    outer loop
      vertex -24.9993 -61.0232 0
      vertex -25.9998 -60 0
      vertex -24.9999 -60.9841 0
    endloop
  endfacet
  facet normal 0 0 -1
    outer loop
      vertex -25.9529 -60.0011 0
      vertex -25.8902 -60.006 0
      vertex -25.828 -60.0149 0
    endloop
  endfacet
  facet normal 0 0 -1
    outer loop
      vertex -25.6465 -60.0645 0
      vertex -25.7665 -60.0276 0
      vertex -25.7059 -60.0441 0
    endloop
  endfacet
  facet normal -0 -0 -1
    outer loop
      vertex -25.0537 -60.6759 0
      vertex -25.0098 -60.8589 0
      vertex -25.5884 -60.0885 0
    endloop
  endfacet
  facet normal -0 -0 -1
    outer loop
      vertex -25.4249 -60.1817 0
      vertex -25.0537 -60.6759 0
      vertex -25.5884 -60.0885 0
    endloop
  endfacet
  facet normal -0 -0 -1
    outer loop
      vertex -25.2818 -60.3039 0
      vertex -25.2395 -60.3504 0
      vertex -25.3269 -60.2602 0
    endloop
  endfacet
  facet normal 0 0 -1
    outer loop
      vertex -25.0537 -60.6759 0
      vertex -25.0352 -60.7359 0
      vertex -25.0098 -60.8589 0
    endloop
  endfacet
  facet normal -0 -0 -1
    outer loop
      vertex -25.3269 -60.2602 0
      vertex -25.1641 -60.4508 0
      vertex -25.4249 -60.1817 0
    endloop
  endfacet
  facet normal 0 0 -1
    outer loop
      vertex -25.2002 -60.3994 0
      vertex -25.3269 -60.2602 0
      vertex -25.2395 -60.3504 0
    endloop
  endfacet
  facet normal -0 -0 -1
    outer loop
      vertex -25.1641 -60.4508 0
      vertex -25.1018 -60.5599 0
      vertex -25.4249 -60.1817 0
    endloop
  endfacet
  facet normal 0 0 -1
    outer loop
      vertex -25.3269 -60.2602 0
      vertex -25.2002 -60.3994 0
      vertex -25.1641 -60.4508 0
    endloop
  endfacet
  facet normal -0 -0 -1
    outer loop
      vertex -25.3747 -60.2194 0
      vertex -25.3269 -60.2602 0
      vertex -25.4249 -60.1817 0
    endloop
  endfacet
  facet normal 0 0 -1
    outer loop
      vertex -25.4249 -60.1817 0
      vertex -25.1018 -60.5599 0
      vertex -25.0537 -60.6759 0
    endloop
  endfacet
  facet normal -0 -0 -1
    outer loop
      vertex -25.532 -60.1161 0
      vertex -25.4249 -60.1817 0
      vertex -25.5884 -60.0885 0
    endloop
  endfacet
  facet normal 0 0 -1
    outer loop
      vertex -25.532 -60.1161 0
      vertex -25.4774 -60.1472 0
      vertex -25.4249 -60.1817 0
    endloop
  endfacet
  facet normal 0 0 -1
    outer loop
      vertex -25.5884 -60.0885 0
      vertex -25.828 -60.0149 0
      vertex -25.7665 -60.0276 0
    endloop
  endfacet
  facet normal -0 -0 -1
    outer loop
      vertex -25.6465 -60.0645 0
      vertex -25.5884 -60.0885 0
      vertex -25.7665 -60.0276 0
    endloop
  endfacet
  facet normal 0 0 -1
    outer loop
      vertex -25.0098 -60.8589 0
      vertex -25.828 -60.0149 0
      vertex -25.5884 -60.0885 0
    endloop
  endfacet
  facet normal 0 0 -1
    outer loop
      vertex -25.0098 -60.8589 0
      vertex -25.9998 -60 0
      vertex -25.828 -60.0149 0
    endloop
  endfacet
  facet normal 0 0 -1
    outer loop
      vertex -25.9998 -60 0
      vertex -25.9529 -60.0011 0
      vertex -25.828 -60.0149 0
    endloop
  endfacet
  facet normal 0 0 -1
    outer loop
      vertex -24.9999 -60.9841 0
      vertex -25.9998 -60 0
      vertex -25.0098 -60.8589 0
    endloop
  endfacet
  facet normal -0 -0 -1
    outer loop
      vertex -24.9993 -61.0232 0
      vertex -24.9837 -61.5181 0
      vertex -25.9998 -60 0
    endloop
  endfacet
  facet normal -0 -0 -1
    outer loop
      vertex -25.9998 -60 0
      vertex -24.9837 -61.5181 0
      vertex -27 -60 0
    endloop
  endfacet
  facet normal 0 0 -1
    outer loop
      vertex -27 -60 0
      vertex -27.1253 -60.0079 0
      vertex -27.0628 -60.002 0
    endloop
  endfacet
  facet normal 0 0 -1
    outer loop
      vertex -27.309 -60.049 0
      vertex -27.1874 -60.0177 0
      vertex -27.1253 -60.0079 0
    endloop
  endfacet
  facet normal 0 0 -1
    outer loop
      vertex -27.309 -60.049 0
      vertex -27.2487 -60.0314 0
      vertex -27.1874 -60.0177 0
    endloop
  endfacet
  facet normal 0 0 -1
    outer loop
      vertex -27.3681 -60.0702 0
      vertex -27.4818 -60.1237 0
      vertex -27.4258 -60.0952 0
    endloop
  endfacet
  facet normal 0 -0 -1
    outer loop
      vertex -27.3681 -60.0702 0
      vertex -27.309 -60.049 0
      vertex -27.4818 -60.1237 0
    endloop
  endfacet
  facet normal 0 0 -1
    outer loop
      vertex -27.6374 -60.2295 0
      vertex -27.5878 -60.191 0
      vertex -27.5358 -60.1557 0
    endloop
  endfacet
  facet normal 0 0 -1
    outer loop
      vertex -27.309 -60.049 0
      vertex -27.6374 -60.2295 0
      vertex -27.5358 -60.1557 0
    endloop
  endfacet
  facet normal 0 0 -1
    outer loop
      vertex -27.9298 -60.6319 0
      vertex -27.9048 -60.5742 0
      vertex -27.8763 -60.5182 0
    endloop
  endfacet
  facet normal 0 -0 -1
    outer loop
      vertex -27.951 -60.691 0
      vertex -27.309 -60.049 0
      vertex -27.9921 -60.8747 0
    endloop
  endfacet
  facet normal 0 -0 -1
    outer loop
      vertex -27.9823 -60.8126 0
      vertex -27.951 -60.691 0
      vertex -27.9921 -60.8747 0
    endloop
  endfacet
  facet normal 0 0 -1
    outer loop
      vertex -27.9823 -60.8126 0
      vertex -27.9686 -60.7513 0
      vertex -27.951 -60.691 0
    endloop
  endfacet
  facet normal 0 0 -1
    outer loop
      vertex -27.9921 -60.8747 0
      vertex -27.309 -60.049 0
      vertex -27.1253 -60.0079 0
    endloop
  endfacet
  facet normal 0 -0 -1
    outer loop
      vertex -27.998 -60.9372 0
      vertex -27.9921 -60.8747 0
      vertex -28 -61 0
    endloop
  endfacet
  facet normal 0 0 -1
    outer loop
      vertex -28 -61 0
      vertex -27.1253 -60.0079 0
      vertex -27 -60 0
    endloop
  endfacet
  facet normal 0 0 -1
    outer loop
      vertex -24.9837 -61.5181 0
      vertex -28 -61 0
      vertex -27 -60 0
    endloop
  endfacet
  facet normal -0 -0 -1
    outer loop
      vertex -24.9778 -61.6124 0
      vertex -24.9335 -62.0812 0
      vertex -28 -61 0
    endloop
  endfacet
  facet normal 0 0 -1
    outer loop
      vertex -28 -61 0
      vertex -24.9335 -62.0812 0
      vertex -24.9217 -62.1743 0
    endloop
  endfacet
  facet normal 0 0 -1
    outer loop
      vertex -24.848 -62.6398 0
      vertex -28 -61 0
      vertex -24.9217 -62.1743 0
    endloop
  endfacet
  facet normal -0 -0 -1
    outer loop
      vertex -24.848 -62.6398 0
      vertex -24.8304 -62.7321 0
      vertex -28 -61 0
    endloop
  endfacet
  facet normal 0 0 -1
    outer loop
      vertex -28 -61 0
      vertex -24.7274 -63.1926 0
      vertex -24.7042 -63.2831 0
    endloop
  endfacet
  facet normal 0 0 -1
    outer loop
      vertex -24.5725 -63.7362 0
      vertex -28 -61 0
      vertex -24.7042 -63.2831 0
    endloop
  endfacet
  facet normal -0 -0 -1
    outer loop
      vertex -24.5725 -63.7362 0
      vertex -24.5435 -63.8256 0
      vertex -28 -61 0
    endloop
  endfacet
  facet normal 0 0 -1
    outer loop
      vertex -28 -61 0
      vertex -24.5435 -63.8256 0
      vertex -28 -69.5858 0
    endloop
  endfacet
  facet normal 0 0 -1
    outer loop
      vertex -28 -69.5858 0
      vertex -24.3494 -64.356 0
      vertex -24.162 -64.7889 0
    endloop
  endfacet
  facet normal -0 0 -1
    outer loop
      vertex -24.1219 -64.8743 0
      vertex -28 -69.5858 0
      vertex -24.162 -64.7889 0
    endloop
  endfacet
  facet normal 0 -0 -1
    outer loop
      vertex -24.1219 -64.8743 0
      vertex -23.9083 -65.2935 0
      vertex -28 -69.5858 0
    endloop
  endfacet
  facet normal 0 0 -1
    outer loop
      vertex -28 -69.5858 0
      vertex -23.9083 -65.2935 0
      vertex -23.8627 -65.3764 0
    endloop
  endfacet
  facet normal -0 0 -1
    outer loop
      vertex -23.5726 -65.8612 0
      vertex -28 -69.5858 0
      vertex -23.6229 -65.7819 0
    endloop
  endfacet
  facet normal 0 -0 -1
    outer loop
      vertex -23.5726 -65.8612 0
      vertex -23.3074 -66.2513 0
      vertex -28 -69.5858 0
    endloop
  endfacet
  facet normal 0 0 -1
    outer loop
      vertex -28 -69.5858 0
      vertex -23.3074 -66.2513 0
      vertex -23.2522 -66.3273 0
    endloop
  endfacet
  facet normal -0 0 -1
    outer loop
      vertex -22.9634 -66.6997 0
      vertex -28 -69.5858 0
      vertex -23.2522 -66.3273 0
    endloop
  endfacet
  facet normal 0 -0 -1
    outer loop
      vertex -22.9634 -66.6997 0
      vertex -22.9035 -66.772 0
      vertex -28 -69.5858 0
    endloop
  endfacet
  facet normal 0 -0 -1
    outer loop
      vertex -21.3273 -68.2522 0
      vertex -21.2513 -68.3075 0
      vertex -27.7071 -70.2929 0
    endloop
  endfacet
  facet normal 0 0 -1
    outer loop
      vertex -27.7071 -70.2929 0
      vertex -21.2513 -68.3075 0
      vertex -20.8612 -68.5726 0
    endloop
  endfacet
  facet normal 0 0 -1
    outer loop
      vertex -19.0392 -74.7182 0
      vertex -27.7071 -70.2929 0
      vertex -19.0929 -74.661 0
    endloop
  endfacet
  facet normal 0 0 -1
    outer loop
      vertex -19.3186 -74.218 0
      vertex -27.7071 -70.2929 0
      vertex -19.3304 -74.1563 0
    endloop
  endfacet
  facet normal 0 0 -1
    outer loop
      vertex -19.3382 -74.0942 0
      vertex -27.7071 -70.2929 0
      vertex -19.3421 -74.0313 0
    endloop
  endfacet
  facet normal 0 0 -1
    outer loop
      vertex -27.7071 -70.2929 0
      vertex -19.3304 -73.8437 0
      vertex -19.3382 -73.9059 0
    endloop
  endfacet
  facet normal 0 0 -1
    outer loop
      vertex -27.7071 -70.2929 0
      vertex -19.3029 -73.721 0
      vertex -19.3186 -73.782 0
    endloop
  endfacet
  facet normal 0 0 -1
    outer loop
      vertex -27.7071 -70.2929 0
      vertex -20.8612 -68.5726 0
      vertex -19.2835 -73.6614 0
    endloop
  endfacet
  facet normal 0 0 -1
    outer loop
      vertex -19.2835 -73.6614 0
      vertex -20.8612 -68.5726 0
      vertex -19.2605 -73.6032 0
    endloop
  endfacet
  facet normal 0 0 -1
    outer loop
      vertex -20.3764 -68.8627 0
      vertex -19.1699 -73.4383 0
      vertex -19.2034 -73.4911 0
    endloop
  endfacet
  facet normal 0 0 -1
    outer loop
      vertex -3.29289 -94.7071 0
      vertex -7.71248 -86.0449 0
      vertex -7.69016 -86.0665 0
    endloop
  endfacet
  facet normal 0 0 -1
    outer loop
      vertex -3.29289 -94.7071 0
      vertex -7 -86.3426 0
      vertex -6.93715 -86.3407 0
    endloop
  endfacet
  facet normal 0 0 -1
    outer loop
      vertex -2.86478 -94.9603 0
      vertex -2.92453 -94.9409 0
      vertex -2.98293 -94.9178 0
    endloop
  endfacet
  facet normal 0 0 -1
    outer loop
      vertex -3.03978 -94.891 0
      vertex -3.14787 -94.8271 0
      vertex -3.19868 -94.7902 0
    endloop
  endfacet
  facet normal 0 0 -1
    outer loop
      vertex -3.03978 -94.891 0
      vertex -3.09483 -94.8607 0
      vertex -3.14787 -94.8271 0
    endloop
  endfacet
  facet normal 0 0 -1
    outer loop
      vertex -2.98293 -94.9178 0
      vertex -3.03978 -94.891 0
      vertex -3.19868 -94.7902 0
    endloop
  endfacet
  facet normal 0 0 -1
    outer loop
      vertex -3.2471 -94.7501 0
      vertex -2.98293 -94.9178 0
      vertex -3.19868 -94.7902 0
    endloop
  endfacet
  facet normal 0 0 -1
    outer loop
      vertex -2.67989 -94.9956 0
      vertex -2.74222 -94.9877 0
      vertex -2.98293 -94.9178 0
    endloop
  endfacet
  facet normal 0 0 -1
    outer loop
      vertex -2.80392 -94.9759 0
      vertex -2.86478 -94.9603 0
      vertex -2.74222 -94.9877 0
    endloop
  endfacet
  facet normal 0 0 -1
    outer loop
      vertex -2.74222 -94.9877 0
      vertex -2.86478 -94.9603 0
      vertex -2.98293 -94.9178 0
    endloop
  endfacet
  facet normal 0 0 -1
    outer loop
      vertex -2.67989 -94.9956 0
      vertex -2.98293 -94.9178 0
      vertex -3.2471 -94.7501 0
    endloop
  endfacet
  facet normal 0 0 -1
    outer loop
      vertex -3.29289 -94.7071 0
      vertex -2.67989 -94.9956 0
      vertex -3.2471 -94.7501 0
    endloop
  endfacet
  facet normal 0 0 -1
    outer loop
      vertex -2.58578 -95 0
      vertex -2.6172 -94.9995 0
      vertex -2.67989 -94.9956 0
    endloop
  endfacet
  facet normal 0 0 -1
    outer loop
      vertex -3.29289 -94.7071 0
      vertex -2.58578 -95 0
      vertex -2.67989 -94.9956 0
    endloop
  endfacet
  facet normal 0 0 -1
    outer loop
      vertex -3.29289 -94.7071 0
      vertex 0 -94 0
      vertex -2.58578 -95 0
    endloop
  endfacet
  facet normal 0 0 -1
    outer loop
      vertex -2.58578 -95 0
      vertex 0 -94 0
      vertex -1 -95 0
    endloop
  endfacet
  facet normal 0 0 -1
    outer loop
      vertex 40.0084 -33.8747 0
      vertex 37.6321 -29.9293 0
      vertex 37.6912 -29.9506 0
    endloop
  endfacet
  facet normal 0 0 -1
    outer loop
      vertex 37.2983 -54.7017 0
      vertex 40.782 -46.3186 0
      vertex 40.8437 -46.3304 0
    endloop
  endfacet
  facet normal 0 0 -1
    outer loop
      vertex 38.0159 -30 0
      vertex 40.9371 -33.0025 0
      vertex 40.8747 -33.0084 0
    endloop
  endfacet
  facet normal 0 0 -1
    outer loop
      vertex 37.2983 -54.7017 0
      vertex 40.721 -46.3029 0
      vertex 40.782 -46.3186 0
    endloop
  endfacet
  facet normal 0 0 -1
    outer loop
      vertex 37.2983 -54.7017 0
      vertex 40.6614 -46.2835 0
      vertex 40.721 -46.3029 0
    endloop
  endfacet
  facet normal 0 0 -1
    outer loop
      vertex 37.2983 -54.7017 0
      vertex 40.6032 -46.2605 0
      vertex 40.6614 -46.2835 0
    endloop
  endfacet
  facet normal 0 0 -1
    outer loop
      vertex 37.2983 -54.7017 0
      vertex 40.5462 -46.2337 0
      vertex 40.6032 -46.2605 0
    endloop
  endfacet
  facet normal 0 0 -1
    outer loop
      vertex 37.2983 -54.7017 0
      vertex 40.4911 -46.2034 0
      vertex 40.5462 -46.2337 0
    endloop
  endfacet
  facet normal -0 0 -1
    outer loop
      vertex 40.4383 -46.1699 0
      vertex 37.2983 -54.7017 0
      vertex 40.3873 -46.1328 0
    endloop
  endfacet
  facet normal -0 0 -1
    outer loop
      vertex 40.3873 -46.1328 0
      vertex 37.2983 -54.7017 0
      vertex 40.339 -46.0929 0
    endloop
  endfacet
  facet normal -0 0 -1
    outer loop
      vertex 40.339 -46.0929 0
      vertex 37.2983 -54.7017 0
      vertex 40.2932 -46.0499 0
    endloop
  endfacet
  facet normal -0 0 -1
    outer loop
      vertex 40.2932 -46.0499 0
      vertex 37.2983 -54.7017 0
      vertex 40.2502 -46.0041 0
    endloop
  endfacet
  facet normal -0 0 -1
    outer loop
      vertex 40.2502 -46.0041 0
      vertex 37.2983 -54.7017 0
      vertex 40.2103 -45.9559 0
    endloop
  endfacet
  facet normal -0 0 -1
    outer loop
      vertex 40.2103 -45.9559 0
      vertex 37.2983 -54.7017 0
      vertex 40.1733 -45.9048 0
    endloop
  endfacet
  facet normal 0 0 -1
    outer loop
      vertex 37.1561 -54.8787 0
      vertex 40 -45.3351 0
      vertex 40.0005 -45.3666 0
    endloop
  endfacet
  facet normal -0 0 -1
    outer loop
      vertex 40.1733 -45.9048 0
      vertex 37.2983 -54.7017 0
      vertex 40.1397 -45.852 0
    endloop
  endfacet
  facet normal 0 -0 -1
    outer loop
      vertex 40.0596 -45.6818 0
      vertex 40.0826 -45.74 0
      vertex 37.2983 -54.7017 0
    endloop
  endfacet
  facet normal 0 -0 -1
    outer loop
      vertex 40.0402 -45.6221 0
      vertex 40.0596 -45.6818 0
      vertex 37.2983 -54.7017 0
    endloop
  endfacet
  facet normal 0 -0 -1
    outer loop
      vertex 40.0246 -45.5611 0
      vertex 40.0402 -45.6221 0
      vertex 37.2983 -54.7017 0
    endloop
  endfacet
  facet normal 0 0 -1
    outer loop
      vertex 37.2766 -54.7241 0
      vertex 40.0246 -45.5611 0
      vertex 37.2983 -54.7017 0
    endloop
  endfacet
  facet normal 0 0 -1
    outer loop
      vertex 37.2766 -54.7241 0
      vertex 40.0128 -45.4994 0
      vertex 40.0246 -45.5611 0
    endloop
  endfacet
  facet normal -0 0 -1
    outer loop
      vertex 37.2766 -54.7241 0
      vertex 37.2299 -54.777 0
      vertex 40.0128 -45.4994 0
    endloop
  endfacet
  facet normal -0 0 -1
    outer loop
      vertex 40.0128 -45.4994 0
      vertex 37.2299 -54.777 0
      vertex 40.0049 -45.4373 0
    endloop
  endfacet
  facet normal 0 0 -1
    outer loop
      vertex 40.0049 -45.4373 0
      vertex 37.2299 -54.777 0
      vertex 37.1913 -54.8268 0
    endloop
  endfacet
  facet normal 0 -0 -1
    outer loop
      vertex 40.0005 -45.3666 0
      vertex 40.0049 -45.4373 0
      vertex 37.1913 -54.8268 0
    endloop
  endfacet
  facet normal 0 0 -1
    outer loop
      vertex 37.1561 -54.8787 0
      vertex 40.0005 -45.3666 0
      vertex 37.1913 -54.8268 0
    endloop
  endfacet
  facet normal -0 0 -1
    outer loop
      vertex 40.0182 -33.8127 0
      vertex 40.0084 -33.8747 0
      vertex 37.6912 -29.9506 0
    endloop
  endfacet
  facet normal -0 -0 -1
    outer loop
      vertex 37.7514 -29.9681 0
      vertex 40.0182 -33.8127 0
      vertex 37.6912 -29.9506 0
    endloop
  endfacet
  facet normal 0 0 -1
    outer loop
      vertex 37.7514 -29.9681 0
      vertex 40.0319 -33.7514 0
      vertex 40.0182 -33.8127 0
    endloop
  endfacet
  facet normal 0 0 -1
    outer loop
      vertex 37.7514 -29.9681 0
      vertex 37.8127 -29.9818 0
      vertex 40.0319 -33.7514 0
    endloop
  endfacet
  facet normal 0 0 -1
    outer loop
      vertex 40.0319 -33.7514 0
      vertex 37.8127 -29.9818 0
      vertex 40.0494 -33.6912 0
    endloop
  endfacet
  facet normal 0 0 -1
    outer loop
      vertex 40.0494 -33.6912 0
      vertex 37.8127 -29.9818 0
      vertex 37.8747 -29.9916 0
    endloop
  endfacet
  facet normal -0 0 -1
    outer loop
      vertex 40.0707 -33.6321 0
      vertex 40.0494 -33.6912 0
      vertex 37.8747 -29.9916 0
    endloop
  endfacet
  facet normal -0 -0 -1
    outer loop
      vertex 37.9371 -29.9975 0
      vertex 40.0707 -33.6321 0
      vertex 37.8747 -29.9916 0
    endloop
  endfacet
  facet normal 0 0 -1
    outer loop
      vertex 37.9371 -29.9975 0
      vertex 40.0956 -33.5744 0
      vertex 40.0707 -33.6321 0
    endloop
  endfacet
  facet normal 0 0 -1
    outer loop
      vertex 37.9371 -29.9975 0
      vertex 38.0159 -30 0
      vertex 40.0956 -33.5744 0
    endloop
  endfacet
  facet normal 0 0 -1
    outer loop
      vertex 40.0956 -33.5744 0
      vertex 38.0159 -30 0
      vertex 40.1242 -33.5184 0
    endloop
  endfacet
  facet normal 0 0 -1
    outer loop
      vertex 40.1242 -33.5184 0
      vertex 38.0159 -30 0
      vertex 40.1561 -33.4645 0
    endloop
  endfacet
  facet normal 0 0 -1
    outer loop
      vertex 40.1561 -33.4645 0
      vertex 38.0159 -30 0
      vertex 40.1913 -33.4126 0
    endloop
  endfacet
  facet normal 0 0 -1
    outer loop
      vertex 40.1913 -33.4126 0
      vertex 38.0159 -30 0
      vertex 40.2299 -33.3628 0
    endloop
  endfacet
  facet normal 0 0 -1
    outer loop
      vertex 40.2299 -33.3628 0
      vertex 38.0159 -30 0
      vertex 40.2714 -33.3158 0
    endloop
  endfacet
  facet normal 0 0 -1
    outer loop
      vertex 40.2714 -33.3158 0
      vertex 38.0159 -30 0
      vertex 40.3158 -33.2714 0
    endloop
  endfacet
  facet normal 0 0 -1
    outer loop
      vertex 40.3158 -33.2714 0
      vertex 38.0159 -30 0
      vertex 40.3628 -33.2299 0
    endloop
  endfacet
  facet normal 0 0 -1
    outer loop
      vertex 40.3628 -33.2299 0
      vertex 38.0159 -30 0
      vertex 40.4126 -33.1913 0
    endloop
  endfacet
  facet normal 0 0 -1
    outer loop
      vertex 40.4126 -33.1913 0
      vertex 38.0159 -30 0
      vertex 40.4645 -33.1561 0
    endloop
  endfacet
  facet normal 0 0 -1
    outer loop
      vertex 40.4645 -33.1561 0
      vertex 38.0159 -30 0
      vertex 40.5184 -33.1242 0
    endloop
  endfacet
  facet normal 0 0 -1
    outer loop
      vertex 40.5184 -33.1242 0
      vertex 38.0159 -30 0
      vertex 40.5744 -33.0956 0
    endloop
  endfacet
  facet normal 0 0 -1
    outer loop
      vertex 40.5744 -33.0956 0
      vertex 38.0159 -30 0
      vertex 40.6321 -33.0707 0
    endloop
  endfacet
  facet normal 0 0 -1
    outer loop
      vertex 40.6321 -33.0707 0
      vertex 38.0159 -30 0
      vertex 40.6912 -33.0494 0
    endloop
  endfacet
  facet normal 0 0 -1
    outer loop
      vertex 40.6912 -33.0494 0
      vertex 38.0159 -30 0
      vertex 40.7514 -33.0319 0
    endloop
  endfacet
  facet normal 0 0 -1
    outer loop
      vertex 40.7514 -33.0319 0
      vertex 38.0159 -30 0
      vertex 40.8127 -33.0182 0
    endloop
  endfacet
  facet normal 0 0 -1
    outer loop
      vertex 40.8127 -33.0182 0
      vertex 38.0159 -30 0
      vertex 40.8747 -33.0084 0
    endloop
  endfacet
  facet normal 0 0 -1
    outer loop
      vertex 38.0159 -30 0
      vertex 41.0159 -33 0
      vertex 40.9371 -33.0025 0
    endloop
  endfacet
  facet normal 0 0 -1
    outer loop
      vertex 38.0159 -30 0
      vertex 49.9761 -30 0
      vertex 41.0159 -33 0
    endloop
  endfacet
  facet normal 0 0 -1
    outer loop
      vertex 52.8255 -29.5435 0
      vertex 52.8248 -33.1242 0
      vertex 52.7687 -33.0956 0
    endloop
  endfacet
  facet normal 0 -0 -1
    outer loop
      vertex 52.8255 -29.5435 0
      vertex 53.2689 -29.3839 0
      vertex 52.8248 -33.1242 0
    endloop
  endfacet
  facet normal 0 0 -1
    outer loop
      vertex 52.8248 -33.1242 0
      vertex 53.2689 -29.3839 0
      vertex 52.8786 -33.1561 0
    endloop
  endfacet
  facet normal 0 0 -1
    outer loop
      vertex 52.8786 -33.1561 0
      vertex 53.2689 -29.3839 0
      vertex 53.356 -29.3494 0
    endloop
  endfacet
  facet normal 0 0 -1
    outer loop
      vertex 52.9305 -33.1913 0
      vertex 53.356 -29.3494 0
      vertex 52.9803 -33.2299 0
    endloop
  endfacet
  facet normal 0 0 -1
    outer loop
      vertex 52.9803 -33.2299 0
      vertex 53.356 -29.3494 0
      vertex 53.7889 -29.1621 0
    endloop
  endfacet
  facet normal 0 0 -1
    outer loop
      vertex 53.0273 -33.2714 0
      vertex 52.9803 -33.2299 0
      vertex 53.7889 -29.1621 0
    endloop
  endfacet
  facet normal 0 0 -1
    outer loop
      vertex 53.0718 -33.3158 0
      vertex 53.0273 -33.2714 0
      vertex 53.7889 -29.1621 0
    endloop
  endfacet
  facet normal 0 0 -1
    outer loop
      vertex 53.8743 -29.1219 0
      vertex 53.0718 -33.3158 0
      vertex 53.7889 -29.1621 0
    endloop
  endfacet
  facet normal 0 0 -1
    outer loop
      vertex 53.8743 -29.1219 0
      vertex 53.1132 -33.3628 0
      vertex 53.0718 -33.3158 0
    endloop
  endfacet
  facet normal 0 -0 -1
    outer loop
      vertex 53.8743 -29.1219 0
      vertex 54.2935 -28.9083 0
      vertex 53.1132 -33.3628 0
    endloop
  endfacet
  facet normal 0 0 -1
    outer loop
      vertex 53.1132 -33.3628 0
      vertex 54.2935 -28.9083 0
      vertex 53.1518 -33.4126 0
    endloop
  endfacet
  facet normal 0 0 -1
    outer loop
      vertex 53.1518 -33.4126 0
      vertex 54.2935 -28.9083 0
      vertex 53.1871 -33.4645 0
    endloop
  endfacet
  facet normal 0 0 -1
    outer loop
      vertex 53.1871 -33.4645 0
      vertex 54.2935 -28.9083 0
      vertex 54.3764 -28.8627 0
    endloop
  endfacet
  facet normal 0 0 -1
    outer loop
      vertex 53.2189 -33.5184 0
      vertex 53.1871 -33.4645 0
      vertex 54.3764 -28.8627 0
    endloop
  endfacet
  facet normal 0 0 -1
    outer loop
      vertex 54.7819 -28.6229 0
      vertex 53.2189 -33.5184 0
      vertex 54.3764 -28.8627 0
    endloop
  endfacet
  facet normal 0 0 -1
    outer loop
      vertex 54.7819 -28.6229 0
      vertex 53.2475 -33.5744 0
      vertex 53.2189 -33.5184 0
    endloop
  endfacet
  facet normal 0 0 -1
    outer loop
      vertex 54.7819 -28.6229 0
      vertex 53.2725 -33.6321 0
      vertex 53.2475 -33.5744 0
    endloop
  endfacet
  facet normal 0 -0 -1
    outer loop
      vertex 54.7819 -28.6229 0
      vertex 54.8612 -28.5726 0
      vertex 53.2725 -33.6321 0
    endloop
  endfacet
  facet normal 0 0 -1
    outer loop
      vertex 53.2725 -33.6321 0
      vertex 54.8612 -28.5726 0
      vertex 53.2937 -33.6912 0
    endloop
  endfacet
  facet normal 0 0 -1
    outer loop
      vertex 53.2937 -33.6912 0
      vertex 54.8612 -28.5726 0
      vertex 61.7071 -30.2929 0
    endloop
  endfacet
  facet normal 0 0 -1
    outer loop
      vertex 53.3112 -33.7514 0
      vertex 53.2937 -33.6912 0
      vertex 61.7071 -30.2929 0
    endloop
  endfacet
  facet normal 0 0 -1
    outer loop
      vertex 53.3249 -33.8127 0
      vertex 53.3112 -33.7514 0
      vertex 61.7071 -30.2929 0
    endloop
  endfacet
  facet normal 0 0 -1
    outer loop
      vertex 53.3348 -33.8747 0
      vertex 53.3249 -33.8127 0
      vertex 61.7071 -30.2929 0
    endloop
  endfacet
  facet normal 0 0 -1
    outer loop
      vertex 53.3407 -33.9372 0
      vertex 53.3348 -33.8747 0
      vertex 61.7071 -30.2929 0
    endloop
  endfacet
  facet normal 0 0 -1
    outer loop
      vertex 53.3426 -34 0
      vertex 53.3407 -33.9372 0
      vertex 61.7071 -30.2929 0
    endloop
  endfacet
  facet normal 0 0 -1
    outer loop
      vertex 53.3407 -34.0629 0
      vertex 53.3426 -34 0
      vertex 61.7071 -30.2929 0
    endloop
  endfacet
  facet normal 0 0 -1
    outer loop
      vertex 53.3348 -34.1253 0
      vertex 53.3407 -34.0629 0
      vertex 61.7071 -30.2929 0
    endloop
  endfacet
  facet normal 0 0 -1
    outer loop
      vertex 53.3249 -34.1873 0
      vertex 53.3348 -34.1253 0
      vertex 61.7071 -30.2929 0
    endloop
  endfacet
  facet normal 0 0 -1
    outer loop
      vertex 53.3112 -34.2486 0
      vertex 53.3249 -34.1873 0
      vertex 61.7071 -30.2929 0
    endloop
  endfacet
  facet normal 0 0 -1
    outer loop
      vertex 53.2937 -34.3088 0
      vertex 53.3112 -34.2486 0
      vertex 61.7071 -30.2929 0
    endloop
  endfacet
  facet normal 0 0 -1
    outer loop
      vertex 53.2725 -34.3679 0
      vertex 53.2937 -34.3088 0
      vertex 61.7071 -30.2929 0
    endloop
  endfacet
  facet normal 0 0 -1
    outer loop
      vertex 53.2475 -34.4256 0
      vertex 53.2725 -34.3679 0
      vertex 61.7071 -30.2929 0
    endloop
  endfacet
  facet normal 0 0 -1
    outer loop
      vertex 53.2189 -34.4816 0
      vertex 53.2475 -34.4256 0
      vertex 61.7071 -30.2929 0
    endloop
  endfacet
  facet normal 0 0 -1
    outer loop
      vertex 53.1871 -34.5355 0
      vertex 53.2189 -34.4816 0
      vertex 61.7071 -30.2929 0
    endloop
  endfacet
  facet normal 0 0 -1
    outer loop
      vertex 53.1518 -34.5874 0
      vertex 53.1871 -34.5355 0
      vertex 61.7071 -30.2929 0
    endloop
  endfacet
  facet normal 0 0 -1
    outer loop
      vertex 53.0665 -34.6902 0
      vertex 53.1132 -34.6372 0
      vertex 61.7071 -30.2929 0
    endloop
  endfacet
  facet normal 0 0 -1
    outer loop
      vertex 53.1132 -34.6372 0
      vertex 53.1518 -34.5874 0
      vertex 61.7071 -30.2929 0
    endloop
  endfacet
  facet normal 0 -0 -1
    outer loop
      vertex 53.0665 -34.6902 0
      vertex 61.7071 -30.2929 0
      vertex 53.0449 -34.7125 0
    endloop
  endfacet
  facet normal 0 -0 -1
    outer loop
      vertex 53.0449 -34.7125 0
      vertex 61.7071 -30.2929 0
      vertex 41.7182 -46.0392 0
    endloop
  endfacet
  facet normal 0 -0 -1
    outer loop
      vertex 41.7182 -46.0392 0
      vertex 61.7071 -30.2929 0
      vertex 37.2983 -54.7017 0
    endloop
  endfacet
  facet normal 0 -0 -1
    outer loop
      vertex 41.661 -46.0929 0
      vertex 41.7182 -46.0392 0
      vertex 37.2983 -54.7017 0
    endloop
  endfacet
  facet normal 0 -0 -1
    outer loop
      vertex 41.6127 -46.1328 0
      vertex 41.661 -46.0929 0
      vertex 37.2983 -54.7017 0
    endloop
  endfacet
  facet normal 0 -0 -1
    outer loop
      vertex 41.5617 -46.1699 0
      vertex 41.6127 -46.1328 0
      vertex 37.2983 -54.7017 0
    endloop
  endfacet
  facet normal 0 -0 -1
    outer loop
      vertex 41.5089 -46.2034 0
      vertex 41.5617 -46.1699 0
      vertex 37.2983 -54.7017 0
    endloop
  endfacet
  facet normal 0 -0 -1
    outer loop
      vertex 41.4538 -46.2337 0
      vertex 41.5089 -46.2034 0
      vertex 37.2983 -54.7017 0
    endloop
  endfacet
  facet normal 0 -0 -1
    outer loop
      vertex 41.3968 -46.2605 0
      vertex 41.4538 -46.2337 0
      vertex 37.2983 -54.7017 0
    endloop
  endfacet
  facet normal 0 -0 -1
    outer loop
      vertex 41.3386 -46.2835 0
      vertex 41.3968 -46.2605 0
      vertex 37.2983 -54.7017 0
    endloop
  endfacet
  facet normal 0 -0 -1
    outer loop
      vertex 41.279 -46.3029 0
      vertex 41.3386 -46.2835 0
      vertex 37.2983 -54.7017 0
    endloop
  endfacet
  facet normal 0 -0 -1
    outer loop
      vertex 41.218 -46.3186 0
      vertex 41.279 -46.3029 0
      vertex 37.2983 -54.7017 0
    endloop
  endfacet
  facet normal 0 -0 -1
    outer loop
      vertex 41.1563 -46.3304 0
      vertex 41.218 -46.3186 0
      vertex 37.2983 -54.7017 0
    endloop
  endfacet
  facet normal 0 -0 -1
    outer loop
      vertex 41.0313 -46.3421 0
      vertex 41.0942 -46.3382 0
      vertex 37.2983 -54.7017 0
    endloop
  endfacet
  facet normal 0 -0 -1
    outer loop
      vertex 41.0942 -46.3382 0
      vertex 41.1563 -46.3304 0
      vertex 37.2983 -54.7017 0
    endloop
  endfacet
  facet normal 0 0 -1
    outer loop
      vertex -18.6221 -33.0402 0
      vertex -18.7362 -29.5726 0
      vertex -18.5611 -33.0246 0
    endloop
  endfacet
  facet normal -0 -0 -1
    outer loop
      vertex -7.06285 -46.3407 0
      vertex -3.30396 -54.696 0
      vertex -7.12529 -46.3348 0
    endloop
  endfacet
  facet normal -0 -0 -1
    outer loop
      vertex -7.12529 -46.3348 0
      vertex -3.30396 -54.696 0
      vertex -7.1873 -46.3249 0
    endloop
  endfacet
  facet normal -0 -0 -1
    outer loop
      vertex -7.1873 -46.3249 0
      vertex -3.30396 -54.696 0
      vertex -7.24857 -46.3112 0
    endloop
  endfacet
  facet normal -0 -0 -1
    outer loop
      vertex -7.24857 -46.3112 0
      vertex -3.30396 -54.696 0
      vertex -7.30884 -46.2937 0
    endloop
  endfacet
  facet normal -0 -0 -1
    outer loop
      vertex -7.30884 -46.2937 0
      vertex -3.30396 -54.696 0
      vertex -7.36787 -46.2725 0
    endloop
  endfacet
  facet normal -0 -0 -1
    outer loop
      vertex -7.36787 -46.2725 0
      vertex -3.30396 -54.696 0
      vertex -7.42558 -46.2475 0
    endloop
  endfacet
  facet normal -0 -0 -1
    outer loop
      vertex -7.42558 -46.2475 0
      vertex -3.30396 -54.696 0
      vertex -7.48161 -46.2189 0
    endloop
  endfacet
  facet normal -0 -0 -1
    outer loop
      vertex -7.48161 -46.2189 0
      vertex -3.30396 -54.696 0
      vertex -7.53551 -46.1871 0
    endloop
  endfacet
  facet normal -0 -0 -1
    outer loop
      vertex -7.53551 -46.1871 0
      vertex -3.30396 -54.696 0
      vertex -7.5874 -46.1518 0
    endloop
  endfacet
  facet normal -0 -0 -1
    outer loop
      vertex -7.5874 -46.1518 0
      vertex -3.30396 -54.696 0
      vertex -7.63721 -46.1132 0
    endloop
  endfacet
  facet normal -0 -0 -1
    outer loop
      vertex -7.63721 -46.1132 0
      vertex -3.30396 -54.696 0
      vertex -7.69016 -46.0665 0
    endloop
  endfacet
  facet normal 0 0 -1
    outer loop
      vertex -3.30396 -54.696 0
      vertex -19.0392 -34.7182 0
      vertex -7.71248 -46.0449 0
    endloop
  endfacet
  facet normal 0 0 -1
    outer loop
      vertex -3.30396 -54.696 0
      vertex -27.7071 -30.2929 0
      vertex -19.0392 -34.7182 0
    endloop
  endfacet
  facet normal 0 0 -1
    outer loop
      vertex -20.3764 -28.8627 0
      vertex -20.2935 -28.9083 0
      vertex -19.1699 -33.4383 0
    endloop
  endfacet
  facet normal 0 0 -1
    outer loop
      vertex -19.0929 -34.661 0
      vertex -27.7071 -30.2929 0
      vertex -19.1328 -34.6127 0
    endloop
  endfacet
  facet normal 0 0 -1
    outer loop
      vertex -19.1328 -34.6127 0
      vertex -27.7071 -30.2929 0
      vertex -19.1699 -34.5617 0
    endloop
  endfacet
  facet normal 0 0 -1
    outer loop
      vertex -19.1699 -34.5617 0
      vertex -27.7071 -30.2929 0
      vertex -19.2034 -34.5089 0
    endloop
  endfacet
  facet normal 0 0 -1
    outer loop
      vertex -19.2034 -34.5089 0
      vertex -27.7071 -30.2929 0
      vertex -19.2337 -34.4538 0
    endloop
  endfacet
  facet normal 0 0 -1
    outer loop
      vertex -19.2337 -34.4538 0
      vertex -27.7071 -30.2929 0
      vertex -19.2605 -34.3968 0
    endloop
  endfacet
  facet normal 0 0 -1
    outer loop
      vertex -19.2605 -34.3968 0
      vertex -27.7071 -30.2929 0
      vertex -19.2835 -34.3386 0
    endloop
  endfacet
  facet normal 0 0 -1
    outer loop
      vertex -19.2835 -34.3386 0
      vertex -27.7071 -30.2929 0
      vertex -19.3029 -34.279 0
    endloop
  endfacet
  facet normal 0 0 -1
    outer loop
      vertex -19.3029 -34.279 0
      vertex -27.7071 -30.2929 0
      vertex -19.3186 -34.218 0
    endloop
  endfacet
  facet normal 0 0 -1
    outer loop
      vertex -19.3304 -34.1563 0
      vertex -27.7071 -30.2929 0
      vertex -19.3382 -34.0942 0
    endloop
  endfacet
  facet normal 0 0 -1
    outer loop
      vertex -27.7071 -30.2929 0
      vertex -19.3421 -33.9687 0
      vertex -19.3421 -34.0313 0
    endloop
  endfacet
  facet normal 0 0 -1
    outer loop
      vertex -27.7071 -30.2929 0
      vertex -19.3186 -33.782 0
      vertex -19.3304 -33.8437 0
    endloop
  endfacet
  facet normal 0 0 -1
    outer loop
      vertex -27.7071 -30.2929 0
      vertex -19.2835 -33.6614 0
      vertex -19.3029 -33.721 0
    endloop
  endfacet
  facet normal 0 0 -1
    outer loop
      vertex -19.2605 -33.6032 0
      vertex -20.8612 -28.5726 0
      vertex -20.7819 -28.6229 0
    endloop
  endfacet
  facet normal -0 -0 -1
    outer loop
      vertex -20.3764 -28.8627 0
      vertex -19.2337 -33.5462 0
      vertex -20.7819 -28.6229 0
    endloop
  endfacet
  facet normal -0 0 -1
    outer loop
      vertex -19.2337 -33.5462 0
      vertex -19.2605 -33.6032 0
      vertex -20.7819 -28.6229 0
    endloop
  endfacet
  facet normal 0 0 -1
    outer loop
      vertex -20.3764 -28.8627 0
      vertex -19.2034 -33.4911 0
      vertex -19.2337 -33.5462 0
    endloop
  endfacet
  facet normal 0 0 -1
    outer loop
      vertex -19.1699 -33.4383 0
      vertex -20.2935 -28.9083 0
      vertex -19.1328 -33.3873 0
    endloop
  endfacet
  facet normal -0 0 -1
    outer loop
      vertex -19.0929 -33.339 0
      vertex -19.1328 -33.3873 0
      vertex -19.8743 -29.1219 0
    endloop
  endfacet
  facet normal 0 0 -1
    outer loop
      vertex -19.1328 -33.3873 0
      vertex -20.2935 -28.9083 0
      vertex -19.8743 -29.1219 0
    endloop
  endfacet
  facet normal 0 0 -1
    outer loop
      vertex -19.0929 -33.339 0
      vertex -19.8743 -29.1219 0
      vertex -19.0499 -33.2932 0
    endloop
  endfacet
  facet normal -0 0 -1
    outer loop
      vertex -19.0041 -33.2502 0
      vertex -19.0499 -33.2932 0
      vertex -19.7889 -29.1621 0
    endloop
  endfacet
  facet normal 0 0 -1
    outer loop
      vertex -19.0499 -33.2932 0
      vertex -19.8743 -29.1219 0
      vertex -19.7889 -29.1621 0
    endloop
  endfacet
  facet normal -0 0 -1
    outer loop
      vertex -18.9559 -33.2103 0
      vertex -19.0041 -33.2502 0
      vertex -19.356 -29.3494 0
    endloop
  endfacet
  facet normal -0 0 -1
    outer loop
      vertex -18.9048 -33.1733 0
      vertex -18.9559 -33.2103 0
      vertex -19.356 -29.3494 0
    endloop
  endfacet
  facet normal 0 0 -1
    outer loop
      vertex -18.852 -33.1397 0
      vertex -19.2689 -29.3839 0
      vertex -18.7969 -33.1094 0
    endloop
  endfacet
  facet normal 0 0 -1
    outer loop
      vertex -18.7969 -33.1094 0
      vertex -19.2689 -29.3839 0
      vertex -18.8255 -29.5435 0
    endloop
  endfacet
  facet normal 0 0 -1
    outer loop
      vertex -18.8255 -29.5435 0
      vertex -18.7362 -29.5726 0
      vertex -18.6818 -33.0596 0
    endloop
  endfacet
  facet normal 0 0 -1
    outer loop
      vertex -18.5611 -33.0246 0
      vertex -18.7362 -29.5726 0
      vertex -18.2831 -29.7042 0
    endloop
  endfacet
  facet normal -0 0 -1
    outer loop
      vertex -18.4994 -33.0128 0
      vertex -18.5611 -33.0246 0
      vertex -18.2831 -29.7042 0
    endloop
  endfacet
  facet normal -0 0 -1
    outer loop
      vertex -18.4373 -33.0049 0
      vertex -18.4994 -33.0128 0
      vertex -18.2831 -29.7042 0
    endloop
  endfacet
  facet normal -0 0 -1
    outer loop
      vertex -18.1926 -29.7274 0
      vertex -18.4373 -33.0049 0
      vertex -18.2831 -29.7042 0
    endloop
  endfacet
  facet normal 0 0 -1
    outer loop
      vertex -18.1926 -29.7274 0
      vertex -18.3666 -33.0005 0
      vertex -18.4373 -33.0049 0
    endloop
  endfacet
  facet normal 0 0 -1
    outer loop
      vertex -18.1926 -29.7274 0
      vertex -18.3351 -33 0
      vertex -18.3666 -33.0005 0
    endloop
  endfacet
  facet normal 0 -0 -1
    outer loop
      vertex -18.1926 -29.7274 0
      vertex -17.7321 -29.8304 0
      vertex -18.3351 -33 0
    endloop
  endfacet
  facet normal 0 0 -1
    outer loop
      vertex -18.3351 -33 0
      vertex -17.7321 -29.8304 0
      vertex -17.6398 -29.848 0
    endloop
  endfacet
  facet normal -0 0 -1
    outer loop
      vertex -17.1743 -29.9217 0
      vertex -18.3351 -33 0
      vertex -17.6398 -29.848 0
    endloop
  endfacet
  facet normal 0 -0 -1
    outer loop
      vertex -17.1743 -29.9217 0
      vertex -17.0811 -29.9335 0
      vertex -18.3351 -33 0
    endloop
  endfacet
  facet normal 0 0 -1
    outer loop
      vertex -18.3351 -33 0
      vertex -17.0811 -29.9335 0
      vertex -16.6124 -29.9778 0
    endloop
  endfacet
  facet normal -0 0 -1
    outer loop
      vertex -16.5181 -29.9837 0
      vertex -18.3351 -33 0
      vertex -16.6124 -29.9778 0
    endloop
  endfacet
  facet normal 0 -0 -1
    outer loop
      vertex -16.5181 -29.9837 0
      vertex -16.0232 -29.9993 0
      vertex -18.3351 -33 0
    endloop
  endfacet
  facet normal 0 0 -1
    outer loop
      vertex -18.3351 -33 0
      vertex -16.0232 -29.9993 0
      vertex -15.9761 -30 0
    endloop
  endfacet
  facet normal -0 0 -1
    outer loop
      vertex -4.01593 -30 0
      vertex -7.01593 -33 0
      vertex -15.9761 -30 0
    endloop
  endfacet
  facet normal 0 0 -1
    outer loop
      vertex -7.01593 -33 0
      vertex -18.3351 -33 0
      vertex -15.9761 -30 0
    endloop
  endfacet
  facet normal 0 0 -1
    outer loop
      vertex -4.01593 -30 0
      vertex -6.46449 -33.1561 0
      vertex -6.51839 -33.1242 0
    endloop
  endfacet
  facet normal 0 0 -1
    outer loop
      vertex -6.36279 -33.2299 0
      vertex -6.4126 -33.1913 0
      vertex -4.01593 -30 0
    endloop
  endfacet
  facet normal 0 0 -1
    outer loop
      vertex -6.31583 -33.2714 0
      vertex -6.36279 -33.2299 0
      vertex -4.01593 -30 0
    endloop
  endfacet
  facet normal 0 0 -1
    outer loop
      vertex -6.27136 -33.3158 0
      vertex -6.31583 -33.2714 0
      vertex -4.01593 -30 0
    endloop
  endfacet
  facet normal 0 0 -1
    outer loop
      vertex -6.22995 -33.3628 0
      vertex -6.27136 -33.3158 0
      vertex -4.01593 -30 0
    endloop
  endfacet
  facet normal 0 0 -1
    outer loop
      vertex -6.19133 -33.4126 0
      vertex -6.22995 -33.3628 0
      vertex -4.01593 -30 0
    endloop
  endfacet
  facet normal 0 0 -1
    outer loop
      vertex -6.15605 -33.4645 0
      vertex -4.01593 -30 0
      vertex -6.12419 -33.5184 0
    endloop
  endfacet
  facet normal 0 0 -1
    outer loop
      vertex -6.12419 -33.5184 0
      vertex -4.01593 -30 0
      vertex -6.09564 -33.5744 0
    endloop
  endfacet
  facet normal 0 0 -1
    outer loop
      vertex -6.09564 -33.5744 0
      vertex -4.01593 -30 0
      vertex -3.93715 -29.9975 0
    endloop
  endfacet
  facet normal 0 0 -1
    outer loop
      vertex -6.07066 -33.6321 0
      vertex -6.09564 -33.5744 0
      vertex -3.93715 -29.9975 0
    endloop
  endfacet
  facet normal 0 0 -1
    outer loop
      vertex -6.04941 -33.6912 0
      vertex -6.07066 -33.6321 0
      vertex -3.87471 -29.9916 0
    endloop
  endfacet
  facet normal 0 0 -1
    outer loop
      vertex -3.8127 -29.9818 0
      vertex -6.04941 -33.6912 0
      vertex -3.87471 -29.9916 0
    endloop
  endfacet
  facet normal 0 0 -1
    outer loop
      vertex -3.8127 -29.9818 0
      vertex -6.03189 -33.7514 0
      vertex -6.04941 -33.6912 0
    endloop
  endfacet
  facet normal 0 -0 -1
    outer loop
      vertex -3.8127 -29.9818 0
      vertex -3.75143 -29.9681 0
      vertex -6.03189 -33.7514 0
    endloop
  endfacet
  facet normal 0 -0 -1
    outer loop
      vertex -3.75143 -29.9681 0
      vertex -3.69116 -29.9506 0
      vertex -6.0182 -33.8127 0
    endloop
  endfacet
  facet normal 0 0 -1
    outer loop
      vertex -6.0182 -33.8127 0
      vertex -3.69116 -29.9506 0
      vertex -6.00838 -33.8747 0
    endloop
  endfacet
  facet normal 0 0 -1
    outer loop
      vertex -6.00838 -33.8747 0
      vertex -3.69116 -29.9506 0
      vertex -3.63213 -29.9293 0
    endloop
  endfacet
  facet normal 0 0 -1
    outer loop
      vertex -6.00247 -33.9372 0
      vertex -6.00838 -33.8747 0
      vertex -3.63213 -29.9293 0
    endloop
  endfacet
  facet normal 0 0 -1
    outer loop
      vertex -6 -34.0159 0
      vertex -6.00247 -33.9372 0
      vertex -3.57442 -29.9044 0
    endloop
  endfacet
  facet normal 0 0 -1
    outer loop
      vertex -3.51839 -29.8758 0
      vertex -6 -34.0159 0
      vertex -3.57442 -29.9044 0
    endloop
  endfacet
  facet normal 0 -0 -1
    outer loop
      vertex -3.51839 -29.8758 0
      vertex -3.46449 -29.8439 0
      vertex -6 -34.0159 0
    endloop
  endfacet
  facet normal 0 0 -1
    outer loop
      vertex -6 -34.0159 0
      vertex -3.46449 -29.8439 0
      vertex -3.4126 -29.8087 0
    endloop
  endfacet
  facet normal 0 0 -1
    outer loop
      vertex -3.36279 -29.7701 0
      vertex -6 -34.0159 0
      vertex -3.4126 -29.8087 0
    endloop
  endfacet
  facet normal 0 -0 -1
    outer loop
      vertex -3.31583 -29.7286 0
      vertex -3.27136 -29.6842 0
      vertex -6 -34.0159 0
    endloop
  endfacet
  facet normal 0 0 -1
    outer loop
      vertex -6 -34.0159 0
      vertex -3.27136 -29.6842 0
      vertex -6 -45.3273 0
    endloop
  endfacet
  facet normal 0 -0 -1
    outer loop
      vertex -6 -45.3273 0
      vertex -3.17326 -54.8525 0
      vertex -6.00249 -45.406 0
    endloop
  endfacet
  facet normal 0 0 -1
    outer loop
      vertex -3.21034 -54.8015 0
      vertex -3.25023 -54.7533 0
      vertex -6.00838 -45.4684 0
    endloop
  endfacet
  facet normal 0 -0 -1
    outer loop
      vertex -6.00838 -45.4684 0
      vertex -3.25023 -54.7533 0
      vertex -6.0182 -45.5304 0
    endloop
  endfacet
  facet normal 0 0 -1
    outer loop
      vertex -6.0182 -45.5304 0
      vertex -3.25023 -54.7533 0
      vertex -3.30396 -54.696 0
    endloop
  endfacet
  facet normal 0 0 -1
    outer loop
      vertex -6.03189 -45.5917 0
      vertex -6.0182 -45.5304 0
      vertex -3.30396 -54.696 0
    endloop
  endfacet
  facet normal 0 0 -1
    outer loop
      vertex -6.04941 -45.652 0
      vertex -6.03189 -45.5917 0
      vertex -3.30396 -54.696 0
    endloop
  endfacet
  facet normal 0 0 -1
    outer loop
      vertex -6.07066 -45.711 0
      vertex -6.04941 -45.652 0
      vertex -3.30396 -54.696 0
    endloop
  endfacet
  facet normal 0 0 -1
    outer loop
      vertex -6.09564 -45.7687 0
      vertex -6.07066 -45.711 0
      vertex -3.30396 -54.696 0
    endloop
  endfacet
  facet normal 0 0 -1
    outer loop
      vertex -6.12419 -45.8248 0
      vertex -6.09564 -45.7687 0
      vertex -3.30396 -54.696 0
    endloop
  endfacet
  facet normal 0 0 -1
    outer loop
      vertex -6.15605 -45.8786 0
      vertex -6.12419 -45.8248 0
      vertex -3.30396 -54.696 0
    endloop
  endfacet
  facet normal 0 0 -1
    outer loop
      vertex -6.19133 -45.9305 0
      vertex -6.15605 -45.8786 0
      vertex -3.30396 -54.696 0
    endloop
  endfacet
  facet normal 0 0 -1
    outer loop
      vertex -6.22995 -45.9803 0
      vertex -6.19133 -45.9305 0
      vertex -3.30396 -54.696 0
    endloop
  endfacet
  facet normal 0 0 -1
    outer loop
      vertex -6.27136 -46.0273 0
      vertex -6.22995 -45.9803 0
      vertex -3.30396 -54.696 0
    endloop
  endfacet
  facet normal 0 0 -1
    outer loop
      vertex -6.31583 -46.0718 0
      vertex -6.27136 -46.0273 0
      vertex -3.30396 -54.696 0
    endloop
  endfacet
  facet normal 0 0 -1
    outer loop
      vertex -6.36279 -46.1132 0
      vertex -6.31583 -46.0718 0
      vertex -3.30396 -54.696 0
    endloop
  endfacet
  facet normal 0 0 -1
    outer loop
      vertex -6.4126 -46.1518 0
      vertex -6.36279 -46.1132 0
      vertex -3.30396 -54.696 0
    endloop
  endfacet
  facet normal 0 0 -1
    outer loop
      vertex -6.46449 -46.1871 0
      vertex -6.4126 -46.1518 0
      vertex -3.30396 -54.696 0
    endloop
  endfacet
  facet normal 0 0 -1
    outer loop
      vertex -6.51839 -46.2189 0
      vertex -6.46449 -46.1871 0
      vertex -3.30396 -54.696 0
    endloop
  endfacet
  facet normal 0 0 -1
    outer loop
      vertex -6.57442 -46.2475 0
      vertex -6.51839 -46.2189 0
      vertex -3.30396 -54.696 0
    endloop
  endfacet
  facet normal 0 0 -1
    outer loop
      vertex -6.63213 -46.2725 0
      vertex -6.57442 -46.2475 0
      vertex -3.30396 -54.696 0
    endloop
  endfacet
  facet normal 0 0 -1
    outer loop
      vertex -6.69116 -46.2937 0
      vertex -6.63213 -46.2725 0
      vertex -3.30396 -54.696 0
    endloop
  endfacet
  facet normal 0 0 -1
    outer loop
      vertex -6.75143 -46.3112 0
      vertex -6.69116 -46.2937 0
      vertex -3.30396 -54.696 0
    endloop
  endfacet
  facet normal 0 0 -1
    outer loop
      vertex -6.8127 -46.3249 0
      vertex -6.75143 -46.3112 0
      vertex -3.30396 -54.696 0
    endloop
  endfacet
  facet normal 0 0 -1
    outer loop
      vertex -6.87471 -46.3348 0
      vertex -6.8127 -46.3249 0
      vertex -3.30396 -54.696 0
    endloop
  endfacet
  facet normal 0 0 -1
    outer loop
      vertex -7 -46.3426 0
      vertex -6.93715 -46.3407 0
      vertex -3.30396 -54.696 0
    endloop
  endfacet
  facet normal 0 0 -1
    outer loop
      vertex -6.93715 -46.3407 0
      vertex -6.87471 -46.3348 0
      vertex -3.30396 -54.696 0
    endloop
  endfacet
  facet normal -0 0 -1
    outer loop
      vertex 40.0084 -73.8747 0
      vertex 40.0025 -73.9372 0
      vertex 37.6321 -69.9293 0
    endloop
  endfacet
  facet normal -0 0 -1
    outer loop
      vertex 40.9687 -86.3421 0
      vertex 37.2929 -94.7071 0
      vertex 40.9058 -86.3382 0
    endloop
  endfacet
  facet normal -0 0 -1
    outer loop
      vertex 40.9058 -86.3382 0
      vertex 37.2929 -94.7071 0
      vertex 40.8437 -86.3304 0
    endloop
  endfacet
  facet normal -0 0 -1
    outer loop
      vertex 40.8437 -86.3304 0
      vertex 37.2929 -94.7071 0
      vertex 40.782 -86.3186 0
    endloop
  endfacet
  facet normal -0 0 -1
    outer loop
      vertex 40.782 -86.3186 0
      vertex 37.2929 -94.7071 0
      vertex 40.721 -86.3029 0
    endloop
  endfacet
  facet normal -0 0 -1
    outer loop
      vertex 40.721 -86.3029 0
      vertex 37.2929 -94.7071 0
      vertex 40.6614 -86.2835 0
    endloop
  endfacet
  facet normal 0 -0 -1
    outer loop
      vertex 37.1913 -69.5874 0
      vertex 40 -85.3351 0
      vertex 34 -94 0
    endloop
  endfacet
  facet normal -0 0 -1
    outer loop
      vertex 40.6614 -86.2835 0
      vertex 37.2929 -94.7071 0
      vertex 40.6032 -86.2605 0
    endloop
  endfacet
  facet normal -0 0 -1
    outer loop
      vertex 40.6032 -86.2605 0
      vertex 37.2929 -94.7071 0
      vertex 40.5462 -86.2337 0
    endloop
  endfacet
  facet normal -0 0 -1
    outer loop
      vertex 40.5462 -86.2337 0
      vertex 37.2929 -94.7071 0
      vertex 40.4911 -86.2034 0
    endloop
  endfacet
  facet normal -0 0 -1
    outer loop
      vertex 40.4911 -86.2034 0
      vertex 37.2929 -94.7071 0
      vertex 40.4383 -86.1699 0
    endloop
  endfacet
  facet normal -0 0 -1
    outer loop
      vertex 40.4383 -86.1699 0
      vertex 37.2929 -94.7071 0
      vertex 40.3873 -86.1328 0
    endloop
  endfacet
  facet normal -0 0 -1
    outer loop
      vertex 40.3873 -86.1328 0
      vertex 37.2929 -94.7071 0
      vertex 40.339 -86.0929 0
    endloop
  endfacet
  facet normal -0 0 -1
    outer loop
      vertex 40.339 -86.0929 0
      vertex 37.2929 -94.7071 0
      vertex 40.2932 -86.0499 0
    endloop
  endfacet
  facet normal 0 0 -1
    outer loop
      vertex 34 -94 0
      vertex 40 -85.3351 0
      vertex 40.0005 -85.3666 0
    endloop
  endfacet
  facet normal 0 0 -1
    outer loop
      vertex 40.2932 -86.0499 0
      vertex 37.2929 -94.7071 0
      vertex 34 -94 0
    endloop
  endfacet
  facet normal 0 -0 -1
    outer loop
      vertex 40.2502 -86.0041 0
      vertex 40.2932 -86.0499 0
      vertex 34 -94 0
    endloop
  endfacet
  facet normal 0 -0 -1
    outer loop
      vertex 40.2103 -85.9559 0
      vertex 40.2502 -86.0041 0
      vertex 34 -94 0
    endloop
  endfacet
  facet normal 0 -0 -1
    outer loop
      vertex 40.1733 -85.9048 0
      vertex 40.2103 -85.9559 0
      vertex 34 -94 0
    endloop
  endfacet
  facet normal 0 -0 -1
    outer loop
      vertex 40.1397 -85.852 0
      vertex 40.1733 -85.9048 0
      vertex 34 -94 0
    endloop
  endfacet
  facet normal 0 -0 -1
    outer loop
      vertex 40.1094 -85.7969 0
      vertex 40.1397 -85.852 0
      vertex 34 -94 0
    endloop
  endfacet
  facet normal 0 -0 -1
    outer loop
      vertex 40.0826 -85.74 0
      vertex 40.1094 -85.7969 0
      vertex 34 -94 0
    endloop
  endfacet
  facet normal 0 -0 -1
    outer loop
      vertex 40.0596 -85.6818 0
      vertex 40.0826 -85.74 0
      vertex 34 -94 0
    endloop
  endfacet
  facet normal 0 -0 -1
    outer loop
      vertex 40.0402 -85.6221 0
      vertex 40.0596 -85.6818 0
      vertex 34 -94 0
    endloop
  endfacet
  facet normal 0 -0 -1
    outer loop
      vertex 40.0246 -85.5611 0
      vertex 40.0402 -85.6221 0
      vertex 34 -94 0
    endloop
  endfacet
  facet normal -0 0 -1
    outer loop
      vertex 40.0049 -85.4373 0
      vertex 34 -94 0
      vertex 40.0005 -85.3666 0
    endloop
  endfacet
  facet normal 0 -0 -1
    outer loop
      vertex 40.0128 -85.4994 0
      vertex 40.0246 -85.5611 0
      vertex 34 -94 0
    endloop
  endfacet
  facet normal -0 -0 -1
    outer loop
      vertex 37.6912 -69.9506 0
      vertex 40.0084 -73.8747 0
      vertex 37.6321 -69.9293 0
    endloop
  endfacet
  facet normal 0 0 -1
    outer loop
      vertex 37.6912 -69.9506 0
      vertex 40.0182 -73.8127 0
      vertex 40.0084 -73.8747 0
    endloop
  endfacet
  facet normal 0 0 -1
    outer loop
      vertex 37.6912 -69.9506 0
      vertex 37.7514 -69.9681 0
      vertex 40.0182 -73.8127 0
    endloop
  endfacet
  facet normal 0 0 -1
    outer loop
      vertex 40.0182 -73.8127 0
      vertex 37.7514 -69.9681 0
      vertex 40.0319 -73.7514 0
    endloop
  endfacet
  facet normal 0 0 -1
    outer loop
      vertex 40.0319 -73.7514 0
      vertex 37.7514 -69.9681 0
      vertex 37.8127 -69.9818 0
    endloop
  endfacet
  facet normal -0 0 -1
    outer loop
      vertex 40.0494 -73.6912 0
      vertex 40.0319 -73.7514 0
      vertex 37.8127 -69.9818 0
    endloop
  endfacet
  facet normal -0 -0 -1
    outer loop
      vertex 37.8747 -69.9916 0
      vertex 40.0494 -73.6912 0
      vertex 37.8127 -69.9818 0
    endloop
  endfacet
  facet normal 0 0 -1
    outer loop
      vertex 37.8747 -69.9916 0
      vertex 40.0707 -73.6321 0
      vertex 40.0494 -73.6912 0
    endloop
  endfacet
  facet normal 0 0 -1
    outer loop
      vertex 37.8747 -69.9916 0
      vertex 37.9371 -69.9975 0
      vertex 40.0707 -73.6321 0
    endloop
  endfacet
  facet normal 0 0 -1
    outer loop
      vertex 40.0707 -73.6321 0
      vertex 37.9371 -69.9975 0
      vertex 40.0956 -73.5744 0
    endloop
  endfacet
  facet normal 0 0 -1
    outer loop
      vertex 40.0956 -73.5744 0
      vertex 37.9371 -69.9975 0
      vertex 38.0159 -70 0
    endloop
  endfacet
  facet normal -0 0 -1
    outer loop
      vertex 40.1242 -73.5184 0
      vertex 40.0956 -73.5744 0
      vertex 38.0159 -70 0
    endloop
  endfacet
  facet normal -0 0 -1
    outer loop
      vertex 40.1561 -73.4645 0
      vertex 40.1242 -73.5184 0
      vertex 38.0159 -70 0
    endloop
  endfacet
  facet normal -0 0 -1
    outer loop
      vertex 40.1913 -73.4126 0
      vertex 40.1561 -73.4645 0
      vertex 38.0159 -70 0
    endloop
  endfacet
  facet normal -0 0 -1
    outer loop
      vertex 40.2299 -73.3628 0
      vertex 40.1913 -73.4126 0
      vertex 38.0159 -70 0
    endloop
  endfacet
  facet normal -0 0 -1
    outer loop
      vertex 40.2714 -73.3158 0
      vertex 40.2299 -73.3628 0
      vertex 38.0159 -70 0
    endloop
  endfacet
  facet normal -0 0 -1
    outer loop
      vertex 40.3158 -73.2714 0
      vertex 40.2714 -73.3158 0
      vertex 38.0159 -70 0
    endloop
  endfacet
  facet normal -0 0 -1
    outer loop
      vertex 40.3628 -73.2299 0
      vertex 40.3158 -73.2714 0
      vertex 38.0159 -70 0
    endloop
  endfacet
  facet normal -0 0 -1
    outer loop
      vertex 40.4126 -73.1913 0
      vertex 40.3628 -73.2299 0
      vertex 38.0159 -70 0
    endloop
  endfacet
  facet normal -0 0 -1
    outer loop
      vertex 40.4645 -73.1561 0
      vertex 40.4126 -73.1913 0
      vertex 38.0159 -70 0
    endloop
  endfacet
  facet normal -0 0 -1
    outer loop
      vertex 40.5184 -73.1242 0
      vertex 40.4645 -73.1561 0
      vertex 38.0159 -70 0
    endloop
  endfacet
  facet normal -0 0 -1
    outer loop
      vertex 40.5744 -73.0956 0
      vertex 40.5184 -73.1242 0
      vertex 38.0159 -70 0
    endloop
  endfacet
  facet normal -0 0 -1
    outer loop
      vertex 40.6321 -73.0707 0
      vertex 40.5744 -73.0956 0
      vertex 38.0159 -70 0
    endloop
  endfacet
  facet normal -0 0 -1
    outer loop
      vertex 40.7514 -73.0319 0
      vertex 40.6912 -73.0494 0
      vertex 38.0159 -70 0
    endloop
  endfacet
  facet normal -0 0 -1
    outer loop
      vertex 40.6912 -73.0494 0
      vertex 40.6321 -73.0707 0
      vertex 38.0159 -70 0
    endloop
  endfacet
  facet normal -0 0 -1
    outer loop
      vertex 40.8127 -73.0182 0
      vertex 40.7514 -73.0319 0
      vertex 38.0159 -70 0
    endloop
  endfacet
  facet normal -0 0 -1
    outer loop
      vertex 40.8747 -73.0084 0
      vertex 40.8127 -73.0182 0
      vertex 38.0159 -70 0
    endloop
  endfacet
  facet normal -0 0 -1
    outer loop
      vertex 40.9371 -73.0025 0
      vertex 40.8747 -73.0084 0
      vertex 38.0159 -70 0
    endloop
  endfacet
  facet normal -0 0 -1
    outer loop
      vertex 41.0159 -73 0
      vertex 40.9371 -73.0025 0
      vertex 38.0159 -70 0
    endloop
  endfacet
  facet normal -0 0 -1
    outer loop
      vertex 49.9761 -70 0
      vertex 41.0159 -73 0
      vertex 38.0159 -70 0
    endloop
  endfacet
  facet normal 0 0 -1
    outer loop
      vertex 52.7687 -73.0956 0
      vertex 52.8255 -69.5435 0
      vertex 52.8248 -73.1242 0
    endloop
  endfacet
  facet normal 0 0 -1
    outer loop
      vertex 52.3272 -73 0
      vertex 52.1926 -69.7274 0
      vertex 52.406 -73.0025 0
    endloop
  endfacet
  facet normal 0 0 -1
    outer loop
      vertex 52.8248 -73.1242 0
      vertex 52.8255 -69.5435 0
      vertex 53.2689 -69.3839 0
    endloop
  endfacet
  facet normal 0 0 -1
    outer loop
      vertex 52.8786 -73.1561 0
      vertex 52.8248 -73.1242 0
      vertex 53.2689 -69.3839 0
    endloop
  endfacet
  facet normal 0 0 -1
    outer loop
      vertex 53.356 -69.3494 0
      vertex 52.8786 -73.1561 0
      vertex 53.2689 -69.3839 0
    endloop
  endfacet
  facet normal 0 0 -1
    outer loop
      vertex 52.9803 -73.2299 0
      vertex 52.9305 -73.1913 0
      vertex 53.356 -69.3494 0
    endloop
  endfacet
  facet normal 0 0 -1
    outer loop
      vertex 53.7889 -69.1621 0
      vertex 52.9803 -73.2299 0
      vertex 53.356 -69.3494 0
    endloop
  endfacet
  facet normal 0 0 -1
    outer loop
      vertex 53.7889 -69.1621 0
      vertex 53.0273 -73.2714 0
      vertex 52.9803 -73.2299 0
    endloop
  endfacet
  facet normal 0 0 -1
    outer loop
      vertex 53.7889 -69.1621 0
      vertex 53.0718 -73.3158 0
      vertex 53.0273 -73.2714 0
    endloop
  endfacet
  facet normal 0 -0 -1
    outer loop
      vertex 53.7889 -69.1621 0
      vertex 53.8743 -69.1219 0
      vertex 53.0718 -73.3158 0
    endloop
  endfacet
  facet normal 0 0 -1
    outer loop
      vertex 53.0718 -73.3158 0
      vertex 53.8743 -69.1219 0
      vertex 53.1132 -73.3628 0
    endloop
  endfacet
  facet normal 0 0 -1
    outer loop
      vertex 53.1132 -73.3628 0
      vertex 53.8743 -69.1219 0
      vertex 54.2935 -68.9083 0
    endloop
  endfacet
  facet normal 0 0 -1
    outer loop
      vertex 53.1518 -73.4126 0
      vertex 53.1132 -73.3628 0
      vertex 54.2935 -68.9083 0
    endloop
  endfacet
  facet normal 0 0 -1
    outer loop
      vertex 53.1871 -73.4645 0
      vertex 53.1518 -73.4126 0
      vertex 54.2935 -68.9083 0
    endloop
  endfacet
  facet normal 0 0 -1
    outer loop
      vertex 54.3764 -68.8627 0
      vertex 53.1871 -73.4645 0
      vertex 54.2935 -68.9083 0
    endloop
  endfacet
  facet normal 0 0 -1
    outer loop
      vertex 54.3764 -68.8627 0
      vertex 53.2189 -73.5184 0
      vertex 53.1871 -73.4645 0
    endloop
  endfacet
  facet normal 0 -0 -1
    outer loop
      vertex 54.3764 -68.8627 0
      vertex 54.7819 -68.6229 0
      vertex 53.2189 -73.5184 0
    endloop
  endfacet
  facet normal 0 0 -1
    outer loop
      vertex 53.2189 -73.5184 0
      vertex 54.7819 -68.6229 0
      vertex 53.2475 -73.5744 0
    endloop
  endfacet
  facet normal 0 0 -1
    outer loop
      vertex 53.2475 -73.5744 0
      vertex 54.7819 -68.6229 0
      vertex 53.2725 -73.6321 0
    endloop
  endfacet
  facet normal 0 0 -1
    outer loop
      vertex 53.2725 -73.6321 0
      vertex 54.7819 -68.6229 0
      vertex 54.8612 -68.5726 0
    endloop
  endfacet
  facet normal 0 0 -1
    outer loop
      vertex 53.2937 -73.6912 0
      vertex 53.2725 -73.6321 0
      vertex 54.8612 -68.5726 0
    endloop
  endfacet
  facet normal -0 0 -1
    outer loop
      vertex 61.7071 -70.2929 0
      vertex 53.2937 -73.6912 0
      vertex 54.8612 -68.5726 0
    endloop
  endfacet
  facet normal 0 0 -1
    outer loop
      vertex 61.7071 -70.2929 0
      vertex 53.3112 -73.7514 0
      vertex 53.2937 -73.6912 0
    endloop
  endfacet
  facet normal 0 0 -1
    outer loop
      vertex 61.7071 -70.2929 0
      vertex 53.3249 -73.8127 0
      vertex 53.3112 -73.7514 0
    endloop
  endfacet
  facet normal 0 0 -1
    outer loop
      vertex 61.7071 -70.2929 0
      vertex 53.3348 -73.8747 0
      vertex 53.3249 -73.8127 0
    endloop
  endfacet
  facet normal 0 0 -1
    outer loop
      vertex 61.7071 -70.2929 0
      vertex 53.3407 -73.9372 0
      vertex 53.3348 -73.8747 0
    endloop
  endfacet
  facet normal 0 0 -1
    outer loop
      vertex 61.7071 -70.2929 0
      vertex 53.3426 -74 0
      vertex 53.3407 -73.9372 0
    endloop
  endfacet
  facet normal 0 0 -1
    outer loop
      vertex 61.7071 -70.2929 0
      vertex 53.3407 -74.0629 0
      vertex 53.3426 -74 0
    endloop
  endfacet
  facet normal 0 0 -1
    outer loop
      vertex 61.7071 -70.2929 0
      vertex 53.3348 -74.1253 0
      vertex 53.3407 -74.0629 0
    endloop
  endfacet
  facet normal 0 0 -1
    outer loop
      vertex 61.7071 -70.2929 0
      vertex 53.3249 -74.1873 0
      vertex 53.3348 -74.1253 0
    endloop
  endfacet
  facet normal 0 0 -1
    outer loop
      vertex 61.7071 -70.2929 0
      vertex 53.3112 -74.2486 0
      vertex 53.3249 -74.1873 0
    endloop
  endfacet
  facet normal 0 0 -1
    outer loop
      vertex 61.7071 -70.2929 0
      vertex 53.2937 -74.3088 0
      vertex 53.3112 -74.2486 0
    endloop
  endfacet
  facet normal 0 0 -1
    outer loop
      vertex 61.7071 -70.2929 0
      vertex 53.2725 -74.3679 0
      vertex 53.2937 -74.3088 0
    endloop
  endfacet
  facet normal 0 0 -1
    outer loop
      vertex 61.7071 -70.2929 0
      vertex 53.2475 -74.4256 0
      vertex 53.2725 -74.3679 0
    endloop
  endfacet
  facet normal 0 0 -1
    outer loop
      vertex 61.7071 -70.2929 0
      vertex 53.2189 -74.4816 0
      vertex 53.2475 -74.4256 0
    endloop
  endfacet
  facet normal 0 0 -1
    outer loop
      vertex 61.7071 -70.2929 0
      vertex 53.1871 -74.5355 0
      vertex 53.2189 -74.4816 0
    endloop
  endfacet
  facet normal 0 0 -1
    outer loop
      vertex 61.7071 -70.2929 0
      vertex 53.1518 -74.5874 0
      vertex 53.1871 -74.5355 0
    endloop
  endfacet
  facet normal 0 0 -1
    outer loop
      vertex 61.7071 -70.2929 0
      vertex 53.1132 -74.6372 0
      vertex 53.1518 -74.5874 0
    endloop
  endfacet
  facet normal 0 0 -1
    outer loop
      vertex 53.0449 -74.7125 0
      vertex 53.0665 -74.6902 0
      vertex 61.7071 -70.2929 0
    endloop
  endfacet
  facet normal 0 0 -1
    outer loop
      vertex 41.7182 -86.0392 0
      vertex 53.0449 -74.7125 0
      vertex 61.7071 -70.2929 0
    endloop
  endfacet
  facet normal 0 0 -1
    outer loop
      vertex 37.2929 -94.7071 0
      vertex 41.7182 -86.0392 0
      vertex 61.7071 -70.2929 0
    endloop
  endfacet
  facet normal 0 0 -1
    outer loop
      vertex 37.2929 -94.7071 0
      vertex 41.661 -86.0929 0
      vertex 41.7182 -86.0392 0
    endloop
  endfacet
  facet normal 0 0 -1
    outer loop
      vertex 37.2929 -94.7071 0
      vertex 41.6127 -86.1328 0
      vertex 41.661 -86.0929 0
    endloop
  endfacet
  facet normal 0 0 -1
    outer loop
      vertex 37.2929 -94.7071 0
      vertex 41.5617 -86.1699 0
      vertex 41.6127 -86.1328 0
    endloop
  endfacet
  facet normal 0 0 -1
    outer loop
      vertex 37.2929 -94.7071 0
      vertex 41.5089 -86.2034 0
      vertex 41.5617 -86.1699 0
    endloop
  endfacet
  facet normal 0 0 -1
    outer loop
      vertex 37.2929 -94.7071 0
      vertex 41.4538 -86.2337 0
      vertex 41.5089 -86.2034 0
    endloop
  endfacet
  facet normal 0 0 -1
    outer loop
      vertex 37.2929 -94.7071 0
      vertex 41.3968 -86.2605 0
      vertex 41.4538 -86.2337 0
    endloop
  endfacet
  facet normal 0 0 -1
    outer loop
      vertex 37.2929 -94.7071 0
      vertex 41.3386 -86.2835 0
      vertex 41.3968 -86.2605 0
    endloop
  endfacet
  facet normal 0 0 -1
    outer loop
      vertex 37.2929 -94.7071 0
      vertex 41.279 -86.3029 0
      vertex 41.3386 -86.2835 0
    endloop
  endfacet
  facet normal 0 0 -1
    outer loop
      vertex 37.2929 -94.7071 0
      vertex 41.218 -86.3186 0
      vertex 41.279 -86.3029 0
    endloop
  endfacet
  facet normal 0 0 -1
    outer loop
      vertex 37.2929 -94.7071 0
      vertex 41.1563 -86.3304 0
      vertex 41.218 -86.3186 0
    endloop
  endfacet
  facet normal 0 0 -1
    outer loop
      vertex 37.2929 -94.7071 0
      vertex 41.0942 -86.3382 0
      vertex 41.1563 -86.3304 0
    endloop
  endfacet
  facet normal 0 0 -1
    outer loop
      vertex -6.00249 -85.406 0
      vertex -6 -85.3273 0
      vertex 0 -94 0
    endloop
  endfacet
  facet normal 0 0 -1
    outer loop
      vertex -18.3351 -73 0
      vertex -15.9761 -70 0
      vertex -7.01593 -73 0
    endloop
  endfacet
  facet normal 0 0 -1
    outer loop
      vertex -7.06285 -86.3407 0
      vertex -7 -86.3426 0
      vertex -3.29289 -94.7071 0
    endloop
  endfacet
  facet normal 0 0 -1
    outer loop
      vertex -7.12529 -86.3348 0
      vertex -7.06285 -86.3407 0
      vertex -3.29289 -94.7071 0
    endloop
  endfacet
  facet normal 0 0 -1
    outer loop
      vertex -7.1873 -86.3249 0
      vertex -7.12529 -86.3348 0
      vertex -3.29289 -94.7071 0
    endloop
  endfacet
  facet normal 0 0 -1
    outer loop
      vertex -7.24857 -86.3112 0
      vertex -7.1873 -86.3249 0
      vertex -3.29289 -94.7071 0
    endloop
  endfacet
  facet normal 0 0 -1
    outer loop
      vertex -7.30884 -86.2937 0
      vertex -7.24857 -86.3112 0
      vertex -3.29289 -94.7071 0
    endloop
  endfacet
  facet normal 0 0 -1
    outer loop
      vertex -7.36787 -86.2725 0
      vertex -7.30884 -86.2937 0
      vertex -3.29289 -94.7071 0
    endloop
  endfacet
  facet normal 0 0 -1
    outer loop
      vertex -7.42558 -86.2475 0
      vertex -7.36787 -86.2725 0
      vertex -3.29289 -94.7071 0
    endloop
  endfacet
  facet normal 0 0 -1
    outer loop
      vertex -7.48161 -86.2189 0
      vertex -7.42558 -86.2475 0
      vertex -3.29289 -94.7071 0
    endloop
  endfacet
  facet normal 0 0 -1
    outer loop
      vertex -7.53551 -86.1871 0
      vertex -7.48161 -86.2189 0
      vertex -3.29289 -94.7071 0
    endloop
  endfacet
  facet normal 0 0 -1
    outer loop
      vertex -7.5874 -86.1518 0
      vertex -7.53551 -86.1871 0
      vertex -3.29289 -94.7071 0
    endloop
  endfacet
  facet normal 0 0 -1
    outer loop
      vertex -7.69016 -86.0665 0
      vertex -7.63721 -86.1132 0
      vertex -3.29289 -94.7071 0
    endloop
  endfacet
  facet normal 0 0 -1
    outer loop
      vertex -7.63721 -86.1132 0
      vertex -7.5874 -86.1518 0
      vertex -3.29289 -94.7071 0
    endloop
  endfacet
  facet normal 0 0 -1
    outer loop
      vertex -3.29289 -94.7071 0
      vertex -19.0392 -74.7182 0
      vertex -7.71248 -86.0449 0
    endloop
  endfacet
  facet normal 0 0 -1
    outer loop
      vertex -3.29289 -94.7071 0
      vertex -27.7071 -70.2929 0
      vertex -19.0392 -74.7182 0
    endloop
  endfacet
  facet normal 0 0 -1
    outer loop
      vertex -20.3764 -68.8627 0
      vertex -20.2935 -68.9083 0
      vertex -19.1699 -73.4383 0
    endloop
  endfacet
  facet normal 0 0 -1
    outer loop
      vertex -19.0929 -74.661 0
      vertex -27.7071 -70.2929 0
      vertex -19.1328 -74.6127 0
    endloop
  endfacet
  facet normal 0 0 -1
    outer loop
      vertex -19.1328 -74.6127 0
      vertex -27.7071 -70.2929 0
      vertex -19.1699 -74.5617 0
    endloop
  endfacet
  facet normal 0 0 -1
    outer loop
      vertex -19.1699 -74.5617 0
      vertex -27.7071 -70.2929 0
      vertex -19.2034 -74.5089 0
    endloop
  endfacet
  facet normal 0 0 -1
    outer loop
      vertex -19.2034 -74.5089 0
      vertex -27.7071 -70.2929 0
      vertex -19.2337 -74.4538 0
    endloop
  endfacet
  facet normal 0 0 -1
    outer loop
      vertex -19.2337 -74.4538 0
      vertex -27.7071 -70.2929 0
      vertex -19.2605 -74.3968 0
    endloop
  endfacet
  facet normal 0 0 -1
    outer loop
      vertex -19.2605 -74.3968 0
      vertex -27.7071 -70.2929 0
      vertex -19.2835 -74.3386 0
    endloop
  endfacet
  facet normal 0 0 -1
    outer loop
      vertex -19.2835 -74.3386 0
      vertex -27.7071 -70.2929 0
      vertex -19.3029 -74.279 0
    endloop
  endfacet
  facet normal 0 0 -1
    outer loop
      vertex -19.3029 -74.279 0
      vertex -27.7071 -70.2929 0
      vertex -19.3186 -74.218 0
    endloop
  endfacet
  facet normal 0 0 -1
    outer loop
      vertex -19.3304 -74.1563 0
      vertex -27.7071 -70.2929 0
      vertex -19.3382 -74.0942 0
    endloop
  endfacet
  facet normal 0 0 -1
    outer loop
      vertex -27.7071 -70.2929 0
      vertex -19.3421 -73.9687 0
      vertex -19.3421 -74.0313 0
    endloop
  endfacet
  facet normal 0 0 -1
    outer loop
      vertex -27.7071 -70.2929 0
      vertex -19.3186 -73.782 0
      vertex -19.3304 -73.8437 0
    endloop
  endfacet
  facet normal 0 0 -1
    outer loop
      vertex -27.7071 -70.2929 0
      vertex -19.2835 -73.6614 0
      vertex -19.3029 -73.721 0
    endloop
  endfacet
  facet normal 0 0 -1
    outer loop
      vertex -19.2605 -73.6032 0
      vertex -20.8612 -68.5726 0
      vertex -20.7819 -68.6229 0
    endloop
  endfacet
  facet normal -0 -0 -1
    outer loop
      vertex -20.3764 -68.8627 0
      vertex -19.2337 -73.5462 0
      vertex -20.7819 -68.6229 0
    endloop
  endfacet
  facet normal -0 0 -1
    outer loop
      vertex -19.2337 -73.5462 0
      vertex -19.2605 -73.6032 0
      vertex -20.7819 -68.6229 0
    endloop
  endfacet
  facet normal 0 0 -1
    outer loop
      vertex -20.3764 -68.8627 0
      vertex -19.2034 -73.4911 0
      vertex -19.2337 -73.5462 0
    endloop
  endfacet
  facet normal 0 0 -1
    outer loop
      vertex -19.1699 -73.4383 0
      vertex -20.2935 -68.9083 0
      vertex -19.1328 -73.3873 0
    endloop
  endfacet
  facet normal -0 0 -1
    outer loop
      vertex -19.0929 -73.339 0
      vertex -19.1328 -73.3873 0
      vertex -19.8743 -69.1219 0
    endloop
  endfacet
  facet normal 0 0 -1
    outer loop
      vertex -19.1328 -73.3873 0
      vertex -20.2935 -68.9083 0
      vertex -19.8743 -69.1219 0
    endloop
  endfacet
  facet normal 0 0 -1
    outer loop
      vertex -19.0929 -73.339 0
      vertex -19.8743 -69.1219 0
      vertex -19.0499 -73.2932 0
    endloop
  endfacet
  facet normal -0 0 -1
    outer loop
      vertex -19.0041 -73.2502 0
      vertex -19.0499 -73.2932 0
      vertex -19.7889 -69.1621 0
    endloop
  endfacet
  facet normal 0 0 -1
    outer loop
      vertex -19.0499 -73.2932 0
      vertex -19.8743 -69.1219 0
      vertex -19.7889 -69.1621 0
    endloop
  endfacet
  facet normal 0 0 -1
    outer loop
      vertex -19.0041 -73.2502 0
      vertex -19.356 -69.3494 0
      vertex -18.9559 -73.2103 0
    endloop
  endfacet
  facet normal 0 0 -1
    outer loop
      vertex -18.9048 -73.1733 0
      vertex -19.356 -69.3494 0
      vertex -19.2689 -69.3839 0
    endloop
  endfacet
  facet normal 0 0 -1
    outer loop
      vertex -18.9559 -73.2103 0
      vertex -19.356 -69.3494 0
      vertex -18.9048 -73.1733 0
    endloop
  endfacet
  facet normal 0 0 -1
    outer loop
      vertex -19.2689 -69.3839 0
      vertex -18.7969 -73.1094 0
      vertex -18.852 -73.1397 0
    endloop
  endfacet
  facet normal 0 0 -1
    outer loop
      vertex -18.7969 -73.1094 0
      vertex -18.8255 -69.5435 0
      vertex -18.74 -73.0826 0
    endloop
  endfacet
  facet normal 0 0 -1
    outer loop
      vertex -19.2689 -69.3839 0
      vertex -18.8255 -69.5435 0
      vertex -18.7969 -73.1094 0
    endloop
  endfacet
  facet normal 0 0 -1
    outer loop
      vertex -18.7362 -69.5726 0
      vertex -18.6221 -73.0402 0
      vertex -18.6818 -73.0596 0
    endloop
  endfacet
  facet normal -0 -0 -1
    outer loop
      vertex -18.7362 -69.5726 0
      vertex -18.6818 -73.0596 0
      vertex -18.8255 -69.5435 0
    endloop
  endfacet
  facet normal 0 0 -1
    outer loop
      vertex -18.5611 -73.0246 0
      vertex -18.7362 -69.5726 0
      vertex -18.2831 -69.7042 0
    endloop
  endfacet
  facet normal -0 0 -1
    outer loop
      vertex -18.4994 -73.0128 0
      vertex -18.5611 -73.0246 0
      vertex -18.2831 -69.7042 0
    endloop
  endfacet
  facet normal -0 0 -1
    outer loop
      vertex -18.4373 -73.0049 0
      vertex -18.4994 -73.0128 0
      vertex -18.2831 -69.7042 0
    endloop
  endfacet
  facet normal -0 0 -1
    outer loop
      vertex -18.1926 -69.7274 0
      vertex -18.4373 -73.0049 0
      vertex -18.2831 -69.7042 0
    endloop
  endfacet
  facet normal 0 0 -1
    outer loop
      vertex -18.1926 -69.7274 0
      vertex -18.3666 -73.0005 0
      vertex -18.4373 -73.0049 0
    endloop
  endfacet
  facet normal 0 0 -1
    outer loop
      vertex -18.1926 -69.7274 0
      vertex -18.3351 -73 0
      vertex -18.3666 -73.0005 0
    endloop
  endfacet
  facet normal 0 -0 -1
    outer loop
      vertex -18.1926 -69.7274 0
      vertex -17.7321 -69.8304 0
      vertex -18.3351 -73 0
    endloop
  endfacet
  facet normal 0 0 -1
    outer loop
      vertex -18.3351 -73 0
      vertex -17.7321 -69.8304 0
      vertex -17.6398 -69.848 0
    endloop
  endfacet
  facet normal -0 0 -1
    outer loop
      vertex -17.1743 -69.9217 0
      vertex -18.3351 -73 0
      vertex -17.6398 -69.848 0
    endloop
  endfacet
  facet normal 0 -0 -1
    outer loop
      vertex -17.1743 -69.9217 0
      vertex -17.0811 -69.9335 0
      vertex -18.3351 -73 0
    endloop
  endfacet
  facet normal 0 0 -1
    outer loop
      vertex -18.3351 -73 0
      vertex -17.0811 -69.9335 0
      vertex -16.6124 -69.9778 0
    endloop
  endfacet
  facet normal -0 0 -1
    outer loop
      vertex -16.5181 -69.9837 0
      vertex -18.3351 -73 0
      vertex -16.6124 -69.9778 0
    endloop
  endfacet
  facet normal 0 -0 -1
    outer loop
      vertex -16.5181 -69.9837 0
      vertex -16.0232 -69.9993 0
      vertex -18.3351 -73 0
    endloop
  endfacet
  facet normal 0 0 -1
    outer loop
      vertex -18.3351 -73 0
      vertex -16.0232 -69.9993 0
      vertex -15.9761 -70 0
    endloop
  endfacet
  facet normal 0 0 -1
    outer loop
      vertex -7.01593 -73 0
      vertex -15.9761 -70 0
      vertex -4.01593 -70 0
    endloop
  endfacet
  facet normal 0 0 -1
    outer loop
      vertex -6.51839 -73.1242 0
      vertex -4.01593 -70 0
      vertex -6.46449 -73.1561 0
    endloop
  endfacet
  facet normal 0 0 -1
    outer loop
      vertex -4.01593 -70 0
      vertex -6.36279 -73.2299 0
      vertex -6.4126 -73.1913 0
    endloop
  endfacet
  facet normal 0 0 -1
    outer loop
      vertex -4.01593 -70 0
      vertex -6.31583 -73.2714 0
      vertex -6.36279 -73.2299 0
    endloop
  endfacet
  facet normal 0 0 -1
    outer loop
      vertex -4.01593 -70 0
      vertex -6.27136 -73.3158 0
      vertex -6.31583 -73.2714 0
    endloop
  endfacet
  facet normal 0 0 -1
    outer loop
      vertex -4.01593 -70 0
      vertex -6.22995 -73.3628 0
      vertex -6.27136 -73.3158 0
    endloop
  endfacet
  facet normal 0 0 -1
    outer loop
      vertex -4.01593 -70 0
      vertex -6.19133 -73.4126 0
      vertex -6.22995 -73.3628 0
    endloop
  endfacet
  facet normal 0 0 -1
    outer loop
      vertex -6.12419 -73.5184 0
      vertex -6.15605 -73.4645 0
      vertex -4.01593 -70 0
    endloop
  endfacet
  facet normal 0 0 -1
    outer loop
      vertex -6.09564 -73.5744 0
      vertex -6.12419 -73.5184 0
      vertex -4.01593 -70 0
    endloop
  endfacet
  facet normal 0 0 -1
    outer loop
      vertex -3.93715 -69.9975 0
      vertex -6.09564 -73.5744 0
      vertex -4.01593 -70 0
    endloop
  endfacet
  facet normal 0 0 -1
    outer loop
      vertex -3.93715 -69.9975 0
      vertex -6.07066 -73.6321 0
      vertex -6.09564 -73.5744 0
    endloop
  endfacet
  facet normal 0 0 -1
    outer loop
      vertex -3.87471 -69.9916 0
      vertex -6.04941 -73.6912 0
      vertex -6.07066 -73.6321 0
    endloop
  endfacet
  facet normal 0 -0 -1
    outer loop
      vertex -3.87471 -69.9916 0
      vertex -3.8127 -69.9818 0
      vertex -6.04941 -73.6912 0
    endloop
  endfacet
  facet normal 0 0 -1
    outer loop
      vertex -6.04941 -73.6912 0
      vertex -3.8127 -69.9818 0
      vertex -6.03189 -73.7514 0
    endloop
  endfacet
  facet normal 0 0 -1
    outer loop
      vertex -6.03189 -73.7514 0
      vertex -3.8127 -69.9818 0
      vertex -3.75143 -69.9681 0
    endloop
  endfacet
  facet normal 0 0 -1
    outer loop
      vertex -6.0182 -73.8127 0
      vertex -3.75143 -69.9681 0
      vertex -3.69116 -69.9506 0
    endloop
  endfacet
  facet normal 0 0 -1
    outer loop
      vertex -6.00838 -73.8747 0
      vertex -6.0182 -73.8127 0
      vertex -3.69116 -69.9506 0
    endloop
  endfacet
  facet normal 0 0 -1
    outer loop
      vertex -3.63213 -69.9293 0
      vertex -6.00838 -73.8747 0
      vertex -3.69116 -69.9506 0
    endloop
  endfacet
  facet normal 0 0 -1
    outer loop
      vertex -3.63213 -69.9293 0
      vertex -6.00247 -73.9372 0
      vertex -6.00838 -73.8747 0
    endloop
  endfacet
  facet normal 0 0 -1
    outer loop
      vertex -3.57442 -69.9044 0
      vertex -6 -74.0159 0
      vertex -6.00247 -73.9372 0
    endloop
  endfacet
  facet normal 0 -0 -1
    outer loop
      vertex -3.57442 -69.9044 0
      vertex -3.51839 -69.8758 0
      vertex -6 -74.0159 0
    endloop
  endfacet
  facet normal 0 0 -1
    outer loop
      vertex -6 -74.0159 0
      vertex -3.46449 -69.8439 0
      vertex -3.4126 -69.8087 0
    endloop
  endfacet
  facet normal 0 0 -1
    outer loop
      vertex -3.36279 -69.7701 0
      vertex -6 -74.0159 0
      vertex -3.4126 -69.8087 0
    endloop
  endfacet
  facet normal 0 -0 -1
    outer loop
      vertex -3.36279 -69.7701 0
      vertex -3.31583 -69.7286 0
      vertex -6 -74.0159 0
    endloop
  endfacet
  facet normal 0 0 -1
    outer loop
      vertex -6 -74.0159 0
      vertex -3.31583 -69.7286 0
      vertex -3.27136 -69.6842 0
    endloop
  endfacet
  facet normal 0 0 -1
    outer loop
      vertex -6 -85.3273 0
      vertex -3.27136 -69.6842 0
      vertex -3.22995 -69.6372 0
    endloop
  endfacet
  facet normal 0 0 -1
    outer loop
      vertex 0 -94 0
      vertex -6 -85.3273 0
      vertex -3.19133 -69.5874 0
    endloop
  endfacet
  facet normal 0 0 -1
    outer loop
      vertex -6.00838 -85.4684 0
      vertex -6.00249 -85.406 0
      vertex 0 -94 0
    endloop
  endfacet
  facet normal 0 0 -1
    outer loop
      vertex -6.0182 -85.5304 0
      vertex -6.00838 -85.4684 0
      vertex 0 -94 0
    endloop
  endfacet
  facet normal 0 0 -1
    outer loop
      vertex -6.03189 -85.5917 0
      vertex -6.0182 -85.5304 0
      vertex 0 -94 0
    endloop
  endfacet
  facet normal 0 0 -1
    outer loop
      vertex -6.04941 -85.652 0
      vertex -6.03189 -85.5917 0
      vertex 0 -94 0
    endloop
  endfacet
  facet normal 0 0 -1
    outer loop
      vertex -6.07066 -85.711 0
      vertex -6.04941 -85.652 0
      vertex 0 -94 0
    endloop
  endfacet
  facet normal 0 0 -1
    outer loop
      vertex -6.09564 -85.7687 0
      vertex -6.07066 -85.711 0
      vertex 0 -94 0
    endloop
  endfacet
  facet normal 0 0 -1
    outer loop
      vertex -6.12419 -85.8248 0
      vertex -6.09564 -85.7687 0
      vertex 0 -94 0
    endloop
  endfacet
  facet normal 0 0 -1
    outer loop
      vertex -6.15605 -85.8786 0
      vertex -6.12419 -85.8248 0
      vertex 0 -94 0
    endloop
  endfacet
  facet normal 0 0 -1
    outer loop
      vertex -6.19133 -85.9305 0
      vertex -6.15605 -85.8786 0
      vertex 0 -94 0
    endloop
  endfacet
  facet normal 0 0 -1
    outer loop
      vertex -6.22995 -85.9803 0
      vertex -6.19133 -85.9305 0
      vertex 0 -94 0
    endloop
  endfacet
  facet normal 0 0 -1
    outer loop
      vertex -6.27136 -86.0273 0
      vertex -6.22995 -85.9803 0
      vertex 0 -94 0
    endloop
  endfacet
  facet normal 0 0 -1
    outer loop
      vertex -3.29289 -94.7071 0
      vertex -6.27136 -86.0273 0
      vertex 0 -94 0
    endloop
  endfacet
  facet normal 0 0 -1
    outer loop
      vertex -3.29289 -94.7071 0
      vertex -6.31583 -86.0718 0
      vertex -6.27136 -86.0273 0
    endloop
  endfacet
  facet normal 0 0 -1
    outer loop
      vertex -3.29289 -94.7071 0
      vertex -6.36279 -86.1132 0
      vertex -6.31583 -86.0718 0
    endloop
  endfacet
  facet normal 0 0 -1
    outer loop
      vertex -3.29289 -94.7071 0
      vertex -6.4126 -86.1518 0
      vertex -6.36279 -86.1132 0
    endloop
  endfacet
  facet normal 0 0 -1
    outer loop
      vertex -3.29289 -94.7071 0
      vertex -6.46449 -86.1871 0
      vertex -6.4126 -86.1518 0
    endloop
  endfacet
  facet normal 0 0 -1
    outer loop
      vertex -3.29289 -94.7071 0
      vertex -6.51839 -86.2189 0
      vertex -6.46449 -86.1871 0
    endloop
  endfacet
  facet normal 0 0 -1
    outer loop
      vertex -3.29289 -94.7071 0
      vertex -6.57442 -86.2475 0
      vertex -6.51839 -86.2189 0
    endloop
  endfacet
  facet normal 0 0 -1
    outer loop
      vertex -3.29289 -94.7071 0
      vertex -6.63213 -86.2725 0
      vertex -6.57442 -86.2475 0
    endloop
  endfacet
  facet normal 0 0 -1
    outer loop
      vertex -3.29289 -94.7071 0
      vertex -6.69116 -86.2937 0
      vertex -6.63213 -86.2725 0
    endloop
  endfacet
  facet normal 0 0 -1
    outer loop
      vertex -3.29289 -94.7071 0
      vertex -6.75143 -86.3112 0
      vertex -6.69116 -86.2937 0
    endloop
  endfacet
  facet normal 0 0 -1
    outer loop
      vertex -3.29289 -94.7071 0
      vertex -6.8127 -86.3249 0
      vertex -6.75143 -86.3112 0
    endloop
  endfacet
  facet normal 0 0 -1
    outer loop
      vertex -3.29289 -94.7071 0
      vertex -6.87471 -86.3348 0
      vertex -6.8127 -86.3249 0
    endloop
  endfacet
  facet normal 0 0 -1
    outer loop
      vertex -3.29289 -94.7071 0
      vertex -6.93715 -86.3407 0
      vertex -6.87471 -86.3348 0
    endloop
  endfacet
  facet normal 0 0 1
    outer loop
      vertex -1 -95 30
      vertex -0.93721 -94.998 30
      vertex -0.874664 -94.9921 30
    endloop
  endfacet
  facet normal 0 -0 1
    outer loop
      vertex -0.751312 -94.9686 30
      vertex -0.690979 -94.951 30
      vertex -0.812622 -94.9823 30
    endloop
  endfacet
  facet normal 0 -0 1
    outer loop
      vertex -0.812622 -94.9823 30
      vertex -0.690979 -94.951 30
      vertex -0.874664 -94.9921 30
    endloop
  endfacet
  facet normal 0 0 1
    outer loop
      vertex -0.690979 -94.951 30
      vertex -0.362579 -94.7705 30
      vertex -0.229492 -94.6374 30
    endloop
  endfacet
  facet normal 0 0 1
    outer loop
      vertex -0.631882 -94.9298 30
      vertex -0.574219 -94.9048 30
      vertex -0.51825 -94.8763 30
    endloop
  endfacet
  facet normal 0 -0 1
    outer loop
      vertex -0.631882 -94.9298 30
      vertex -0.51825 -94.8763 30
      vertex -0.690979 -94.951 30
    endloop
  endfacet
  facet normal 0 -0 1
    outer loop
      vertex -0.51825 -94.8763 30
      vertex -0.464172 -94.8443 30
      vertex -0.690979 -94.951 30
    endloop
  endfacet
  facet normal 0 0 1
    outer loop
      vertex -0.464172 -94.8443 30
      vertex -0.412216 -94.809 30
      vertex -0.362579 -94.7705 30
    endloop
  endfacet
  facet normal 0 -0 1
    outer loop
      vertex -0.464172 -94.8443 30
      vertex -0.362579 -94.7705 30
      vertex -0.690979 -94.951 30
    endloop
  endfacet
  facet normal 0 0 1
    outer loop
      vertex -0.690979 -94.951 30
      vertex -0.229492 -94.6374 30
      vertex -0.0489502 -94.309 30
    endloop
  endfacet
  facet normal 0 -0 1
    outer loop
      vertex -0.31546 -94.729 30
      vertex -0.271027 -94.6845 30
      vertex -0.362579 -94.7705 30
    endloop
  endfacet
  facet normal 0 -0 1
    outer loop
      vertex -0.271027 -94.6845 30
      vertex -0.229492 -94.6374 30
      vertex -0.362579 -94.7705 30
    endloop
  endfacet
  facet normal 0 0 1
    outer loop
      vertex -0.229492 -94.6374 30
      vertex -0.15567 -94.5358 30
      vertex -0.0489502 -94.309 30
    endloop
  endfacet
  facet normal 0 -0 1
    outer loop
      vertex -0.190979 -94.5878 30
      vertex -0.15567 -94.5358 30
      vertex -0.229492 -94.6374 30
    endloop
  endfacet
  facet normal 0 0 1
    outer loop
      vertex -0.0489502 -94.309 30
      vertex -0.123688 -94.4818 30
      vertex -0.0702209 -94.3681 30
    endloop
  endfacet
  facet normal 0 0 1
    outer loop
      vertex -0.123688 -94.4818 30
      vertex -0.0951691 -94.4258 30
      vertex -0.0702209 -94.3681 30
    endloop
  endfacet
  facet normal 0 0 1
    outer loop
      vertex -0.15567 -94.5358 30
      vertex -0.123688 -94.4818 30
      vertex -0.0489502 -94.309 30
    endloop
  endfacet
  facet normal 0 -0 1
    outer loop
      vertex -0.690979 -94.951 30
      vertex -0.0489502 -94.309 30
      vertex -0.874664 -94.9921 30
    endloop
  endfacet
  facet normal 0 0 1
    outer loop
      vertex -0.0489502 -94.309 30
      vertex -0.0177155 -94.1874 30
      vertex -0.00788879 -94.1253 30
    endloop
  endfacet
  facet normal 0 -0 1
    outer loop
      vertex -0.0314178 -94.2487 30
      vertex -0.0177155 -94.1874 30
      vertex -0.0489502 -94.309 30
    endloop
  endfacet
  facet normal 0 -0 1
    outer loop
      vertex -0.0489502 -94.309 30
      vertex -0.00788879 -94.1253 30
      vertex -0.874664 -94.9921 30
    endloop
  endfacet
  facet normal 0 0 1
    outer loop
      vertex -0.00788879 -94.1253 30
      vertex -1 -95 30
      vertex -0.874664 -94.9921 30
    endloop
  endfacet
  facet normal 0 -0 1
    outer loop
      vertex -0.00196838 -94.0628 30
      vertex 0 -94 30
      vertex -0.00788879 -94.1253 30
    endloop
  endfacet
  facet normal 0 0 1
    outer loop
      vertex 0 -94 30
      vertex -1 -95 30
      vertex -0.00788879 -94.1253 30
    endloop
  endfacet
  facet normal 0 0 1
    outer loop
      vertex 0 -1.01593 30
      vertex -3 -28.9841 30
      vertex -3.00247 -29.0629 30
    endloop
  endfacet
  facet normal 0 0 1
    outer loop
      vertex -2.68454 2.72897 30
      vertex -2.72897 2.68454 30
      vertex -2.77051 2.63742 30
    endloop
  endfacet
  facet normal -0 0 1
    outer loop
      vertex -2.63742 2.77051 30
      vertex -2.95105 2.30902 30
      vertex -2.30902 2.95105 30
    endloop
  endfacet
  facet normal 0 0 1
    outer loop
      vertex -2.53583 2.84433 30
      vertex -2.58778 2.80902 30
      vertex -2.63742 2.77051 30
    endloop
  endfacet
  facet normal 0 0 1
    outer loop
      vertex -2.53583 2.84433 30
      vertex -2.30902 2.95105 30
      vertex -2.48175 2.87631 30
    endloop
  endfacet
  facet normal 0 0 1
    outer loop
      vertex -2.30902 2.95105 30
      vertex -2.36812 2.92978 30
      vertex -2.48175 2.87631 30
    endloop
  endfacet
  facet normal 0 0 1
    outer loop
      vertex -2.36812 2.92978 30
      vertex -2.42578 2.90483 30
      vertex -2.48175 2.87631 30
    endloop
  endfacet
  facet normal 0 0 1
    outer loop
      vertex -2.18738 2.98228 30
      vertex -2.24869 2.96858 30
      vertex -2.30902 2.95105 30
    endloop
  endfacet
  facet normal -0 0 1
    outer loop
      vertex -2.18738 2.98228 30
      vertex -2.30902 2.95105 30
      vertex -2.12534 2.99211 30
    endloop
  endfacet
  facet normal 0 0 1
    outer loop
      vertex -2 3 30
      vertex -2.06279 2.99803 30
      vertex -2.12534 2.99211 30
    endloop
  endfacet
  facet normal 0 0 1
    outer loop
      vertex -2.63742 2.77051 30
      vertex -2.77051 2.63742 30
      vertex -2.95105 2.30902 30
    endloop
  endfacet
  facet normal 0 0 1
    outer loop
      vertex -2.63742 2.77051 30
      vertex -2.30902 2.95105 30
      vertex -2.53583 2.84433 30
    endloop
  endfacet
  facet normal 0 0 1
    outer loop
      vertex -2.87631 2.48175 30
      vertex -2.92978 2.36812 30
      vertex -2.95105 2.30902 30
    endloop
  endfacet
  facet normal 0 0 1
    outer loop
      vertex -2.98228 2.18738 30
      vertex -2.95105 2.30902 30
      vertex -2.96858 2.24869 30
    endloop
  endfacet
  facet normal 0 0 1
    outer loop
      vertex -2 3 30
      vertex 0.271362 -0.315826 30
      vertex 0.315826 -0.271362 30
    endloop
  endfacet
  facet normal 0 0 1
    outer loop
      vertex -2 3 30
      vertex 0.315826 -0.271362 30
      vertex 0.362793 -0.22995 30
    endloop
  endfacet
  facet normal 0 0 1
    outer loop
      vertex -2 3 30
      vertex 0.362793 -0.22995 30
      vertex 0.412598 -0.19133 30
    endloop
  endfacet
  facet normal 0 0 1
    outer loop
      vertex -2 3 30
      vertex 0.412598 -0.19133 30
      vertex 0.464493 -0.156052 30
    endloop
  endfacet
  facet normal 0 0 1
    outer loop
      vertex -2 3 30
      vertex 0.464493 -0.156052 30
      vertex 0.518387 -0.124191 30
    endloop
  endfacet
  facet normal 0 0 1
    outer loop
      vertex -2 3 30
      vertex 0.518387 -0.124191 30
      vertex 0.574417 -0.0956421 30
    endloop
  endfacet
  facet normal 0 0 1
    outer loop
      vertex -2 3 30
      vertex 0.574417 -0.0956421 30
      vertex 0.632126 -0.0706635 30
    endloop
  endfacet
  facet normal 0 0 1
    outer loop
      vertex -2 3 30
      vertex 0.632126 -0.0706635 30
      vertex 0.691162 -0.049408 30
    endloop
  endfacet
  facet normal 0 0 1
    outer loop
      vertex -2 3 30
      vertex 0.691162 -0.049408 30
      vertex 0.751434 -0.0318909 30
    endloop
  endfacet
  facet normal 0 0 1
    outer loop
      vertex -2 3 30
      vertex 0.751434 -0.0318909 30
      vertex 0.812698 -0.0182037 30
    endloop
  endfacet
  facet normal 0 0 1
    outer loop
      vertex -2 3 30
      vertex 0.812698 -0.0182037 30
      vertex 0.87471 -0.00837708 30
    endloop
  endfacet
  facet normal 0 0 1
    outer loop
      vertex -2 3 30
      vertex 0.87471 -0.00837708 30
      vertex 0.937149 -0.00247192 30
    endloop
  endfacet
  facet normal 0 0 1
    outer loop
      vertex 36.7705 2.63742 30
      vertex 36.729 2.68454 30
      vertex 36.6374 2.77051 30
    endloop
  endfacet
  facet normal 0 0 1
    outer loop
      vertex 36.729 2.68454 30
      vertex 36.6845 2.72897 30
      vertex 36.6374 2.77051 30
    endloop
  endfacet
  facet normal 0 0 1
    outer loop
      vertex 36.7705 2.63742 30
      vertex 36.309 2.95105 30
      vertex 36.951 2.30902 30
    endloop
  endfacet
  facet normal 0 0 1
    outer loop
      vertex 36.8443 2.53583 30
      vertex 36.809 2.58778 30
      vertex 36.7705 2.63742 30
    endloop
  endfacet
  facet normal 0 0 1
    outer loop
      vertex 36.8443 2.53583 30
      vertex 36.951 2.30902 30
      vertex 36.8763 2.48175 30
    endloop
  endfacet
  facet normal 0 0 1
    outer loop
      vertex 36.951 2.30902 30
      vertex 36.9298 2.36812 30
      vertex 36.8763 2.48175 30
    endloop
  endfacet
  facet normal 0 0 1
    outer loop
      vertex 36.9298 2.36812 30
      vertex 36.9048 2.42578 30
      vertex 36.8763 2.48175 30
    endloop
  endfacet
  facet normal 0 0 1
    outer loop
      vertex 36.9823 2.18738 30
      vertex 36.9686 2.24869 30
      vertex 36.951 2.30902 30
    endloop
  endfacet
  facet normal 0 0 1
    outer loop
      vertex 36.9823 2.18738 30
      vertex 36.951 2.30902 30
      vertex 36.9921 2.12534 30
    endloop
  endfacet
  facet normal 0 0 1
    outer loop
      vertex 37 2 30
      vertex 36.998 2.06279 30
      vertex 36.9921 2.12534 30
    endloop
  endfacet
  facet normal 0 0 1
    outer loop
      vertex 36.7705 2.63742 30
      vertex 36.6374 2.77051 30
      vertex 36.309 2.95105 30
    endloop
  endfacet
  facet normal 0 0 1
    outer loop
      vertex 36.7705 2.63742 30
      vertex 36.951 2.30902 30
      vertex 36.8443 2.53583 30
    endloop
  endfacet
  facet normal 0 0 1
    outer loop
      vertex 37.0084 -55.2889 30
      vertex 37.0025 -29.0629 30
      vertex 37.0025 -55.3514 30
    endloop
  endfacet
  facet normal 0 0 1
    outer loop
      vertex 61.4258 -20.0952 30
      vertex 61.3681 -20.0702 30
      vertex 61.4818 -20.1237 30
    endloop
  endfacet
  facet normal 0 0 1
    outer loop
      vertex 61.3681 -20.0702 30
      vertex 61.309 -20.049 30
      vertex 61.4818 -20.1237 30
    endloop
  endfacet
  facet normal 0 -0 1
    outer loop
      vertex 61.9956 -29.6799 30
      vertex 62 -29.5858 30
      vertex 61.7071 -30.2929 30
    endloop
  endfacet
  facet normal 0 -0 1
    outer loop
      vertex 61.9995 -29.6172 30
      vertex 62 -29.5858 30
      vertex 61.9956 -29.6799 30
    endloop
  endfacet
  facet normal 0 0 1
    outer loop
      vertex 61.7071 -30.2929 30
      vertex 61.7501 -30.2471 30
      vertex 61.9956 -29.6799 30
    endloop
  endfacet
  facet normal 0 0 1
    outer loop
      vertex 61.7501 -30.2471 30
      vertex 61.9178 -29.9829 30
      vertex 61.9956 -29.6799 30
    endloop
  endfacet
  facet normal 0 -0 1
    outer loop
      vertex 61.9603 -29.8648 30
      vertex 61.9877 -29.7422 30
      vertex 61.9178 -29.9829 30
    endloop
  endfacet
  facet normal 0 0 1
    outer loop
      vertex 61.9178 -69.9829 30
      vertex 61.9409 -69.9245 30
      vertex 61.9603 -69.8648 30
    endloop
  endfacet
  facet normal 0 0 1
    outer loop
      vertex 61.9178 -69.9829 30
      vertex 61.9877 -69.7422 30
      vertex 61.9956 -69.6799 30
    endloop
  endfacet
  facet normal 0 0 1
    outer loop
      vertex 61.9178 -69.9829 30
      vertex 61.7501 -70.2471 30
      vertex 61.7902 -70.1987 30
    endloop
  endfacet
  facet normal 0 0 1
    outer loop
      vertex 61.9178 -69.9829 30
      vertex 61.7902 -70.1987 30
      vertex 61.891 -70.0398 30
    endloop
  endfacet
  facet normal 0 0 1
    outer loop
      vertex 61.8271 -70.1479 30
      vertex 61.8607 -70.0948 30
      vertex 61.891 -70.0398 30
    endloop
  endfacet
  facet normal 0 0 1
    outer loop
      vertex 37.1216 -94.8443 30
      vertex 37.1736 -94.809 30
      vertex 37.2232 -94.7705 30
    endloop
  endfacet
  facet normal -0 -0 1
    outer loop
      vertex 34.002 -94.0628 30
      vertex 34.0079 -94.1253 30
      vertex 34 -94 30
    endloop
  endfacet
  facet normal -0 -0 1
    outer loop
      vertex 34.0177 -94.1874 30
      vertex 34.049 -94.309 30
      vertex 34.0079 -94.1253 30
    endloop
  endfacet
  facet normal -0 -0 1
    outer loop
      vertex 34.0314 -94.2487 30
      vertex 34.049 -94.309 30
      vertex 34.0177 -94.1874 30
    endloop
  endfacet
  facet normal 0 0 1
    outer loop
      vertex 34.049 -94.309 30
      vertex 34.2295 -94.6374 30
      vertex 34.3626 -94.7705 30
    endloop
  endfacet
  facet normal 0 0 1
    outer loop
      vertex 34.0702 -94.3681 30
      vertex 34.0952 -94.4258 30
      vertex 34.1237 -94.4818 30
    endloop
  endfacet
  facet normal -0 -0 1
    outer loop
      vertex 34.0702 -94.3681 30
      vertex 34.1237 -94.4818 30
      vertex 34.049 -94.309 30
    endloop
  endfacet
  facet normal -0 -0 1
    outer loop
      vertex 34.1237 -94.4818 30
      vertex 34.1557 -94.5358 30
      vertex 34.049 -94.309 30
    endloop
  endfacet
  facet normal 0 0 1
    outer loop
      vertex 34.1557 -94.5358 30
      vertex 34.191 -94.5878 30
      vertex 34.2295 -94.6374 30
    endloop
  endfacet
  facet normal -0 -0 1
    outer loop
      vertex 34.1557 -94.5358 30
      vertex 34.2295 -94.6374 30
      vertex 34.049 -94.309 30
    endloop
  endfacet
  facet normal 0 0 1
    outer loop
      vertex 34.049 -94.309 30
      vertex 34.3626 -94.7705 30
      vertex 34.691 -94.951 30
    endloop
  endfacet
  facet normal -0 -0 1
    outer loop
      vertex 34.271 -94.6845 30
      vertex 34.3155 -94.729 30
      vertex 34.2295 -94.6374 30
    endloop
  endfacet
  facet normal -0 -0 1
    outer loop
      vertex 34.3155 -94.729 30
      vertex 34.3626 -94.7705 30
      vertex 34.2295 -94.6374 30
    endloop
  endfacet
  facet normal 0 0 1
    outer loop
      vertex 34.3626 -94.7705 30
      vertex 34.4642 -94.8443 30
      vertex 34.691 -94.951 30
    endloop
  endfacet
  facet normal -0 -0 1
    outer loop
      vertex 34.4122 -94.809 30
      vertex 34.4642 -94.8443 30
      vertex 34.3626 -94.7705 30
    endloop
  endfacet
  facet normal 0 0 1
    outer loop
      vertex 34.691 -94.951 30
      vertex 34.5182 -94.8763 30
      vertex 34.6319 -94.9298 30
    endloop
  endfacet
  facet normal 0 0 1
    outer loop
      vertex 34.5182 -94.8763 30
      vertex 34.5742 -94.9048 30
      vertex 34.6319 -94.9298 30
    endloop
  endfacet
  facet normal 0 0 1
    outer loop
      vertex 34.4642 -94.8443 30
      vertex 34.5182 -94.8763 30
      vertex 34.691 -94.951 30
    endloop
  endfacet
  facet normal -0 -0 1
    outer loop
      vertex 34.049 -94.309 30
      vertex 34.691 -94.951 30
      vertex 34.0079 -94.1253 30
    endloop
  endfacet
  facet normal 0 0 1
    outer loop
      vertex 34.691 -94.951 30
      vertex 34.8126 -94.9823 30
      vertex 34.8747 -94.9921 30
    endloop
  endfacet
  facet normal -0 -0 1
    outer loop
      vertex 34.7513 -94.9686 30
      vertex 34.8126 -94.9823 30
      vertex 34.691 -94.951 30
    endloop
  endfacet
  facet normal -0 -0 1
    outer loop
      vertex 34.691 -94.951 30
      vertex 34.8747 -94.9921 30
      vertex 34.0079 -94.1253 30
    endloop
  endfacet
  facet normal 0 0 1
    outer loop
      vertex 34.8747 -94.9921 30
      vertex 34 -94 30
      vertex 34.0079 -94.1253 30
    endloop
  endfacet
  facet normal -0 -0 1
    outer loop
      vertex 34.9372 -94.998 30
      vertex 35 -95 30
      vertex 34.8747 -94.9921 30
    endloop
  endfacet
  facet normal 0 0 1
    outer loop
      vertex 35 -95 30
      vertex 34 -94 30
      vertex 34.8747 -94.9921 30
    endloop
  endfacet
  facet normal 0 0 1
    outer loop
      vertex 36.5858 -95 30
      vertex 34 -94 30
      vertex 35 -95 30
    endloop
  endfacet
  facet normal 0 -0 1
    outer loop
      vertex 36.6486 -94.998 30
      vertex 36.7111 -94.9921 30
      vertex 36.5858 -95 30
    endloop
  endfacet
  facet normal 0 0 1
    outer loop
      vertex 36.7111 -94.9921 30
      vertex 36.7732 -94.9823 30
      vertex 36.8948 -94.951 30
    endloop
  endfacet
  facet normal 0 0 1
    outer loop
      vertex 36.7732 -94.9823 30
      vertex 36.8345 -94.9686 30
      vertex 36.8948 -94.951 30
    endloop
  endfacet
  facet normal 0 0 1
    outer loop
      vertex 36.7111 -94.9921 30
      vertex 36.8948 -94.951 30
      vertex 37.2232 -94.7705 30
    endloop
  endfacet
  facet normal 0 0 1
    outer loop
      vertex 37.0675 -94.8763 30
      vertex 36.9539 -94.9298 30
      vertex 37.0116 -94.9048 30
    endloop
  endfacet
  facet normal 0 0 1
    outer loop
      vertex 36.8948 -94.951 30
      vertex 36.9539 -94.9298 30
      vertex 37.0675 -94.8763 30
    endloop
  endfacet
  facet normal 0 0 1
    outer loop
      vertex 36.8948 -94.951 30
      vertex 37.0675 -94.8763 30
      vertex 37.1216 -94.8443 30
    endloop
  endfacet
  facet normal 0 0 1
    outer loop
      vertex 37.2232 -94.7705 30
      vertex 36.8948 -94.951 30
      vertex 37.1216 -94.8443 30
    endloop
  endfacet
  facet normal 0 0 1
    outer loop
      vertex 36.5858 -95 30
      vertex 36.7111 -94.9921 30
      vertex 37.2232 -94.7705 30
    endloop
  endfacet
  facet normal 0 0 1
    outer loop
      vertex 37.2929 -94.7071 30
      vertex 37.2232 -94.7705 30
      vertex 37.2703 -94.729 30
    endloop
  endfacet
  facet normal 0 0 1
    outer loop
      vertex 36.5858 -95 30
      vertex 37.2232 -94.7705 30
      vertex 37.2929 -94.7071 30
    endloop
  endfacet
  facet normal 0 -0 1
    outer loop
      vertex 36.5858 -95 30
      vertex 37.2929 -94.7071 30
      vertex 34 -94 30
    endloop
  endfacet
  facet normal 0 0 1
    outer loop
      vertex 62 -61 30
      vertex 58.7274 -63.1926 30
      vertex 58.7042 -63.2831 30
    endloop
  endfacet
  facet normal 0 0 1
    outer loop
      vertex 61.7071 -70.2929 30
      vertex 61.7501 -70.2471 30
      vertex 61.9956 -69.6799 30
    endloop
  endfacet
  facet normal 0 0 1
    outer loop
      vertex 61.891 -70.0398 30
      vertex 61.7902 -70.1987 30
      vertex 61.8271 -70.1479 30
    endloop
  endfacet
  facet normal 0 0 1
    outer loop
      vertex 61.9603 -69.8648 30
      vertex 61.9759 -69.8039 30
      vertex 61.9877 -69.7422 30
    endloop
  endfacet
  facet normal 0 -0 1
    outer loop
      vertex 61.9603 -69.8648 30
      vertex 61.9877 -69.7422 30
      vertex 61.9178 -69.9829 30
    endloop
  endfacet
  facet normal 0 -0 1
    outer loop
      vertex 61.9178 -69.9829 30
      vertex 61.9956 -69.6799 30
      vertex 61.7501 -70.2471 30
    endloop
  endfacet
  facet normal 0 0 1
    outer loop
      vertex 61.9956 -69.6799 30
      vertex 61.9995 -69.6172 30
      vertex 62 -69.5858 30
    endloop
  endfacet
  facet normal 0 -0 1
    outer loop
      vertex 61.9956 -69.6799 30
      vertex 62 -69.5858 30
      vertex 61.7071 -70.2929 30
    endloop
  endfacet
  facet normal 0 0 1
    outer loop
      vertex 61.6374 -60.2295 30
      vertex 61.5358 -60.1557 30
      vertex 61.309 -60.049 30
    endloop
  endfacet
  facet normal 0 0 1
    outer loop
      vertex 61.9048 -60.5742 30
      vertex 61.8763 -60.5182 30
      vertex 61.9298 -60.6319 30
    endloop
  endfacet
  facet normal 0 0 1
    outer loop
      vertex 61.998 -60.9372 30
      vertex 61.9921 -60.8747 30
      vertex 62 -61 30
    endloop
  endfacet
  facet normal 0 0 1
    outer loop
      vertex 61.9921 -60.8747 30
      vertex 61.9823 -60.8126 30
      vertex 61.951 -60.691 30
    endloop
  endfacet
  facet normal 0 0 1
    outer loop
      vertex 61.9823 -60.8126 30
      vertex 61.9686 -60.7513 30
      vertex 61.951 -60.691 30
    endloop
  endfacet
  facet normal 0 0 1
    outer loop
      vertex 61.6374 -60.2295 30
      vertex 61.309 -60.049 30
      vertex 61.7705 -60.3626 30
    endloop
  endfacet
  facet normal 0 0 1
    outer loop
      vertex 61.8763 -60.5182 30
      vertex 61.951 -60.691 30
      vertex 61.9298 -60.6319 30
    endloop
  endfacet
  facet normal 0 0 1
    outer loop
      vertex 61.8443 -60.4642 30
      vertex 61.951 -60.691 30
      vertex 61.8763 -60.5182 30
    endloop
  endfacet
  facet normal 0 0 1
    outer loop
      vertex 61.809 -60.4122 30
      vertex 61.7705 -60.3626 30
      vertex 61.8443 -60.4642 30
    endloop
  endfacet
  facet normal 0 0 1
    outer loop
      vertex 59.6907 -20.049 30
      vertex 59.8124 -20.0177 30
      vertex 59.7511 -20.0314 30
    endloop
  endfacet
  facet normal 0 0 1
    outer loop
      vertex 61.891 -30.0398 30
      vertex 61.7902 -30.1987 30
      vertex 61.8271 -30.1479 30
    endloop
  endfacet
  facet normal 0 0 1
    outer loop
      vertex 61.891 -30.0398 30
      vertex 61.8271 -30.1479 30
      vertex 61.8607 -30.0948 30
    endloop
  endfacet
  facet normal 0 0 1
    outer loop
      vertex 61.9178 -29.9829 30
      vertex 61.7902 -30.1987 30
      vertex 61.891 -30.0398 30
    endloop
  endfacet
  facet normal 0 0 1
    outer loop
      vertex 61.7501 -30.2471 30
      vertex 61.7902 -30.1987 30
      vertex 61.9178 -29.9829 30
    endloop
  endfacet
  facet normal 0 0 1
    outer loop
      vertex 61.9956 -29.6799 30
      vertex 61.9178 -29.9829 30
      vertex 61.9877 -29.7422 30
    endloop
  endfacet
  facet normal 0 0 1
    outer loop
      vertex 61.9178 -29.9829 30
      vertex 61.9409 -29.9245 30
      vertex 61.9603 -29.8648 30
    endloop
  endfacet
  facet normal 0 0 1
    outer loop
      vertex 61.951 -60.691 30
      vertex 61.8443 -60.4642 30
      vertex 61.7705 -60.3626 30
    endloop
  endfacet
  facet normal 0 0 1
    outer loop
      vertex 61.309 -60.049 30
      vertex 61.951 -60.691 30
      vertex 61.7705 -60.3626 30
    endloop
  endfacet
  facet normal 0 0 1
    outer loop
      vertex 61.6374 -60.2295 30
      vertex 61.729 -60.3155 30
      vertex 61.6845 -60.271 30
    endloop
  endfacet
  facet normal 0 0 1
    outer loop
      vertex 61.7705 -60.3626 30
      vertex 61.729 -60.3155 30
      vertex 61.6374 -60.2295 30
    endloop
  endfacet
  facet normal 0 0 1
    outer loop
      vertex 61.5358 -60.1557 30
      vertex 61.6374 -60.2295 30
      vertex 61.5878 -60.191 30
    endloop
  endfacet
  facet normal 0 0 1
    outer loop
      vertex 61.4818 -60.1237 30
      vertex 61.3681 -60.0702 30
      vertex 61.309 -60.049 30
    endloop
  endfacet
  facet normal 0 0 1
    outer loop
      vertex 61.4258 -60.0952 30
      vertex 61.3681 -60.0702 30
      vertex 61.4818 -60.1237 30
    endloop
  endfacet
  facet normal 0 0 1
    outer loop
      vertex 61.4818 -60.1237 30
      vertex 61.309 -60.049 30
      vertex 61.5358 -60.1557 30
    endloop
  endfacet
  facet normal 0 0 1
    outer loop
      vertex 61.309 -60.049 30
      vertex 61.1253 -60.0079 30
      vertex 61.951 -60.691 30
    endloop
  endfacet
  facet normal 0 0 1
    outer loop
      vertex 61.1874 -60.0177 30
      vertex 61.1253 -60.0079 30
      vertex 61.309 -60.049 30
    endloop
  endfacet
  facet normal 0 0 1
    outer loop
      vertex 61.1874 -60.0177 30
      vertex 61.309 -60.049 30
      vertex 61.2487 -60.0314 30
    endloop
  endfacet
  facet normal 0 0 1
    outer loop
      vertex 61.1253 -60.0079 30
      vertex 61.9921 -60.8747 30
      vertex 61.951 -60.691 30
    endloop
  endfacet
  facet normal 0 0 1
    outer loop
      vertex 61 -60 30
      vertex 61.9921 -60.8747 30
      vertex 61.1253 -60.0079 30
    endloop
  endfacet
  facet normal 0 0 1
    outer loop
      vertex 61 -60 30
      vertex 61.1253 -60.0079 30
      vertex 61.0628 -60.002 30
    endloop
  endfacet
  facet normal 0 0 1
    outer loop
      vertex 62 -61 30
      vertex 61.9921 -60.8747 30
      vertex 61 -60 30
    endloop
  endfacet
  facet normal -0 0 1
    outer loop
      vertex 58.9993 -61.0232 30
      vertex 58.9837 -61.5181 30
      vertex 59.9998 -60 30
    endloop
  endfacet
  facet normal 0 0 1
    outer loop
      vertex 59.8744 -60.0079 30
      vertex 59.9998 -60 30
      vertex 59.937 -60.002 30
    endloop
  endfacet
  facet normal -0 0 1
    outer loop
      vertex 59.8124 -60.0177 30
      vertex 59.6907 -60.049 30
      vertex 59.8744 -60.0079 30
    endloop
  endfacet
  facet normal -0 0 1
    outer loop
      vertex 59.7511 -60.0314 30
      vertex 59.6907 -60.049 30
      vertex 59.8124 -60.0177 30
    endloop
  endfacet
  facet normal 0 0 1
    outer loop
      vertex 59.0487 -60.691 30
      vertex 59.3623 -60.2295 30
      vertex 59.2292 -60.3626 30
    endloop
  endfacet
  facet normal 0 0 1
    outer loop
      vertex 59.6316 -60.0702 30
      vertex 59.574 -60.0952 30
      vertex 59.518 -60.1237 30
    endloop
  endfacet
  facet normal -0 0 1
    outer loop
      vertex 59.6316 -60.0702 30
      vertex 59.518 -60.1237 30
      vertex 59.6907 -60.049 30
    endloop
  endfacet
  facet normal -0 0 1
    outer loop
      vertex 59.518 -60.1237 30
      vertex 59.4639 -60.1557 30
      vertex 59.6907 -60.049 30
    endloop
  endfacet
  facet normal 0 0 1
    outer loop
      vertex 59.4639 -60.1557 30
      vertex 59.412 -60.191 30
      vertex 59.3623 -60.2295 30
    endloop
  endfacet
  facet normal -0 0 1
    outer loop
      vertex 59.4639 -60.1557 30
      vertex 59.3623 -60.2295 30
      vertex 59.6907 -60.049 30
    endloop
  endfacet
  facet normal 0 0 1
    outer loop
      vertex 59.6907 -60.049 30
      vertex 59.3623 -60.2295 30
      vertex 59.0487 -60.691 30
    endloop
  endfacet
  facet normal 0 0 1
    outer loop
      vertex 59.3152 -60.271 30
      vertex 59.2708 -60.3155 30
      vertex 59.2292 -60.3626 30
    endloop
  endfacet
  facet normal -0 0 1
    outer loop
      vertex 59.3152 -60.271 30
      vertex 59.2292 -60.3626 30
      vertex 59.3623 -60.2295 30
    endloop
  endfacet
  facet normal 0 0 1
    outer loop
      vertex 59.2292 -60.3626 30
      vertex 59.1554 -60.4642 30
      vertex 59.0487 -60.691 30
    endloop
  endfacet
  facet normal -0 0 1
    outer loop
      vertex 59.1907 -60.4122 30
      vertex 59.1554 -60.4642 30
      vertex 59.2292 -60.3626 30
    endloop
  endfacet
  facet normal 0 0 1
    outer loop
      vertex 59.0487 -60.691 30
      vertex 59.1234 -60.5182 30
      vertex 59.07 -60.6319 30
    endloop
  endfacet
  facet normal 0 0 1
    outer loop
      vertex 59.1234 -60.5182 30
      vertex 59.0949 -60.5742 30
      vertex 59.07 -60.6319 30
    endloop
  endfacet
  facet normal 0 0 1
    outer loop
      vertex 59.1554 -60.4642 30
      vertex 59.1234 -60.5182 30
      vertex 59.0487 -60.691 30
    endloop
  endfacet
  facet normal 0 0 1
    outer loop
      vertex 59.6907 -60.049 30
      vertex 59.0487 -60.691 30
      vertex 59.0076 -60.8747 30
    endloop
  endfacet
  facet normal 0 0 1
    outer loop
      vertex 59.0487 -60.691 30
      vertex 59.0175 -60.8126 30
      vertex 59.0076 -60.8747 30
    endloop
  endfacet
  facet normal -0 0 1
    outer loop
      vertex 59.0312 -60.7513 30
      vertex 59.0175 -60.8126 30
      vertex 59.0487 -60.691 30
    endloop
  endfacet
  facet normal -0 0 1
    outer loop
      vertex 59.6907 -60.049 30
      vertex 59.0076 -60.8747 30
      vertex 59.8744 -60.0079 30
    endloop
  endfacet
  facet normal 0 0 1
    outer loop
      vertex 59.0076 -60.8747 30
      vertex 59.9998 -60 30
      vertex 59.8744 -60.0079 30
    endloop
  endfacet
  facet normal -0 0 1
    outer loop
      vertex 59.0017 -60.9372 30
      vertex 58.9999 -60.9841 30
      vertex 59.0076 -60.8747 30
    endloop
  endfacet
  facet normal 0 0 1
    outer loop
      vertex 58.9999 -60.9841 30
      vertex 59.9998 -60 30
      vertex 59.0076 -60.8747 30
    endloop
  endfacet
  facet normal 0 0 1
    outer loop
      vertex 58.9993 -61.0232 30
      vertex 59.9998 -60 30
      vertex 58.9999 -60.9841 30
    endloop
  endfacet
  facet normal 0 0 1
    outer loop
      vertex 58.9837 -61.5181 30
      vertex 61 -60 30
      vertex 59.9998 -60 30
    endloop
  endfacet
  facet normal 0 0 1
    outer loop
      vertex 62 -61 30
      vertex 61 -60 30
      vertex 58.9837 -61.5181 30
    endloop
  endfacet
  facet normal 0 0 1
    outer loop
      vertex 62 -61 30
      vertex 58.9837 -61.5181 30
      vertex 58.9778 -61.6124 30
    endloop
  endfacet
  facet normal 0 0 1
    outer loop
      vertex 62 -61 30
      vertex 58.9778 -61.6124 30
      vertex 58.9335 -62.0812 30
    endloop
  endfacet
  facet normal 0 0 1
    outer loop
      vertex 62 -61 30
      vertex 58.9335 -62.0812 30
      vertex 58.9217 -62.1743 30
    endloop
  endfacet
  facet normal 0 0 1
    outer loop
      vertex 62 -61 30
      vertex 58.9217 -62.1743 30
      vertex 58.848 -62.6398 30
    endloop
  endfacet
  facet normal 0 0 1
    outer loop
      vertex 62 -61 30
      vertex 58.848 -62.6398 30
      vertex 58.8304 -62.7321 30
    endloop
  endfacet
  facet normal 0 0 1
    outer loop
      vertex 62 -61 30
      vertex 58.8304 -62.7321 30
      vertex 58.7274 -63.1926 30
    endloop
  endfacet
  facet normal 0 0 1
    outer loop
      vertex 62 -69.5858 30
      vertex 56.9634 -66.6997 30
      vertex 56.9035 -66.772 30
    endloop
  endfacet
  facet normal 0 0 1
    outer loop
      vertex 62 -61 30
      vertex 58.7042 -63.2831 30
      vertex 58.5725 -63.7362 30
    endloop
  endfacet
  facet normal 0 0 1
    outer loop
      vertex 62 -61 30
      vertex 58.5725 -63.7362 30
      vertex 58.5435 -63.8256 30
    endloop
  endfacet
  facet normal 0 0 1
    outer loop
      vertex 62 -61 30
      vertex 58.5435 -63.8256 30
      vertex 62 -69.5858 30
    endloop
  endfacet
  facet normal 0 0 1
    outer loop
      vertex 58.5435 -63.8256 30
      vertex 58.3839 -64.2689 30
      vertex 62 -69.5858 30
    endloop
  endfacet
  facet normal 0 0 1
    outer loop
      vertex 58.3839 -64.2689 30
      vertex 58.3494 -64.356 30
      vertex 62 -69.5858 30
    endloop
  endfacet
  facet normal 0 0 1
    outer loop
      vertex 58.3494 -64.356 30
      vertex 58.162 -64.7889 30
      vertex 62 -69.5858 30
    endloop
  endfacet
  facet normal 0 0 1
    outer loop
      vertex 58.162 -64.7889 30
      vertex 58.1219 -64.8743 30
      vertex 62 -69.5858 30
    endloop
  endfacet
  facet normal 0 0 1
    outer loop
      vertex 58.1219 -64.8743 30
      vertex 57.9083 -65.2935 30
      vertex 62 -69.5858 30
    endloop
  endfacet
  facet normal 0 0 1
    outer loop
      vertex 57.9083 -65.2935 30
      vertex 57.8627 -65.3764 30
      vertex 62 -69.5858 30
    endloop
  endfacet
  facet normal 0 0 1
    outer loop
      vertex 57.8627 -65.3764 30
      vertex 57.6229 -65.7819 30
      vertex 62 -69.5858 30
    endloop
  endfacet
  facet normal 0 0 1
    outer loop
      vertex 57.6229 -65.7819 30
      vertex 57.5726 -65.8612 30
      vertex 62 -69.5858 30
    endloop
  endfacet
  facet normal 0 0 1
    outer loop
      vertex 57.5726 -65.8612 30
      vertex 57.3074 -66.2513 30
      vertex 62 -69.5858 30
    endloop
  endfacet
  facet normal 0 0 1
    outer loop
      vertex 57.3074 -66.2513 30
      vertex 57.2522 -66.3273 30
      vertex 62 -69.5858 30
    endloop
  endfacet
  facet normal 0 0 1
    outer loop
      vertex 57.2522 -66.3273 30
      vertex 56.9634 -66.6997 30
      vertex 62 -69.5858 30
    endloop
  endfacet
  facet normal 0 0 1
    outer loop
      vertex 62 -69.5858 30
      vertex 56.9035 -66.772 30
      vertex 61.7071 -70.2929 30
    endloop
  endfacet
  facet normal 0 0 1
    outer loop
      vertex 56.9035 -66.772 30
      vertex 56.5918 -67.1256 30
      vertex 61.7071 -70.2929 30
    endloop
  endfacet
  facet normal 0 0 1
    outer loop
      vertex 56.5918 -67.1256 30
      vertex 56.5274 -67.1942 30
      vertex 61.7071 -70.2929 30
    endloop
  endfacet
  facet normal 0 0 1
    outer loop
      vertex 56.5274 -67.1942 30
      vertex 56.1942 -67.5275 30
      vertex 61.7071 -70.2929 30
    endloop
  endfacet
  facet normal 0 0 1
    outer loop
      vertex 56.1942 -67.5275 30
      vertex 56.1256 -67.5919 30
      vertex 61.7071 -70.2929 30
    endloop
  endfacet
  facet normal 0 0 1
    outer loop
      vertex 56.1256 -67.5919 30
      vertex 55.772 -67.9036 30
      vertex 61.7071 -70.2929 30
    endloop
  endfacet
  facet normal 0 0 1
    outer loop
      vertex 55.772 -67.9036 30
      vertex 55.6997 -67.9634 30
      vertex 61.7071 -70.2929 30
    endloop
  endfacet
  facet normal 0 0 1
    outer loop
      vertex 55.6997 -67.9634 30
      vertex 55.3273 -68.2522 30
      vertex 61.7071 -70.2929 30
    endloop
  endfacet
  facet normal 0 0 1
    outer loop
      vertex 55.3273 -68.2522 30
      vertex 55.2513 -68.3075 30
      vertex 61.7071 -70.2929 30
    endloop
  endfacet
  facet normal 0 0 1
    outer loop
      vertex 55.2513 -68.3075 30
      vertex 54.8612 -68.5726 30
      vertex 61.7071 -70.2929 30
    endloop
  endfacet
  facet normal 0 0 1
    outer loop
      vertex 53.356 -69.3494 30
      vertex 52.8786 -73.1561 30
      vertex 52.9305 -73.1913 30
    endloop
  endfacet
  facet normal 0 -0 1
    outer loop
      vertex 52.7687 -73.0956 30
      vertex 52.8255 -69.5435 30
      vertex 52.711 -73.0707 30
    endloop
  endfacet
  facet normal 0 0 1
    outer loop
      vertex 52.8255 -69.5435 30
      vertex 52.7362 -69.5726 30
      vertex 52.711 -73.0707 30
    endloop
  endfacet
  facet normal 0 0 1
    outer loop
      vertex 52.7362 -69.5726 30
      vertex 52.652 -73.0494 30
      vertex 52.711 -73.0707 30
    endloop
  endfacet
  facet normal -0 0 1
    outer loop
      vertex 52.5917 -73.0319 30
      vertex 52.652 -73.0494 30
      vertex 52.7362 -69.5726 30
    endloop
  endfacet
  facet normal 0 -0 1
    outer loop
      vertex 52.5917 -73.0319 30
      vertex 52.7362 -69.5726 30
      vertex 52.2831 -69.7042 30
    endloop
  endfacet
  facet normal 0 0 1
    outer loop
      vertex 52.5917 -73.0319 30
      vertex 52.2831 -69.7042 30
      vertex 52.5304 -73.0182 30
    endloop
  endfacet
  facet normal 0 0 1
    outer loop
      vertex 52.2831 -69.7042 30
      vertex 52.4684 -73.0084 30
      vertex 52.5304 -73.0182 30
    endloop
  endfacet
  facet normal -0 0 1
    outer loop
      vertex 52.1926 -69.7274 30
      vertex 52.4684 -73.0084 30
      vertex 52.2831 -69.7042 30
    endloop
  endfacet
  facet normal -0 -0 1
    outer loop
      vertex 52.406 -73.0025 30
      vertex 52.4684 -73.0084 30
      vertex 52.1926 -69.7274 30
    endloop
  endfacet
  facet normal 0 0 1
    outer loop
      vertex 52.3272 -73 30
      vertex 52.1926 -69.7274 30
      vertex 51.7321 -69.8304 30
    endloop
  endfacet
  facet normal 0 0 1
    outer loop
      vertex 52.3272 -73 30
      vertex 51.7321 -69.8304 30
      vertex 51.6398 -69.848 30
    endloop
  endfacet
  facet normal 0 0 1
    outer loop
      vertex 41.0942 -86.3382 30
      vertex 41.0313 -86.3421 30
      vertex 37.2929 -94.7071 30
    endloop
  endfacet
  facet normal 0 0 1
    outer loop
      vertex 51.6398 -69.848 30
      vertex 51.1743 -69.9217 30
      vertex 52.3272 -73 30
    endloop
  endfacet
  facet normal 0 0 1
    outer loop
      vertex 51.1743 -69.9217 30
      vertex 51.0811 -69.9335 30
      vertex 52.3272 -73 30
    endloop
  endfacet
  facet normal 0 0 1
    outer loop
      vertex 51.0811 -69.9335 30
      vertex 50.6124 -69.9778 30
      vertex 52.3272 -73 30
    endloop
  endfacet
  facet normal 0 0 1
    outer loop
      vertex 50.6124 -69.9778 30
      vertex 50.5181 -69.9837 30
      vertex 52.3272 -73 30
    endloop
  endfacet
  facet normal 0 0 1
    outer loop
      vertex 50.5181 -69.9837 30
      vertex 50.0232 -69.9993 30
      vertex 52.3272 -73 30
    endloop
  endfacet
  facet normal 0 0 1
    outer loop
      vertex 50.0232 -69.9993 30
      vertex 49.9761 -70 30
      vertex 52.3272 -73 30
    endloop
  endfacet
  facet normal 0 0 1
    outer loop
      vertex 49.9761 -70 30
      vertex 41.0159 -73 30
      vertex 52.3272 -73 30
    endloop
  endfacet
  facet normal -0 0 1
    outer loop
      vertex 53.1132 -74.6372 30
      vertex 53.0665 -74.6902 30
      vertex 61.7071 -70.2929 30
    endloop
  endfacet
  facet normal -0 0 1
    outer loop
      vertex 40.9687 -86.3421 30
      vertex 37.2929 -94.7071 30
      vertex 41.0313 -86.3421 30
    endloop
  endfacet
  facet normal 0 0 1
    outer loop
      vertex 40.0025 -73.9372 30
      vertex 37.6321 -69.9293 30
      vertex 37.5744 -69.9044 30
    endloop
  endfacet
  facet normal 0 0 1
    outer loop
      vertex 40.0025 -73.9372 30
      vertex 37.5744 -69.9044 30
      vertex 40 -74.0159 30
    endloop
  endfacet
  facet normal 0 0 1
    outer loop
      vertex 37.5744 -69.9044 30
      vertex 37.5184 -69.8758 30
      vertex 40 -74.0159 30
    endloop
  endfacet
  facet normal 0 0 1
    outer loop
      vertex 37.5184 -69.8758 30
      vertex 37.4645 -69.8439 30
      vertex 40 -74.0159 30
    endloop
  endfacet
  facet normal 0 0 1
    outer loop
      vertex 37.4645 -69.8439 30
      vertex 37.4126 -69.8087 30
      vertex 40 -74.0159 30
    endloop
  endfacet
  facet normal 0 0 1
    outer loop
      vertex 37.4126 -69.8087 30
      vertex 37.3628 -69.7701 30
      vertex 40 -74.0159 30
    endloop
  endfacet
  facet normal 0 0 1
    outer loop
      vertex 37.3628 -69.7701 30
      vertex 37.3158 -69.7286 30
      vertex 40 -74.0159 30
    endloop
  endfacet
  facet normal 0 0 1
    outer loop
      vertex 37.3158 -69.7286 30
      vertex 37.2714 -69.6842 30
      vertex 40 -74.0159 30
    endloop
  endfacet
  facet normal 0 0 1
    outer loop
      vertex 37.2714 -69.6842 30
      vertex 40 -85.3351 30
      vertex 40 -74.0159 30
    endloop
  endfacet
  facet normal 0 0 1
    outer loop
      vertex 37.2299 -69.6372 30
      vertex 40 -85.3351 30
      vertex 37.2714 -69.6842 30
    endloop
  endfacet
  facet normal 0 0 1
    outer loop
      vertex 37.1913 -69.5874 30
      vertex 40 -85.3351 30
      vertex 37.2299 -69.6372 30
    endloop
  endfacet
  facet normal 0 0 1
    outer loop
      vertex 34 -94 30
      vertex 40.0128 -85.4994 30
      vertex 40.0049 -85.4373 30
    endloop
  endfacet
  facet normal 0 0 1
    outer loop
      vertex 34 -94 30
      vertex 37.1913 -69.5874 30
      vertex 37.1561 -69.5355 30
    endloop
  endfacet
  facet normal 0 0 1
    outer loop
      vertex 34 -94 30
      vertex 37.1561 -69.5355 30
      vertex 37.1242 -69.4816 30
    endloop
  endfacet
  facet normal 0 0 1
    outer loop
      vertex 34 -94 30
      vertex 37.1242 -69.4816 30
      vertex 37.0956 -69.4256 30
    endloop
  endfacet
  facet normal 0 0 1
    outer loop
      vertex 34 -94 30
      vertex 37.0956 -69.4256 30
      vertex 37.0707 -69.3679 30
    endloop
  endfacet
  facet normal 0 0 1
    outer loop
      vertex 34 -94 30
      vertex 37.0707 -69.3679 30
      vertex 37.0494 -69.3088 30
    endloop
  endfacet
  facet normal 0 0 1
    outer loop
      vertex 34 -94 30
      vertex 37.0494 -69.3088 30
      vertex 37.0319 -69.2486 30
    endloop
  endfacet
  facet normal 0 0 1
    outer loop
      vertex 34 -94 30
      vertex 37.0319 -69.2486 30
      vertex 37.0182 -69.1873 30
    endloop
  endfacet
  facet normal 0 0 1
    outer loop
      vertex 34 -94 30
      vertex 37.0182 -69.1873 30
      vertex 37.0084 -69.1253 30
    endloop
  endfacet
  facet normal 0 0 1
    outer loop
      vertex 34 -94 30
      vertex 37.0025 -69.0629 30
      vertex 37 -68.9841 30
    endloop
  endfacet
  facet normal 0 0 1
    outer loop
      vertex 34 -94 30
      vertex 37.0084 -69.1253 30
      vertex 37.0025 -69.0629 30
    endloop
  endfacet
  facet normal 0 0 1
    outer loop
      vertex 34 -94 30
      vertex 37 -68.9841 30
      vertex 37 -55.4301 30
    endloop
  endfacet
  facet normal 0 0 1
    outer loop
      vertex 34 -94 30
      vertex 37 -55.4301 30
      vertex 34 -1.01593 30
    endloop
  endfacet
  facet normal 0 -0 1
    outer loop
      vertex 37 -55.4301 30
      vertex 37.0025 -55.3514 30
      vertex 34 -1.01593 30
    endloop
  endfacet
  facet normal 0 0 1
    outer loop
      vertex 40 -45.3351 30
      vertex 37.2299 -29.6372 30
      vertex 37.1913 -29.5874 30
    endloop
  endfacet
  facet normal 0 0 1
    outer loop
      vertex 37.2714 -29.6842 30
      vertex 37.2299 -29.6372 30
      vertex 40 -45.3351 30
    endloop
  endfacet
  facet normal 0 0 1
    outer loop
      vertex 37.2714 -29.6842 30
      vertex 40 -45.3351 30
      vertex 40 -34.0159 30
    endloop
  endfacet
  facet normal 0 0 1
    outer loop
      vertex 37.2714 -29.6842 30
      vertex 40 -34.0159 30
      vertex 37.3158 -29.7286 30
    endloop
  endfacet
  facet normal 0 0 1
    outer loop
      vertex 40 -34.0159 30
      vertex 37.3628 -29.7701 30
      vertex 37.3158 -29.7286 30
    endloop
  endfacet
  facet normal 0 0 1
    outer loop
      vertex 37.4126 -29.8087 30
      vertex 37.3628 -29.7701 30
      vertex 40 -34.0159 30
    endloop
  endfacet
  facet normal 0 0 1
    outer loop
      vertex 37.4126 -29.8087 30
      vertex 40 -34.0159 30
      vertex 37.4645 -29.8439 30
    endloop
  endfacet
  facet normal 0 0 1
    outer loop
      vertex 40 -34.0159 30
      vertex 37.5184 -29.8758 30
      vertex 37.4645 -29.8439 30
    endloop
  endfacet
  facet normal 0 0 1
    outer loop
      vertex 37.5744 -29.9044 30
      vertex 37.5184 -29.8758 30
      vertex 40 -34.0159 30
    endloop
  endfacet
  facet normal 0 0 1
    outer loop
      vertex 37.5744 -29.9044 30
      vertex 40 -34.0159 30
      vertex 40.0025 -33.9372 30
    endloop
  endfacet
  facet normal 0 0 1
    outer loop
      vertex 37.5744 -29.9044 30
      vertex 40.0025 -33.9372 30
      vertex 37.6321 -29.9293 30
    endloop
  endfacet
  facet normal 0 0 1
    outer loop
      vertex 61.5358 -20.1557 30
      vertex 61.309 -20.049 30
      vertex 61.6374 -20.2295 30
    endloop
  endfacet
  facet normal 0 0 1
    outer loop
      vertex 61.9877 -29.7422 30
      vertex 61.9603 -29.8648 30
      vertex 61.9759 -29.8039 30
    endloop
  endfacet
  facet normal 0 0 1
    outer loop
      vertex 61.951 -20.691 30
      vertex 61.9298 -20.6319 30
      vertex 61.8763 -20.5182 30
    endloop
  endfacet
  facet normal 0 0 1
    outer loop
      vertex 61.9921 -20.8747 30
      vertex 62 -21 30
      vertex 61.998 -20.9372 30
    endloop
  endfacet
  facet normal 0 0 1
    outer loop
      vertex 61.9823 -20.8126 30
      vertex 61.951 -20.691 30
      vertex 61.9921 -20.8747 30
    endloop
  endfacet
  facet normal 0 0 1
    outer loop
      vertex 61.9686 -20.7513 30
      vertex 61.951 -20.691 30
      vertex 61.9823 -20.8126 30
    endloop
  endfacet
  facet normal 0 0 1
    outer loop
      vertex 61.309 -20.049 30
      vertex 61.7705 -20.3626 30
      vertex 61.6374 -20.2295 30
    endloop
  endfacet
  facet normal 0 0 1
    outer loop
      vertex 61.9298 -20.6319 30
      vertex 61.9048 -20.5742 30
      vertex 61.8763 -20.5182 30
    endloop
  endfacet
  facet normal 0 0 1
    outer loop
      vertex 61.951 -20.691 30
      vertex 61.8763 -20.5182 30
      vertex 61.8443 -20.4642 30
    endloop
  endfacet
  facet normal 0 0 1
    outer loop
      vertex 61.7705 -20.3626 30
      vertex 61.8443 -20.4642 30
      vertex 61.809 -20.4122 30
    endloop
  endfacet
  facet normal 0 0 1
    outer loop
      vertex 61.951 -20.691 30
      vertex 61.8443 -20.4642 30
      vertex 61.7705 -20.3626 30
    endloop
  endfacet
  facet normal 0 0 1
    outer loop
      vertex 61.309 -20.049 30
      vertex 61.951 -20.691 30
      vertex 61.7705 -20.3626 30
    endloop
  endfacet
  facet normal 0 0 1
    outer loop
      vertex 61.6374 -20.2295 30
      vertex 61.729 -20.3155 30
      vertex 61.6845 -20.271 30
    endloop
  endfacet
  facet normal 0 0 1
    outer loop
      vertex 61.7705 -20.3626 30
      vertex 61.729 -20.3155 30
      vertex 61.6374 -20.2295 30
    endloop
  endfacet
  facet normal 0 0 1
    outer loop
      vertex 61.5358 -20.1557 30
      vertex 61.6374 -20.2295 30
      vertex 61.5878 -20.191 30
    endloop
  endfacet
  facet normal 0 0 1
    outer loop
      vertex 36.1253 2.99211 30
      vertex 36.951 2.30902 30
      vertex 36.309 2.95105 30
    endloop
  endfacet
  facet normal 0 -0 1
    outer loop
      vertex 34 -1.01593 30
      vertex 37 2 30
      vertex 33.9975 -0.937149 30
    endloop
  endfacet
  facet normal 0 0 1
    outer loop
      vertex 37 2 30
      vertex 33.9916 -0.87471 30
      vertex 33.9975 -0.937149 30
    endloop
  endfacet
  facet normal -0 0 1
    outer loop
      vertex 33.9818 -0.812698 30
      vertex 33.9916 -0.87471 30
      vertex 37 2 30
    endloop
  endfacet
  facet normal 0 -0 1
    outer loop
      vertex 33.9818 -0.812698 30
      vertex 37 2 30
      vertex 33.9681 -0.751434 30
    endloop
  endfacet
  facet normal 0 0 1
    outer loop
      vertex 37 2 30
      vertex 33.9506 -0.691162 30
      vertex 33.9681 -0.751434 30
    endloop
  endfacet
  facet normal -0 0 1
    outer loop
      vertex 33.9293 -0.632126 30
      vertex 33.9506 -0.691162 30
      vertex 37 2 30
    endloop
  endfacet
  facet normal 0 -0 1
    outer loop
      vertex 33.9293 -0.632126 30
      vertex 37 2 30
      vertex 33.9044 -0.574417 30
    endloop
  endfacet
  facet normal 0 0 1
    outer loop
      vertex 37 2 30
      vertex 33.8758 -0.518387 30
      vertex 33.9044 -0.574417 30
    endloop
  endfacet
  facet normal -0 0 1
    outer loop
      vertex 33.8439 -0.464493 30
      vertex 33.8758 -0.518387 30
      vertex 37 2 30
    endloop
  endfacet
  facet normal 0 -0 1
    outer loop
      vertex 33.8439 -0.464493 30
      vertex 37 2 30
      vertex 33.8087 -0.412598 30
    endloop
  endfacet
  facet normal 0 0 1
    outer loop
      vertex 37 2 30
      vertex 33.7701 -0.362793 30
      vertex 33.8087 -0.412598 30
    endloop
  endfacet
  facet normal -0 0 1
    outer loop
      vertex 33.7286 -0.315826 30
      vertex 33.7701 -0.362793 30
      vertex 37 2 30
    endloop
  endfacet
  facet normal 0 0 1
    outer loop
      vertex 33.7286 -0.315826 30
      vertex 37 2 30
      vertex 36 3 30
    endloop
  endfacet
  facet normal 0 0 1
    outer loop
      vertex 36.3681 2.92978 30
      vertex 36.309 2.95105 30
      vertex 36.4818 2.87631 30
    endloop
  endfacet
  facet normal 0 0 1
    outer loop
      vertex 36.1874 2.98228 30
      vertex 36.309 2.95105 30
      vertex 36.2487 2.96858 30
    endloop
  endfacet
  facet normal 0 0 1
    outer loop
      vertex 61.5358 -20.1557 30
      vertex 61.4818 -20.1237 30
      vertex 61.309 -20.049 30
    endloop
  endfacet
  facet normal 0 0 1
    outer loop
      vertex 61.951 -20.691 30
      vertex 61.309 -20.049 30
      vertex 61.1253 -20.0079 30
    endloop
  endfacet
  facet normal 0 0 1
    outer loop
      vertex 61.309 -20.049 30
      vertex 61.1874 -20.0177 30
      vertex 61.1253 -20.0079 30
    endloop
  endfacet
  facet normal 0 0 1
    outer loop
      vertex 61.2487 -20.0314 30
      vertex 61.1874 -20.0177 30
      vertex 61.309 -20.049 30
    endloop
  endfacet
  facet normal 0 0 1
    outer loop
      vertex 61.951 -20.691 30
      vertex 61.1253 -20.0079 30
      vertex 61.9921 -20.8747 30
    endloop
  endfacet
  facet normal 0 0 1
    outer loop
      vertex 61.1253 -20.0079 30
      vertex 61 -20 30
      vertex 61.9921 -20.8747 30
    endloop
  endfacet
  facet normal 0 0 1
    outer loop
      vertex 61.0628 -20.002 30
      vertex 61 -20 30
      vertex 61.1253 -20.0079 30
    endloop
  endfacet
  facet normal 0 0 1
    outer loop
      vertex 61 -20 30
      vertex 62 -21 30
      vertex 61.9921 -20.8747 30
    endloop
  endfacet
  facet normal 0 0 1
    outer loop
      vertex 59.9998 -20 30
      vertex 58.9993 -21.0232 30
      vertex 58.9837 -21.5181 30
    endloop
  endfacet
  facet normal -0 0 1
    outer loop
      vertex 59.937 -20.002 30
      vertex 59.8744 -20.0079 30
      vertex 59.9998 -20 30
    endloop
  endfacet
  facet normal 0 0 1
    outer loop
      vertex 59.8744 -20.0079 30
      vertex 59.8124 -20.0177 30
      vertex 59.6907 -20.049 30
    endloop
  endfacet
  facet normal 0 0 1
    outer loop
      vertex 59.3623 -20.2295 30
      vertex 59.2292 -20.3626 30
      vertex 59.0487 -20.691 30
    endloop
  endfacet
  facet normal -0 0 1
    outer loop
      vertex 59.574 -20.0952 30
      vertex 59.518 -20.1237 30
      vertex 59.6316 -20.0702 30
    endloop
  endfacet
  facet normal 0 0 1
    outer loop
      vertex 59.518 -20.1237 30
      vertex 59.6907 -20.049 30
      vertex 59.6316 -20.0702 30
    endloop
  endfacet
  facet normal 0 0 1
    outer loop
      vertex 59.4639 -20.1557 30
      vertex 59.6907 -20.049 30
      vertex 59.518 -20.1237 30
    endloop
  endfacet
  facet normal -0 0 1
    outer loop
      vertex 59.412 -20.191 30
      vertex 59.3623 -20.2295 30
      vertex 59.4639 -20.1557 30
    endloop
  endfacet
  facet normal 0 0 1
    outer loop
      vertex 59.3623 -20.2295 30
      vertex 59.6907 -20.049 30
      vertex 59.4639 -20.1557 30
    endloop
  endfacet
  facet normal -0 0 1
    outer loop
      vertex 59.3623 -20.2295 30
      vertex 59.0487 -20.691 30
      vertex 59.6907 -20.049 30
    endloop
  endfacet
  facet normal -0 0 1
    outer loop
      vertex 59.2708 -20.3155 30
      vertex 59.2292 -20.3626 30
      vertex 59.3152 -20.271 30
    endloop
  endfacet
  facet normal 0 0 1
    outer loop
      vertex 59.2292 -20.3626 30
      vertex 59.3623 -20.2295 30
      vertex 59.3152 -20.271 30
    endloop
  endfacet
  facet normal -0 0 1
    outer loop
      vertex 59.1554 -20.4642 30
      vertex 59.0487 -20.691 30
      vertex 59.2292 -20.3626 30
    endloop
  endfacet
  facet normal 0 0 1
    outer loop
      vertex 59.1554 -20.4642 30
      vertex 59.2292 -20.3626 30
      vertex 59.1907 -20.4122 30
    endloop
  endfacet
  facet normal 0 0 1
    outer loop
      vertex 59.1234 -20.5182 30
      vertex 59.07 -20.6319 30
      vertex 59.0487 -20.691 30
    endloop
  endfacet
  facet normal -0 0 1
    outer loop
      vertex 59.0949 -20.5742 30
      vertex 59.07 -20.6319 30
      vertex 59.1234 -20.5182 30
    endloop
  endfacet
  facet normal -0 0 1
    outer loop
      vertex 59.1234 -20.5182 30
      vertex 59.0487 -20.691 30
      vertex 59.1554 -20.4642 30
    endloop
  endfacet
  facet normal -0 0 1
    outer loop
      vertex 59.0487 -20.691 30
      vertex 59.0076 -20.8747 30
      vertex 59.6907 -20.049 30
    endloop
  endfacet
  facet normal 0 0 1
    outer loop
      vertex 36.309 2.95105 30
      vertex 36.5358 2.84433 30
      vertex 36.4818 2.87631 30
    endloop
  endfacet
  facet normal 0 0 1
    outer loop
      vertex 36.3681 2.92978 30
      vertex 36.4818 2.87631 30
      vertex 36.4258 2.90483 30
    endloop
  endfacet
  facet normal -0 0 1
    outer loop
      vertex 59.0175 -20.8126 30
      vertex 59.0076 -20.8747 30
      vertex 59.0487 -20.691 30
    endloop
  endfacet
  facet normal 0 0 1
    outer loop
      vertex 59.0175 -20.8126 30
      vertex 59.0487 -20.691 30
      vertex 59.0312 -20.7513 30
    endloop
  endfacet
  facet normal 0 0 1
    outer loop
      vertex 36.5878 2.80902 30
      vertex 36.5358 2.84433 30
      vertex 36.6374 2.77051 30
    endloop
  endfacet
  facet normal 0 0 1
    outer loop
      vertex 59.0076 -20.8747 30
      vertex 59.8744 -20.0079 30
      vertex 59.6907 -20.049 30
    endloop
  endfacet
  facet normal 0 0 1
    outer loop
      vertex 59.9998 -20 30
      vertex 59.8744 -20.0079 30
      vertex 59.0076 -20.8747 30
    endloop
  endfacet
  facet normal 0 0 1
    outer loop
      vertex 58.9999 -20.9841 30
      vertex 59.0076 -20.8747 30
      vertex 59.0017 -20.9372 30
    endloop
  endfacet
  facet normal 0 0 1
    outer loop
      vertex 59.9998 -20 30
      vertex 59.0076 -20.8747 30
      vertex 58.9999 -20.9841 30
    endloop
  endfacet
  facet normal 0 0 1
    outer loop
      vertex 59.9998 -20 30
      vertex 58.9999 -20.9841 30
      vertex 58.9993 -21.0232 30
    endloop
  endfacet
  facet normal 0 0 1
    outer loop
      vertex 61 -20 30
      vertex 59.9998 -20 30
      vertex 58.9837 -21.5181 30
    endloop
  endfacet
  facet normal 0 0 1
    outer loop
      vertex 61 -20 30
      vertex 58.9837 -21.5181 30
      vertex 62 -21 30
    endloop
  endfacet
  facet normal -0 0 1
    outer loop
      vertex 58.9837 -21.5181 30
      vertex 58.9778 -21.6124 30
      vertex 62 -21 30
    endloop
  endfacet
  facet normal -0 0 1
    outer loop
      vertex 58.9778 -21.6124 30
      vertex 58.9335 -22.0812 30
      vertex 62 -21 30
    endloop
  endfacet
  facet normal -0 0 1
    outer loop
      vertex 58.9335 -22.0812 30
      vertex 58.9217 -22.1743 30
      vertex 62 -21 30
    endloop
  endfacet
  facet normal -0 0 1
    outer loop
      vertex 58.9217 -22.1743 30
      vertex 58.848 -22.6398 30
      vertex 62 -21 30
    endloop
  endfacet
  facet normal -0 0 1
    outer loop
      vertex 58.848 -22.6398 30
      vertex 58.8304 -22.7321 30
      vertex 62 -21 30
    endloop
  endfacet
  facet normal -0 0 1
    outer loop
      vertex 58.8304 -22.7321 30
      vertex 58.7274 -23.1926 30
      vertex 62 -21 30
    endloop
  endfacet
  facet normal -0 0 1
    outer loop
      vertex 58.7274 -23.1926 30
      vertex 58.7042 -23.2831 30
      vertex 62 -21 30
    endloop
  endfacet
  facet normal -0 0 1
    outer loop
      vertex 58.7042 -23.2831 30
      vertex 58.5725 -23.7362 30
      vertex 62 -21 30
    endloop
  endfacet
  facet normal -0 0 1
    outer loop
      vertex 58.5725 -23.7362 30
      vertex 58.5435 -23.8256 30
      vertex 62 -21 30
    endloop
  endfacet
  facet normal -0 0 1
    outer loop
      vertex 58.5435 -23.8256 30
      vertex 62 -29.5858 30
      vertex 62 -21 30
    endloop
  endfacet
  facet normal -0 0 1
    outer loop
      vertex 58.3839 -24.2689 30
      vertex 62 -29.5858 30
      vertex 58.5435 -23.8256 30
    endloop
  endfacet
  facet normal -0 0 1
    outer loop
      vertex 58.3494 -24.356 30
      vertex 62 -29.5858 30
      vertex 58.3839 -24.2689 30
    endloop
  endfacet
  facet normal -0 0 1
    outer loop
      vertex 58.162 -24.7889 30
      vertex 62 -29.5858 30
      vertex 58.3494 -24.356 30
    endloop
  endfacet
  facet normal -0 0 1
    outer loop
      vertex 58.1219 -24.8743 30
      vertex 62 -29.5858 30
      vertex 58.162 -24.7889 30
    endloop
  endfacet
  facet normal -0 0 1
    outer loop
      vertex 57.9083 -25.2935 30
      vertex 62 -29.5858 30
      vertex 58.1219 -24.8743 30
    endloop
  endfacet
  facet normal -0 0 1
    outer loop
      vertex 57.8627 -25.3764 30
      vertex 62 -29.5858 30
      vertex 57.9083 -25.2935 30
    endloop
  endfacet
  facet normal -0 0 1
    outer loop
      vertex 57.6229 -25.7819 30
      vertex 62 -29.5858 30
      vertex 57.8627 -25.3764 30
    endloop
  endfacet
  facet normal -0 0 1
    outer loop
      vertex 57.5726 -25.8612 30
      vertex 62 -29.5858 30
      vertex 57.6229 -25.7819 30
    endloop
  endfacet
  facet normal -0 0 1
    outer loop
      vertex 57.3074 -26.2513 30
      vertex 62 -29.5858 30
      vertex 57.5726 -25.8612 30
    endloop
  endfacet
  facet normal -0 0 1
    outer loop
      vertex 56.9634 -26.6997 30
      vertex 62 -29.5858 30
      vertex 57.2522 -26.3273 30
    endloop
  endfacet
  facet normal -0 0 1
    outer loop
      vertex 57.2522 -26.3273 30
      vertex 62 -29.5858 30
      vertex 57.3074 -26.2513 30
    endloop
  endfacet
  facet normal -0 0 1
    outer loop
      vertex 56.9035 -26.772 30
      vertex 62 -29.5858 30
      vertex 56.9634 -26.6997 30
    endloop
  endfacet
  facet normal 0 -0 1
    outer loop
      vertex 61.7071 -30.2929 30
      vertex 62 -29.5858 30
      vertex 56.9035 -26.772 30
    endloop
  endfacet
  facet normal 0 0 1
    outer loop
      vertex 61.7071 -30.2929 30
      vertex 56.9035 -26.772 30
      vertex 56.5918 -27.1256 30
    endloop
  endfacet
  facet normal 0 0 1
    outer loop
      vertex 61.7071 -30.2929 30
      vertex 56.5918 -27.1256 30
      vertex 56.5274 -27.1942 30
    endloop
  endfacet
  facet normal 0 0 1
    outer loop
      vertex 61.7071 -30.2929 30
      vertex 56.5274 -27.1942 30
      vertex 56.1942 -27.5275 30
    endloop
  endfacet
  facet normal 0 0 1
    outer loop
      vertex 61.7071 -30.2929 30
      vertex 56.1942 -27.5275 30
      vertex 56.1256 -27.5919 30
    endloop
  endfacet
  facet normal 0 0 1
    outer loop
      vertex 61.7071 -30.2929 30
      vertex 56.1256 -27.5919 30
      vertex 55.772 -27.9036 30
    endloop
  endfacet
  facet normal 0 0 1
    outer loop
      vertex 61.7071 -30.2929 30
      vertex 55.772 -27.9036 30
      vertex 55.6997 -27.9634 30
    endloop
  endfacet
  facet normal 0 0 1
    outer loop
      vertex 61.7071 -30.2929 30
      vertex 55.6997 -27.9634 30
      vertex 55.3273 -28.2522 30
    endloop
  endfacet
  facet normal 0 0 1
    outer loop
      vertex 61.7071 -30.2929 30
      vertex 55.3273 -28.2522 30
      vertex 55.2513 -28.3075 30
    endloop
  endfacet
  facet normal 0 0 1
    outer loop
      vertex 61.7071 -30.2929 30
      vertex 55.2513 -28.3075 30
      vertex 54.8612 -28.5726 30
    endloop
  endfacet
  facet normal 0 -0 1
    outer loop
      vertex 52.9305 -33.1913 30
      vertex 53.356 -29.3494 30
      vertex 52.8786 -33.1561 30
    endloop
  endfacet
  facet normal -0 0 1
    outer loop
      vertex 52.711 -33.0707 30
      vertex 52.7687 -33.0956 30
      vertex 52.8255 -29.5435 30
    endloop
  endfacet
  facet normal 0 0 1
    outer loop
      vertex 52.711 -33.0707 30
      vertex 52.8255 -29.5435 30
      vertex 52.7362 -29.5726 30
    endloop
  endfacet
  facet normal 0 -0 1
    outer loop
      vertex 52.711 -33.0707 30
      vertex 52.7362 -29.5726 30
      vertex 52.652 -33.0494 30
    endloop
  endfacet
  facet normal 0 0 1
    outer loop
      vertex 52.7362 -29.5726 30
      vertex 52.5917 -33.0319 30
      vertex 52.652 -33.0494 30
    endloop
  endfacet
  facet normal -0 0 1
    outer loop
      vertex 52.2831 -29.7042 30
      vertex 52.5917 -33.0319 30
      vertex 52.7362 -29.5726 30
    endloop
  endfacet
  facet normal -0 -0 1
    outer loop
      vertex 52.5304 -33.0182 30
      vertex 52.5917 -33.0319 30
      vertex 52.2831 -29.7042 30
    endloop
  endfacet
  facet normal 0 0 1
    outer loop
      vertex 52.5304 -33.0182 30
      vertex 52.2831 -29.7042 30
      vertex 52.4684 -33.0084 30
    endloop
  endfacet
  facet normal 0 0 1
    outer loop
      vertex 52.2831 -29.7042 30
      vertex 52.1926 -29.7274 30
      vertex 52.4684 -33.0084 30
    endloop
  endfacet
  facet normal 0 0 1
    outer loop
      vertex 52.1926 -29.7274 30
      vertex 52.406 -33.0025 30
      vertex 52.4684 -33.0084 30
    endloop
  endfacet
  facet normal -0 0 1
    outer loop
      vertex 51.7321 -29.8304 30
      vertex 52.3272 -33 30
      vertex 52.1926 -29.7274 30
    endloop
  endfacet
  facet normal -0 0 1
    outer loop
      vertex 51.6398 -29.848 30
      vertex 52.3272 -33 30
      vertex 51.7321 -29.8304 30
    endloop
  endfacet
  facet normal -0 -0 1
    outer loop
      vertex 52.3272 -33 30
      vertex 52.406 -33.0025 30
      vertex 52.1926 -29.7274 30
    endloop
  endfacet
  facet normal 0 0 1
    outer loop
      vertex 52.3272 -33 30
      vertex 51.6398 -29.848 30
      vertex 51.1743 -29.9217 30
    endloop
  endfacet
  facet normal 0 0 1
    outer loop
      vertex 52.3272 -33 30
      vertex 51.1743 -29.9217 30
      vertex 51.0811 -29.9335 30
    endloop
  endfacet
  facet normal 0 0 1
    outer loop
      vertex 52.3272 -33 30
      vertex 51.0811 -29.9335 30
      vertex 50.6124 -29.9778 30
    endloop
  endfacet
  facet normal 0 0 1
    outer loop
      vertex 52.3272 -33 30
      vertex 50.6124 -29.9778 30
      vertex 50.5181 -29.9837 30
    endloop
  endfacet
  facet normal 0 0 1
    outer loop
      vertex 52.3272 -33 30
      vertex 50.5181 -29.9837 30
      vertex 50.0232 -29.9993 30
    endloop
  endfacet
  facet normal 0 0 1
    outer loop
      vertex 52.3272 -33 30
      vertex 50.0232 -29.9993 30
      vertex 49.9761 -30 30
    endloop
  endfacet
  facet normal 0 0 1
    outer loop
      vertex 52.3272 -33 30
      vertex 49.9761 -30 30
      vertex 41.0159 -33 30
    endloop
  endfacet
  facet normal 0 0 1
    outer loop
      vertex 40.0084 -33.8747 30
      vertex 37.6321 -29.9293 30
      vertex 40.0025 -33.9372 30
    endloop
  endfacet
  facet normal 0 0 1
    outer loop
      vertex 37.1913 -29.5874 30
      vertex 37.1561 -29.5355 30
      vertex 40 -45.3351 30
    endloop
  endfacet
  facet normal 0 0 1
    outer loop
      vertex 37.1561 -29.5355 30
      vertex 37.1242 -29.4816 30
      vertex 40 -45.3351 30
    endloop
  endfacet
  facet normal -0 0 1
    outer loop
      vertex 40.9687 -46.3421 30
      vertex 37.2983 -54.7017 30
      vertex 41.0313 -46.3421 30
    endloop
  endfacet
  facet normal 0 0 1
    outer loop
      vertex 40.9058 -46.3382 30
      vertex 37.2983 -54.7017 30
      vertex 40.9687 -46.3421 30
    endloop
  endfacet
  facet normal 0 0 1
    outer loop
      vertex 40 -45.3351 30
      vertex 37.1242 -29.4816 30
      vertex 37.1242 -54.9326 30
    endloop
  endfacet
  facet normal 0 0 1
    outer loop
      vertex 40 -45.3351 30
      vertex 37.1242 -54.9326 30
      vertex 37.1561 -54.8787 30
    endloop
  endfacet
  facet normal 0 0 1
    outer loop
      vertex 40.8437 -46.3304 30
      vertex 37.2983 -54.7017 30
      vertex 40.9058 -46.3382 30
    endloop
  endfacet
  facet normal 0 0 1
    outer loop
      vertex 40.4911 -46.2034 30
      vertex 40.4383 -46.1699 30
      vertex 37.2983 -54.7017 30
    endloop
  endfacet
  facet normal 0 0 1
    outer loop
      vertex 37.2983 -54.7017 30
      vertex 40.1094 -45.7969 30
      vertex 40.0826 -45.74 30
    endloop
  endfacet
  facet normal 0 0 1
    outer loop
      vertex 40.1397 -45.852 30
      vertex 40.1094 -45.7969 30
      vertex 37.2983 -54.7017 30
    endloop
  endfacet
  facet normal 0 -0 1
    outer loop
      vertex 37.1242 -54.9326 30
      vertex 37.1242 -29.4816 30
      vertex 37.0956 -29.4256 30
    endloop
  endfacet
  facet normal 0 0 1
    outer loop
      vertex 37.1242 -54.9326 30
      vertex 37.0956 -29.4256 30
      vertex 37.0956 -54.9886 30
    endloop
  endfacet
  facet normal 0 0 1
    outer loop
      vertex 37.0956 -29.4256 30
      vertex 37.0707 -29.3679 30
      vertex 37.0956 -54.9886 30
    endloop
  endfacet
  facet normal 0 0 1
    outer loop
      vertex 37.0707 -29.3679 30
      vertex 37.0707 -55.0463 30
      vertex 37.0956 -54.9886 30
    endloop
  endfacet
  facet normal 0 0 1
    outer loop
      vertex 37.0494 -29.3088 30
      vertex 37.0707 -55.0463 30
      vertex 37.0707 -29.3679 30
    endloop
  endfacet
  facet normal 0 0 1
    outer loop
      vertex 37.0494 -55.1054 30
      vertex 37.0707 -55.0463 30
      vertex 37.0494 -29.3088 30
    endloop
  endfacet
  facet normal 0 -0 1
    outer loop
      vertex 37.0494 -55.1054 30
      vertex 37.0494 -29.3088 30
      vertex 37.0319 -29.2486 30
    endloop
  endfacet
  facet normal 0 0 1
    outer loop
      vertex 37.0494 -55.1054 30
      vertex 37.0319 -29.2486 30
      vertex 37.0319 -55.1656 30
    endloop
  endfacet
  facet normal 0 0 1
    outer loop
      vertex 37.0319 -29.2486 30
      vertex 37.0182 -29.1873 30
      vertex 37.0319 -55.1656 30
    endloop
  endfacet
  facet normal 0 0 1
    outer loop
      vertex 37.0182 -29.1873 30
      vertex 37.0182 -55.2269 30
      vertex 37.0319 -55.1656 30
    endloop
  endfacet
  facet normal 0 0 1
    outer loop
      vertex 37.0084 -29.1253 30
      vertex 37.0182 -55.2269 30
      vertex 37.0182 -29.1873 30
    endloop
  endfacet
  facet normal 0 0 1
    outer loop
      vertex 37.0084 -55.2889 30
      vertex 37.0182 -55.2269 30
      vertex 37.0084 -29.1253 30
    endloop
  endfacet
  facet normal 0 -0 1
    outer loop
      vertex 37.0084 -55.2889 30
      vertex 37.0084 -29.1253 30
      vertex 37.0025 -29.0629 30
    endloop
  endfacet
  facet normal 0 -0 1
    outer loop
      vertex 37.0025 -55.3514 30
      vertex 37.0025 -29.0629 30
      vertex 34 -1.01593 30
    endloop
  endfacet
  facet normal 0 0 1
    outer loop
      vertex 37.0025 -29.0629 30
      vertex 37 -28.9841 30
      vertex 34 -1.01593 30
    endloop
  endfacet
  facet normal 0 0 1
    outer loop
      vertex 36.6374 2.77051 30
      vertex 36.5358 2.84433 30
      vertex 36.309 2.95105 30
    endloop
  endfacet
  facet normal 0 -0 1
    outer loop
      vertex 37 -28.9841 30
      vertex 37 2 30
      vertex 34 -1.01593 30
    endloop
  endfacet
  facet normal 0 0 1
    outer loop
      vertex 36.1253 2.99211 30
      vertex 36.309 2.95105 30
      vertex 36.1874 2.98228 30
    endloop
  endfacet
  facet normal 0 0 1
    outer loop
      vertex 36.1253 2.99211 30
      vertex 36.9921 2.12534 30
      vertex 36.951 2.30902 30
    endloop
  endfacet
  facet normal 0 0 1
    outer loop
      vertex 36 3 30
      vertex 36.9921 2.12534 30
      vertex 36.1253 2.99211 30
    endloop
  endfacet
  facet normal 0 0 1
    outer loop
      vertex 36 3 30
      vertex 36.1253 2.99211 30
      vertex 36.0628 2.99803 30
    endloop
  endfacet
  facet normal 0 0 1
    outer loop
      vertex 37 2 30
      vertex 36.9921 2.12534 30
      vertex 36 3 30
    endloop
  endfacet
  facet normal 0 -0 1
    outer loop
      vertex 33.7286 -0.315826 30
      vertex 36 3 30
      vertex 33.6842 -0.271362 30
    endloop
  endfacet
  facet normal 0 0 1
    outer loop
      vertex 36 3 30
      vertex 33.6372 -0.22995 30
      vertex 33.6842 -0.271362 30
    endloop
  endfacet
  facet normal -0 0 1
    outer loop
      vertex 33.5874 -0.19133 30
      vertex 33.6372 -0.22995 30
      vertex 36 3 30
    endloop
  endfacet
  facet normal 0 -0 1
    outer loop
      vertex 33.5874 -0.19133 30
      vertex 36 3 30
      vertex 33.5355 -0.156052 30
    endloop
  endfacet
  facet normal 0 0 1
    outer loop
      vertex 36 3 30
      vertex 33.4816 -0.124191 30
      vertex 33.5355 -0.156052 30
    endloop
  endfacet
  facet normal -0 0 1
    outer loop
      vertex 33.4256 -0.0956421 30
      vertex 33.4816 -0.124191 30
      vertex 36 3 30
    endloop
  endfacet
  facet normal 0 -0 1
    outer loop
      vertex 33.4256 -0.0956421 30
      vertex 36 3 30
      vertex 33.3679 -0.0706635 30
    endloop
  endfacet
  facet normal 0 0 1
    outer loop
      vertex 36 3 30
      vertex 33.3088 -0.049408 30
      vertex 33.3679 -0.0706635 30
    endloop
  endfacet
  facet normal -0 0 1
    outer loop
      vertex 33.2486 -0.0318909 30
      vertex 33.3088 -0.049408 30
      vertex 36 3 30
    endloop
  endfacet
  facet normal 0 -0 1
    outer loop
      vertex 33.2486 -0.0318909 30
      vertex 36 3 30
      vertex 33.1873 -0.0182037 30
    endloop
  endfacet
  facet normal 0 0 1
    outer loop
      vertex 36 3 30
      vertex 33.1253 -0.00837708 30
      vertex 33.1873 -0.0182037 30
    endloop
  endfacet
  facet normal -0 0 1
    outer loop
      vertex 33.0629 -0.00247192 30
      vertex 33.1253 -0.00837708 30
      vertex 36 3 30
    endloop
  endfacet
  facet normal 0 -0 1
    outer loop
      vertex 33.0629 -0.00247192 30
      vertex 36 3 30
      vertex 32.9841 0 30
    endloop
  endfacet
  facet normal 0 0 1
    outer loop
      vertex 36 3 30
      vertex -2 3 30
      vertex 32.9841 0 30
    endloop
  endfacet
  facet normal 0 0 1
    outer loop
      vertex -2 3 30
      vertex 1.01593 0 30
      vertex 32.9841 0 30
    endloop
  endfacet
  facet normal 0 -0 1
    outer loop
      vertex 0.937149 -0.00247192 30
      vertex 1.01593 0 30
      vertex -2 3 30
    endloop
  endfacet
  facet normal 0 0 1
    outer loop
      vertex -2.77051 2.63742 30
      vertex -2.63742 2.77051 30
      vertex -2.68454 2.72897 30
    endloop
  endfacet
  facet normal -0 0 1
    outer loop
      vertex -2.84433 2.53583 30
      vertex -2.95105 2.30902 30
      vertex -2.77051 2.63742 30
    endloop
  endfacet
  facet normal 0 0 1
    outer loop
      vertex -2.84433 2.53583 30
      vertex -2.77051 2.63742 30
      vertex -2.80902 2.58778 30
    endloop
  endfacet
  facet normal 0 0 1
    outer loop
      vertex -2.87631 2.48175 30
      vertex -2.90483 2.42578 30
      vertex -2.92978 2.36812 30
    endloop
  endfacet
  facet normal 0 0 1
    outer loop
      vertex -2.84433 2.53583 30
      vertex -2.87631 2.48175 30
      vertex -2.95105 2.30902 30
    endloop
  endfacet
  facet normal 0 0 1
    outer loop
      vertex -2.30902 2.95105 30
      vertex -2.95105 2.30902 30
      vertex -2.99211 2.12534 30
    endloop
  endfacet
  facet normal 0 0 1
    outer loop
      vertex -2.95105 2.30902 30
      vertex -2.98228 2.18738 30
      vertex -2.99211 2.12534 30
    endloop
  endfacet
  facet normal 0 0 1
    outer loop
      vertex -2.12534 2.99211 30
      vertex -2.30902 2.95105 30
      vertex -2.99211 2.12534 30
    endloop
  endfacet
  facet normal 0 0 1
    outer loop
      vertex -2.12534 2.99211 30
      vertex -2.99211 2.12534 30
      vertex -3 2 30
    endloop
  endfacet
  facet normal 0 0 1
    outer loop
      vertex -2.99211 2.12534 30
      vertex -2.99803 2.06279 30
      vertex -3 2 30
    endloop
  endfacet
  facet normal -0 0 1
    outer loop
      vertex -2.12534 2.99211 30
      vertex -3 2 30
      vertex -2 3 30
    endloop
  endfacet
  facet normal -0 0 1
    outer loop
      vertex -3 2 30
      vertex 0.271362 -0.315826 30
      vertex -2 3 30
    endloop
  endfacet
  facet normal 0 -0 1
    outer loop
      vertex 0.22995 -0.362793 30
      vertex 0.271362 -0.315826 30
      vertex -3 2 30
    endloop
  endfacet
  facet normal 0 0 1
    outer loop
      vertex 0.22995 -0.362793 30
      vertex -3 2 30
      vertex 0.19133 -0.412598 30
    endloop
  endfacet
  facet normal 0 0 1
    outer loop
      vertex -3 2 30
      vertex 0.156052 -0.464493 30
      vertex 0.19133 -0.412598 30
    endloop
  endfacet
  facet normal 0 -0 1
    outer loop
      vertex 0.124191 -0.518387 30
      vertex 0.156052 -0.464493 30
      vertex -3 2 30
    endloop
  endfacet
  facet normal 0 0 1
    outer loop
      vertex 0.124191 -0.518387 30
      vertex -3 2 30
      vertex 0.0956421 -0.574417 30
    endloop
  endfacet
  facet normal 0 0 1
    outer loop
      vertex -3 2 30
      vertex 0.0706635 -0.632126 30
      vertex 0.0956421 -0.574417 30
    endloop
  endfacet
  facet normal 0 -0 1
    outer loop
      vertex 0.049408 -0.691162 30
      vertex 0.0706635 -0.632126 30
      vertex -3 2 30
    endloop
  endfacet
  facet normal 0 0 1
    outer loop
      vertex 0.049408 -0.691162 30
      vertex -3 2 30
      vertex 0.0318909 -0.751434 30
    endloop
  endfacet
  facet normal 0 0 1
    outer loop
      vertex -3 2 30
      vertex 0.0182037 -0.812698 30
      vertex 0.0318909 -0.751434 30
    endloop
  endfacet
  facet normal 0 -0 1
    outer loop
      vertex 0.00837708 -0.87471 30
      vertex 0.0182037 -0.812698 30
      vertex -3 2 30
    endloop
  endfacet
  facet normal 0 0 1
    outer loop
      vertex 0.00837708 -0.87471 30
      vertex -3 2 30
      vertex 0.00247192 -0.937149 30
    endloop
  endfacet
  facet normal 0 0 1
    outer loop
      vertex -3 2 30
      vertex 0 -1.01593 30
      vertex 0.00247192 -0.937149 30
    endloop
  endfacet
  facet normal 0 0 1
    outer loop
      vertex -3 -28.9841 30
      vertex 0 -1.01593 30
      vertex -3 2 30
    endloop
  endfacet
  facet normal -0 0 1
    outer loop
      vertex -3.09564 -29.4256 30
      vertex -3.08264 -55.0174 30
      vertex -3.07066 -29.3679 30
    endloop
  endfacet
  facet normal 0 -0 1
    outer loop
      vertex -3.10944 -54.9605 30
      vertex -3.09564 -29.4256 30
      vertex -3.12419 -29.4816 30
    endloop
  endfacet
  facet normal -0 0 1
    outer loop
      vertex -3.10944 -54.9605 30
      vertex -3.08264 -55.0174 30
      vertex -3.09564 -29.4256 30
    endloop
  endfacet
  facet normal 0 0 1
    outer loop
      vertex -3.10944 -54.9605 30
      vertex -3.12419 -29.4816 30
      vertex -6 -45.3273 30
    endloop
  endfacet
  facet normal 0 0 1
    outer loop
      vertex -3.12419 -29.4816 30
      vertex -3.15605 -29.5355 30
      vertex -6 -45.3273 30
    endloop
  endfacet
  facet normal 0 0 1
    outer loop
      vertex -3.10944 -54.9605 30
      vertex -6 -45.3273 30
      vertex -3.13972 -54.9053 30
    endloop
  endfacet
  facet normal -0 0 1
    outer loop
      vertex -3.19133 -29.5874 30
      vertex -6 -45.3273 30
      vertex -3.15605 -29.5355 30
    endloop
  endfacet
  facet normal 0 0 1
    outer loop
      vertex -6 -45.3273 30
      vertex -3.17326 -54.8525 30
      vertex -3.13972 -54.9053 30
    endloop
  endfacet
  facet normal -0 0 1
    outer loop
      vertex -3.27136 -29.6842 30
      vertex -6 -45.3273 30
      vertex -3.22995 -29.6372 30
    endloop
  endfacet
  facet normal 0 0 1
    outer loop
      vertex -6 -45.3273 30
      vertex -3.19133 -29.5874 30
      vertex -3.22995 -29.6372 30
    endloop
  endfacet
  facet normal -0 0 1
    outer loop
      vertex -3.36279 -29.7701 30
      vertex -6 -34.0159 30
      vertex -3.31583 -29.7286 30
    endloop
  endfacet
  facet normal -0 -0 1
    outer loop
      vertex -3.21034 -54.8015 30
      vertex -3.17326 -54.8525 30
      vertex -6.00249 -45.406 30
    endloop
  endfacet
  facet normal -0 0 1
    outer loop
      vertex -3.63213 -29.9293 30
      vertex -6.00247 -33.9372 30
      vertex -3.57442 -29.9044 30
    endloop
  endfacet
  facet normal 0 -0 1
    outer loop
      vertex -6.0182 -33.8127 30
      vertex -3.75143 -29.9681 30
      vertex -6.03189 -33.7514 30
    endloop
  endfacet
  facet normal -0 0 1
    outer loop
      vertex -3.93715 -29.9975 30
      vertex -6.07066 -33.6321 30
      vertex -3.87471 -29.9916 30
    endloop
  endfacet
  facet normal 0 0 1
    outer loop
      vertex -4.01593 -30 30
      vertex -6.19133 -33.4126 30
      vertex -6.15605 -33.4645 30
    endloop
  endfacet
  facet normal -0 0 1
    outer loop
      vertex -6.46449 -33.1561 30
      vertex -6.4126 -33.1913 30
      vertex -4.01593 -30 30
    endloop
  endfacet
  facet normal 0 -0 1
    outer loop
      vertex -6.51839 -33.1242 30
      vertex -4.01593 -30 30
      vertex -6.57442 -33.0956 30
    endloop
  endfacet
  facet normal 0 0 1
    outer loop
      vertex -4.01593 -30 30
      vertex -6.63213 -33.0707 30
      vertex -6.57442 -33.0956 30
    endloop
  endfacet
  facet normal -0 0 1
    outer loop
      vertex -6.69116 -33.0494 30
      vertex -6.63213 -33.0707 30
      vertex -4.01593 -30 30
    endloop
  endfacet
  facet normal 0 -0 1
    outer loop
      vertex -6.69116 -33.0494 30
      vertex -4.01593 -30 30
      vertex -6.75143 -33.0319 30
    endloop
  endfacet
  facet normal 0 0 1
    outer loop
      vertex -4.01593 -30 30
      vertex -6.8127 -33.0182 30
      vertex -6.75143 -33.0319 30
    endloop
  endfacet
  facet normal -0 0 1
    outer loop
      vertex -6.87471 -33.0084 30
      vertex -6.8127 -33.0182 30
      vertex -4.01593 -30 30
    endloop
  endfacet
  facet normal 0 -0 1
    outer loop
      vertex -6.87471 -33.0084 30
      vertex -4.01593 -30 30
      vertex -6.93715 -33.0025 30
    endloop
  endfacet
  facet normal 0 0 1
    outer loop
      vertex -4.01593 -30 30
      vertex -7.01593 -33 30
      vertex -6.93715 -33.0025 30
    endloop
  endfacet
  facet normal -0 0 1
    outer loop
      vertex -3.00247 -29.0629 30
      vertex -3.0005 -55.3907 30
      vertex 0 -1.01593 30
    endloop
  endfacet
  facet normal 0 0 1
    outer loop
      vertex -18.6818 -33.0596 30
      vertex -18.8255 -29.5435 30
      vertex -18.74 -33.0826 30
    endloop
  endfacet
  facet normal 0 0 1
    outer loop
      vertex -18.8255 -29.5435 30
      vertex -18.7969 -33.1094 30
      vertex -18.74 -33.0826 30
    endloop
  endfacet
  facet normal 0 0 1
    outer loop
      vertex -19.2689 -29.3839 30
      vertex -18.9048 -33.1733 30
      vertex -18.852 -33.1397 30
    endloop
  endfacet
  facet normal 0 0 1
    outer loop
      vertex -19.356 -29.3494 30
      vertex -18.9048 -33.1733 30
      vertex -19.2689 -29.3839 30
    endloop
  endfacet
  facet normal 0 0 1
    outer loop
      vertex -7.06285 -46.3407 30
      vertex -3.30396 -54.696 30
      vertex -7 -46.3426 30
    endloop
  endfacet
  facet normal 0 -0 1
    outer loop
      vertex -19.3421 -33.9687 30
      vertex -19.3382 -33.9059 30
      vertex -27.7071 -30.2929 30
    endloop
  endfacet
  facet normal 0 0 1
    outer loop
      vertex -20.8612 -28.5726 30
      vertex -21.2513 -28.3075 30
      vertex -27.7071 -30.2929 30
    endloop
  endfacet
  facet normal 0 0 1
    outer loop
      vertex -21.2513 -28.3075 30
      vertex -21.3273 -28.2522 30
      vertex -27.7071 -30.2929 30
    endloop
  endfacet
  facet normal 0 0 1
    outer loop
      vertex -19.0929 -34.661 30
      vertex -27.7071 -30.2929 30
      vertex -19.0392 -34.7182 30
    endloop
  endfacet
  facet normal 0 0 1
    outer loop
      vertex -21.6997 -27.9634 30
      vertex -27.7071 -30.2929 30
      vertex -21.3273 -28.2522 30
    endloop
  endfacet
  facet normal 0 0 1
    outer loop
      vertex -21.772 -27.9036 30
      vertex -27.7071 -30.2929 30
      vertex -21.6997 -27.9634 30
    endloop
  endfacet
  facet normal 0 0 1
    outer loop
      vertex -22.1256 -27.5919 30
      vertex -27.7071 -30.2929 30
      vertex -21.772 -27.9036 30
    endloop
  endfacet
  facet normal 0 0 1
    outer loop
      vertex -22.1942 -27.5275 30
      vertex -27.7071 -30.2929 30
      vertex -22.1256 -27.5919 30
    endloop
  endfacet
  facet normal 0 0 1
    outer loop
      vertex -22.5274 -27.1942 30
      vertex -27.7071 -30.2929 30
      vertex -22.1942 -27.5275 30
    endloop
  endfacet
  facet normal 0 0 1
    outer loop
      vertex -22.5918 -27.1256 30
      vertex -27.7071 -30.2929 30
      vertex -22.5274 -27.1942 30
    endloop
  endfacet
  facet normal 0 0 1
    outer loop
      vertex -22.9035 -26.772 30
      vertex -27.7071 -30.2929 30
      vertex -22.5918 -27.1256 30
    endloop
  endfacet
  facet normal -0 0 1
    outer loop
      vertex -28 -29.5858 30
      vertex -27.7071 -30.2929 30
      vertex -22.9035 -26.772 30
    endloop
  endfacet
  facet normal -0 -0 1
    outer loop
      vertex -27.7705 -30.2232 30
      vertex -27.7071 -30.2929 30
      vertex -28 -29.5858 30
    endloop
  endfacet
  facet normal -0 -0 1
    outer loop
      vertex -27.729 -30.2703 30
      vertex -27.7071 -30.2929 30
      vertex -27.7705 -30.2232 30
    endloop
  endfacet
  facet normal 0 0 1
    outer loop
      vertex -27.951 -29.8948 30
      vertex -27.8443 -30.1216 30
      vertex -27.7705 -30.2232 30
    endloop
  endfacet
  facet normal 0 0 1
    outer loop
      vertex -27.8443 -30.1216 30
      vertex -27.809 -30.1736 30
      vertex -27.7705 -30.2232 30
    endloop
  endfacet
  facet normal 0 0 1
    outer loop
      vertex -27.8443 -30.1216 30
      vertex -27.951 -29.8948 30
      vertex -27.8763 -30.0675 30
    endloop
  endfacet
  facet normal 0 0 1
    outer loop
      vertex -27.951 -29.8948 30
      vertex -27.9298 -29.9539 30
      vertex -27.8763 -30.0675 30
    endloop
  endfacet
  facet normal 0 0 1
    outer loop
      vertex -27.9298 -29.9539 30
      vertex -27.9048 -30.0116 30
      vertex -27.8763 -30.0675 30
    endloop
  endfacet
  facet normal 0 0 1
    outer loop
      vertex -27.9823 -29.7732 30
      vertex -27.9686 -29.8345 30
      vertex -27.951 -29.8948 30
    endloop
  endfacet
  facet normal -0 -0 1
    outer loop
      vertex -27.9823 -29.7732 30
      vertex -27.951 -29.8948 30
      vertex -27.9921 -29.7111 30
    endloop
  endfacet
  facet normal 0 0 1
    outer loop
      vertex -28 -29.5858 30
      vertex -27.998 -29.6486 30
      vertex -27.9921 -29.7111 30
    endloop
  endfacet
  facet normal 0 0 1
    outer loop
      vertex -27.7705 -30.2232 30
      vertex -27.9921 -29.7111 30
      vertex -27.951 -29.8948 30
    endloop
  endfacet
  facet normal 0 0 1
    outer loop
      vertex -28 -29.5858 30
      vertex -27.9921 -29.7111 30
      vertex -27.7705 -30.2232 30
    endloop
  endfacet
  facet normal 0 0 1
    outer loop
      vertex -28 -29.5858 30
      vertex -22.9035 -26.772 30
      vertex -22.9634 -26.6997 30
    endloop
  endfacet
  facet normal 0 0 1
    outer loop
      vertex -23.8627 -25.3764 30
      vertex -23.9083 -25.2935 30
      vertex -28 -29.5858 30
    endloop
  endfacet
  facet normal 0 0 1
    outer loop
      vertex -28 -21 30
      vertex -28 -29.5858 30
      vertex -24.5435 -23.8256 30
    endloop
  endfacet
  facet normal 0 0 1
    outer loop
      vertex -24.848 -22.6398 30
      vertex -28 -21 30
      vertex -24.8304 -22.7321 30
    endloop
  endfacet
  facet normal 0 0 1
    outer loop
      vertex -28 -21 30
      vertex -27 -20 30
      vertex -27.1253 -20.0079 30
    endloop
  endfacet
  facet normal -0 0 1
    outer loop
      vertex -27.9823 -20.8126 30
      vertex -27.9921 -20.8747 30
      vertex -27.951 -20.691 30
    endloop
  endfacet
  facet normal -0 0 1
    outer loop
      vertex -27.809 -20.4122 30
      vertex -27.8443 -20.4642 30
      vertex -27.7705 -20.3626 30
    endloop
  endfacet
  facet normal -0 0 1
    outer loop
      vertex -27.8443 -20.4642 30
      vertex -27.951 -20.691 30
      vertex -27.7705 -20.3626 30
    endloop
  endfacet
  facet normal 0 0 1
    outer loop
      vertex -27.6374 -20.2295 30
      vertex -27.6845 -20.271 30
      vertex -27.7705 -20.3626 30
    endloop
  endfacet
  facet normal 0 0 1
    outer loop
      vertex -27.6845 -20.271 30
      vertex -27.729 -20.3155 30
      vertex -27.7705 -20.3626 30
    endloop
  endfacet
  facet normal -0 0 1
    outer loop
      vertex -27.6374 -20.2295 30
      vertex -27.951 -20.691 30
      vertex -27.309 -20.049 30
    endloop
  endfacet
  facet normal 0 0 1
    outer loop
      vertex -27.309 -20.049 30
      vertex -27.4818 -20.1237 30
      vertex -27.5358 -20.1557 30
    endloop
  endfacet
  facet normal 0 0 1
    outer loop
      vertex -27.3681 -20.0702 30
      vertex -27.4258 -20.0952 30
      vertex -27.4818 -20.1237 30
    endloop
  endfacet
  facet normal 0 0 1
    outer loop
      vertex -27.6374 -20.2295 30
      vertex -27.7705 -20.3626 30
      vertex -27.951 -20.691 30
    endloop
  endfacet
  facet normal 0 0 1
    outer loop
      vertex -27.8763 -20.5182 30
      vertex -27.9298 -20.6319 30
      vertex -27.951 -20.691 30
    endloop
  endfacet
  facet normal 0 0 1
    outer loop
      vertex -24.9999 -20.9841 30
      vertex -25.9998 -20 30
      vertex -24.9993 -21.0232 30
    endloop
  endfacet
  facet normal 0 0 1
    outer loop
      vertex -25.828 -20.0149 30
      vertex -25.8902 -20.006 30
      vertex -25.9529 -20.0011 30
    endloop
  endfacet
  facet normal 0 0 1
    outer loop
      vertex -25.7059 -20.0441 30
      vertex -25.7665 -20.0276 30
      vertex -25.6465 -20.0645 30
    endloop
  endfacet
  facet normal 0 0 1
    outer loop
      vertex -25.5884 -20.0885 30
      vertex -25.0098 -20.8589 30
      vertex -25.0537 -20.6759 30
    endloop
  endfacet
  facet normal 0 0 1
    outer loop
      vertex -25.5884 -20.0885 30
      vertex -25.0537 -20.6759 30
      vertex -25.4249 -20.1817 30
    endloop
  endfacet
  facet normal 0 0 1
    outer loop
      vertex -25.3269 -20.2602 30
      vertex -25.2395 -20.3504 30
      vertex -25.2818 -20.3039 30
    endloop
  endfacet
  facet normal 0 0 1
    outer loop
      vertex -25.1312 -20.5044 30
      vertex -25.1641 -20.4508 30
      vertex -25.1018 -20.5599 30
    endloop
  endfacet
  facet normal 0 0 1
    outer loop
      vertex -25.0098 -20.8589 30
      vertex -25.0206 -20.797 30
      vertex -25.0352 -20.7359 30
    endloop
  endfacet
  facet normal 0 0 1
    outer loop
      vertex -25.0098 -20.8589 30
      vertex -24.9999 -20.9841 30
      vertex -25.0029 -20.9213 30
    endloop
  endfacet
  facet normal 0 0 1
    outer loop
      vertex -25.0098 -20.8589 30
      vertex -25.0352 -20.7359 30
      vertex -25.0537 -20.6759 30
    endloop
  endfacet
  facet normal 0 0 1
    outer loop
      vertex -25.1018 -20.5599 30
      vertex -25.0537 -20.6759 30
      vertex -25.076 -20.6171 30
    endloop
  endfacet
  facet normal 0 0 1
    outer loop
      vertex -25.1641 -20.4508 30
      vertex -25.3269 -20.2602 30
      vertex -25.4249 -20.1817 30
    endloop
  endfacet
  facet normal 0 0 1
    outer loop
      vertex -25.3269 -20.2602 30
      vertex -25.2002 -20.3994 30
      vertex -25.2395 -20.3504 30
    endloop
  endfacet
  facet normal 0 0 1
    outer loop
      vertex -25.1641 -20.4508 30
      vertex -25.2002 -20.3994 30
      vertex -25.3269 -20.2602 30
    endloop
  endfacet
  facet normal 0 0 1
    outer loop
      vertex -25.4249 -20.1817 30
      vertex -25.1018 -20.5599 30
      vertex -25.1641 -20.4508 30
    endloop
  endfacet
  facet normal 0 0 1
    outer loop
      vertex -25.4249 -20.1817 30
      vertex -25.3269 -20.2602 30
      vertex -25.3747 -20.2194 30
    endloop
  endfacet
  facet normal 0 0 1
    outer loop
      vertex -25.0537 -20.6759 30
      vertex -25.1018 -20.5599 30
      vertex -25.4249 -20.1817 30
    endloop
  endfacet
  facet normal 0 0 1
    outer loop
      vertex -25.5884 -20.0885 30
      vertex -25.4249 -20.1817 30
      vertex -25.532 -20.1161 30
    endloop
  endfacet
  facet normal 0 0 1
    outer loop
      vertex -25.4249 -20.1817 30
      vertex -25.4774 -20.1472 30
      vertex -25.532 -20.1161 30
    endloop
  endfacet
  facet normal 0 0 1
    outer loop
      vertex -25.7665 -20.0276 30
      vertex -25.828 -20.0149 30
      vertex -25.5884 -20.0885 30
    endloop
  endfacet
  facet normal 0 0 1
    outer loop
      vertex -25.7665 -20.0276 30
      vertex -25.5884 -20.0885 30
      vertex -25.6465 -20.0645 30
    endloop
  endfacet
  facet normal 0 0 1
    outer loop
      vertex -25.5884 -20.0885 30
      vertex -25.828 -20.0149 30
      vertex -25.0098 -20.8589 30
    endloop
  endfacet
  facet normal 0 0 1
    outer loop
      vertex -25.828 -20.0149 30
      vertex -25.9998 -20 30
      vertex -25.0098 -20.8589 30
    endloop
  endfacet
  facet normal 0 0 1
    outer loop
      vertex -25.828 -20.0149 30
      vertex -25.9529 -20.0011 30
      vertex -25.9998 -20 30
    endloop
  endfacet
  facet normal 0 0 1
    outer loop
      vertex -25.0098 -20.8589 30
      vertex -25.9998 -20 30
      vertex -24.9999 -20.9841 30
    endloop
  endfacet
  facet normal 0 0 1
    outer loop
      vertex -25.9998 -20 30
      vertex -24.9837 -21.5181 30
      vertex -24.9993 -21.0232 30
    endloop
  endfacet
  facet normal -0 0 1
    outer loop
      vertex -27 -20 30
      vertex -24.9837 -21.5181 30
      vertex -25.9998 -20 30
    endloop
  endfacet
  facet normal -0 0 1
    outer loop
      vertex -27.0628 -20.002 30
      vertex -27.1253 -20.0079 30
      vertex -27 -20 30
    endloop
  endfacet
  facet normal 0 0 1
    outer loop
      vertex -27.1253 -20.0079 30
      vertex -27.1874 -20.0177 30
      vertex -27.309 -20.049 30
    endloop
  endfacet
  facet normal 0 0 1
    outer loop
      vertex -27.1874 -20.0177 30
      vertex -27.2487 -20.0314 30
      vertex -27.309 -20.049 30
    endloop
  endfacet
  facet normal -0 0 1
    outer loop
      vertex -27.3681 -20.0702 30
      vertex -27.4818 -20.1237 30
      vertex -27.309 -20.049 30
    endloop
  endfacet
  facet normal 0 0 1
    outer loop
      vertex -27.6374 -20.2295 30
      vertex -27.5358 -20.1557 30
      vertex -27.5878 -20.191 30
    endloop
  endfacet
  facet normal 0 0 1
    outer loop
      vertex -27.309 -20.049 30
      vertex -27.5358 -20.1557 30
      vertex -27.6374 -20.2295 30
    endloop
  endfacet
  facet normal 0 0 1
    outer loop
      vertex -27.9298 -20.6319 30
      vertex -27.8763 -20.5182 30
      vertex -27.9048 -20.5742 30
    endloop
  endfacet
  facet normal 0 0 1
    outer loop
      vertex -27.951 -20.691 30
      vertex -27.8443 -20.4642 30
      vertex -27.8763 -20.5182 30
    endloop
  endfacet
  facet normal 0 0 1
    outer loop
      vertex -27.9921 -20.8747 30
      vertex -27.309 -20.049 30
      vertex -27.951 -20.691 30
    endloop
  endfacet
  facet normal 0 0 1
    outer loop
      vertex -27.9823 -20.8126 30
      vertex -27.951 -20.691 30
      vertex -27.9686 -20.7513 30
    endloop
  endfacet
  facet normal 0 0 1
    outer loop
      vertex -27.9921 -20.8747 30
      vertex -27.1253 -20.0079 30
      vertex -27.309 -20.049 30
    endloop
  endfacet
  facet normal 0 0 1
    outer loop
      vertex -28 -21 30
      vertex -27.1253 -20.0079 30
      vertex -27.9921 -20.8747 30
    endloop
  endfacet
  facet normal 0 0 1
    outer loop
      vertex -28 -21 30
      vertex -27.9921 -20.8747 30
      vertex -27.998 -20.9372 30
    endloop
  endfacet
  facet normal 0 0 1
    outer loop
      vertex -24.9837 -21.5181 30
      vertex -27 -20 30
      vertex -28 -21 30
    endloop
  endfacet
  facet normal 0 0 1
    outer loop
      vertex -24.9837 -21.5181 30
      vertex -28 -21 30
      vertex -24.9778 -21.6124 30
    endloop
  endfacet
  facet normal 0 0 1
    outer loop
      vertex -28 -21 30
      vertex -24.9335 -22.0812 30
      vertex -24.9778 -21.6124 30
    endloop
  endfacet
  facet normal 0 0 1
    outer loop
      vertex -24.9217 -22.1743 30
      vertex -24.9335 -22.0812 30
      vertex -28 -21 30
    endloop
  endfacet
  facet normal 0 0 1
    outer loop
      vertex -24.9217 -22.1743 30
      vertex -28 -21 30
      vertex -24.848 -22.6398 30
    endloop
  endfacet
  facet normal 0 0 1
    outer loop
      vertex -28 -21 30
      vertex -24.7274 -23.1926 30
      vertex -24.8304 -22.7321 30
    endloop
  endfacet
  facet normal 0 0 1
    outer loop
      vertex -24.7042 -23.2831 30
      vertex -24.7274 -23.1926 30
      vertex -28 -21 30
    endloop
  endfacet
  facet normal 0 0 1
    outer loop
      vertex -24.7042 -23.2831 30
      vertex -28 -21 30
      vertex -24.5725 -23.7362 30
    endloop
  endfacet
  facet normal 0 0 1
    outer loop
      vertex -28 -21 30
      vertex -24.5435 -23.8256 30
      vertex -24.5725 -23.7362 30
    endloop
  endfacet
  facet normal 0 0 1
    outer loop
      vertex -28 -29.5858 30
      vertex -24.3839 -24.2689 30
      vertex -24.5435 -23.8256 30
    endloop
  endfacet
  facet normal 0 0 1
    outer loop
      vertex -24.3494 -24.356 30
      vertex -24.3839 -24.2689 30
      vertex -28 -29.5858 30
    endloop
  endfacet
  facet normal 0 0 1
    outer loop
      vertex -24.3494 -24.356 30
      vertex -28 -29.5858 30
      vertex -24.162 -24.7889 30
    endloop
  endfacet
  facet normal 0 0 1
    outer loop
      vertex -28 -29.5858 30
      vertex -24.1219 -24.8743 30
      vertex -24.162 -24.7889 30
    endloop
  endfacet
  facet normal 0 0 1
    outer loop
      vertex -23.9083 -25.2935 30
      vertex -24.1219 -24.8743 30
      vertex -28 -29.5858 30
    endloop
  endfacet
  facet normal 0 0 1
    outer loop
      vertex -23.8627 -25.3764 30
      vertex -28 -29.5858 30
      vertex -23.6229 -25.7819 30
    endloop
  endfacet
  facet normal 0 0 1
    outer loop
      vertex -28 -29.5858 30
      vertex -23.5726 -25.8612 30
      vertex -23.6229 -25.7819 30
    endloop
  endfacet
  facet normal 0 0 1
    outer loop
      vertex -23.3074 -26.2513 30
      vertex -23.5726 -25.8612 30
      vertex -28 -29.5858 30
    endloop
  endfacet
  facet normal 0 0 1
    outer loop
      vertex -23.3074 -26.2513 30
      vertex -28 -29.5858 30
      vertex -23.2522 -26.3273 30
    endloop
  endfacet
  facet normal 0 0 1
    outer loop
      vertex -28 -29.5858 30
      vertex -22.9634 -26.6997 30
      vertex -23.2522 -26.3273 30
    endloop
  endfacet
  facet normal 0 0 1
    outer loop
      vertex -19.3304 -34.1563 30
      vertex -27.7071 -30.2929 30
      vertex -19.3186 -34.218 30
    endloop
  endfacet
  facet normal 0 0 1
    outer loop
      vertex -19.3421 -34.0313 30
      vertex -27.7071 -30.2929 30
      vertex -19.3382 -34.0942 30
    endloop
  endfacet
  facet normal 0 -0 1
    outer loop
      vertex -19.3382 -33.9059 30
      vertex -19.3304 -33.8437 30
      vertex -27.7071 -30.2929 30
    endloop
  endfacet
  facet normal 0 0 1
    outer loop
      vertex -25.1312 -60.5044 30
      vertex -25.1641 -60.4508 30
      vertex -25.1018 -60.5599 30
    endloop
  endfacet
  facet normal 0 -0 1
    outer loop
      vertex -19.3186 -33.782 30
      vertex -19.3029 -33.721 30
      vertex -27.7071 -30.2929 30
    endloop
  endfacet
  facet normal 0 0 1
    outer loop
      vertex -25.076 -60.6171 30
      vertex -25.1018 -60.5599 30
      vertex -25.0537 -60.6759 30
    endloop
  endfacet
  facet normal 0 0 1
    outer loop
      vertex -19.2835 -33.6614 30
      vertex -20.8612 -28.5726 30
      vertex -27.7071 -30.2929 30
    endloop
  endfacet
  facet normal 0 0 1
    outer loop
      vertex -25.0352 -60.7359 30
      vertex -25.0098 -60.8589 30
      vertex -25.0206 -60.797 30
    endloop
  endfacet
  facet normal 0 0 1
    outer loop
      vertex -19.2605 -33.6032 30
      vertex -20.8612 -28.5726 30
      vertex -19.2835 -33.6614 30
    endloop
  endfacet
  facet normal 0 0 1
    outer loop
      vertex -3.46449 -69.8439 30
      vertex -3.51839 -69.8758 30
      vertex -6 -74.0159 30
    endloop
  endfacet
  facet normal 0 0 1
    outer loop
      vertex -3 -55.4223 30
      vertex -3 -68.9841 30
      vertex 0 -94 30
    endloop
  endfacet
  facet normal -0 0 1
    outer loop
      vertex -3.0005 -55.3907 30
      vertex 0 -94 30
      vertex 0 -1.01593 30
    endloop
  endfacet
  facet normal 0 -0 1
    outer loop
      vertex -19.2034 -33.4911 30
      vertex -19.1699 -33.4383 30
      vertex -20.3764 -28.8627 30
    endloop
  endfacet
  facet normal 0 0 1
    outer loop
      vertex -7.69016 -46.0665 30
      vertex -7.71248 -46.0449 30
      vertex -3.30396 -54.696 30
    endloop
  endfacet
  facet normal 0 0 1
    outer loop
      vertex -19.7889 -29.1621 30
      vertex -19.0041 -33.2502 30
      vertex -19.356 -29.3494 30
    endloop
  endfacet
  facet normal 0 0 1
    outer loop
      vertex -3.21034 -54.8015 30
      vertex -6.00249 -45.406 30
      vertex -6.00838 -45.4684 30
    endloop
  endfacet
  facet normal 0 0 1
    outer loop
      vertex -18.6221 -33.0402 30
      vertex -18.7362 -29.5726 30
      vertex -18.6818 -33.0596 30
    endloop
  endfacet
  facet normal -0 0 1
    outer loop
      vertex -3.08264 -55.0174 30
      vertex -3.0596 -55.0756 30
      vertex -3.07066 -29.3679 30
    endloop
  endfacet
  facet normal 0 -0 1
    outer loop
      vertex -3.0596 -55.0756 30
      vertex -3.04941 -29.3088 30
      vertex -3.07066 -29.3679 30
    endloop
  endfacet
  facet normal 0 0 1
    outer loop
      vertex -3.04021 -55.1353 30
      vertex -3.04941 -29.3088 30
      vertex -3.0596 -55.0756 30
    endloop
  endfacet
  facet normal 0 0 1
    outer loop
      vertex -3.03189 -29.2486 30
      vertex -3.04941 -29.3088 30
      vertex -3.04021 -55.1353 30
    endloop
  endfacet
  facet normal 0 0 1
    outer loop
      vertex -3.03189 -29.2486 30
      vertex -3.04021 -55.1353 30
      vertex -3.02457 -55.1962 30
    endloop
  endfacet
  facet normal -0 0 1
    outer loop
      vertex -3.03189 -29.2486 30
      vertex -3.02457 -55.1962 30
      vertex -3.0182 -29.1873 30
    endloop
  endfacet
  facet normal -0 0 1
    outer loop
      vertex -3.02457 -55.1962 30
      vertex -3.01279 -55.2579 30
      vertex -3.0182 -29.1873 30
    endloop
  endfacet
  facet normal 0 -0 1
    outer loop
      vertex -3.01279 -55.2579 30
      vertex -3.00838 -29.1253 30
      vertex -3.0182 -29.1873 30
    endloop
  endfacet
  facet normal 0 0 1
    outer loop
      vertex -3.00494 -55.3201 30
      vertex -3.00838 -29.1253 30
      vertex -3.01279 -55.2579 30
    endloop
  endfacet
  facet normal 0 0 1
    outer loop
      vertex -3.00247 -29.0629 30
      vertex -3.00838 -29.1253 30
      vertex -3.00494 -55.3201 30
    endloop
  endfacet
  facet normal 0 0 1
    outer loop
      vertex -3.00247 -29.0629 30
      vertex -3.00494 -55.3201 30
      vertex -3.0005 -55.3907 30
    endloop
  endfacet
  facet normal -0 -0 1
    outer loop
      vertex -3 -55.4223 30
      vertex 0 -94 30
      vertex -3.0005 -55.3907 30
    endloop
  endfacet
  facet normal 0 0 1
    outer loop
      vertex -3 -68.9841 30
      vertex -3.00247 -69.0629 30
      vertex 0 -94 30
    endloop
  endfacet
  facet normal 0 0 1
    outer loop
      vertex -3.00247 -69.0629 30
      vertex -3.00838 -69.1253 30
      vertex 0 -94 30
    endloop
  endfacet
  facet normal 0 0 1
    outer loop
      vertex -3.00838 -69.1253 30
      vertex -3.0182 -69.1873 30
      vertex 0 -94 30
    endloop
  endfacet
  facet normal 0 0 1
    outer loop
      vertex -3.0182 -69.1873 30
      vertex -3.03189 -69.2486 30
      vertex 0 -94 30
    endloop
  endfacet
  facet normal 0 0 1
    outer loop
      vertex -3.03189 -69.2486 30
      vertex -3.04941 -69.3088 30
      vertex 0 -94 30
    endloop
  endfacet
  facet normal 0 0 1
    outer loop
      vertex -3.04941 -69.3088 30
      vertex -3.07066 -69.3679 30
      vertex 0 -94 30
    endloop
  endfacet
  facet normal 0 0 1
    outer loop
      vertex -3.07066 -69.3679 30
      vertex -3.09564 -69.4256 30
      vertex 0 -94 30
    endloop
  endfacet
  facet normal 0 0 1
    outer loop
      vertex -3.09564 -69.4256 30
      vertex -3.12419 -69.4816 30
      vertex 0 -94 30
    endloop
  endfacet
  facet normal 0 0 1
    outer loop
      vertex -3.12419 -69.4816 30
      vertex -3.15605 -69.5355 30
      vertex 0 -94 30
    endloop
  endfacet
  facet normal 0 0 1
    outer loop
      vertex -3.15605 -69.5355 30
      vertex -3.19133 -69.5874 30
      vertex 0 -94 30
    endloop
  endfacet
  facet normal 0 0 1
    outer loop
      vertex -3.19133 -69.5874 30
      vertex -3.22995 -69.6372 30
      vertex -6 -85.3273 30
    endloop
  endfacet
  facet normal 0 0 1
    outer loop
      vertex -6 -85.3273 30
      vertex -3.27136 -69.6842 30
      vertex -6 -74.0159 30
    endloop
  endfacet
  facet normal 0 0 1
    outer loop
      vertex -3.57442 -69.9044 30
      vertex -3.63213 -69.9293 30
      vertex -6.00247 -73.9372 30
    endloop
  endfacet
  facet normal -0 0 1
    outer loop
      vertex -6.03189 -73.7514 30
      vertex -6.0182 -73.8127 30
      vertex -3.75143 -69.9681 30
    endloop
  endfacet
  facet normal 0 0 1
    outer loop
      vertex -3.87471 -69.9916 30
      vertex -3.93715 -69.9975 30
      vertex -6.07066 -73.6321 30
    endloop
  endfacet
  facet normal 0 -0 1
    outer loop
      vertex -6.15605 -73.4645 30
      vertex -4.01593 -70 30
      vertex -6.19133 -73.4126 30
    endloop
  endfacet
  facet normal 0 0 1
    outer loop
      vertex -4.01593 -70 30
      vertex -6.46449 -73.1561 30
      vertex -6.4126 -73.1913 30
    endloop
  endfacet
  facet normal -0 0 1
    outer loop
      vertex -6.57442 -73.0956 30
      vertex -6.51839 -73.1242 30
      vertex -4.01593 -70 30
    endloop
  endfacet
  facet normal 0 -0 1
    outer loop
      vertex -6.57442 -73.0956 30
      vertex -4.01593 -70 30
      vertex -6.63213 -73.0707 30
    endloop
  endfacet
  facet normal 0 0 1
    outer loop
      vertex -4.01593 -70 30
      vertex -6.69116 -73.0494 30
      vertex -6.63213 -73.0707 30
    endloop
  endfacet
  facet normal -0 0 1
    outer loop
      vertex -6.75143 -73.0319 30
      vertex -6.69116 -73.0494 30
      vertex -4.01593 -70 30
    endloop
  endfacet
  facet normal 0 -0 1
    outer loop
      vertex -6.75143 -73.0319 30
      vertex -4.01593 -70 30
      vertex -6.8127 -73.0182 30
    endloop
  endfacet
  facet normal 0 0 1
    outer loop
      vertex -4.01593 -70 30
      vertex -6.87471 -73.0084 30
      vertex -6.8127 -73.0182 30
    endloop
  endfacet
  facet normal -0 0 1
    outer loop
      vertex -6.93715 -73.0025 30
      vertex -6.87471 -73.0084 30
      vertex -4.01593 -70 30
    endloop
  endfacet
  facet normal 0 -0 1
    outer loop
      vertex -6.93715 -73.0025 30
      vertex -4.01593 -70 30
      vertex -7.01593 -73 30
    endloop
  endfacet
  facet normal 0 -0 1
    outer loop
      vertex -18.6221 -73.0402 30
      vertex -18.5611 -73.0246 30
      vertex -18.7362 -69.5726 30
    endloop
  endfacet
  facet normal 0 0 1
    outer loop
      vertex -25.0029 -60.9213 30
      vertex -25.0098 -60.8589 30
      vertex -24.9999 -60.9841 30
    endloop
  endfacet
  facet normal 0 -0 1
    outer loop
      vertex -18.74 -73.0826 30
      vertex -18.6818 -73.0596 30
      vertex -18.8255 -69.5435 30
    endloop
  endfacet
  facet normal 0 0 1
    outer loop
      vertex -18.852 -73.1397 30
      vertex -19.2689 -69.3839 30
      vertex -18.9048 -73.1733 30
    endloop
  endfacet
  facet normal 0 0 1
    outer loop
      vertex -19.356 -69.3494 30
      vertex -19.7889 -69.1621 30
      vertex -19.0041 -73.2502 30
    endloop
  endfacet
  facet normal 0 -0 1
    outer loop
      vertex -19.3421 -73.9687 30
      vertex -19.3382 -73.9059 30
      vertex -27.7071 -70.2929 30
    endloop
  endfacet
  facet normal 0 0 1
    outer loop
      vertex -21.6997 -67.9634 30
      vertex -27.7071 -70.2929 30
      vertex -21.3273 -68.2522 30
    endloop
  endfacet
  facet normal 0 0 1
    outer loop
      vertex -21.772 -67.9036 30
      vertex -27.7071 -70.2929 30
      vertex -21.6997 -67.9634 30
    endloop
  endfacet
  facet normal 0 0 1
    outer loop
      vertex -22.1256 -67.5919 30
      vertex -27.7071 -70.2929 30
      vertex -21.772 -67.9036 30
    endloop
  endfacet
  facet normal 0 0 1
    outer loop
      vertex -22.1942 -67.5275 30
      vertex -27.7071 -70.2929 30
      vertex -22.1256 -67.5919 30
    endloop
  endfacet
  facet normal 0 0 1
    outer loop
      vertex -22.5274 -67.1942 30
      vertex -27.7071 -70.2929 30
      vertex -22.1942 -67.5275 30
    endloop
  endfacet
  facet normal 0 0 1
    outer loop
      vertex -22.5918 -67.1256 30
      vertex -27.7071 -70.2929 30
      vertex -22.5274 -67.1942 30
    endloop
  endfacet
  facet normal 0 0 1
    outer loop
      vertex -22.9035 -66.772 30
      vertex -27.7071 -70.2929 30
      vertex -22.5918 -67.1256 30
    endloop
  endfacet
  facet normal -0 0 1
    outer loop
      vertex -28 -69.5858 30
      vertex -27.7071 -70.2929 30
      vertex -22.9035 -66.772 30
    endloop
  endfacet
  facet normal -0 -0 1
    outer loop
      vertex -27.7705 -70.2232 30
      vertex -27.7071 -70.2929 30
      vertex -28 -69.5858 30
    endloop
  endfacet
  facet normal -0 -0 1
    outer loop
      vertex -27.729 -70.2703 30
      vertex -27.7071 -70.2929 30
      vertex -27.7705 -70.2232 30
    endloop
  endfacet
  facet normal 0 0 1
    outer loop
      vertex -27.951 -69.8948 30
      vertex -27.8443 -70.1216 30
      vertex -27.7705 -70.2232 30
    endloop
  endfacet
  facet normal 0 0 1
    outer loop
      vertex -27.8443 -70.1216 30
      vertex -27.809 -70.1736 30
      vertex -27.7705 -70.2232 30
    endloop
  endfacet
  facet normal 0 0 1
    outer loop
      vertex -27.8443 -70.1216 30
      vertex -27.951 -69.8948 30
      vertex -27.8763 -70.0675 30
    endloop
  endfacet
  facet normal 0 0 1
    outer loop
      vertex -27.951 -69.8948 30
      vertex -27.9298 -69.9539 30
      vertex -27.8763 -70.0675 30
    endloop
  endfacet
  facet normal 0 0 1
    outer loop
      vertex -27.9298 -69.9539 30
      vertex -27.9048 -70.0116 30
      vertex -27.8763 -70.0675 30
    endloop
  endfacet
  facet normal 0 0 1
    outer loop
      vertex -27.9823 -69.7732 30
      vertex -27.9686 -69.8345 30
      vertex -27.951 -69.8948 30
    endloop
  endfacet
  facet normal -0 -0 1
    outer loop
      vertex -27.9823 -69.7732 30
      vertex -27.951 -69.8948 30
      vertex -27.9921 -69.7111 30
    endloop
  endfacet
  facet normal 0 0 1
    outer loop
      vertex -28 -69.5858 30
      vertex -27.998 -69.6486 30
      vertex -27.9921 -69.7111 30
    endloop
  endfacet
  facet normal 0 0 1
    outer loop
      vertex -27.7705 -70.2232 30
      vertex -27.9921 -69.7111 30
      vertex -27.951 -69.8948 30
    endloop
  endfacet
  facet normal 0 0 1
    outer loop
      vertex -28 -69.5858 30
      vertex -27.9921 -69.7111 30
      vertex -27.7705 -70.2232 30
    endloop
  endfacet
  facet normal 0 0 1
    outer loop
      vertex -23.6229 -65.7819 30
      vertex -23.8627 -65.3764 30
      vertex -28 -69.5858 30
    endloop
  endfacet
  facet normal 0 0 1
    outer loop
      vertex -28 -69.5858 30
      vertex -24.3494 -64.356 30
      vertex -24.3839 -64.2689 30
    endloop
  endfacet
  facet normal 0 0 1
    outer loop
      vertex -28 -69.5858 30
      vertex -24.3839 -64.2689 30
      vertex -24.5435 -63.8256 30
    endloop
  endfacet
  facet normal 0 0 1
    outer loop
      vertex -28 -61 30
      vertex -24.7274 -63.1926 30
      vertex -24.8304 -62.7321 30
    endloop
  endfacet
  facet normal 0 0 1
    outer loop
      vertex -24.9837 -61.5181 30
      vertex -28 -61 30
      vertex -24.9778 -61.6124 30
    endloop
  endfacet
  facet normal 0 0 1
    outer loop
      vertex -28 -61 30
      vertex -27.1253 -60.0079 30
      vertex -27.9921 -60.8747 30
    endloop
  endfacet
  facet normal 0 0 1
    outer loop
      vertex -27.951 -60.691 30
      vertex -27.8443 -60.4642 30
      vertex -27.8763 -60.5182 30
    endloop
  endfacet
  facet normal 0 0 1
    outer loop
      vertex -27.8443 -60.4642 30
      vertex -27.7705 -60.3626 30
      vertex -27.809 -60.4122 30
    endloop
  endfacet
  facet normal 0 0 1
    outer loop
      vertex -27.951 -60.691 30
      vertex -27.7705 -60.3626 30
      vertex -27.8443 -60.4642 30
    endloop
  endfacet
  facet normal -0 0 1
    outer loop
      vertex -27.6845 -60.271 30
      vertex -27.7705 -60.3626 30
      vertex -27.6374 -60.2295 30
    endloop
  endfacet
  facet normal -0 0 1
    outer loop
      vertex -27.729 -60.3155 30
      vertex -27.7705 -60.3626 30
      vertex -27.6845 -60.271 30
    endloop
  endfacet
  facet normal 0 0 1
    outer loop
      vertex -27.951 -60.691 30
      vertex -27.309 -60.049 30
      vertex -27.6374 -60.2295 30
    endloop
  endfacet
  facet normal -0 0 1
    outer loop
      vertex -27.4818 -60.1237 30
      vertex -27.5358 -60.1557 30
      vertex -27.309 -60.049 30
    endloop
  endfacet
  facet normal 0 0 1
    outer loop
      vertex -27.6374 -60.2295 30
      vertex -27.7705 -60.3626 30
      vertex -27.951 -60.691 30
    endloop
  endfacet
  facet normal 0 0 1
    outer loop
      vertex -27.8763 -60.5182 30
      vertex -27.9298 -60.6319 30
      vertex -27.951 -60.691 30
    endloop
  endfacet
  facet normal 0 0 1
    outer loop
      vertex -24.9999 -60.9841 30
      vertex -25.9998 -60 30
      vertex -24.9993 -61.0232 30
    endloop
  endfacet
  facet normal 0 0 1
    outer loop
      vertex -25.828 -60.0149 30
      vertex -25.8902 -60.006 30
      vertex -25.9529 -60.0011 30
    endloop
  endfacet
  facet normal 0 0 1
    outer loop
      vertex -25.7059 -60.0441 30
      vertex -25.7665 -60.0276 30
      vertex -25.6465 -60.0645 30
    endloop
  endfacet
  facet normal 0 0 1
    outer loop
      vertex -25.5884 -60.0885 30
      vertex -25.0098 -60.8589 30
      vertex -25.0537 -60.6759 30
    endloop
  endfacet
  facet normal 0 0 1
    outer loop
      vertex -25.5884 -60.0885 30
      vertex -25.0537 -60.6759 30
      vertex -25.4249 -60.1817 30
    endloop
  endfacet
  facet normal 0 0 1
    outer loop
      vertex -25.3269 -60.2602 30
      vertex -25.2395 -60.3504 30
      vertex -25.2818 -60.3039 30
    endloop
  endfacet
  facet normal 0 0 1
    outer loop
      vertex -25.0098 -60.8589 30
      vertex -25.0352 -60.7359 30
      vertex -25.0537 -60.6759 30
    endloop
  endfacet
  facet normal 0 0 1
    outer loop
      vertex -25.4249 -60.1817 30
      vertex -25.1641 -60.4508 30
      vertex -25.3269 -60.2602 30
    endloop
  endfacet
  facet normal 0 0 1
    outer loop
      vertex -25.2395 -60.3504 30
      vertex -25.3269 -60.2602 30
      vertex -25.2002 -60.3994 30
    endloop
  endfacet
  facet normal 0 0 1
    outer loop
      vertex -25.4249 -60.1817 30
      vertex -25.1018 -60.5599 30
      vertex -25.1641 -60.4508 30
    endloop
  endfacet
  facet normal 0 0 1
    outer loop
      vertex -25.1641 -60.4508 30
      vertex -25.2002 -60.3994 30
      vertex -25.3269 -60.2602 30
    endloop
  endfacet
  facet normal 0 0 1
    outer loop
      vertex -25.4249 -60.1817 30
      vertex -25.3269 -60.2602 30
      vertex -25.3747 -60.2194 30
    endloop
  endfacet
  facet normal 0 0 1
    outer loop
      vertex -25.0537 -60.6759 30
      vertex -25.1018 -60.5599 30
      vertex -25.4249 -60.1817 30
    endloop
  endfacet
  facet normal 0 0 1
    outer loop
      vertex -25.5884 -60.0885 30
      vertex -25.4249 -60.1817 30
      vertex -25.532 -60.1161 30
    endloop
  endfacet
  facet normal 0 0 1
    outer loop
      vertex -25.4249 -60.1817 30
      vertex -25.4774 -60.1472 30
      vertex -25.532 -60.1161 30
    endloop
  endfacet
  facet normal 0 0 1
    outer loop
      vertex -25.7665 -60.0276 30
      vertex -25.828 -60.0149 30
      vertex -25.5884 -60.0885 30
    endloop
  endfacet
  facet normal 0 0 1
    outer loop
      vertex -25.7665 -60.0276 30
      vertex -25.5884 -60.0885 30
      vertex -25.6465 -60.0645 30
    endloop
  endfacet
  facet normal 0 0 1
    outer loop
      vertex -25.5884 -60.0885 30
      vertex -25.828 -60.0149 30
      vertex -25.0098 -60.8589 30
    endloop
  endfacet
  facet normal 0 0 1
    outer loop
      vertex -25.828 -60.0149 30
      vertex -25.9998 -60 30
      vertex -25.0098 -60.8589 30
    endloop
  endfacet
  facet normal 0 0 1
    outer loop
      vertex -25.828 -60.0149 30
      vertex -25.9529 -60.0011 30
      vertex -25.9998 -60 30
    endloop
  endfacet
  facet normal 0 0 1
    outer loop
      vertex -25.0098 -60.8589 30
      vertex -25.9998 -60 30
      vertex -24.9999 -60.9841 30
    endloop
  endfacet
  facet normal 0 0 1
    outer loop
      vertex -25.9998 -60 30
      vertex -24.9837 -61.5181 30
      vertex -24.9993 -61.0232 30
    endloop
  endfacet
  facet normal -0 0 1
    outer loop
      vertex -27 -60 30
      vertex -24.9837 -61.5181 30
      vertex -25.9998 -60 30
    endloop
  endfacet
  facet normal -0 0 1
    outer loop
      vertex -27.0628 -60.002 30
      vertex -27.1253 -60.0079 30
      vertex -27 -60 30
    endloop
  endfacet
  facet normal 0 0 1
    outer loop
      vertex -27.1253 -60.0079 30
      vertex -27.1874 -60.0177 30
      vertex -27.309 -60.049 30
    endloop
  endfacet
  facet normal 0 0 1
    outer loop
      vertex -27.1874 -60.0177 30
      vertex -27.2487 -60.0314 30
      vertex -27.309 -60.049 30
    endloop
  endfacet
  facet normal -0 0 1
    outer loop
      vertex -27.4258 -60.0952 30
      vertex -27.4818 -60.1237 30
      vertex -27.3681 -60.0702 30
    endloop
  endfacet
  facet normal 0 0 1
    outer loop
      vertex -27.4818 -60.1237 30
      vertex -27.309 -60.049 30
      vertex -27.3681 -60.0702 30
    endloop
  endfacet
  facet normal 0 0 1
    outer loop
      vertex -27.5358 -60.1557 30
      vertex -27.5878 -60.191 30
      vertex -27.6374 -60.2295 30
    endloop
  endfacet
  facet normal -0 0 1
    outer loop
      vertex -27.5358 -60.1557 30
      vertex -27.6374 -60.2295 30
      vertex -27.309 -60.049 30
    endloop
  endfacet
  facet normal 0 0 1
    outer loop
      vertex -27.8763 -60.5182 30
      vertex -27.9048 -60.5742 30
      vertex -27.9298 -60.6319 30
    endloop
  endfacet
  facet normal 0 0 1
    outer loop
      vertex -27.9921 -60.8747 30
      vertex -27.309 -60.049 30
      vertex -27.951 -60.691 30
    endloop
  endfacet
  facet normal 0 0 1
    outer loop
      vertex -27.9921 -60.8747 30
      vertex -27.951 -60.691 30
      vertex -27.9823 -60.8126 30
    endloop
  endfacet
  facet normal 0 0 1
    outer loop
      vertex -27.951 -60.691 30
      vertex -27.9686 -60.7513 30
      vertex -27.9823 -60.8126 30
    endloop
  endfacet
  facet normal 0 0 1
    outer loop
      vertex -27.1253 -60.0079 30
      vertex -27.309 -60.049 30
      vertex -27.9921 -60.8747 30
    endloop
  endfacet
  facet normal 0 0 1
    outer loop
      vertex -28 -61 30
      vertex -27.9921 -60.8747 30
      vertex -27.998 -60.9372 30
    endloop
  endfacet
  facet normal 0 0 1
    outer loop
      vertex -27 -60 30
      vertex -27.1253 -60.0079 30
      vertex -28 -61 30
    endloop
  endfacet
  facet normal 0 0 1
    outer loop
      vertex -27 -60 30
      vertex -28 -61 30
      vertex -24.9837 -61.5181 30
    endloop
  endfacet
  facet normal 0 0 1
    outer loop
      vertex -28 -61 30
      vertex -24.9335 -62.0812 30
      vertex -24.9778 -61.6124 30
    endloop
  endfacet
  facet normal 0 0 1
    outer loop
      vertex -24.9217 -62.1743 30
      vertex -24.9335 -62.0812 30
      vertex -28 -61 30
    endloop
  endfacet
  facet normal 0 0 1
    outer loop
      vertex -24.9217 -62.1743 30
      vertex -28 -61 30
      vertex -24.848 -62.6398 30
    endloop
  endfacet
  facet normal 0 0 1
    outer loop
      vertex -28 -61 30
      vertex -24.8304 -62.7321 30
      vertex -24.848 -62.6398 30
    endloop
  endfacet
  facet normal 0 0 1
    outer loop
      vertex -24.7042 -63.2831 30
      vertex -24.7274 -63.1926 30
      vertex -28 -61 30
    endloop
  endfacet
  facet normal 0 0 1
    outer loop
      vertex -24.7042 -63.2831 30
      vertex -28 -61 30
      vertex -24.5725 -63.7362 30
    endloop
  endfacet
  facet normal 0 0 1
    outer loop
      vertex -28 -61 30
      vertex -24.5435 -63.8256 30
      vertex -24.5725 -63.7362 30
    endloop
  endfacet
  facet normal 0 0 1
    outer loop
      vertex -28 -69.5858 30
      vertex -24.5435 -63.8256 30
      vertex -28 -61 30
    endloop
  endfacet
  facet normal 0 0 1
    outer loop
      vertex -24.162 -64.7889 30
      vertex -24.3494 -64.356 30
      vertex -28 -69.5858 30
    endloop
  endfacet
  facet normal 0 0 1
    outer loop
      vertex -24.162 -64.7889 30
      vertex -28 -69.5858 30
      vertex -24.1219 -64.8743 30
    endloop
  endfacet
  facet normal 0 0 1
    outer loop
      vertex -28 -69.5858 30
      vertex -23.9083 -65.2935 30
      vertex -24.1219 -64.8743 30
    endloop
  endfacet
  facet normal 0 0 1
    outer loop
      vertex -23.8627 -65.3764 30
      vertex -23.9083 -65.2935 30
      vertex -28 -69.5858 30
    endloop
  endfacet
  facet normal 0 0 1
    outer loop
      vertex -23.6229 -65.7819 30
      vertex -28 -69.5858 30
      vertex -23.5726 -65.8612 30
    endloop
  endfacet
  facet normal 0 0 1
    outer loop
      vertex -28 -69.5858 30
      vertex -23.3074 -66.2513 30
      vertex -23.5726 -65.8612 30
    endloop
  endfacet
  facet normal 0 0 1
    outer loop
      vertex -23.2522 -66.3273 30
      vertex -23.3074 -66.2513 30
      vertex -28 -69.5858 30
    endloop
  endfacet
  facet normal 0 0 1
    outer loop
      vertex -23.2522 -66.3273 30
      vertex -28 -69.5858 30
      vertex -22.9634 -66.6997 30
    endloop
  endfacet
  facet normal 0 0 1
    outer loop
      vertex -28 -69.5858 30
      vertex -22.9035 -66.772 30
      vertex -22.9634 -66.6997 30
    endloop
  endfacet
  facet normal 0 0 1
    outer loop
      vertex -27.7071 -70.2929 30
      vertex -21.2513 -68.3075 30
      vertex -21.3273 -68.2522 30
    endloop
  endfacet
  facet normal 0 0 1
    outer loop
      vertex -20.8612 -68.5726 30
      vertex -21.2513 -68.3075 30
      vertex -27.7071 -70.2929 30
    endloop
  endfacet
  facet normal 0 0 1
    outer loop
      vertex -19.0929 -74.661 30
      vertex -27.7071 -70.2929 30
      vertex -19.0392 -74.7182 30
    endloop
  endfacet
  facet normal 0 0 1
    outer loop
      vertex -19.3304 -74.1563 30
      vertex -27.7071 -70.2929 30
      vertex -19.3186 -74.218 30
    endloop
  endfacet
  facet normal 0 0 1
    outer loop
      vertex -19.3421 -74.0313 30
      vertex -27.7071 -70.2929 30
      vertex -19.3382 -74.0942 30
    endloop
  endfacet
  facet normal 0 -0 1
    outer loop
      vertex -19.3382 -73.9059 30
      vertex -19.3304 -73.8437 30
      vertex -27.7071 -70.2929 30
    endloop
  endfacet
  facet normal 0 -0 1
    outer loop
      vertex -19.3186 -73.782 30
      vertex -19.3029 -73.721 30
      vertex -27.7071 -70.2929 30
    endloop
  endfacet
  facet normal 0 0 1
    outer loop
      vertex -19.2835 -73.6614 30
      vertex -20.8612 -68.5726 30
      vertex -27.7071 -70.2929 30
    endloop
  endfacet
  facet normal 0 0 1
    outer loop
      vertex -19.2605 -73.6032 30
      vertex -20.8612 -68.5726 30
      vertex -19.2835 -73.6614 30
    endloop
  endfacet
  facet normal 0 -0 1
    outer loop
      vertex -19.2034 -73.4911 30
      vertex -19.1699 -73.4383 30
      vertex -20.3764 -68.8627 30
    endloop
  endfacet
  facet normal 0 0 1
    outer loop
      vertex -7.69016 -86.0665 30
      vertex -7.71248 -86.0449 30
      vertex -3.29289 -94.7071 30
    endloop
  endfacet
  facet normal 0 0 1
    outer loop
      vertex -6.93715 -86.3407 30
      vertex -7 -86.3426 30
      vertex -3.29289 -94.7071 30
    endloop
  endfacet
  facet normal 0 0 1
    outer loop
      vertex -2.98293 -94.9178 30
      vertex -2.92453 -94.9409 30
      vertex -2.86478 -94.9603 30
    endloop
  endfacet
  facet normal 0 0 1
    outer loop
      vertex -3.19868 -94.7902 30
      vertex -3.14787 -94.8271 30
      vertex -3.03978 -94.891 30
    endloop
  endfacet
  facet normal 0 0 1
    outer loop
      vertex -3.14787 -94.8271 30
      vertex -3.09483 -94.8607 30
      vertex -3.03978 -94.891 30
    endloop
  endfacet
  facet normal 0 0 1
    outer loop
      vertex -3.19868 -94.7902 30
      vertex -3.03978 -94.891 30
      vertex -2.98293 -94.9178 30
    endloop
  endfacet
  facet normal -0 -0 1
    outer loop
      vertex -3.19868 -94.7902 30
      vertex -2.98293 -94.9178 30
      vertex -3.2471 -94.7501 30
    endloop
  endfacet
  facet normal 0 0 1
    outer loop
      vertex -2.98293 -94.9178 30
      vertex -2.74222 -94.9877 30
      vertex -2.67989 -94.9956 30
    endloop
  endfacet
  facet normal 0 0 1
    outer loop
      vertex -2.74222 -94.9877 30
      vertex -2.86478 -94.9603 30
      vertex -2.80392 -94.9759 30
    endloop
  endfacet
  facet normal 0 0 1
    outer loop
      vertex -2.98293 -94.9178 30
      vertex -2.86478 -94.9603 30
      vertex -2.74222 -94.9877 30
    endloop
  endfacet
  facet normal 0 0 1
    outer loop
      vertex -3.2471 -94.7501 30
      vertex -2.98293 -94.9178 30
      vertex -2.67989 -94.9956 30
    endloop
  endfacet
  facet normal -0 -0 1
    outer loop
      vertex -3.2471 -94.7501 30
      vertex -2.67989 -94.9956 30
      vertex -3.29289 -94.7071 30
    endloop
  endfacet
  facet normal 0 0 1
    outer loop
      vertex -2.67989 -94.9956 30
      vertex -2.6172 -94.9995 30
      vertex -2.58578 -95 30
    endloop
  endfacet
  facet normal -0 -0 1
    outer loop
      vertex -2.67989 -94.9956 30
      vertex -2.58578 -95 30
      vertex -3.29289 -94.7071 30
    endloop
  endfacet
  facet normal 0 -0 1
    outer loop
      vertex -2.58578 -95 30
      vertex 0 -94 30
      vertex -3.29289 -94.7071 30
    endloop
  endfacet
  facet normal 0 -0 1
    outer loop
      vertex -1 -95 30
      vertex 0 -94 30
      vertex -2.58578 -95 30
    endloop
  endfacet
  facet normal 0 0 1
    outer loop
      vertex 37.6912 -29.9506 30
      vertex 37.6321 -29.9293 30
      vertex 40.0084 -33.8747 30
    endloop
  endfacet
  facet normal 0 0 1
    outer loop
      vertex 40.8437 -46.3304 30
      vertex 40.782 -46.3186 30
      vertex 37.2983 -54.7017 30
    endloop
  endfacet
  facet normal 0 -0 1
    outer loop
      vertex 40.8747 -33.0084 30
      vertex 40.9371 -33.0025 30
      vertex 38.0159 -30 30
    endloop
  endfacet
  facet normal 0 0 1
    outer loop
      vertex 40.782 -46.3186 30
      vertex 40.721 -46.3029 30
      vertex 37.2983 -54.7017 30
    endloop
  endfacet
  facet normal 0 0 1
    outer loop
      vertex 40.721 -46.3029 30
      vertex 40.6614 -46.2835 30
      vertex 37.2983 -54.7017 30
    endloop
  endfacet
  facet normal 0 0 1
    outer loop
      vertex 40.6614 -46.2835 30
      vertex 40.6032 -46.2605 30
      vertex 37.2983 -54.7017 30
    endloop
  endfacet
  facet normal 0 0 1
    outer loop
      vertex 40.6032 -46.2605 30
      vertex 40.5462 -46.2337 30
      vertex 37.2983 -54.7017 30
    endloop
  endfacet
  facet normal 0 0 1
    outer loop
      vertex 40.5462 -46.2337 30
      vertex 40.4911 -46.2034 30
      vertex 37.2983 -54.7017 30
    endloop
  endfacet
  facet normal 0 0 1
    outer loop
      vertex 40.3873 -46.1328 30
      vertex 37.2983 -54.7017 30
      vertex 40.4383 -46.1699 30
    endloop
  endfacet
  facet normal 0 0 1
    outer loop
      vertex 40.339 -46.0929 30
      vertex 37.2983 -54.7017 30
      vertex 40.3873 -46.1328 30
    endloop
  endfacet
  facet normal 0 0 1
    outer loop
      vertex 40.2932 -46.0499 30
      vertex 37.2983 -54.7017 30
      vertex 40.339 -46.0929 30
    endloop
  endfacet
  facet normal 0 0 1
    outer loop
      vertex 40.2502 -46.0041 30
      vertex 37.2983 -54.7017 30
      vertex 40.2932 -46.0499 30
    endloop
  endfacet
  facet normal 0 0 1
    outer loop
      vertex 40.2103 -45.9559 30
      vertex 37.2983 -54.7017 30
      vertex 40.2502 -46.0041 30
    endloop
  endfacet
  facet normal 0 0 1
    outer loop
      vertex 40.1733 -45.9048 30
      vertex 37.2983 -54.7017 30
      vertex 40.2103 -45.9559 30
    endloop
  endfacet
  facet normal 0 0 1
    outer loop
      vertex 40.0005 -45.3666 30
      vertex 40 -45.3351 30
      vertex 37.1561 -54.8787 30
    endloop
  endfacet
  facet normal 0 0 1
    outer loop
      vertex 40.1397 -45.852 30
      vertex 37.2983 -54.7017 30
      vertex 40.1733 -45.9048 30
    endloop
  endfacet
  facet normal 0 0 1
    outer loop
      vertex 37.2983 -54.7017 30
      vertex 40.0826 -45.74 30
      vertex 40.0596 -45.6818 30
    endloop
  endfacet
  facet normal 0 0 1
    outer loop
      vertex 37.2983 -54.7017 30
      vertex 40.0596 -45.6818 30
      vertex 40.0402 -45.6221 30
    endloop
  endfacet
  facet normal 0 0 1
    outer loop
      vertex 37.2983 -54.7017 30
      vertex 40.0402 -45.6221 30
      vertex 40.0246 -45.5611 30
    endloop
  endfacet
  facet normal 0 -0 1
    outer loop
      vertex 37.2983 -54.7017 30
      vertex 40.0246 -45.5611 30
      vertex 37.2766 -54.7241 30
    endloop
  endfacet
  facet normal 0 0 1
    outer loop
      vertex 40.0246 -45.5611 30
      vertex 40.0128 -45.4994 30
      vertex 37.2766 -54.7241 30
    endloop
  endfacet
  facet normal 0 0 1
    outer loop
      vertex 40.0128 -45.4994 30
      vertex 37.2299 -54.777 30
      vertex 37.2766 -54.7241 30
    endloop
  endfacet
  facet normal 0 0 1
    outer loop
      vertex 40.0049 -45.4373 30
      vertex 37.2299 -54.777 30
      vertex 40.0128 -45.4994 30
    endloop
  endfacet
  facet normal 0 0 1
    outer loop
      vertex 37.1913 -54.8268 30
      vertex 37.2299 -54.777 30
      vertex 40.0049 -45.4373 30
    endloop
  endfacet
  facet normal 0 0 1
    outer loop
      vertex 37.1913 -54.8268 30
      vertex 40.0049 -45.4373 30
      vertex 40.0005 -45.3666 30
    endloop
  endfacet
  facet normal 0 -0 1
    outer loop
      vertex 37.1913 -54.8268 30
      vertex 40.0005 -45.3666 30
      vertex 37.1561 -54.8787 30
    endloop
  endfacet
  facet normal 0 0 1
    outer loop
      vertex 37.6912 -29.9506 30
      vertex 40.0084 -33.8747 30
      vertex 40.0182 -33.8127 30
    endloop
  endfacet
  facet normal 0 0 1
    outer loop
      vertex 37.6912 -29.9506 30
      vertex 40.0182 -33.8127 30
      vertex 37.7514 -29.9681 30
    endloop
  endfacet
  facet normal 0 -0 1
    outer loop
      vertex 40.0182 -33.8127 30
      vertex 40.0319 -33.7514 30
      vertex 37.7514 -29.9681 30
    endloop
  endfacet
  facet normal 0 0 1
    outer loop
      vertex 40.0319 -33.7514 30
      vertex 37.8127 -29.9818 30
      vertex 37.7514 -29.9681 30
    endloop
  endfacet
  facet normal 0 0 1
    outer loop
      vertex 40.0494 -33.6912 30
      vertex 37.8127 -29.9818 30
      vertex 40.0319 -33.7514 30
    endloop
  endfacet
  facet normal 0 0 1
    outer loop
      vertex 37.8747 -29.9916 30
      vertex 37.8127 -29.9818 30
      vertex 40.0494 -33.6912 30
    endloop
  endfacet
  facet normal 0 0 1
    outer loop
      vertex 37.8747 -29.9916 30
      vertex 40.0494 -33.6912 30
      vertex 40.0707 -33.6321 30
    endloop
  endfacet
  facet normal 0 0 1
    outer loop
      vertex 37.8747 -29.9916 30
      vertex 40.0707 -33.6321 30
      vertex 37.9371 -29.9975 30
    endloop
  endfacet
  facet normal 0 -0 1
    outer loop
      vertex 40.0707 -33.6321 30
      vertex 40.0956 -33.5744 30
      vertex 37.9371 -29.9975 30
    endloop
  endfacet
  facet normal 0 0 1
    outer loop
      vertex 40.0956 -33.5744 30
      vertex 38.0159 -30 30
      vertex 37.9371 -29.9975 30
    endloop
  endfacet
  facet normal 0 0 1
    outer loop
      vertex 40.1242 -33.5184 30
      vertex 38.0159 -30 30
      vertex 40.0956 -33.5744 30
    endloop
  endfacet
  facet normal 0 0 1
    outer loop
      vertex 40.1561 -33.4645 30
      vertex 38.0159 -30 30
      vertex 40.1242 -33.5184 30
    endloop
  endfacet
  facet normal 0 0 1
    outer loop
      vertex 40.1913 -33.4126 30
      vertex 38.0159 -30 30
      vertex 40.1561 -33.4645 30
    endloop
  endfacet
  facet normal 0 0 1
    outer loop
      vertex 40.2299 -33.3628 30
      vertex 38.0159 -30 30
      vertex 40.1913 -33.4126 30
    endloop
  endfacet
  facet normal 0 0 1
    outer loop
      vertex 40.2714 -33.3158 30
      vertex 38.0159 -30 30
      vertex 40.2299 -33.3628 30
    endloop
  endfacet
  facet normal 0 0 1
    outer loop
      vertex 40.3158 -33.2714 30
      vertex 38.0159 -30 30
      vertex 40.2714 -33.3158 30
    endloop
  endfacet
  facet normal 0 0 1
    outer loop
      vertex 40.3628 -33.2299 30
      vertex 38.0159 -30 30
      vertex 40.3158 -33.2714 30
    endloop
  endfacet
  facet normal 0 0 1
    outer loop
      vertex 40.4126 -33.1913 30
      vertex 38.0159 -30 30
      vertex 40.3628 -33.2299 30
    endloop
  endfacet
  facet normal 0 0 1
    outer loop
      vertex 40.4645 -33.1561 30
      vertex 38.0159 -30 30
      vertex 40.4126 -33.1913 30
    endloop
  endfacet
  facet normal 0 0 1
    outer loop
      vertex 40.5184 -33.1242 30
      vertex 38.0159 -30 30
      vertex 40.4645 -33.1561 30
    endloop
  endfacet
  facet normal 0 0 1
    outer loop
      vertex 40.5744 -33.0956 30
      vertex 38.0159 -30 30
      vertex 40.5184 -33.1242 30
    endloop
  endfacet
  facet normal 0 0 1
    outer loop
      vertex 40.6321 -33.0707 30
      vertex 38.0159 -30 30
      vertex 40.5744 -33.0956 30
    endloop
  endfacet
  facet normal 0 0 1
    outer loop
      vertex 40.6912 -33.0494 30
      vertex 38.0159 -30 30
      vertex 40.6321 -33.0707 30
    endloop
  endfacet
  facet normal 0 0 1
    outer loop
      vertex 40.7514 -33.0319 30
      vertex 38.0159 -30 30
      vertex 40.6912 -33.0494 30
    endloop
  endfacet
  facet normal 0 0 1
    outer loop
      vertex 40.8127 -33.0182 30
      vertex 38.0159 -30 30
      vertex 40.7514 -33.0319 30
    endloop
  endfacet
  facet normal 0 0 1
    outer loop
      vertex 40.8747 -33.0084 30
      vertex 38.0159 -30 30
      vertex 40.8127 -33.0182 30
    endloop
  endfacet
  facet normal 0 -0 1
    outer loop
      vertex 40.9371 -33.0025 30
      vertex 41.0159 -33 30
      vertex 38.0159 -30 30
    endloop
  endfacet
  facet normal 0 -0 1
    outer loop
      vertex 41.0159 -33 30
      vertex 49.9761 -30 30
      vertex 38.0159 -30 30
    endloop
  endfacet
  facet normal -0 0 1
    outer loop
      vertex 52.7687 -33.0956 30
      vertex 52.8248 -33.1242 30
      vertex 52.8255 -29.5435 30
    endloop
  endfacet
  facet normal 0 0 1
    outer loop
      vertex 52.8248 -33.1242 30
      vertex 53.2689 -29.3839 30
      vertex 52.8255 -29.5435 30
    endloop
  endfacet
  facet normal 0 -0 1
    outer loop
      vertex 52.8786 -33.1561 30
      vertex 53.2689 -29.3839 30
      vertex 52.8248 -33.1242 30
    endloop
  endfacet
  facet normal 0 0 1
    outer loop
      vertex 53.356 -29.3494 30
      vertex 53.2689 -29.3839 30
      vertex 52.8786 -33.1561 30
    endloop
  endfacet
  facet normal 0 -0 1
    outer loop
      vertex 52.9803 -33.2299 30
      vertex 53.356 -29.3494 30
      vertex 52.9305 -33.1913 30
    endloop
  endfacet
  facet normal 0 0 1
    outer loop
      vertex 53.7889 -29.1621 30
      vertex 53.356 -29.3494 30
      vertex 52.9803 -33.2299 30
    endloop
  endfacet
  facet normal 0 0 1
    outer loop
      vertex 53.7889 -29.1621 30
      vertex 52.9803 -33.2299 30
      vertex 53.0273 -33.2714 30
    endloop
  endfacet
  facet normal 0 0 1
    outer loop
      vertex 53.7889 -29.1621 30
      vertex 53.0273 -33.2714 30
      vertex 53.0718 -33.3158 30
    endloop
  endfacet
  facet normal -0 0 1
    outer loop
      vertex 53.7889 -29.1621 30
      vertex 53.0718 -33.3158 30
      vertex 53.8743 -29.1219 30
    endloop
  endfacet
  facet normal -0 0 1
    outer loop
      vertex 53.0718 -33.3158 30
      vertex 53.1132 -33.3628 30
      vertex 53.8743 -29.1219 30
    endloop
  endfacet
  facet normal 0 0 1
    outer loop
      vertex 53.1132 -33.3628 30
      vertex 54.2935 -28.9083 30
      vertex 53.8743 -29.1219 30
    endloop
  endfacet
  facet normal 0 -0 1
    outer loop
      vertex 53.1518 -33.4126 30
      vertex 54.2935 -28.9083 30
      vertex 53.1132 -33.3628 30
    endloop
  endfacet
  facet normal 0 -0 1
    outer loop
      vertex 53.1871 -33.4645 30
      vertex 54.2935 -28.9083 30
      vertex 53.1518 -33.4126 30
    endloop
  endfacet
  facet normal 0 0 1
    outer loop
      vertex 54.3764 -28.8627 30
      vertex 54.2935 -28.9083 30
      vertex 53.1871 -33.4645 30
    endloop
  endfacet
  facet normal 0 0 1
    outer loop
      vertex 54.3764 -28.8627 30
      vertex 53.1871 -33.4645 30
      vertex 53.2189 -33.5184 30
    endloop
  endfacet
  facet normal -0 0 1
    outer loop
      vertex 54.3764 -28.8627 30
      vertex 53.2189 -33.5184 30
      vertex 54.7819 -28.6229 30
    endloop
  endfacet
  facet normal -0 0 1
    outer loop
      vertex 53.2189 -33.5184 30
      vertex 53.2475 -33.5744 30
      vertex 54.7819 -28.6229 30
    endloop
  endfacet
  facet normal -0 0 1
    outer loop
      vertex 53.2475 -33.5744 30
      vertex 53.2725 -33.6321 30
      vertex 54.7819 -28.6229 30
    endloop
  endfacet
  facet normal 0 0 1
    outer loop
      vertex 53.2725 -33.6321 30
      vertex 54.8612 -28.5726 30
      vertex 54.7819 -28.6229 30
    endloop
  endfacet
  facet normal 0 -0 1
    outer loop
      vertex 53.2937 -33.6912 30
      vertex 54.8612 -28.5726 30
      vertex 53.2725 -33.6321 30
    endloop
  endfacet
  facet normal 0 0 1
    outer loop
      vertex 61.7071 -30.2929 30
      vertex 54.8612 -28.5726 30
      vertex 53.2937 -33.6912 30
    endloop
  endfacet
  facet normal 0 0 1
    outer loop
      vertex 61.7071 -30.2929 30
      vertex 53.2937 -33.6912 30
      vertex 53.3112 -33.7514 30
    endloop
  endfacet
  facet normal 0 0 1
    outer loop
      vertex 61.7071 -30.2929 30
      vertex 53.3112 -33.7514 30
      vertex 53.3249 -33.8127 30
    endloop
  endfacet
  facet normal 0 0 1
    outer loop
      vertex 61.7071 -30.2929 30
      vertex 53.3249 -33.8127 30
      vertex 53.3348 -33.8747 30
    endloop
  endfacet
  facet normal 0 0 1
    outer loop
      vertex 61.7071 -30.2929 30
      vertex 53.3348 -33.8747 30
      vertex 53.3407 -33.9372 30
    endloop
  endfacet
  facet normal 0 0 1
    outer loop
      vertex 61.7071 -30.2929 30
      vertex 53.3407 -33.9372 30
      vertex 53.3426 -34 30
    endloop
  endfacet
  facet normal 0 0 1
    outer loop
      vertex 61.7071 -30.2929 30
      vertex 53.3426 -34 30
      vertex 53.3407 -34.0629 30
    endloop
  endfacet
  facet normal 0 0 1
    outer loop
      vertex 61.7071 -30.2929 30
      vertex 53.3407 -34.0629 30
      vertex 53.3348 -34.1253 30
    endloop
  endfacet
  facet normal 0 0 1
    outer loop
      vertex 61.7071 -30.2929 30
      vertex 53.3348 -34.1253 30
      vertex 53.3249 -34.1873 30
    endloop
  endfacet
  facet normal 0 0 1
    outer loop
      vertex 61.7071 -30.2929 30
      vertex 53.3249 -34.1873 30
      vertex 53.3112 -34.2486 30
    endloop
  endfacet
  facet normal 0 0 1
    outer loop
      vertex 61.7071 -30.2929 30
      vertex 53.3112 -34.2486 30
      vertex 53.2937 -34.3088 30
    endloop
  endfacet
  facet normal 0 0 1
    outer loop
      vertex 61.7071 -30.2929 30
      vertex 53.2937 -34.3088 30
      vertex 53.2725 -34.3679 30
    endloop
  endfacet
  facet normal 0 0 1
    outer loop
      vertex 61.7071 -30.2929 30
      vertex 53.2725 -34.3679 30
      vertex 53.2475 -34.4256 30
    endloop
  endfacet
  facet normal 0 0 1
    outer loop
      vertex 61.7071 -30.2929 30
      vertex 53.2475 -34.4256 30
      vertex 53.2189 -34.4816 30
    endloop
  endfacet
  facet normal 0 0 1
    outer loop
      vertex 61.7071 -30.2929 30
      vertex 53.2189 -34.4816 30
      vertex 53.1871 -34.5355 30
    endloop
  endfacet
  facet normal 0 0 1
    outer loop
      vertex 61.7071 -30.2929 30
      vertex 53.1871 -34.5355 30
      vertex 53.1518 -34.5874 30
    endloop
  endfacet
  facet normal 0 0 1
    outer loop
      vertex 61.7071 -30.2929 30
      vertex 53.1132 -34.6372 30
      vertex 53.0665 -34.6902 30
    endloop
  endfacet
  facet normal 0 0 1
    outer loop
      vertex 61.7071 -30.2929 30
      vertex 53.1518 -34.5874 30
      vertex 53.1132 -34.6372 30
    endloop
  endfacet
  facet normal 0 0 1
    outer loop
      vertex 53.0449 -34.7125 30
      vertex 61.7071 -30.2929 30
      vertex 53.0665 -34.6902 30
    endloop
  endfacet
  facet normal 0 0 1
    outer loop
      vertex 41.7182 -46.0392 30
      vertex 61.7071 -30.2929 30
      vertex 53.0449 -34.7125 30
    endloop
  endfacet
  facet normal 0 0 1
    outer loop
      vertex 37.2983 -54.7017 30
      vertex 61.7071 -30.2929 30
      vertex 41.7182 -46.0392 30
    endloop
  endfacet
  facet normal 0 0 1
    outer loop
      vertex 37.2983 -54.7017 30
      vertex 41.7182 -46.0392 30
      vertex 41.661 -46.0929 30
    endloop
  endfacet
  facet normal 0 0 1
    outer loop
      vertex 37.2983 -54.7017 30
      vertex 41.661 -46.0929 30
      vertex 41.6127 -46.1328 30
    endloop
  endfacet
  facet normal 0 0 1
    outer loop
      vertex 37.2983 -54.7017 30
      vertex 41.6127 -46.1328 30
      vertex 41.5617 -46.1699 30
    endloop
  endfacet
  facet normal 0 0 1
    outer loop
      vertex 37.2983 -54.7017 30
      vertex 41.5617 -46.1699 30
      vertex 41.5089 -46.2034 30
    endloop
  endfacet
  facet normal 0 0 1
    outer loop
      vertex 37.2983 -54.7017 30
      vertex 41.5089 -46.2034 30
      vertex 41.4538 -46.2337 30
    endloop
  endfacet
  facet normal 0 0 1
    outer loop
      vertex 37.2983 -54.7017 30
      vertex 41.4538 -46.2337 30
      vertex 41.3968 -46.2605 30
    endloop
  endfacet
  facet normal 0 0 1
    outer loop
      vertex 37.2983 -54.7017 30
      vertex 41.3968 -46.2605 30
      vertex 41.3386 -46.2835 30
    endloop
  endfacet
  facet normal 0 0 1
    outer loop
      vertex 37.2983 -54.7017 30
      vertex 41.3386 -46.2835 30
      vertex 41.279 -46.3029 30
    endloop
  endfacet
  facet normal 0 0 1
    outer loop
      vertex 37.2983 -54.7017 30
      vertex 41.279 -46.3029 30
      vertex 41.218 -46.3186 30
    endloop
  endfacet
  facet normal 0 0 1
    outer loop
      vertex 37.2983 -54.7017 30
      vertex 41.218 -46.3186 30
      vertex 41.1563 -46.3304 30
    endloop
  endfacet
  facet normal 0 0 1
    outer loop
      vertex 37.2983 -54.7017 30
      vertex 41.0942 -46.3382 30
      vertex 41.0313 -46.3421 30
    endloop
  endfacet
  facet normal 0 0 1
    outer loop
      vertex 37.2983 -54.7017 30
      vertex 41.1563 -46.3304 30
      vertex 41.0942 -46.3382 30
    endloop
  endfacet
  facet normal 0 0 1
    outer loop
      vertex -18.5611 -33.0246 30
      vertex -18.7362 -29.5726 30
      vertex -18.6221 -33.0402 30
    endloop
  endfacet
  facet normal 0 0 1
    outer loop
      vertex -7.12529 -46.3348 30
      vertex -3.30396 -54.696 30
      vertex -7.06285 -46.3407 30
    endloop
  endfacet
  facet normal 0 0 1
    outer loop
      vertex -7.1873 -46.3249 30
      vertex -3.30396 -54.696 30
      vertex -7.12529 -46.3348 30
    endloop
  endfacet
  facet normal 0 0 1
    outer loop
      vertex -7.24857 -46.3112 30
      vertex -3.30396 -54.696 30
      vertex -7.1873 -46.3249 30
    endloop
  endfacet
  facet normal 0 0 1
    outer loop
      vertex -7.30884 -46.2937 30
      vertex -3.30396 -54.696 30
      vertex -7.24857 -46.3112 30
    endloop
  endfacet
  facet normal 0 0 1
    outer loop
      vertex -7.36787 -46.2725 30
      vertex -3.30396 -54.696 30
      vertex -7.30884 -46.2937 30
    endloop
  endfacet
  facet normal 0 0 1
    outer loop
      vertex -7.42558 -46.2475 30
      vertex -3.30396 -54.696 30
      vertex -7.36787 -46.2725 30
    endloop
  endfacet
  facet normal 0 0 1
    outer loop
      vertex -7.48161 -46.2189 30
      vertex -3.30396 -54.696 30
      vertex -7.42558 -46.2475 30
    endloop
  endfacet
  facet normal 0 0 1
    outer loop
      vertex -7.53551 -46.1871 30
      vertex -3.30396 -54.696 30
      vertex -7.48161 -46.2189 30
    endloop
  endfacet
  facet normal 0 0 1
    outer loop
      vertex -7.5874 -46.1518 30
      vertex -3.30396 -54.696 30
      vertex -7.53551 -46.1871 30
    endloop
  endfacet
  facet normal 0 0 1
    outer loop
      vertex -7.63721 -46.1132 30
      vertex -3.30396 -54.696 30
      vertex -7.5874 -46.1518 30
    endloop
  endfacet
  facet normal 0 0 1
    outer loop
      vertex -7.69016 -46.0665 30
      vertex -3.30396 -54.696 30
      vertex -7.63721 -46.1132 30
    endloop
  endfacet
  facet normal 0 0 1
    outer loop
      vertex -7.71248 -46.0449 30
      vertex -19.0392 -34.7182 30
      vertex -3.30396 -54.696 30
    endloop
  endfacet
  facet normal 0 0 1
    outer loop
      vertex -19.0392 -34.7182 30
      vertex -27.7071 -30.2929 30
      vertex -3.30396 -54.696 30
    endloop
  endfacet
  facet normal 0 0 1
    outer loop
      vertex -19.1699 -33.4383 30
      vertex -20.2935 -28.9083 30
      vertex -20.3764 -28.8627 30
    endloop
  endfacet
  facet normal 0 0 1
    outer loop
      vertex -19.1328 -34.6127 30
      vertex -27.7071 -30.2929 30
      vertex -19.0929 -34.661 30
    endloop
  endfacet
  facet normal 0 0 1
    outer loop
      vertex -19.1699 -34.5617 30
      vertex -27.7071 -30.2929 30
      vertex -19.1328 -34.6127 30
    endloop
  endfacet
  facet normal 0 0 1
    outer loop
      vertex -19.2034 -34.5089 30
      vertex -27.7071 -30.2929 30
      vertex -19.1699 -34.5617 30
    endloop
  endfacet
  facet normal 0 0 1
    outer loop
      vertex -19.2337 -34.4538 30
      vertex -27.7071 -30.2929 30
      vertex -19.2034 -34.5089 30
    endloop
  endfacet
  facet normal 0 0 1
    outer loop
      vertex -19.2605 -34.3968 30
      vertex -27.7071 -30.2929 30
      vertex -19.2337 -34.4538 30
    endloop
  endfacet
  facet normal 0 0 1
    outer loop
      vertex -19.2835 -34.3386 30
      vertex -27.7071 -30.2929 30
      vertex -19.2605 -34.3968 30
    endloop
  endfacet
  facet normal 0 0 1
    outer loop
      vertex -19.3029 -34.279 30
      vertex -27.7071 -30.2929 30
      vertex -19.2835 -34.3386 30
    endloop
  endfacet
  facet normal 0 0 1
    outer loop
      vertex -19.3186 -34.218 30
      vertex -27.7071 -30.2929 30
      vertex -19.3029 -34.279 30
    endloop
  endfacet
  facet normal 0 0 1
    outer loop
      vertex -19.3382 -34.0942 30
      vertex -27.7071 -30.2929 30
      vertex -19.3304 -34.1563 30
    endloop
  endfacet
  facet normal 0 -0 1
    outer loop
      vertex -19.3421 -34.0313 30
      vertex -19.3421 -33.9687 30
      vertex -27.7071 -30.2929 30
    endloop
  endfacet
  facet normal 0 -0 1
    outer loop
      vertex -19.3304 -33.8437 30
      vertex -19.3186 -33.782 30
      vertex -27.7071 -30.2929 30
    endloop
  endfacet
  facet normal 0 -0 1
    outer loop
      vertex -19.3029 -33.721 30
      vertex -19.2835 -33.6614 30
      vertex -27.7071 -30.2929 30
    endloop
  endfacet
  facet normal 0 0 1
    outer loop
      vertex -20.7819 -28.6229 30
      vertex -20.8612 -28.5726 30
      vertex -19.2605 -33.6032 30
    endloop
  endfacet
  facet normal 0 0 1
    outer loop
      vertex -20.7819 -28.6229 30
      vertex -19.2337 -33.5462 30
      vertex -20.3764 -28.8627 30
    endloop
  endfacet
  facet normal 0 0 1
    outer loop
      vertex -20.7819 -28.6229 30
      vertex -19.2605 -33.6032 30
      vertex -19.2337 -33.5462 30
    endloop
  endfacet
  facet normal 0 -0 1
    outer loop
      vertex -19.2337 -33.5462 30
      vertex -19.2034 -33.4911 30
      vertex -20.3764 -28.8627 30
    endloop
  endfacet
  facet normal 0 0 1
    outer loop
      vertex -19.1328 -33.3873 30
      vertex -20.2935 -28.9083 30
      vertex -19.1699 -33.4383 30
    endloop
  endfacet
  facet normal 0 0 1
    outer loop
      vertex -19.8743 -29.1219 30
      vertex -19.1328 -33.3873 30
      vertex -19.0929 -33.339 30
    endloop
  endfacet
  facet normal 0 0 1
    outer loop
      vertex -19.8743 -29.1219 30
      vertex -20.2935 -28.9083 30
      vertex -19.1328 -33.3873 30
    endloop
  endfacet
  facet normal 0 0 1
    outer loop
      vertex -19.0499 -33.2932 30
      vertex -19.8743 -29.1219 30
      vertex -19.0929 -33.339 30
    endloop
  endfacet
  facet normal 0 0 1
    outer loop
      vertex -19.7889 -29.1621 30
      vertex -19.0499 -33.2932 30
      vertex -19.0041 -33.2502 30
    endloop
  endfacet
  facet normal 0 0 1
    outer loop
      vertex -19.7889 -29.1621 30
      vertex -19.8743 -29.1219 30
      vertex -19.0499 -33.2932 30
    endloop
  endfacet
  facet normal 0 0 1
    outer loop
      vertex -19.356 -29.3494 30
      vertex -19.0041 -33.2502 30
      vertex -18.9559 -33.2103 30
    endloop
  endfacet
  facet normal 0 0 1
    outer loop
      vertex -19.356 -29.3494 30
      vertex -18.9559 -33.2103 30
      vertex -18.9048 -33.1733 30
    endloop
  endfacet
  facet normal 0 0 1
    outer loop
      vertex -18.7969 -33.1094 30
      vertex -19.2689 -29.3839 30
      vertex -18.852 -33.1397 30
    endloop
  endfacet
  facet normal 0 0 1
    outer loop
      vertex -18.8255 -29.5435 30
      vertex -19.2689 -29.3839 30
      vertex -18.7969 -33.1094 30
    endloop
  endfacet
  facet normal 0 0 1
    outer loop
      vertex -18.6818 -33.0596 30
      vertex -18.7362 -29.5726 30
      vertex -18.8255 -29.5435 30
    endloop
  endfacet
  facet normal 0 0 1
    outer loop
      vertex -18.2831 -29.7042 30
      vertex -18.7362 -29.5726 30
      vertex -18.5611 -33.0246 30
    endloop
  endfacet
  facet normal 0 0 1
    outer loop
      vertex -18.2831 -29.7042 30
      vertex -18.5611 -33.0246 30
      vertex -18.4994 -33.0128 30
    endloop
  endfacet
  facet normal 0 0 1
    outer loop
      vertex -18.2831 -29.7042 30
      vertex -18.4994 -33.0128 30
      vertex -18.4373 -33.0049 30
    endloop
  endfacet
  facet normal 0 0 1
    outer loop
      vertex -18.2831 -29.7042 30
      vertex -18.4373 -33.0049 30
      vertex -18.1926 -29.7274 30
    endloop
  endfacet
  facet normal 0 0 1
    outer loop
      vertex -18.4373 -33.0049 30
      vertex -18.3666 -33.0005 30
      vertex -18.1926 -29.7274 30
    endloop
  endfacet
  facet normal 0 0 1
    outer loop
      vertex -18.3666 -33.0005 30
      vertex -18.3351 -33 30
      vertex -18.1926 -29.7274 30
    endloop
  endfacet
  facet normal 0 0 1
    outer loop
      vertex -18.3351 -33 30
      vertex -17.7321 -29.8304 30
      vertex -18.1926 -29.7274 30
    endloop
  endfacet
  facet normal 0 0 1
    outer loop
      vertex -17.6398 -29.848 30
      vertex -17.7321 -29.8304 30
      vertex -18.3351 -33 30
    endloop
  endfacet
  facet normal 0 0 1
    outer loop
      vertex -17.6398 -29.848 30
      vertex -18.3351 -33 30
      vertex -17.1743 -29.9217 30
    endloop
  endfacet
  facet normal 0 0 1
    outer loop
      vertex -18.3351 -33 30
      vertex -17.0811 -29.9335 30
      vertex -17.1743 -29.9217 30
    endloop
  endfacet
  facet normal 0 0 1
    outer loop
      vertex -16.6124 -29.9778 30
      vertex -17.0811 -29.9335 30
      vertex -18.3351 -33 30
    endloop
  endfacet
  facet normal 0 0 1
    outer loop
      vertex -16.6124 -29.9778 30
      vertex -18.3351 -33 30
      vertex -16.5181 -29.9837 30
    endloop
  endfacet
  facet normal 0 0 1
    outer loop
      vertex -18.3351 -33 30
      vertex -16.0232 -29.9993 30
      vertex -16.5181 -29.9837 30
    endloop
  endfacet
  facet normal 0 0 1
    outer loop
      vertex -15.9761 -30 30
      vertex -16.0232 -29.9993 30
      vertex -18.3351 -33 30
    endloop
  endfacet
  facet normal -0 0 1
    outer loop
      vertex -15.9761 -30 30
      vertex -7.01593 -33 30
      vertex -4.01593 -30 30
    endloop
  endfacet
  facet normal 0 0 1
    outer loop
      vertex -15.9761 -30 30
      vertex -18.3351 -33 30
      vertex -7.01593 -33 30
    endloop
  endfacet
  facet normal -0 0 1
    outer loop
      vertex -6.51839 -33.1242 30
      vertex -6.46449 -33.1561 30
      vertex -4.01593 -30 30
    endloop
  endfacet
  facet normal 0 0 1
    outer loop
      vertex -4.01593 -30 30
      vertex -6.4126 -33.1913 30
      vertex -6.36279 -33.2299 30
    endloop
  endfacet
  facet normal 0 0 1
    outer loop
      vertex -4.01593 -30 30
      vertex -6.36279 -33.2299 30
      vertex -6.31583 -33.2714 30
    endloop
  endfacet
  facet normal 0 0 1
    outer loop
      vertex -4.01593 -30 30
      vertex -6.31583 -33.2714 30
      vertex -6.27136 -33.3158 30
    endloop
  endfacet
  facet normal 0 0 1
    outer loop
      vertex -4.01593 -30 30
      vertex -6.27136 -33.3158 30
      vertex -6.22995 -33.3628 30
    endloop
  endfacet
  facet normal 0 0 1
    outer loop
      vertex -4.01593 -30 30
      vertex -6.22995 -33.3628 30
      vertex -6.19133 -33.4126 30
    endloop
  endfacet
  facet normal 0 -0 1
    outer loop
      vertex -6.12419 -33.5184 30
      vertex -4.01593 -30 30
      vertex -6.15605 -33.4645 30
    endloop
  endfacet
  facet normal 0 -0 1
    outer loop
      vertex -6.09564 -33.5744 30
      vertex -4.01593 -30 30
      vertex -6.12419 -33.5184 30
    endloop
  endfacet
  facet normal 0 0 1
    outer loop
      vertex -3.93715 -29.9975 30
      vertex -4.01593 -30 30
      vertex -6.09564 -33.5744 30
    endloop
  endfacet
  facet normal 0 0 1
    outer loop
      vertex -3.93715 -29.9975 30
      vertex -6.09564 -33.5744 30
      vertex -6.07066 -33.6321 30
    endloop
  endfacet
  facet normal 0 0 1
    outer loop
      vertex -3.87471 -29.9916 30
      vertex -6.07066 -33.6321 30
      vertex -6.04941 -33.6912 30
    endloop
  endfacet
  facet normal -0 0 1
    outer loop
      vertex -3.87471 -29.9916 30
      vertex -6.04941 -33.6912 30
      vertex -3.8127 -29.9818 30
    endloop
  endfacet
  facet normal -0 0 1
    outer loop
      vertex -6.04941 -33.6912 30
      vertex -6.03189 -33.7514 30
      vertex -3.8127 -29.9818 30
    endloop
  endfacet
  facet normal 0 0 1
    outer loop
      vertex -6.03189 -33.7514 30
      vertex -3.75143 -29.9681 30
      vertex -3.8127 -29.9818 30
    endloop
  endfacet
  facet normal 0 0 1
    outer loop
      vertex -6.0182 -33.8127 30
      vertex -3.69116 -29.9506 30
      vertex -3.75143 -29.9681 30
    endloop
  endfacet
  facet normal 0 -0 1
    outer loop
      vertex -6.00838 -33.8747 30
      vertex -3.69116 -29.9506 30
      vertex -6.0182 -33.8127 30
    endloop
  endfacet
  facet normal 0 0 1
    outer loop
      vertex -3.63213 -29.9293 30
      vertex -3.69116 -29.9506 30
      vertex -6.00838 -33.8747 30
    endloop
  endfacet
  facet normal 0 0 1
    outer loop
      vertex -3.63213 -29.9293 30
      vertex -6.00838 -33.8747 30
      vertex -6.00247 -33.9372 30
    endloop
  endfacet
  facet normal 0 0 1
    outer loop
      vertex -3.57442 -29.9044 30
      vertex -6.00247 -33.9372 30
      vertex -6 -34.0159 30
    endloop
  endfacet
  facet normal -0 0 1
    outer loop
      vertex -3.57442 -29.9044 30
      vertex -6 -34.0159 30
      vertex -3.51839 -29.8758 30
    endloop
  endfacet
  facet normal 0 0 1
    outer loop
      vertex -6 -34.0159 30
      vertex -3.46449 -29.8439 30
      vertex -3.51839 -29.8758 30
    endloop
  endfacet
  facet normal 0 0 1
    outer loop
      vertex -3.4126 -29.8087 30
      vertex -3.46449 -29.8439 30
      vertex -6 -34.0159 30
    endloop
  endfacet
  facet normal -0 0 1
    outer loop
      vertex -3.4126 -29.8087 30
      vertex -6 -34.0159 30
      vertex -3.36279 -29.7701 30
    endloop
  endfacet
  facet normal 0 0 1
    outer loop
      vertex -6 -34.0159 30
      vertex -3.27136 -29.6842 30
      vertex -3.31583 -29.7286 30
    endloop
  endfacet
  facet normal 0 0 1
    outer loop
      vertex -6 -45.3273 30
      vertex -3.27136 -29.6842 30
      vertex -6 -34.0159 30
    endloop
  endfacet
  facet normal -0 0 1
    outer loop
      vertex -6.00249 -45.406 30
      vertex -3.17326 -54.8525 30
      vertex -6 -45.3273 30
    endloop
  endfacet
  facet normal 0 0 1
    outer loop
      vertex -6.00838 -45.4684 30
      vertex -3.25023 -54.7533 30
      vertex -3.21034 -54.8015 30
    endloop
  endfacet
  facet normal -0 0 1
    outer loop
      vertex -6.0182 -45.5304 30
      vertex -3.25023 -54.7533 30
      vertex -6.00838 -45.4684 30
    endloop
  endfacet
  facet normal -0 -0 1
    outer loop
      vertex -3.30396 -54.696 30
      vertex -3.25023 -54.7533 30
      vertex -6.0182 -45.5304 30
    endloop
  endfacet
  facet normal 0 0 1
    outer loop
      vertex -3.30396 -54.696 30
      vertex -6.0182 -45.5304 30
      vertex -6.03189 -45.5917 30
    endloop
  endfacet
  facet normal 0 0 1
    outer loop
      vertex -3.30396 -54.696 30
      vertex -6.03189 -45.5917 30
      vertex -6.04941 -45.652 30
    endloop
  endfacet
  facet normal 0 0 1
    outer loop
      vertex -3.30396 -54.696 30
      vertex -6.04941 -45.652 30
      vertex -6.07066 -45.711 30
    endloop
  endfacet
  facet normal 0 0 1
    outer loop
      vertex -3.30396 -54.696 30
      vertex -6.07066 -45.711 30
      vertex -6.09564 -45.7687 30
    endloop
  endfacet
  facet normal 0 0 1
    outer loop
      vertex -3.30396 -54.696 30
      vertex -6.09564 -45.7687 30
      vertex -6.12419 -45.8248 30
    endloop
  endfacet
  facet normal 0 0 1
    outer loop
      vertex -3.30396 -54.696 30
      vertex -6.12419 -45.8248 30
      vertex -6.15605 -45.8786 30
    endloop
  endfacet
  facet normal 0 0 1
    outer loop
      vertex -3.30396 -54.696 30
      vertex -6.15605 -45.8786 30
      vertex -6.19133 -45.9305 30
    endloop
  endfacet
  facet normal 0 0 1
    outer loop
      vertex -3.30396 -54.696 30
      vertex -6.19133 -45.9305 30
      vertex -6.22995 -45.9803 30
    endloop
  endfacet
  facet normal 0 0 1
    outer loop
      vertex -3.30396 -54.696 30
      vertex -6.22995 -45.9803 30
      vertex -6.27136 -46.0273 30
    endloop
  endfacet
  facet normal 0 0 1
    outer loop
      vertex -3.30396 -54.696 30
      vertex -6.27136 -46.0273 30
      vertex -6.31583 -46.0718 30
    endloop
  endfacet
  facet normal 0 0 1
    outer loop
      vertex -3.30396 -54.696 30
      vertex -6.31583 -46.0718 30
      vertex -6.36279 -46.1132 30
    endloop
  endfacet
  facet normal 0 0 1
    outer loop
      vertex -3.30396 -54.696 30
      vertex -6.36279 -46.1132 30
      vertex -6.4126 -46.1518 30
    endloop
  endfacet
  facet normal 0 0 1
    outer loop
      vertex -3.30396 -54.696 30
      vertex -6.4126 -46.1518 30
      vertex -6.46449 -46.1871 30
    endloop
  endfacet
  facet normal 0 0 1
    outer loop
      vertex -3.30396 -54.696 30
      vertex -6.46449 -46.1871 30
      vertex -6.51839 -46.2189 30
    endloop
  endfacet
  facet normal 0 0 1
    outer loop
      vertex -3.30396 -54.696 30
      vertex -6.51839 -46.2189 30
      vertex -6.57442 -46.2475 30
    endloop
  endfacet
  facet normal 0 0 1
    outer loop
      vertex -3.30396 -54.696 30
      vertex -6.57442 -46.2475 30
      vertex -6.63213 -46.2725 30
    endloop
  endfacet
  facet normal 0 0 1
    outer loop
      vertex -3.30396 -54.696 30
      vertex -6.63213 -46.2725 30
      vertex -6.69116 -46.2937 30
    endloop
  endfacet
  facet normal 0 0 1
    outer loop
      vertex -3.30396 -54.696 30
      vertex -6.69116 -46.2937 30
      vertex -6.75143 -46.3112 30
    endloop
  endfacet
  facet normal 0 0 1
    outer loop
      vertex -3.30396 -54.696 30
      vertex -6.75143 -46.3112 30
      vertex -6.8127 -46.3249 30
    endloop
  endfacet
  facet normal 0 0 1
    outer loop
      vertex -3.30396 -54.696 30
      vertex -6.8127 -46.3249 30
      vertex -6.87471 -46.3348 30
    endloop
  endfacet
  facet normal 0 0 1
    outer loop
      vertex -3.30396 -54.696 30
      vertex -6.93715 -46.3407 30
      vertex -7 -46.3426 30
    endloop
  endfacet
  facet normal 0 0 1
    outer loop
      vertex -3.30396 -54.696 30
      vertex -6.87471 -46.3348 30
      vertex -6.93715 -46.3407 30
    endloop
  endfacet
  facet normal 0 0 1
    outer loop
      vertex 37.6321 -69.9293 30
      vertex 40.0025 -73.9372 30
      vertex 40.0084 -73.8747 30
    endloop
  endfacet
  facet normal 0 0 1
    outer loop
      vertex 40.9058 -86.3382 30
      vertex 37.2929 -94.7071 30
      vertex 40.9687 -86.3421 30
    endloop
  endfacet
  facet normal 0 0 1
    outer loop
      vertex 40.8437 -86.3304 30
      vertex 37.2929 -94.7071 30
      vertex 40.9058 -86.3382 30
    endloop
  endfacet
  facet normal 0 0 1
    outer loop
      vertex 40.782 -86.3186 30
      vertex 37.2929 -94.7071 30
      vertex 40.8437 -86.3304 30
    endloop
  endfacet
  facet normal 0 0 1
    outer loop
      vertex 40.721 -86.3029 30
      vertex 37.2929 -94.7071 30
      vertex 40.782 -86.3186 30
    endloop
  endfacet
  facet normal 0 0 1
    outer loop
      vertex 40.6614 -86.2835 30
      vertex 37.2929 -94.7071 30
      vertex 40.721 -86.3029 30
    endloop
  endfacet
  facet normal 0 0 1
    outer loop
      vertex 34 -94 30
      vertex 40 -85.3351 30
      vertex 37.1913 -69.5874 30
    endloop
  endfacet
  facet normal 0 0 1
    outer loop
      vertex 40.6032 -86.2605 30
      vertex 37.2929 -94.7071 30
      vertex 40.6614 -86.2835 30
    endloop
  endfacet
  facet normal 0 0 1
    outer loop
      vertex 40.5462 -86.2337 30
      vertex 37.2929 -94.7071 30
      vertex 40.6032 -86.2605 30
    endloop
  endfacet
  facet normal 0 0 1
    outer loop
      vertex 40.4911 -86.2034 30
      vertex 37.2929 -94.7071 30
      vertex 40.5462 -86.2337 30
    endloop
  endfacet
  facet normal 0 0 1
    outer loop
      vertex 40.4383 -86.1699 30
      vertex 37.2929 -94.7071 30
      vertex 40.4911 -86.2034 30
    endloop
  endfacet
  facet normal 0 0 1
    outer loop
      vertex 40.3873 -86.1328 30
      vertex 37.2929 -94.7071 30
      vertex 40.4383 -86.1699 30
    endloop
  endfacet
  facet normal 0 0 1
    outer loop
      vertex 40.339 -86.0929 30
      vertex 37.2929 -94.7071 30
      vertex 40.3873 -86.1328 30
    endloop
  endfacet
  facet normal 0 0 1
    outer loop
      vertex 40.2932 -86.0499 30
      vertex 37.2929 -94.7071 30
      vertex 40.339 -86.0929 30
    endloop
  endfacet
  facet normal 0 0 1
    outer loop
      vertex 40.0005 -85.3666 30
      vertex 40 -85.3351 30
      vertex 34 -94 30
    endloop
  endfacet
  facet normal -0 0 1
    outer loop
      vertex 34 -94 30
      vertex 37.2929 -94.7071 30
      vertex 40.2932 -86.0499 30
    endloop
  endfacet
  facet normal 0 0 1
    outer loop
      vertex 34 -94 30
      vertex 40.2932 -86.0499 30
      vertex 40.2502 -86.0041 30
    endloop
  endfacet
  facet normal 0 0 1
    outer loop
      vertex 34 -94 30
      vertex 40.2502 -86.0041 30
      vertex 40.2103 -85.9559 30
    endloop
  endfacet
  facet normal 0 0 1
    outer loop
      vertex 34 -94 30
      vertex 40.2103 -85.9559 30
      vertex 40.1733 -85.9048 30
    endloop
  endfacet
  facet normal 0 0 1
    outer loop
      vertex 34 -94 30
      vertex 40.1733 -85.9048 30
      vertex 40.1397 -85.852 30
    endloop
  endfacet
  facet normal 0 0 1
    outer loop
      vertex 34 -94 30
      vertex 40.1397 -85.852 30
      vertex 40.1094 -85.7969 30
    endloop
  endfacet
  facet normal 0 0 1
    outer loop
      vertex 34 -94 30
      vertex 40.1094 -85.7969 30
      vertex 40.0826 -85.74 30
    endloop
  endfacet
  facet normal 0 0 1
    outer loop
      vertex 34 -94 30
      vertex 40.0826 -85.74 30
      vertex 40.0596 -85.6818 30
    endloop
  endfacet
  facet normal 0 0 1
    outer loop
      vertex 34 -94 30
      vertex 40.0596 -85.6818 30
      vertex 40.0402 -85.6221 30
    endloop
  endfacet
  facet normal 0 0 1
    outer loop
      vertex 34 -94 30
      vertex 40.0402 -85.6221 30
      vertex 40.0246 -85.5611 30
    endloop
  endfacet
  facet normal 0 0 1
    outer loop
      vertex 40.0005 -85.3666 30
      vertex 34 -94 30
      vertex 40.0049 -85.4373 30
    endloop
  endfacet
  facet normal 0 0 1
    outer loop
      vertex 34 -94 30
      vertex 40.0246 -85.5611 30
      vertex 40.0128 -85.4994 30
    endloop
  endfacet
  facet normal 0 0 1
    outer loop
      vertex 37.6321 -69.9293 30
      vertex 40.0084 -73.8747 30
      vertex 37.6912 -69.9506 30
    endloop
  endfacet
  facet normal 0 -0 1
    outer loop
      vertex 40.0084 -73.8747 30
      vertex 40.0182 -73.8127 30
      vertex 37.6912 -69.9506 30
    endloop
  endfacet
  facet normal 0 0 1
    outer loop
      vertex 40.0182 -73.8127 30
      vertex 37.7514 -69.9681 30
      vertex 37.6912 -69.9506 30
    endloop
  endfacet
  facet normal 0 0 1
    outer loop
      vertex 40.0319 -73.7514 30
      vertex 37.7514 -69.9681 30
      vertex 40.0182 -73.8127 30
    endloop
  endfacet
  facet normal 0 0 1
    outer loop
      vertex 37.8127 -69.9818 30
      vertex 37.7514 -69.9681 30
      vertex 40.0319 -73.7514 30
    endloop
  endfacet
  facet normal 0 0 1
    outer loop
      vertex 37.8127 -69.9818 30
      vertex 40.0319 -73.7514 30
      vertex 40.0494 -73.6912 30
    endloop
  endfacet
  facet normal 0 0 1
    outer loop
      vertex 37.8127 -69.9818 30
      vertex 40.0494 -73.6912 30
      vertex 37.8747 -69.9916 30
    endloop
  endfacet
  facet normal 0 -0 1
    outer loop
      vertex 40.0494 -73.6912 30
      vertex 40.0707 -73.6321 30
      vertex 37.8747 -69.9916 30
    endloop
  endfacet
  facet normal 0 0 1
    outer loop
      vertex 40.0707 -73.6321 30
      vertex 37.9371 -69.9975 30
      vertex 37.8747 -69.9916 30
    endloop
  endfacet
  facet normal 0 0 1
    outer loop
      vertex 40.0956 -73.5744 30
      vertex 37.9371 -69.9975 30
      vertex 40.0707 -73.6321 30
    endloop
  endfacet
  facet normal 0 0 1
    outer loop
      vertex 38.0159 -70 30
      vertex 37.9371 -69.9975 30
      vertex 40.0956 -73.5744 30
    endloop
  endfacet
  facet normal 0 0 1
    outer loop
      vertex 38.0159 -70 30
      vertex 40.0956 -73.5744 30
      vertex 40.1242 -73.5184 30
    endloop
  endfacet
  facet normal 0 0 1
    outer loop
      vertex 38.0159 -70 30
      vertex 40.1242 -73.5184 30
      vertex 40.1561 -73.4645 30
    endloop
  endfacet
  facet normal 0 0 1
    outer loop
      vertex 38.0159 -70 30
      vertex 40.1561 -73.4645 30
      vertex 40.1913 -73.4126 30
    endloop
  endfacet
  facet normal 0 0 1
    outer loop
      vertex 38.0159 -70 30
      vertex 40.1913 -73.4126 30
      vertex 40.2299 -73.3628 30
    endloop
  endfacet
  facet normal 0 0 1
    outer loop
      vertex 38.0159 -70 30
      vertex 40.2299 -73.3628 30
      vertex 40.2714 -73.3158 30
    endloop
  endfacet
  facet normal 0 0 1
    outer loop
      vertex 38.0159 -70 30
      vertex 40.2714 -73.3158 30
      vertex 40.3158 -73.2714 30
    endloop
  endfacet
  facet normal 0 0 1
    outer loop
      vertex 38.0159 -70 30
      vertex 40.3158 -73.2714 30
      vertex 40.3628 -73.2299 30
    endloop
  endfacet
  facet normal 0 0 1
    outer loop
      vertex 38.0159 -70 30
      vertex 40.3628 -73.2299 30
      vertex 40.4126 -73.1913 30
    endloop
  endfacet
  facet normal 0 0 1
    outer loop
      vertex 38.0159 -70 30
      vertex 40.4126 -73.1913 30
      vertex 40.4645 -73.1561 30
    endloop
  endfacet
  facet normal 0 0 1
    outer loop
      vertex 38.0159 -70 30
      vertex 40.4645 -73.1561 30
      vertex 40.5184 -73.1242 30
    endloop
  endfacet
  facet normal 0 0 1
    outer loop
      vertex 38.0159 -70 30
      vertex 40.5184 -73.1242 30
      vertex 40.5744 -73.0956 30
    endloop
  endfacet
  facet normal 0 0 1
    outer loop
      vertex 38.0159 -70 30
      vertex 40.5744 -73.0956 30
      vertex 40.6321 -73.0707 30
    endloop
  endfacet
  facet normal 0 0 1
    outer loop
      vertex 38.0159 -70 30
      vertex 40.6912 -73.0494 30
      vertex 40.7514 -73.0319 30
    endloop
  endfacet
  facet normal 0 0 1
    outer loop
      vertex 38.0159 -70 30
      vertex 40.6321 -73.0707 30
      vertex 40.6912 -73.0494 30
    endloop
  endfacet
  facet normal 0 0 1
    outer loop
      vertex 38.0159 -70 30
      vertex 40.7514 -73.0319 30
      vertex 40.8127 -73.0182 30
    endloop
  endfacet
  facet normal 0 0 1
    outer loop
      vertex 38.0159 -70 30
      vertex 40.8127 -73.0182 30
      vertex 40.8747 -73.0084 30
    endloop
  endfacet
  facet normal 0 0 1
    outer loop
      vertex 38.0159 -70 30
      vertex 40.8747 -73.0084 30
      vertex 40.9371 -73.0025 30
    endloop
  endfacet
  facet normal 0 0 1
    outer loop
      vertex 38.0159 -70 30
      vertex 40.9371 -73.0025 30
      vertex 41.0159 -73 30
    endloop
  endfacet
  facet normal -0 0 1
    outer loop
      vertex 38.0159 -70 30
      vertex 41.0159 -73 30
      vertex 49.9761 -70 30
    endloop
  endfacet
  facet normal 0 -0 1
    outer loop
      vertex 52.8248 -73.1242 30
      vertex 52.8255 -69.5435 30
      vertex 52.7687 -73.0956 30
    endloop
  endfacet
  facet normal 0 0 1
    outer loop
      vertex 52.406 -73.0025 30
      vertex 52.1926 -69.7274 30
      vertex 52.3272 -73 30
    endloop
  endfacet
  facet normal 0 0 1
    outer loop
      vertex 53.2689 -69.3839 30
      vertex 52.8255 -69.5435 30
      vertex 52.8248 -73.1242 30
    endloop
  endfacet
  facet normal 0 0 1
    outer loop
      vertex 53.2689 -69.3839 30
      vertex 52.8248 -73.1242 30
      vertex 52.8786 -73.1561 30
    endloop
  endfacet
  facet normal -0 0 1
    outer loop
      vertex 53.2689 -69.3839 30
      vertex 52.8786 -73.1561 30
      vertex 53.356 -69.3494 30
    endloop
  endfacet
  facet normal 0 0 1
    outer loop
      vertex 53.356 -69.3494 30
      vertex 52.9305 -73.1913 30
      vertex 52.9803 -73.2299 30
    endloop
  endfacet
  facet normal -0 0 1
    outer loop
      vertex 53.356 -69.3494 30
      vertex 52.9803 -73.2299 30
      vertex 53.7889 -69.1621 30
    endloop
  endfacet
  facet normal -0 0 1
    outer loop
      vertex 52.9803 -73.2299 30
      vertex 53.0273 -73.2714 30
      vertex 53.7889 -69.1621 30
    endloop
  endfacet
  facet normal -0 0 1
    outer loop
      vertex 53.0273 -73.2714 30
      vertex 53.0718 -73.3158 30
      vertex 53.7889 -69.1621 30
    endloop
  endfacet
  facet normal 0 0 1
    outer loop
      vertex 53.0718 -73.3158 30
      vertex 53.8743 -69.1219 30
      vertex 53.7889 -69.1621 30
    endloop
  endfacet
  facet normal 0 -0 1
    outer loop
      vertex 53.1132 -73.3628 30
      vertex 53.8743 -69.1219 30
      vertex 53.0718 -73.3158 30
    endloop
  endfacet
  facet normal 0 0 1
    outer loop
      vertex 54.2935 -68.9083 30
      vertex 53.8743 -69.1219 30
      vertex 53.1132 -73.3628 30
    endloop
  endfacet
  facet normal 0 0 1
    outer loop
      vertex 54.2935 -68.9083 30
      vertex 53.1132 -73.3628 30
      vertex 53.1518 -73.4126 30
    endloop
  endfacet
  facet normal 0 0 1
    outer loop
      vertex 54.2935 -68.9083 30
      vertex 53.1518 -73.4126 30
      vertex 53.1871 -73.4645 30
    endloop
  endfacet
  facet normal -0 0 1
    outer loop
      vertex 54.2935 -68.9083 30
      vertex 53.1871 -73.4645 30
      vertex 54.3764 -68.8627 30
    endloop
  endfacet
  facet normal -0 0 1
    outer loop
      vertex 53.1871 -73.4645 30
      vertex 53.2189 -73.5184 30
      vertex 54.3764 -68.8627 30
    endloop
  endfacet
  facet normal 0 0 1
    outer loop
      vertex 53.2189 -73.5184 30
      vertex 54.7819 -68.6229 30
      vertex 54.3764 -68.8627 30
    endloop
  endfacet
  facet normal 0 -0 1
    outer loop
      vertex 53.2475 -73.5744 30
      vertex 54.7819 -68.6229 30
      vertex 53.2189 -73.5184 30
    endloop
  endfacet
  facet normal 0 -0 1
    outer loop
      vertex 53.2725 -73.6321 30
      vertex 54.7819 -68.6229 30
      vertex 53.2475 -73.5744 30
    endloop
  endfacet
  facet normal 0 0 1
    outer loop
      vertex 54.8612 -68.5726 30
      vertex 54.7819 -68.6229 30
      vertex 53.2725 -73.6321 30
    endloop
  endfacet
  facet normal 0 0 1
    outer loop
      vertex 54.8612 -68.5726 30
      vertex 53.2725 -73.6321 30
      vertex 53.2937 -73.6912 30
    endloop
  endfacet
  facet normal 0 0 1
    outer loop
      vertex 54.8612 -68.5726 30
      vertex 53.2937 -73.6912 30
      vertex 61.7071 -70.2929 30
    endloop
  endfacet
  facet normal -0 0 1
    outer loop
      vertex 53.2937 -73.6912 30
      vertex 53.3112 -73.7514 30
      vertex 61.7071 -70.2929 30
    endloop
  endfacet
  facet normal -0 0 1
    outer loop
      vertex 53.3112 -73.7514 30
      vertex 53.3249 -73.8127 30
      vertex 61.7071 -70.2929 30
    endloop
  endfacet
  facet normal -0 0 1
    outer loop
      vertex 53.3249 -73.8127 30
      vertex 53.3348 -73.8747 30
      vertex 61.7071 -70.2929 30
    endloop
  endfacet
  facet normal -0 0 1
    outer loop
      vertex 53.3348 -73.8747 30
      vertex 53.3407 -73.9372 30
      vertex 61.7071 -70.2929 30
    endloop
  endfacet
  facet normal -0 0 1
    outer loop
      vertex 53.3407 -73.9372 30
      vertex 53.3426 -74 30
      vertex 61.7071 -70.2929 30
    endloop
  endfacet
  facet normal -0 0 1
    outer loop
      vertex 53.3426 -74 30
      vertex 53.3407 -74.0629 30
      vertex 61.7071 -70.2929 30
    endloop
  endfacet
  facet normal -0 0 1
    outer loop
      vertex 53.3407 -74.0629 30
      vertex 53.3348 -74.1253 30
      vertex 61.7071 -70.2929 30
    endloop
  endfacet
  facet normal -0 0 1
    outer loop
      vertex 53.3348 -74.1253 30
      vertex 53.3249 -74.1873 30
      vertex 61.7071 -70.2929 30
    endloop
  endfacet
  facet normal -0 0 1
    outer loop
      vertex 53.3249 -74.1873 30
      vertex 53.3112 -74.2486 30
      vertex 61.7071 -70.2929 30
    endloop
  endfacet
  facet normal -0 0 1
    outer loop
      vertex 53.3112 -74.2486 30
      vertex 53.2937 -74.3088 30
      vertex 61.7071 -70.2929 30
    endloop
  endfacet
  facet normal -0 0 1
    outer loop
      vertex 53.2937 -74.3088 30
      vertex 53.2725 -74.3679 30
      vertex 61.7071 -70.2929 30
    endloop
  endfacet
  facet normal -0 0 1
    outer loop
      vertex 53.2725 -74.3679 30
      vertex 53.2475 -74.4256 30
      vertex 61.7071 -70.2929 30
    endloop
  endfacet
  facet normal -0 0 1
    outer loop
      vertex 53.2475 -74.4256 30
      vertex 53.2189 -74.4816 30
      vertex 61.7071 -70.2929 30
    endloop
  endfacet
  facet normal -0 0 1
    outer loop
      vertex 53.2189 -74.4816 30
      vertex 53.1871 -74.5355 30
      vertex 61.7071 -70.2929 30
    endloop
  endfacet
  facet normal -0 0 1
    outer loop
      vertex 53.1871 -74.5355 30
      vertex 53.1518 -74.5874 30
      vertex 61.7071 -70.2929 30
    endloop
  endfacet
  facet normal -0 0 1
    outer loop
      vertex 53.1518 -74.5874 30
      vertex 53.1132 -74.6372 30
      vertex 61.7071 -70.2929 30
    endloop
  endfacet
  facet normal 0 0 1
    outer loop
      vertex 61.7071 -70.2929 30
      vertex 53.0665 -74.6902 30
      vertex 53.0449 -74.7125 30
    endloop
  endfacet
  facet normal 0 0 1
    outer loop
      vertex 61.7071 -70.2929 30
      vertex 53.0449 -74.7125 30
      vertex 41.7182 -86.0392 30
    endloop
  endfacet
  facet normal 0 0 1
    outer loop
      vertex 61.7071 -70.2929 30
      vertex 41.7182 -86.0392 30
      vertex 37.2929 -94.7071 30
    endloop
  endfacet
  facet normal 0 0 1
    outer loop
      vertex 41.7182 -86.0392 30
      vertex 41.661 -86.0929 30
      vertex 37.2929 -94.7071 30
    endloop
  endfacet
  facet normal 0 0 1
    outer loop
      vertex 41.661 -86.0929 30
      vertex 41.6127 -86.1328 30
      vertex 37.2929 -94.7071 30
    endloop
  endfacet
  facet normal 0 0 1
    outer loop
      vertex 41.6127 -86.1328 30
      vertex 41.5617 -86.1699 30
      vertex 37.2929 -94.7071 30
    endloop
  endfacet
  facet normal 0 0 1
    outer loop
      vertex 41.5617 -86.1699 30
      vertex 41.5089 -86.2034 30
      vertex 37.2929 -94.7071 30
    endloop
  endfacet
  facet normal 0 0 1
    outer loop
      vertex 41.5089 -86.2034 30
      vertex 41.4538 -86.2337 30
      vertex 37.2929 -94.7071 30
    endloop
  endfacet
  facet normal 0 0 1
    outer loop
      vertex 41.4538 -86.2337 30
      vertex 41.3968 -86.2605 30
      vertex 37.2929 -94.7071 30
    endloop
  endfacet
  facet normal 0 0 1
    outer loop
      vertex 41.3968 -86.2605 30
      vertex 41.3386 -86.2835 30
      vertex 37.2929 -94.7071 30
    endloop
  endfacet
  facet normal 0 0 1
    outer loop
      vertex 41.3386 -86.2835 30
      vertex 41.279 -86.3029 30
      vertex 37.2929 -94.7071 30
    endloop
  endfacet
  facet normal 0 0 1
    outer loop
      vertex 41.279 -86.3029 30
      vertex 41.218 -86.3186 30
      vertex 37.2929 -94.7071 30
    endloop
  endfacet
  facet normal 0 0 1
    outer loop
      vertex 41.218 -86.3186 30
      vertex 41.1563 -86.3304 30
      vertex 37.2929 -94.7071 30
    endloop
  endfacet
  facet normal 0 0 1
    outer loop
      vertex 41.1563 -86.3304 30
      vertex 41.0942 -86.3382 30
      vertex 37.2929 -94.7071 30
    endloop
  endfacet
  facet normal 0 0 1
    outer loop
      vertex 0 -94 30
      vertex -6 -85.3273 30
      vertex -6.00249 -85.406 30
    endloop
  endfacet
  facet normal 0 0 1
    outer loop
      vertex -7.01593 -73 30
      vertex -15.9761 -70 30
      vertex -18.3351 -73 30
    endloop
  endfacet
  facet normal 0 0 1
    outer loop
      vertex -3.29289 -94.7071 30
      vertex -7 -86.3426 30
      vertex -7.06285 -86.3407 30
    endloop
  endfacet
  facet normal 0 0 1
    outer loop
      vertex -3.29289 -94.7071 30
      vertex -7.06285 -86.3407 30
      vertex -7.12529 -86.3348 30
    endloop
  endfacet
  facet normal 0 0 1
    outer loop
      vertex -3.29289 -94.7071 30
      vertex -7.12529 -86.3348 30
      vertex -7.1873 -86.3249 30
    endloop
  endfacet
  facet normal 0 0 1
    outer loop
      vertex -3.29289 -94.7071 30
      vertex -7.1873 -86.3249 30
      vertex -7.24857 -86.3112 30
    endloop
  endfacet
  facet normal 0 0 1
    outer loop
      vertex -3.29289 -94.7071 30
      vertex -7.24857 -86.3112 30
      vertex -7.30884 -86.2937 30
    endloop
  endfacet
  facet normal 0 0 1
    outer loop
      vertex -3.29289 -94.7071 30
      vertex -7.30884 -86.2937 30
      vertex -7.36787 -86.2725 30
    endloop
  endfacet
  facet normal 0 0 1
    outer loop
      vertex -3.29289 -94.7071 30
      vertex -7.36787 -86.2725 30
      vertex -7.42558 -86.2475 30
    endloop
  endfacet
  facet normal 0 0 1
    outer loop
      vertex -3.29289 -94.7071 30
      vertex -7.42558 -86.2475 30
      vertex -7.48161 -86.2189 30
    endloop
  endfacet
  facet normal 0 0 1
    outer loop
      vertex -3.29289 -94.7071 30
      vertex -7.48161 -86.2189 30
      vertex -7.53551 -86.1871 30
    endloop
  endfacet
  facet normal 0 0 1
    outer loop
      vertex -3.29289 -94.7071 30
      vertex -7.53551 -86.1871 30
      vertex -7.5874 -86.1518 30
    endloop
  endfacet
  facet normal 0 0 1
    outer loop
      vertex -3.29289 -94.7071 30
      vertex -7.63721 -86.1132 30
      vertex -7.69016 -86.0665 30
    endloop
  endfacet
  facet normal 0 0 1
    outer loop
      vertex -3.29289 -94.7071 30
      vertex -7.5874 -86.1518 30
      vertex -7.63721 -86.1132 30
    endloop
  endfacet
  facet normal 0 0 1
    outer loop
      vertex -7.71248 -86.0449 30
      vertex -19.0392 -74.7182 30
      vertex -3.29289 -94.7071 30
    endloop
  endfacet
  facet normal 0 0 1
    outer loop
      vertex -19.0392 -74.7182 30
      vertex -27.7071 -70.2929 30
      vertex -3.29289 -94.7071 30
    endloop
  endfacet
  facet normal 0 0 1
    outer loop
      vertex -19.1699 -73.4383 30
      vertex -20.2935 -68.9083 30
      vertex -20.3764 -68.8627 30
    endloop
  endfacet
  facet normal 0 0 1
    outer loop
      vertex -19.1328 -74.6127 30
      vertex -27.7071 -70.2929 30
      vertex -19.0929 -74.661 30
    endloop
  endfacet
  facet normal 0 0 1
    outer loop
      vertex -19.1699 -74.5617 30
      vertex -27.7071 -70.2929 30
      vertex -19.1328 -74.6127 30
    endloop
  endfacet
  facet normal 0 0 1
    outer loop
      vertex -19.2034 -74.5089 30
      vertex -27.7071 -70.2929 30
      vertex -19.1699 -74.5617 30
    endloop
  endfacet
  facet normal 0 0 1
    outer loop
      vertex -19.2337 -74.4538 30
      vertex -27.7071 -70.2929 30
      vertex -19.2034 -74.5089 30
    endloop
  endfacet
  facet normal 0 0 1
    outer loop
      vertex -19.2605 -74.3968 30
      vertex -27.7071 -70.2929 30
      vertex -19.2337 -74.4538 30
    endloop
  endfacet
  facet normal 0 0 1
    outer loop
      vertex -19.2835 -74.3386 30
      vertex -27.7071 -70.2929 30
      vertex -19.2605 -74.3968 30
    endloop
  endfacet
  facet normal 0 0 1
    outer loop
      vertex -19.3029 -74.279 30
      vertex -27.7071 -70.2929 30
      vertex -19.2835 -74.3386 30
    endloop
  endfacet
  facet normal 0 0 1
    outer loop
      vertex -19.3186 -74.218 30
      vertex -27.7071 -70.2929 30
      vertex -19.3029 -74.279 30
    endloop
  endfacet
  facet normal 0 0 1
    outer loop
      vertex -19.3382 -74.0942 30
      vertex -27.7071 -70.2929 30
      vertex -19.3304 -74.1563 30
    endloop
  endfacet
  facet normal 0 -0 1
    outer loop
      vertex -19.3421 -74.0313 30
      vertex -19.3421 -73.9687 30
      vertex -27.7071 -70.2929 30
    endloop
  endfacet
  facet normal 0 -0 1
    outer loop
      vertex -19.3304 -73.8437 30
      vertex -19.3186 -73.782 30
      vertex -27.7071 -70.2929 30
    endloop
  endfacet
  facet normal 0 -0 1
    outer loop
      vertex -19.3029 -73.721 30
      vertex -19.2835 -73.6614 30
      vertex -27.7071 -70.2929 30
    endloop
  endfacet
  facet normal 0 0 1
    outer loop
      vertex -20.7819 -68.6229 30
      vertex -20.8612 -68.5726 30
      vertex -19.2605 -73.6032 30
    endloop
  endfacet
  facet normal 0 0 1
    outer loop
      vertex -20.7819 -68.6229 30
      vertex -19.2337 -73.5462 30
      vertex -20.3764 -68.8627 30
    endloop
  endfacet
  facet normal 0 0 1
    outer loop
      vertex -20.7819 -68.6229 30
      vertex -19.2605 -73.6032 30
      vertex -19.2337 -73.5462 30
    endloop
  endfacet
  facet normal 0 -0 1
    outer loop
      vertex -19.2337 -73.5462 30
      vertex -19.2034 -73.4911 30
      vertex -20.3764 -68.8627 30
    endloop
  endfacet
  facet normal 0 0 1
    outer loop
      vertex -19.1328 -73.3873 30
      vertex -20.2935 -68.9083 30
      vertex -19.1699 -73.4383 30
    endloop
  endfacet
  facet normal 0 0 1
    outer loop
      vertex -19.8743 -69.1219 30
      vertex -19.1328 -73.3873 30
      vertex -19.0929 -73.339 30
    endloop
  endfacet
  facet normal 0 0 1
    outer loop
      vertex -19.8743 -69.1219 30
      vertex -20.2935 -68.9083 30
      vertex -19.1328 -73.3873 30
    endloop
  endfacet
  facet normal 0 0 1
    outer loop
      vertex -19.0499 -73.2932 30
      vertex -19.8743 -69.1219 30
      vertex -19.0929 -73.339 30
    endloop
  endfacet
  facet normal 0 0 1
    outer loop
      vertex -19.7889 -69.1621 30
      vertex -19.0499 -73.2932 30
      vertex -19.0041 -73.2502 30
    endloop
  endfacet
  facet normal 0 0 1
    outer loop
      vertex -19.7889 -69.1621 30
      vertex -19.8743 -69.1219 30
      vertex -19.0499 -73.2932 30
    endloop
  endfacet
  facet normal 0 0 1
    outer loop
      vertex -18.9559 -73.2103 30
      vertex -19.356 -69.3494 30
      vertex -19.0041 -73.2502 30
    endloop
  endfacet
  facet normal 0 0 1
    outer loop
      vertex -19.2689 -69.3839 30
      vertex -19.356 -69.3494 30
      vertex -18.9048 -73.1733 30
    endloop
  endfacet
  facet normal 0 0 1
    outer loop
      vertex -18.9048 -73.1733 30
      vertex -19.356 -69.3494 30
      vertex -18.9559 -73.2103 30
    endloop
  endfacet
  facet normal 0 -0 1
    outer loop
      vertex -18.852 -73.1397 30
      vertex -18.7969 -73.1094 30
      vertex -19.2689 -69.3839 30
    endloop
  endfacet
  facet normal 0 0 1
    outer loop
      vertex -18.74 -73.0826 30
      vertex -18.8255 -69.5435 30
      vertex -18.7969 -73.1094 30
    endloop
  endfacet
  facet normal 0 0 1
    outer loop
      vertex -18.7969 -73.1094 30
      vertex -18.8255 -69.5435 30
      vertex -19.2689 -69.3839 30
    endloop
  endfacet
  facet normal 0 -0 1
    outer loop
      vertex -18.6818 -73.0596 30
      vertex -18.6221 -73.0402 30
      vertex -18.7362 -69.5726 30
    endloop
  endfacet
  facet normal 0 0 1
    outer loop
      vertex -18.8255 -69.5435 30
      vertex -18.6818 -73.0596 30
      vertex -18.7362 -69.5726 30
    endloop
  endfacet
  facet normal 0 0 1
    outer loop
      vertex -18.2831 -69.7042 30
      vertex -18.7362 -69.5726 30
      vertex -18.5611 -73.0246 30
    endloop
  endfacet
  facet normal 0 0 1
    outer loop
      vertex -18.2831 -69.7042 30
      vertex -18.5611 -73.0246 30
      vertex -18.4994 -73.0128 30
    endloop
  endfacet
  facet normal 0 0 1
    outer loop
      vertex -18.2831 -69.7042 30
      vertex -18.4994 -73.0128 30
      vertex -18.4373 -73.0049 30
    endloop
  endfacet
  facet normal 0 0 1
    outer loop
      vertex -18.2831 -69.7042 30
      vertex -18.4373 -73.0049 30
      vertex -18.1926 -69.7274 30
    endloop
  endfacet
  facet normal 0 0 1
    outer loop
      vertex -18.4373 -73.0049 30
      vertex -18.3666 -73.0005 30
      vertex -18.1926 -69.7274 30
    endloop
  endfacet
  facet normal 0 0 1
    outer loop
      vertex -18.3666 -73.0005 30
      vertex -18.3351 -73 30
      vertex -18.1926 -69.7274 30
    endloop
  endfacet
  facet normal 0 0 1
    outer loop
      vertex -18.3351 -73 30
      vertex -17.7321 -69.8304 30
      vertex -18.1926 -69.7274 30
    endloop
  endfacet
  facet normal 0 0 1
    outer loop
      vertex -17.6398 -69.848 30
      vertex -17.7321 -69.8304 30
      vertex -18.3351 -73 30
    endloop
  endfacet
  facet normal 0 0 1
    outer loop
      vertex -17.6398 -69.848 30
      vertex -18.3351 -73 30
      vertex -17.1743 -69.9217 30
    endloop
  endfacet
  facet normal 0 0 1
    outer loop
      vertex -18.3351 -73 30
      vertex -17.0811 -69.9335 30
      vertex -17.1743 -69.9217 30
    endloop
  endfacet
  facet normal 0 0 1
    outer loop
      vertex -16.6124 -69.9778 30
      vertex -17.0811 -69.9335 30
      vertex -18.3351 -73 30
    endloop
  endfacet
  facet normal 0 0 1
    outer loop
      vertex -16.6124 -69.9778 30
      vertex -18.3351 -73 30
      vertex -16.5181 -69.9837 30
    endloop
  endfacet
  facet normal 0 0 1
    outer loop
      vertex -18.3351 -73 30
      vertex -16.0232 -69.9993 30
      vertex -16.5181 -69.9837 30
    endloop
  endfacet
  facet normal 0 0 1
    outer loop
      vertex -15.9761 -70 30
      vertex -16.0232 -69.9993 30
      vertex -18.3351 -73 30
    endloop
  endfacet
  facet normal 0 0 1
    outer loop
      vertex -4.01593 -70 30
      vertex -15.9761 -70 30
      vertex -7.01593 -73 30
    endloop
  endfacet
  facet normal 0 -0 1
    outer loop
      vertex -6.46449 -73.1561 30
      vertex -4.01593 -70 30
      vertex -6.51839 -73.1242 30
    endloop
  endfacet
  facet normal -0 0 1
    outer loop
      vertex -6.4126 -73.1913 30
      vertex -6.36279 -73.2299 30
      vertex -4.01593 -70 30
    endloop
  endfacet
  facet normal -0 0 1
    outer loop
      vertex -6.36279 -73.2299 30
      vertex -6.31583 -73.2714 30
      vertex -4.01593 -70 30
    endloop
  endfacet
  facet normal -0 0 1
    outer loop
      vertex -6.31583 -73.2714 30
      vertex -6.27136 -73.3158 30
      vertex -4.01593 -70 30
    endloop
  endfacet
  facet normal -0 0 1
    outer loop
      vertex -6.27136 -73.3158 30
      vertex -6.22995 -73.3628 30
      vertex -4.01593 -70 30
    endloop
  endfacet
  facet normal -0 0 1
    outer loop
      vertex -6.22995 -73.3628 30
      vertex -6.19133 -73.4126 30
      vertex -4.01593 -70 30
    endloop
  endfacet
  facet normal 0 0 1
    outer loop
      vertex -4.01593 -70 30
      vertex -6.15605 -73.4645 30
      vertex -6.12419 -73.5184 30
    endloop
  endfacet
  facet normal 0 0 1
    outer loop
      vertex -4.01593 -70 30
      vertex -6.12419 -73.5184 30
      vertex -6.09564 -73.5744 30
    endloop
  endfacet
  facet normal -0 0 1
    outer loop
      vertex -4.01593 -70 30
      vertex -6.09564 -73.5744 30
      vertex -3.93715 -69.9975 30
    endloop
  endfacet
  facet normal -0 0 1
    outer loop
      vertex -6.09564 -73.5744 30
      vertex -6.07066 -73.6321 30
      vertex -3.93715 -69.9975 30
    endloop
  endfacet
  facet normal -0 0 1
    outer loop
      vertex -6.07066 -73.6321 30
      vertex -6.04941 -73.6912 30
      vertex -3.87471 -69.9916 30
    endloop
  endfacet
  facet normal 0 0 1
    outer loop
      vertex -6.04941 -73.6912 30
      vertex -3.8127 -69.9818 30
      vertex -3.87471 -69.9916 30
    endloop
  endfacet
  facet normal 0 -0 1
    outer loop
      vertex -6.03189 -73.7514 30
      vertex -3.8127 -69.9818 30
      vertex -6.04941 -73.6912 30
    endloop
  endfacet
  facet normal 0 0 1
    outer loop
      vertex -3.75143 -69.9681 30
      vertex -3.8127 -69.9818 30
      vertex -6.03189 -73.7514 30
    endloop
  endfacet
  facet normal 0 0 1
    outer loop
      vertex -3.69116 -69.9506 30
      vertex -3.75143 -69.9681 30
      vertex -6.0182 -73.8127 30
    endloop
  endfacet
  facet normal 0 0 1
    outer loop
      vertex -3.69116 -69.9506 30
      vertex -6.0182 -73.8127 30
      vertex -6.00838 -73.8747 30
    endloop
  endfacet
  facet normal -0 0 1
    outer loop
      vertex -3.69116 -69.9506 30
      vertex -6.00838 -73.8747 30
      vertex -3.63213 -69.9293 30
    endloop
  endfacet
  facet normal -0 0 1
    outer loop
      vertex -6.00838 -73.8747 30
      vertex -6.00247 -73.9372 30
      vertex -3.63213 -69.9293 30
    endloop
  endfacet
  facet normal -0 0 1
    outer loop
      vertex -6.00247 -73.9372 30
      vertex -6 -74.0159 30
      vertex -3.57442 -69.9044 30
    endloop
  endfacet
  facet normal 0 0 1
    outer loop
      vertex -6 -74.0159 30
      vertex -3.51839 -69.8758 30
      vertex -3.57442 -69.9044 30
    endloop
  endfacet
  facet normal 0 0 1
    outer loop
      vertex -3.4126 -69.8087 30
      vertex -3.46449 -69.8439 30
      vertex -6 -74.0159 30
    endloop
  endfacet
  facet normal -0 0 1
    outer loop
      vertex -3.4126 -69.8087 30
      vertex -6 -74.0159 30
      vertex -3.36279 -69.7701 30
    endloop
  endfacet
  facet normal 0 0 1
    outer loop
      vertex -6 -74.0159 30
      vertex -3.31583 -69.7286 30
      vertex -3.36279 -69.7701 30
    endloop
  endfacet
  facet normal 0 0 1
    outer loop
      vertex -3.27136 -69.6842 30
      vertex -3.31583 -69.7286 30
      vertex -6 -74.0159 30
    endloop
  endfacet
  facet normal 0 0 1
    outer loop
      vertex -3.22995 -69.6372 30
      vertex -3.27136 -69.6842 30
      vertex -6 -85.3273 30
    endloop
  endfacet
  facet normal 0 0 1
    outer loop
      vertex -3.19133 -69.5874 30
      vertex -6 -85.3273 30
      vertex 0 -94 30
    endloop
  endfacet
  facet normal 0 0 1
    outer loop
      vertex 0 -94 30
      vertex -6.00249 -85.406 30
      vertex -6.00838 -85.4684 30
    endloop
  endfacet
  facet normal 0 0 1
    outer loop
      vertex 0 -94 30
      vertex -6.00838 -85.4684 30
      vertex -6.0182 -85.5304 30
    endloop
  endfacet
  facet normal 0 0 1
    outer loop
      vertex 0 -94 30
      vertex -6.0182 -85.5304 30
      vertex -6.03189 -85.5917 30
    endloop
  endfacet
  facet normal 0 0 1
    outer loop
      vertex 0 -94 30
      vertex -6.03189 -85.5917 30
      vertex -6.04941 -85.652 30
    endloop
  endfacet
  facet normal 0 0 1
    outer loop
      vertex 0 -94 30
      vertex -6.04941 -85.652 30
      vertex -6.07066 -85.711 30
    endloop
  endfacet
  facet normal 0 0 1
    outer loop
      vertex 0 -94 30
      vertex -6.07066 -85.711 30
      vertex -6.09564 -85.7687 30
    endloop
  endfacet
  facet normal 0 0 1
    outer loop
      vertex 0 -94 30
      vertex -6.09564 -85.7687 30
      vertex -6.12419 -85.8248 30
    endloop
  endfacet
  facet normal 0 0 1
    outer loop
      vertex 0 -94 30
      vertex -6.12419 -85.8248 30
      vertex -6.15605 -85.8786 30
    endloop
  endfacet
  facet normal 0 0 1
    outer loop
      vertex 0 -94 30
      vertex -6.15605 -85.8786 30
      vertex -6.19133 -85.9305 30
    endloop
  endfacet
  facet normal 0 0 1
    outer loop
      vertex 0 -94 30
      vertex -6.19133 -85.9305 30
      vertex -6.22995 -85.9803 30
    endloop
  endfacet
  facet normal 0 0 1
    outer loop
      vertex 0 -94 30
      vertex -6.22995 -85.9803 30
      vertex -6.27136 -86.0273 30
    endloop
  endfacet
  facet normal 0 0 1
    outer loop
      vertex 0 -94 30
      vertex -6.27136 -86.0273 30
      vertex -3.29289 -94.7071 30
    endloop
  endfacet
  facet normal 0 0 1
    outer loop
      vertex -6.27136 -86.0273 30
      vertex -6.31583 -86.0718 30
      vertex -3.29289 -94.7071 30
    endloop
  endfacet
  facet normal 0 0 1
    outer loop
      vertex -6.31583 -86.0718 30
      vertex -6.36279 -86.1132 30
      vertex -3.29289 -94.7071 30
    endloop
  endfacet
  facet normal 0 0 1
    outer loop
      vertex -6.36279 -86.1132 30
      vertex -6.4126 -86.1518 30
      vertex -3.29289 -94.7071 30
    endloop
  endfacet
  facet normal 0 0 1
    outer loop
      vertex -6.4126 -86.1518 30
      vertex -6.46449 -86.1871 30
      vertex -3.29289 -94.7071 30
    endloop
  endfacet
  facet normal 0 0 1
    outer loop
      vertex -6.46449 -86.1871 30
      vertex -6.51839 -86.2189 30
      vertex -3.29289 -94.7071 30
    endloop
  endfacet
  facet normal 0 0 1
    outer loop
      vertex -6.51839 -86.2189 30
      vertex -6.57442 -86.2475 30
      vertex -3.29289 -94.7071 30
    endloop
  endfacet
  facet normal 0 0 1
    outer loop
      vertex -6.57442 -86.2475 30
      vertex -6.63213 -86.2725 30
      vertex -3.29289 -94.7071 30
    endloop
  endfacet
  facet normal 0 0 1
    outer loop
      vertex -6.63213 -86.2725 30
      vertex -6.69116 -86.2937 30
      vertex -3.29289 -94.7071 30
    endloop
  endfacet
  facet normal 0 0 1
    outer loop
      vertex -6.69116 -86.2937 30
      vertex -6.75143 -86.3112 30
      vertex -3.29289 -94.7071 30
    endloop
  endfacet
  facet normal 0 0 1
    outer loop
      vertex -6.75143 -86.3112 30
      vertex -6.8127 -86.3249 30
      vertex -3.29289 -94.7071 30
    endloop
  endfacet
  facet normal 0 0 1
    outer loop
      vertex -6.8127 -86.3249 30
      vertex -6.87471 -86.3348 30
      vertex -3.29289 -94.7071 30
    endloop
  endfacet
  facet normal 0 0 1
    outer loop
      vertex -6.87471 -86.3348 30
      vertex -6.93715 -86.3407 30
      vertex -3.29289 -94.7071 30
    endloop
  endfacet
  facet normal 0.0939137 -0.99558 0
    outer loop
      vertex -0.874664 -94.9921 0
      vertex -0.93721 -94.998 30
      vertex -0.93721 -94.998 0
    endloop
  endfacet
  facet normal 0.0939137 -0.99558 0
    outer loop
      vertex -0.874664 -94.9921 0
      vertex -0.874664 -94.9921 30
      vertex -0.93721 -94.998 30
    endloop
  endfacet
  facet normal 0.156023 -0.987753 0
    outer loop
      vertex -0.812622 -94.9823 0
      vertex -0.874664 -94.9921 30
      vertex -0.874664 -94.9921 0
    endloop
  endfacet
  facet normal 0.156023 -0.987753 0
    outer loop
      vertex -0.812622 -94.9823 0
      vertex -0.812622 -94.9823 30
      vertex -0.874664 -94.9921 30
    endloop
  endfacet
  facet normal 0.218076 -0.975932 0
    outer loop
      vertex -0.751312 -94.9686 0
      vertex -0.812622 -94.9823 30
      vertex -0.812622 -94.9823 0
    endloop
  endfacet
  facet normal 0.218076 -0.975932 0
    outer loop
      vertex -0.751312 -94.9686 0
      vertex -0.751312 -94.9686 30
      vertex -0.812622 -94.9823 30
    endloop
  endfacet
  facet normal 0.280042 -0.959988 0
    outer loop
      vertex -0.690979 -94.951 0
      vertex -0.751312 -94.9686 30
      vertex -0.751312 -94.9686 0
    endloop
  endfacet
  facet normal 0.280042 -0.959988 0
    outer loop
      vertex -0.690979 -94.951 0
      vertex -0.690979 -94.951 30
      vertex -0.751312 -94.9686 30
    endloop
  endfacet
  facet normal 0.337663 -0.941267 0
    outer loop
      vertex -0.631882 -94.9298 0
      vertex -0.690979 -94.951 30
      vertex -0.690979 -94.951 0
    endloop
  endfacet
  facet normal 0.337663 -0.941267 0
    outer loop
      vertex -0.631882 -94.9298 0
      vertex -0.631882 -94.9298 30
      vertex -0.690979 -94.951 30
    endloop
  endfacet
  facet normal 0.397778 -0.917482 0
    outer loop
      vertex -0.574219 -94.9048 0
      vertex -0.631882 -94.9298 30
      vertex -0.631882 -94.9298 0
    endloop
  endfacet
  facet normal 0.397778 -0.917482 0
    outer loop
      vertex -0.574219 -94.9048 0
      vertex -0.574219 -94.9048 30
      vertex -0.631882 -94.9298 30
    endloop
  endfacet
  facet normal 0.453768 -0.89112 0
    outer loop
      vertex -0.51825 -94.8763 0
      vertex -0.574219 -94.9048 30
      vertex -0.574219 -94.9048 0
    endloop
  endfacet
  facet normal 0.453768 -0.89112 0
    outer loop
      vertex -0.51825 -94.8763 0
      vertex -0.51825 -94.8763 30
      vertex -0.574219 -94.9048 30
    endloop
  endfacet
  facet normal 0.509258 -0.860614 0
    outer loop
      vertex -0.464172 -94.8443 0
      vertex -0.51825 -94.8763 30
      vertex -0.51825 -94.8763 0
    endloop
  endfacet
  facet normal 0.509258 -0.860614 0
    outer loop
      vertex -0.464172 -94.8443 0
      vertex -0.464172 -94.8443 30
      vertex -0.51825 -94.8763 30
    endloop
  endfacet
  facet normal 0.561983 -0.827149 0
    outer loop
      vertex -0.412216 -94.809 0
      vertex -0.464172 -94.8443 30
      vertex -0.464172 -94.8443 0
    endloop
  endfacet
  facet normal 0.561983 -0.827149 0
    outer loop
      vertex -0.412216 -94.809 0
      vertex -0.412216 -94.809 30
      vertex -0.464172 -94.8443 30
    endloop
  endfacet
  facet normal 0.612883 -0.790174 0
    outer loop
      vertex -0.362579 -94.7705 0
      vertex -0.412216 -94.809 30
      vertex -0.412216 -94.809 0
    endloop
  endfacet
  facet normal 0.612883 -0.790174 0
    outer loop
      vertex -0.362579 -94.7705 0
      vertex -0.362579 -94.7705 30
      vertex -0.412216 -94.809 30
    endloop
  endfacet
  facet normal 0.660944 -0.750435 0
    outer loop
      vertex -0.31546 -94.729 0
      vertex -0.362579 -94.7705 30
      vertex -0.362579 -94.7705 0
    endloop
  endfacet
  facet normal 0.660944 -0.750435 0
    outer loop
      vertex -0.31546 -94.729 0
      vertex -0.31546 -94.729 30
      vertex -0.362579 -94.7705 30
    endloop
  endfacet
  facet normal 0.707639 -0.706574 0
    outer loop
      vertex -0.271027 -94.6845 0
      vertex -0.31546 -94.729 30
      vertex -0.31546 -94.729 0
    endloop
  endfacet
  facet normal 0.707639 -0.706574 0
    outer loop
      vertex -0.271027 -94.6845 0
      vertex -0.271027 -94.6845 30
      vertex -0.31546 -94.729 30
    endloop
  endfacet
  facet normal 0.750026 -0.661408 0
    outer loop
      vertex -0.229492 -94.6374 0
      vertex -0.271027 -94.6845 30
      vertex -0.271027 -94.6845 0
    endloop
  endfacet
  facet normal 0.750026 -0.661408 0
    outer loop
      vertex -0.229492 -94.6374 0
      vertex -0.229492 -94.6374 30
      vertex -0.271027 -94.6845 30
    endloop
  endfacet
  facet normal 0.789852 -0.613298 0
    outer loop
      vertex -0.190979 -94.5878 0
      vertex -0.229492 -94.6374 30
      vertex -0.229492 -94.6374 0
    endloop
  endfacet
  facet normal 0.789852 -0.613298 0
    outer loop
      vertex -0.190979 -94.5878 0
      vertex -0.190979 -94.5878 30
      vertex -0.229492 -94.6374 30
    endloop
  endfacet
  facet normal 0.827304 -0.561755 0
    outer loop
      vertex -0.15567 -94.5358 0
      vertex -0.190979 -94.5878 30
      vertex -0.190979 -94.5878 0
    endloop
  endfacet
  facet normal 0.827304 -0.561755 0
    outer loop
      vertex -0.15567 -94.5358 0
      vertex -0.15567 -94.5358 30
      vertex -0.190979 -94.5878 30
    endloop
  endfacet
  facet normal 0.860417 -0.50959 0
    outer loop
      vertex -0.123688 -94.4818 0
      vertex -0.15567 -94.5358 30
      vertex -0.15567 -94.5358 0
    endloop
  endfacet
  facet normal 0.860417 -0.50959 0
    outer loop
      vertex -0.123688 -94.4818 0
      vertex -0.123688 -94.4818 30
      vertex -0.15567 -94.5358 30
    endloop
  endfacet
  facet normal 0.8911 -0.453807 0
    outer loop
      vertex -0.0951691 -94.4258 0
      vertex -0.123688 -94.4818 30
      vertex -0.123688 -94.4818 0
    endloop
  endfacet
  facet normal 0.8911 -0.453807 0
    outer loop
      vertex -0.0951691 -94.4258 0
      vertex -0.0951691 -94.4258 30
      vertex -0.123688 -94.4818 30
    endloop
  endfacet
  facet normal 0.917875 -0.396869 0
    outer loop
      vertex -0.0702209 -94.3681 0
      vertex -0.0951691 -94.4258 30
      vertex -0.0951691 -94.4258 0
    endloop
  endfacet
  facet normal 0.917875 -0.396869 0
    outer loop
      vertex -0.0702209 -94.3681 0
      vertex -0.0702209 -94.3681 30
      vertex -0.0951691 -94.4258 30
    endloop
  endfacet
  facet normal 0.940914 -0.338645 0
    outer loop
      vertex -0.0489502 -94.309 0
      vertex -0.0702209 -94.3681 30
      vertex -0.0702209 -94.3681 0
    endloop
  endfacet
  facet normal 0.940914 -0.338645 0
    outer loop
      vertex -0.0489502 -94.309 0
      vertex -0.0489502 -94.309 30
      vertex -0.0702209 -94.3681 30
    endloop
  endfacet
  facet normal 0.960236 -0.279191 0
    outer loop
      vertex -0.0314178 -94.2487 0
      vertex -0.0489502 -94.309 30
      vertex -0.0489502 -94.309 0
    endloop
  endfacet
  facet normal 0.960236 -0.279191 0
    outer loop
      vertex -0.0314178 -94.2487 0
      vertex -0.0314178 -94.2487 30
      vertex -0.0489502 -94.309 30
    endloop
  endfacet
  facet normal 0.975916 -0.218145 0
    outer loop
      vertex -0.0177155 -94.1874 0
      vertex -0.0314178 -94.2487 30
      vertex -0.0314178 -94.2487 0
    endloop
  endfacet
  facet normal 0.975916 -0.218145 0
    outer loop
      vertex -0.0177155 -94.1874 0
      vertex -0.0177155 -94.1874 30
      vertex -0.0314178 -94.2487 30
    endloop
  endfacet
  facet normal 0.98771 -0.156295 0
    outer loop
      vertex -0.00788879 -94.1253 0
      vertex -0.0177155 -94.1874 30
      vertex -0.0177155 -94.1874 0
    endloop
  endfacet
  facet normal 0.98771 -0.156295 0
    outer loop
      vertex -0.00788879 -94.1253 0
      vertex -0.00788879 -94.1253 30
      vertex -0.0177155 -94.1874 30
    endloop
  endfacet
  facet normal 0.995543 -0.0943044 0
    outer loop
      vertex -0.00196838 -94.0628 0
      vertex -0.00788879 -94.1253 30
      vertex -0.00788879 -94.1253 0
    endloop
  endfacet
  facet normal 0.995543 -0.0943044 0
    outer loop
      vertex -0.00196838 -94.0628 0
      vertex -0.00196838 -94.0628 30
      vertex -0.00788879 -94.1253 30
    endloop
  endfacet
  facet normal 0.999509 -0.0313282 0
    outer loop
      vertex 0 -94 0
      vertex -0.00196838 -94.0628 30
      vertex -0.00196838 -94.0628 0
    endloop
  endfacet
  facet normal 0.999509 -0.0313282 0
    outer loop
      vertex 0 -94 0
      vertex 0 -94 30
      vertex -0.00196838 -94.0628 30
    endloop
  endfacet
  facet normal 1 0 0
    outer loop
      vertex 0 -1.01593 0
      vertex 0 -94 30
      vertex 0 -94 0
    endloop
  endfacet
  facet normal 1 0 -0
    outer loop
      vertex 0 -1.01593 0
      vertex 0 -1.01593 30
      vertex 0 -94 30
    endloop
  endfacet
  facet normal 0.999508 -0.0313617 0
    outer loop
      vertex 0.00247192 -0.937149 0
      vertex 0 -1.01593 30
      vertex 0 -1.01593 0
    endloop
  endfacet
  facet normal 0.999508 -0.0313617 0
    outer loop
      vertex 0.00247192 -0.937149 0
      vertex 0.00247192 -0.937149 30
      vertex 0 -1.01593 30
    endloop
  endfacet
  facet normal 0.995558 -0.0941547 0
    outer loop
      vertex 0.00837708 -0.87471 0
      vertex 0.00247192 -0.937149 30
      vertex 0.00247192 -0.937149 0
    endloop
  endfacet
  facet normal 0.995558 -0.0941547 0
    outer loop
      vertex 0.00837708 -0.87471 0
      vertex 0.00837708 -0.87471 30
      vertex 0.00247192 -0.937149 30
    endloop
  endfacet
  facet normal 0.987676 -0.15651 0
    outer loop
      vertex 0.0182037 -0.812698 0
      vertex 0.00837708 -0.87471 30
      vertex 0.00837708 -0.87471 0
    endloop
  endfacet
  facet normal 0.987676 -0.15651 0
    outer loop
      vertex 0.0182037 -0.812698 0
      vertex 0.0182037 -0.812698 30
      vertex 0.00837708 -0.87471 30
    endloop
  endfacet
  facet normal 0.97594 -0.218038 0
    outer loop
      vertex 0.0318909 -0.751434 0
      vertex 0.0182037 -0.812698 30
      vertex 0.0182037 -0.812698 0
    endloop
  endfacet
  facet normal 0.97594 -0.218038 0
    outer loop
      vertex 0.0318909 -0.751434 0
      vertex 0.0318909 -0.751434 30
      vertex 0.0182037 -0.812698 30
    endloop
  endfacet
  facet normal 0.960266 -0.279086 0
    outer loop
      vertex 0.049408 -0.691162 0
      vertex 0.0318909 -0.751434 30
      vertex 0.0318909 -0.751434 0
    endloop
  endfacet
  facet normal 0.960266 -0.279086 0
    outer loop
      vertex 0.049408 -0.691162 0
      vertex 0.049408 -0.691162 30
      vertex 0.0318909 -0.751434 30
    endloop
  endfacet
  facet normal 0.940875 -0.338755 0
    outer loop
      vertex 0.0706635 -0.632126 0
      vertex 0.049408 -0.691162 30
      vertex 0.049408 -0.691162 0
    endloop
  endfacet
  facet normal 0.940875 -0.338755 0
    outer loop
      vertex 0.0706635 -0.632126 0
      vertex 0.0706635 -0.632126 30
      vertex 0.049408 -0.691162 30
    endloop
  endfacet
  facet normal 0.917722 -0.397224 0
    outer loop
      vertex 0.0956421 -0.574417 0
      vertex 0.0706635 -0.632126 30
      vertex 0.0706635 -0.632126 0
    endloop
  endfacet
  facet normal 0.917722 -0.397224 0
    outer loop
      vertex 0.0956421 -0.574417 0
      vertex 0.0956421 -0.574417 30
      vertex 0.0706635 -0.632126 30
    endloop
  endfacet
  facet normal 0.891005 -0.453993 0
    outer loop
      vertex 0.124191 -0.518387 0
      vertex 0.0956421 -0.574417 30
      vertex 0.0956421 -0.574417 0
    endloop
  endfacet
  facet normal 0.891005 -0.453993 0
    outer loop
      vertex 0.124191 -0.518387 0
      vertex 0.124191 -0.518387 30
      vertex 0.0956421 -0.574417 30
    endloop
  endfacet
  facet normal 0.860825 -0.508902 0
    outer loop
      vertex 0.156052 -0.464493 0
      vertex 0.124191 -0.518387 30
      vertex 0.124191 -0.518387 0
    endloop
  endfacet
  facet normal 0.860825 -0.508902 0
    outer loop
      vertex 0.156052 -0.464493 0
      vertex 0.156052 -0.464493 30
      vertex 0.124191 -0.518387 30
    endloop
  endfacet
  facet normal 0.827005 -0.562195 0
    outer loop
      vertex 0.19133 -0.412598 0
      vertex 0.156052 -0.464493 30
      vertex 0.156052 -0.464493 0
    endloop
  endfacet
  facet normal 0.827005 -0.562195 0
    outer loop
      vertex 0.19133 -0.412598 0
      vertex 0.19133 -0.412598 30
      vertex 0.156052 -0.464493 30
    endloop
  endfacet
  facet normal 0.790253 -0.612781 0
    outer loop
      vertex 0.22995 -0.362793 0
      vertex 0.19133 -0.412598 30
      vertex 0.19133 -0.412598 0
    endloop
  endfacet
  facet normal 0.790253 -0.612781 0
    outer loop
      vertex 0.22995 -0.362793 0
      vertex 0.22995 -0.362793 30
      vertex 0.19133 -0.412598 30
    endloop
  endfacet
  facet normal 0.750071 -0.661357 0
    outer loop
      vertex 0.271362 -0.315826 0
      vertex 0.22995 -0.362793 30
      vertex 0.22995 -0.362793 0
    endloop
  endfacet
  facet normal 0.750071 -0.661357 0
    outer loop
      vertex 0.271362 -0.315826 0
      vertex 0.271362 -0.315826 30
      vertex 0.22995 -0.362793 30
    endloop
  endfacet
  facet normal 0.707107 -0.707107 0
    outer loop
      vertex 0.315826 -0.271362 0
      vertex 0.271362 -0.315826 30
      vertex 0.271362 -0.315826 0
    endloop
  endfacet
  facet normal 0.707107 -0.707107 0
    outer loop
      vertex 0.315826 -0.271362 0
      vertex 0.315826 -0.271362 30
      vertex 0.271362 -0.315826 30
    endloop
  endfacet
  facet normal 0.661357 -0.750071 0
    outer loop
      vertex 0.362793 -0.22995 0
      vertex 0.315826 -0.271362 30
      vertex 0.315826 -0.271362 0
    endloop
  endfacet
  facet normal 0.661357 -0.750071 0
    outer loop
      vertex 0.362793 -0.22995 0
      vertex 0.362793 -0.22995 30
      vertex 0.315826 -0.271362 30
    endloop
  endfacet
  facet normal 0.612781 -0.790253 0
    outer loop
      vertex 0.412598 -0.19133 0
      vertex 0.362793 -0.22995 30
      vertex 0.362793 -0.22995 0
    endloop
  endfacet
  facet normal 0.612781 -0.790253 0
    outer loop
      vertex 0.412598 -0.19133 0
      vertex 0.412598 -0.19133 30
      vertex 0.362793 -0.22995 30
    endloop
  endfacet
  facet normal 0.562195 -0.827005 0
    outer loop
      vertex 0.464493 -0.156052 0
      vertex 0.412598 -0.19133 30
      vertex 0.412598 -0.19133 0
    endloop
  endfacet
  facet normal 0.562195 -0.827005 0
    outer loop
      vertex 0.464493 -0.156052 0
      vertex 0.464493 -0.156052 30
      vertex 0.412598 -0.19133 30
    endloop
  endfacet
  facet normal 0.508902 -0.860825 0
    outer loop
      vertex 0.518387 -0.124191 0
      vertex 0.464493 -0.156052 30
      vertex 0.464493 -0.156052 0
    endloop
  endfacet
  facet normal 0.508902 -0.860825 0
    outer loop
      vertex 0.518387 -0.124191 0
      vertex 0.518387 -0.124191 30
      vertex 0.464493 -0.156052 30
    endloop
  endfacet
  facet normal 0.453993 -0.891005 0
    outer loop
      vertex 0.574417 -0.0956421 0
      vertex 0.518387 -0.124191 30
      vertex 0.518387 -0.124191 0
    endloop
  endfacet
  facet normal 0.453993 -0.891005 0
    outer loop
      vertex 0.574417 -0.0956421 0
      vertex 0.574417 -0.0956421 30
      vertex 0.518387 -0.124191 30
    endloop
  endfacet
  facet normal 0.397224 -0.917722 0
    outer loop
      vertex 0.632126 -0.0706635 0
      vertex 0.574417 -0.0956421 30
      vertex 0.574417 -0.0956421 0
    endloop
  endfacet
  facet normal 0.397224 -0.917722 0
    outer loop
      vertex 0.632126 -0.0706635 0
      vertex 0.632126 -0.0706635 30
      vertex 0.574417 -0.0956421 30
    endloop
  endfacet
  facet normal 0.338755 -0.940875 0
    outer loop
      vertex 0.691162 -0.049408 0
      vertex 0.632126 -0.0706635 30
      vertex 0.632126 -0.0706635 0
    endloop
  endfacet
  facet normal 0.338755 -0.940875 0
    outer loop
      vertex 0.691162 -0.049408 0
      vertex 0.691162 -0.049408 30
      vertex 0.632126 -0.0706635 30
    endloop
  endfacet
  facet normal 0.279086 -0.960266 0
    outer loop
      vertex 0.751434 -0.0318909 0
      vertex 0.691162 -0.049408 30
      vertex 0.691162 -0.049408 0
    endloop
  endfacet
  facet normal 0.279086 -0.960266 0
    outer loop
      vertex 0.751434 -0.0318909 0
      vertex 0.751434 -0.0318909 30
      vertex 0.691162 -0.049408 30
    endloop
  endfacet
  facet normal 0.218038 -0.97594 0
    outer loop
      vertex 0.812698 -0.0182037 0
      vertex 0.751434 -0.0318909 30
      vertex 0.751434 -0.0318909 0
    endloop
  endfacet
  facet normal 0.218038 -0.97594 0
    outer loop
      vertex 0.812698 -0.0182037 0
      vertex 0.812698 -0.0182037 30
      vertex 0.751434 -0.0318909 30
    endloop
  endfacet
  facet normal 0.15651 -0.987676 0
    outer loop
      vertex 0.87471 -0.00837708 0
      vertex 0.812698 -0.0182037 30
      vertex 0.812698 -0.0182037 0
    endloop
  endfacet
  facet normal 0.15651 -0.987676 0
    outer loop
      vertex 0.87471 -0.00837708 0
      vertex 0.87471 -0.00837708 30
      vertex 0.812698 -0.0182037 30
    endloop
  endfacet
  facet normal 0.0941547 -0.995558 0
    outer loop
      vertex 0.937149 -0.00247192 0
      vertex 0.87471 -0.00837708 30
      vertex 0.87471 -0.00837708 0
    endloop
  endfacet
  facet normal 0.0941547 -0.995558 0
    outer loop
      vertex 0.937149 -0.00247192 0
      vertex 0.937149 -0.00247192 30
      vertex 0.87471 -0.00837708 30
    endloop
  endfacet
  facet normal 0.0313617 -0.999508 0
    outer loop
      vertex 1.01593 0 0
      vertex 0.937149 -0.00247192 30
      vertex 0.937149 -0.00247192 0
    endloop
  endfacet
  facet normal 0.0313617 -0.999508 0
    outer loop
      vertex 1.01593 0 0
      vertex 1.01593 0 30
      vertex 0.937149 -0.00247192 30
    endloop
  endfacet
  facet normal 0 -1 0
    outer loop
      vertex 32.9841 0 0
      vertex 1.01593 0 30
      vertex 1.01593 0 0
    endloop
  endfacet
  facet normal 0 -1 0
    outer loop
      vertex 32.9841 0 0
      vertex 32.9841 0 30
      vertex 1.01593 0 30
    endloop
  endfacet
  facet normal -0.0313541 -0.999508 0
    outer loop
      vertex 33.0629 -0.00247192 0
      vertex 32.9841 0 30
      vertex 32.9841 0 0
    endloop
  endfacet
  facet normal -0.0313541 -0.999508 0
    outer loop
      vertex 33.0629 -0.00247192 0
      vertex 33.0629 -0.00247192 30
      vertex 32.9841 0 30
    endloop
  endfacet
  facet normal -0.094213 -0.995552 0
    outer loop
      vertex 33.1253 -0.00837708 0
      vertex 33.0629 -0.00247192 30
      vertex 33.0629 -0.00247192 0
    endloop
  endfacet
  facet normal -0.094213 -0.995552 0
    outer loop
      vertex 33.1253 -0.00837708 0
      vertex 33.1253 -0.00837708 30
      vertex 33.0629 -0.00247192 30
    endloop
  endfacet
  facet normal -0.15654 -0.987672 0
    outer loop
      vertex 33.1873 -0.0182037 0
      vertex 33.1253 -0.00837708 30
      vertex 33.1253 -0.00837708 0
    endloop
  endfacet
  facet normal -0.15654 -0.987672 0
    outer loop
      vertex 33.1873 -0.0182037 0
      vertex 33.1873 -0.0182037 30
      vertex 33.1253 -0.00837708 30
    endloop
  endfacet
  facet normal -0.217916 -0.975967 0
    outer loop
      vertex 33.2486 -0.0318909 0
      vertex 33.1873 -0.0182037 30
      vertex 33.1873 -0.0182037 0
    endloop
  endfacet
  facet normal -0.217916 -0.975967 0
    outer loop
      vertex 33.2486 -0.0318909 0
      vertex 33.2486 -0.0318909 30
      vertex 33.1873 -0.0182037 30
    endloop
  endfacet
  facet normal -0.279394 -0.960177 0
    outer loop
      vertex 33.3088 -0.049408 0
      vertex 33.2486 -0.0318909 30
      vertex 33.2486 -0.0318909 0
    endloop
  endfacet
  facet normal -0.279394 -0.960177 0
    outer loop
      vertex 33.3088 -0.049408 0
      vertex 33.3088 -0.049408 30
      vertex 33.2486 -0.0318909 30
    endloop
  endfacet
  facet normal -0.33843 -0.940991 0
    outer loop
      vertex 33.3679 -0.0706635 0
      vertex 33.3088 -0.049408 30
      vertex 33.3088 -0.049408 0
    endloop
  endfacet
  facet normal -0.33843 -0.940991 0
    outer loop
      vertex 33.3679 -0.0706635 0
      vertex 33.3679 -0.0706635 30
      vertex 33.3088 -0.049408 30
    endloop
  endfacet
  facet normal -0.397276 -0.917699 0
    outer loop
      vertex 33.4256 -0.0956421 0
      vertex 33.3679 -0.0706635 30
      vertex 33.3679 -0.0706635 0
    endloop
  endfacet
  facet normal -0.397276 -0.917699 0
    outer loop
      vertex 33.4256 -0.0956421 0
      vertex 33.4256 -0.0956421 30
      vertex 33.3679 -0.0706635 30
    endloop
  endfacet
  facet normal -0.454186 -0.890907 0
    outer loop
      vertex 33.4816 -0.124191 0
      vertex 33.4256 -0.0956421 30
      vertex 33.4256 -0.0956421 0
    endloop
  endfacet
  facet normal -0.454186 -0.890907 0
    outer loop
      vertex 33.4816 -0.124191 0
      vertex 33.4816 -0.124191 30
      vertex 33.4256 -0.0956421 30
    endloop
  endfacet
  facet normal -0.50886 -0.86085 0
    outer loop
      vertex 33.5355 -0.156052 0
      vertex 33.4816 -0.124191 30
      vertex 33.4816 -0.124191 0
    endloop
  endfacet
  facet normal -0.50886 -0.86085 0
    outer loop
      vertex 33.5355 -0.156052 0
      vertex 33.5355 -0.156052 30
      vertex 33.4816 -0.124191 30
    endloop
  endfacet
  facet normal -0.562157 -0.82703 0
    outer loop
      vertex 33.5874 -0.19133 0
      vertex 33.5355 -0.156052 30
      vertex 33.5355 -0.156052 0
    endloop
  endfacet
  facet normal -0.562157 -0.82703 0
    outer loop
      vertex 33.5874 -0.19133 0
      vertex 33.5874 -0.19133 30
      vertex 33.5355 -0.156052 30
    endloop
  endfacet
  facet normal -0.612819 -0.790223 0
    outer loop
      vertex 33.6372 -0.22995 0
      vertex 33.5874 -0.19133 30
      vertex 33.5874 -0.19133 0
    endloop
  endfacet
  facet normal -0.612819 -0.790223 0
    outer loop
      vertex 33.6372 -0.22995 0
      vertex 33.6372 -0.22995 30
      vertex 33.5874 -0.19133 30
    endloop
  endfacet
  facet normal -0.661096 -0.750302 0
    outer loop
      vertex 33.6842 -0.271362 0
      vertex 33.6372 -0.22995 30
      vertex 33.6372 -0.22995 0
    endloop
  endfacet
  facet normal -0.661096 -0.750302 0
    outer loop
      vertex 33.6842 -0.271362 0
      vertex 33.6842 -0.271362 30
      vertex 33.6372 -0.22995 30
    endloop
  endfacet
  facet normal -0.707616 -0.706597 0
    outer loop
      vertex 33.7286 -0.315826 0
      vertex 33.6842 -0.271362 30
      vertex 33.6842 -0.271362 0
    endloop
  endfacet
  facet normal -0.707616 -0.706597 0
    outer loop
      vertex 33.7286 -0.315826 0
      vertex 33.7286 -0.315826 30
      vertex 33.6842 -0.271362 30
    endloop
  endfacet
  facet normal -0.749374 -0.662147 0
    outer loop
      vertex 33.7701 -0.362793 0
      vertex 33.7286 -0.315826 30
      vertex 33.7286 -0.315826 0
    endloop
  endfacet
  facet normal -0.749374 -0.662147 0
    outer loop
      vertex 33.7701 -0.362793 0
      vertex 33.7701 -0.362793 30
      vertex 33.7286 -0.315826 30
    endloop
  endfacet
  facet normal -0.790406 -0.612583 0
    outer loop
      vertex 33.8087 -0.412598 0
      vertex 33.7701 -0.362793 30
      vertex 33.7701 -0.362793 0
    endloop
  endfacet
  facet normal -0.790406 -0.612583 0
    outer loop
      vertex 33.8087 -0.412598 0
      vertex 33.8087 -0.412598 30
      vertex 33.7701 -0.362793 30
    endloop
  endfacet
  facet normal -0.827583 -0.561343 0
    outer loop
      vertex 33.8439 -0.464493 0
      vertex 33.8087 -0.412598 30
      vertex 33.8087 -0.412598 0
    endloop
  endfacet
  facet normal -0.827583 -0.561343 0
    outer loop
      vertex 33.8439 -0.464493 0
      vertex 33.8439 -0.464493 30
      vertex 33.8087 -0.412598 30
    endloop
  endfacet
  facet normal -0.860552 -0.509363 0
    outer loop
      vertex 33.8758 -0.518387 0
      vertex 33.8439 -0.464493 30
      vertex 33.8439 -0.464493 0
    endloop
  endfacet
  facet normal -0.860552 -0.509363 0
    outer loop
      vertex 33.8758 -0.518387 0
      vertex 33.8758 -0.518387 30
      vertex 33.8439 -0.464493 30
    endloop
  endfacet
  facet normal -0.890676 -0.454638 0
    outer loop
      vertex 33.9044 -0.574417 0
      vertex 33.8758 -0.518387 30
      vertex 33.8758 -0.518387 0
    endloop
  endfacet
  facet normal -0.890676 -0.454638 0
    outer loop
      vertex 33.9044 -0.574417 0
      vertex 33.9044 -0.574417 30
      vertex 33.8758 -0.518387 30
    endloop
  endfacet
  facet normal -0.918177 -0.396171 0
    outer loop
      vertex 33.9293 -0.632126 0
      vertex 33.9044 -0.574417 30
      vertex 33.9044 -0.574417 0
    endloop
  endfacet
  facet normal -0.918177 -0.396171 0
    outer loop
      vertex 33.9293 -0.632126 0
      vertex 33.9293 -0.632126 30
      vertex 33.9044 -0.574417 30
    endloop
  endfacet
  facet normal -0.940648 -0.339383 0
    outer loop
      vertex 33.9506 -0.691162 0
      vertex 33.9293 -0.632126 30
      vertex 33.9293 -0.632126 0
    endloop
  endfacet
  facet normal -0.940648 -0.339383 0
    outer loop
      vertex 33.9506 -0.691162 0
      vertex 33.9506 -0.691162 30
      vertex 33.9293 -0.632126 30
    endloop
  endfacet
  facet normal -0.960339 -0.278835 0
    outer loop
      vertex 33.9681 -0.751434 0
      vertex 33.9506 -0.691162 30
      vertex 33.9506 -0.691162 0
    endloop
  endfacet
  facet normal -0.960339 -0.278835 0
    outer loop
      vertex 33.9681 -0.751434 0
      vertex 33.9681 -0.751434 30
      vertex 33.9506 -0.691162 30
    endloop
  endfacet
  facet normal -0.975897 -0.218232 0
    outer loop
      vertex 33.9818 -0.812698 0
      vertex 33.9681 -0.751434 30
      vertex 33.9681 -0.751434 0
    endloop
  endfacet
  facet normal -0.975897 -0.218232 0
    outer loop
      vertex 33.9818 -0.812698 0
      vertex 33.9818 -0.812698 30
      vertex 33.9681 -0.751434 30
    endloop
  endfacet
  facet normal -0.987742 -0.156097 0
    outer loop
      vertex 33.9916 -0.87471 0
      vertex 33.9818 -0.812698 30
      vertex 33.9818 -0.812698 0
    endloop
  endfacet
  facet normal -0.987742 -0.156097 0
    outer loop
      vertex 33.9916 -0.87471 0
      vertex 33.9916 -0.87471 30
      vertex 33.9818 -0.812698 30
    endloop
  endfacet
  facet normal -0.995565 -0.0940732 0
    outer loop
      vertex 33.9975 -0.937149 0
      vertex 33.9916 -0.87471 30
      vertex 33.9916 -0.87471 0
    endloop
  endfacet
  facet normal -0.995565 -0.0940732 0
    outer loop
      vertex 33.9975 -0.937149 0
      vertex 33.9975 -0.937149 30
      vertex 33.9916 -0.87471 30
    endloop
  endfacet
  facet normal -0.999497 -0.0317176 0
    outer loop
      vertex 34 -1.01593 0
      vertex 33.9975 -0.937149 30
      vertex 33.9975 -0.937149 0
    endloop
  endfacet
  facet normal -0.999497 -0.0317176 0
    outer loop
      vertex 34 -1.01593 0
      vertex 34 -1.01593 30
      vertex 33.9975 -0.937149 30
    endloop
  endfacet
  facet normal -1 0 0
    outer loop
      vertex 34 -94 0
      vertex 34 -1.01593 30
      vertex 34 -1.01593 0
    endloop
  endfacet
  facet normal -1 0 0
    outer loop
      vertex 34 -94 0
      vertex 34 -94 30
      vertex 34 -1.01593 30
    endloop
  endfacet
  facet normal -0.999493 -0.031831 0
    outer loop
      vertex 34.002 -94.0628 0
      vertex 34 -94 30
      vertex 34 -94 0
    endloop
  endfacet
  facet normal -0.999493 -0.031831 0
    outer loop
      vertex 34.002 -94.0628 0
      vertex 34.002 -94.0628 30
      vertex 34 -94 30
    endloop
  endfacet
  facet normal -0.995574 -0.0939822 0
    outer loop
      vertex 34.0079 -94.1253 0
      vertex 34.002 -94.0628 30
      vertex 34.002 -94.0628 0
    endloop
  endfacet
  facet normal -0.995574 -0.0939822 0
    outer loop
      vertex 34.0079 -94.1253 0
      vertex 34.0079 -94.1253 30
      vertex 34.002 -94.0628 30
    endloop
  endfacet
  facet normal -0.987776 -0.155881 0
    outer loop
      vertex 34.0177 -94.1874 0
      vertex 34.0079 -94.1253 30
      vertex 34.0079 -94.1253 0
    endloop
  endfacet
  facet normal -0.987776 -0.155881 0
    outer loop
      vertex 34.0177 -94.1874 0
      vertex 34.0177 -94.1874 30
      vertex 34.0079 -94.1253 30
    endloop
  endfacet
  facet normal -0.975924 -0.21811 0
    outer loop
      vertex 34.0314 -94.2487 0
      vertex 34.0177 -94.1874 30
      vertex 34.0177 -94.1874 0
    endloop
  endfacet
  facet normal -0.975924 -0.21811 0
    outer loop
      vertex 34.0314 -94.2487 0
      vertex 34.0314 -94.2487 30
      vertex 34.0177 -94.1874 30
    endloop
  endfacet
  facet normal -0.959946 -0.280183 0
    outer loop
      vertex 34.049 -94.309 0
      vertex 34.0314 -94.2487 30
      vertex 34.0314 -94.2487 0
    endloop
  endfacet
  facet normal -0.959946 -0.280183 0
    outer loop
      vertex 34.049 -94.309 0
      vertex 34.049 -94.309 30
      vertex 34.0314 -94.2487 30
    endloop
  endfacet
  facet normal -0.941273 -0.337648 0
    outer loop
      vertex 34.0702 -94.3681 0
      vertex 34.049 -94.309 30
      vertex 34.049 -94.309 0
    endloop
  endfacet
  facet normal -0.941273 -0.337648 0
    outer loop
      vertex 34.0702 -94.3681 0
      vertex 34.0702 -94.3681 30
      vertex 34.049 -94.309 30
    endloop
  endfacet
  facet normal -0.917575 -0.397563 0
    outer loop
      vertex 34.0952 -94.4258 0
      vertex 34.0702 -94.3681 30
      vertex 34.0702 -94.3681 0
    endloop
  endfacet
  facet normal -0.917575 -0.397563 0
    outer loop
      vertex 34.0952 -94.4258 0
      vertex 34.0952 -94.4258 30
      vertex 34.0702 -94.3681 30
    endloop
  endfacet
  facet normal -0.891222 -0.453568 0
    outer loop
      vertex 34.1237 -94.4818 0
      vertex 34.0952 -94.4258 30
      vertex 34.0952 -94.4258 0
    endloop
  endfacet
  facet normal -0.891222 -0.453568 0
    outer loop
      vertex 34.1237 -94.4818 0
      vertex 34.1237 -94.4818 30
      vertex 34.0952 -94.4258 30
    endloop
  endfacet
  facet normal -0.860292 -0.509802 0
    outer loop
      vertex 34.1557 -94.5358 0
      vertex 34.1237 -94.4818 30
      vertex 34.1237 -94.4818 0
    endloop
  endfacet
  facet normal -0.860292 -0.509802 0
    outer loop
      vertex 34.1557 -94.5358 0
      vertex 34.1557 -94.5358 30
      vertex 34.1237 -94.4818 30
    endloop
  endfacet
  facet normal -0.82737 -0.561657 0
    outer loop
      vertex 34.191 -94.5878 0
      vertex 34.1557 -94.5358 30
      vertex 34.1557 -94.5358 0
    endloop
  endfacet
  facet normal -0.82737 -0.561657 0
    outer loop
      vertex 34.191 -94.5878 0
      vertex 34.191 -94.5878 30
      vertex 34.1557 -94.5358 30
    endloop
  endfacet
  facet normal -0.789952 -0.613168 0
    outer loop
      vertex 34.2295 -94.6374 0
      vertex 34.191 -94.5878 30
      vertex 34.191 -94.5878 0
    endloop
  endfacet
  facet normal -0.789952 -0.613168 0
    outer loop
      vertex 34.2295 -94.6374 0
      vertex 34.2295 -94.6374 30
      vertex 34.191 -94.5878 30
    endloop
  endfacet
  facet normal -0.750303 -0.661095 0
    outer loop
      vertex 34.271 -94.6845 0
      vertex 34.2295 -94.6374 30
      vertex 34.2295 -94.6374 0
    endloop
  endfacet
  facet normal -0.750303 -0.661095 0
    outer loop
      vertex 34.271 -94.6845 0
      vertex 34.271 -94.6845 30
      vertex 34.2295 -94.6374 30
    endloop
  endfacet
  facet normal -0.707107 -0.707107 0
    outer loop
      vertex 34.3155 -94.729 0
      vertex 34.271 -94.6845 30
      vertex 34.271 -94.6845 0
    endloop
  endfacet
  facet normal -0.707107 -0.707107 0
    outer loop
      vertex 34.3155 -94.729 0
      vertex 34.3155 -94.729 30
      vertex 34.271 -94.6845 30
    endloop
  endfacet
  facet normal -0.661095 -0.750303 0
    outer loop
      vertex 34.3626 -94.7705 0
      vertex 34.3155 -94.729 30
      vertex 34.3155 -94.729 0
    endloop
  endfacet
  facet normal -0.661095 -0.750303 0
    outer loop
      vertex 34.3626 -94.7705 0
      vertex 34.3626 -94.7705 30
      vertex 34.3155 -94.729 30
    endloop
  endfacet
  facet normal -0.613168 -0.789952 0
    outer loop
      vertex 34.4122 -94.809 0
      vertex 34.3626 -94.7705 30
      vertex 34.3626 -94.7705 0
    endloop
  endfacet
  facet normal -0.613168 -0.789952 0
    outer loop
      vertex 34.4122 -94.809 0
      vertex 34.4122 -94.809 30
      vertex 34.3626 -94.7705 30
    endloop
  endfacet
  facet normal -0.561657 -0.82737 0
    outer loop
      vertex 34.4642 -94.8443 0
      vertex 34.4122 -94.809 30
      vertex 34.4122 -94.809 0
    endloop
  endfacet
  facet normal -0.561657 -0.82737 0
    outer loop
      vertex 34.4642 -94.8443 0
      vertex 34.4642 -94.8443 30
      vertex 34.4122 -94.809 30
    endloop
  endfacet
  facet normal -0.509802 -0.860292 0
    outer loop
      vertex 34.5182 -94.8763 0
      vertex 34.4642 -94.8443 30
      vertex 34.4642 -94.8443 0
    endloop
  endfacet
  facet normal -0.509802 -0.860292 0
    outer loop
      vertex 34.5182 -94.8763 0
      vertex 34.5182 -94.8763 30
      vertex 34.4642 -94.8443 30
    endloop
  endfacet
  facet normal -0.453568 -0.891222 0
    outer loop
      vertex 34.5742 -94.9048 0
      vertex 34.5182 -94.8763 30
      vertex 34.5182 -94.8763 0
    endloop
  endfacet
  facet normal -0.453568 -0.891222 0
    outer loop
      vertex 34.5742 -94.9048 0
      vertex 34.5742 -94.9048 30
      vertex 34.5182 -94.8763 30
    endloop
  endfacet
  facet normal -0.397563 -0.917575 0
    outer loop
      vertex 34.6319 -94.9298 0
      vertex 34.5742 -94.9048 30
      vertex 34.5742 -94.9048 0
    endloop
  endfacet
  facet normal -0.397563 -0.917575 0
    outer loop
      vertex 34.6319 -94.9298 0
      vertex 34.6319 -94.9298 30
      vertex 34.5742 -94.9048 30
    endloop
  endfacet
  facet normal -0.337648 -0.941273 0
    outer loop
      vertex 34.691 -94.951 0
      vertex 34.6319 -94.9298 30
      vertex 34.6319 -94.9298 0
    endloop
  endfacet
  facet normal -0.337648 -0.941273 0
    outer loop
      vertex 34.691 -94.951 0
      vertex 34.691 -94.951 30
      vertex 34.6319 -94.9298 30
    endloop
  endfacet
  facet normal -0.280183 -0.959946 0
    outer loop
      vertex 34.7513 -94.9686 0
      vertex 34.691 -94.951 30
      vertex 34.691 -94.951 0
    endloop
  endfacet
  facet normal -0.280183 -0.959946 0
    outer loop
      vertex 34.7513 -94.9686 0
      vertex 34.7513 -94.9686 30
      vertex 34.691 -94.951 30
    endloop
  endfacet
  facet normal -0.21811 -0.975924 0
    outer loop
      vertex 34.8126 -94.9823 0
      vertex 34.7513 -94.9686 30
      vertex 34.7513 -94.9686 0
    endloop
  endfacet
  facet normal -0.21811 -0.975924 0
    outer loop
      vertex 34.8126 -94.9823 0
      vertex 34.8126 -94.9823 30
      vertex 34.7513 -94.9686 30
    endloop
  endfacet
  facet normal -0.155881 -0.987776 0
    outer loop
      vertex 34.8747 -94.9921 0
      vertex 34.8126 -94.9823 30
      vertex 34.8126 -94.9823 0
    endloop
  endfacet
  facet normal -0.155881 -0.987776 0
    outer loop
      vertex 34.8747 -94.9921 0
      vertex 34.8747 -94.9921 30
      vertex 34.8126 -94.9823 30
    endloop
  endfacet
  facet normal -0.0939822 -0.995574 0
    outer loop
      vertex 34.9372 -94.998 0
      vertex 34.8747 -94.9921 30
      vertex 34.8747 -94.9921 0
    endloop
  endfacet
  facet normal -0.0939822 -0.995574 0
    outer loop
      vertex 34.9372 -94.998 0
      vertex 34.9372 -94.998 30
      vertex 34.8747 -94.9921 30
    endloop
  endfacet
  facet normal -0.031831 -0.999493 0
    outer loop
      vertex 35 -95 0
      vertex 34.9372 -94.998 30
      vertex 34.9372 -94.998 0
    endloop
  endfacet
  facet normal -0.031831 -0.999493 0
    outer loop
      vertex 35 -95 0
      vertex 35 -95 30
      vertex 34.9372 -94.998 30
    endloop
  endfacet
  facet normal 0 -1 0
    outer loop
      vertex 36.5858 -95 0
      vertex 35 -95 30
      vertex 35 -95 0
    endloop
  endfacet
  facet normal 0 -1 0
    outer loop
      vertex 36.5858 -95 0
      vertex 36.5858 -95 30
      vertex 35 -95 30
    endloop
  endfacet
  facet normal 0.031831 -0.999493 0
    outer loop
      vertex 36.6486 -94.998 0
      vertex 36.5858 -95 30
      vertex 36.5858 -95 0
    endloop
  endfacet
  facet normal 0.031831 -0.999493 0
    outer loop
      vertex 36.6486 -94.998 0
      vertex 36.6486 -94.998 30
      vertex 36.5858 -95 30
    endloop
  endfacet
  facet normal 0.0939822 -0.995574 0
    outer loop
      vertex 36.7111 -94.9921 0
      vertex 36.6486 -94.998 30
      vertex 36.6486 -94.998 0
    endloop
  endfacet
  facet normal 0.0939822 -0.995574 0
    outer loop
      vertex 36.7111 -94.9921 0
      vertex 36.7111 -94.9921 30
      vertex 36.6486 -94.998 30
    endloop
  endfacet
  facet normal 0.155881 -0.987776 0
    outer loop
      vertex 36.7732 -94.9823 0
      vertex 36.7111 -94.9921 30
      vertex 36.7111 -94.9921 0
    endloop
  endfacet
  facet normal 0.155881 -0.987776 0
    outer loop
      vertex 36.7732 -94.9823 0
      vertex 36.7732 -94.9823 30
      vertex 36.7111 -94.9921 30
    endloop
  endfacet
  facet normal 0.21811 -0.975924 0
    outer loop
      vertex 36.8345 -94.9686 0
      vertex 36.7732 -94.9823 30
      vertex 36.7732 -94.9823 0
    endloop
  endfacet
  facet normal 0.21811 -0.975924 0
    outer loop
      vertex 36.8345 -94.9686 0
      vertex 36.8345 -94.9686 30
      vertex 36.7732 -94.9823 30
    endloop
  endfacet
  facet normal 0.280183 -0.959946 0
    outer loop
      vertex 36.8948 -94.951 0
      vertex 36.8345 -94.9686 30
      vertex 36.8345 -94.9686 0
    endloop
  endfacet
  facet normal 0.280183 -0.959946 0
    outer loop
      vertex 36.8948 -94.951 0
      vertex 36.8948 -94.951 30
      vertex 36.8345 -94.9686 30
    endloop
  endfacet
  facet normal 0.337648 -0.941273 0
    outer loop
      vertex 36.9539 -94.9298 0
      vertex 36.8948 -94.951 30
      vertex 36.8948 -94.951 0
    endloop
  endfacet
  facet normal 0.337648 -0.941273 0
    outer loop
      vertex 36.9539 -94.9298 0
      vertex 36.9539 -94.9298 30
      vertex 36.8948 -94.951 30
    endloop
  endfacet
  facet normal 0.397563 -0.917575 0
    outer loop
      vertex 37.0116 -94.9048 0
      vertex 36.9539 -94.9298 30
      vertex 36.9539 -94.9298 0
    endloop
  endfacet
  facet normal 0.397563 -0.917575 0
    outer loop
      vertex 37.0116 -94.9048 0
      vertex 37.0116 -94.9048 30
      vertex 36.9539 -94.9298 30
    endloop
  endfacet
  facet normal 0.454212 -0.890894 0
    outer loop
      vertex 37.0675 -94.8763 0
      vertex 37.0116 -94.9048 30
      vertex 37.0116 -94.9048 0
    endloop
  endfacet
  facet normal 0.454212 -0.890894 0
    outer loop
      vertex 37.0675 -94.8763 0
      vertex 37.0675 -94.8763 30
      vertex 37.0116 -94.9048 30
    endloop
  endfacet
  facet normal 0.509104 -0.860705 0
    outer loop
      vertex 37.1216 -94.8443 0
      vertex 37.0675 -94.8763 30
      vertex 37.0675 -94.8763 0
    endloop
  endfacet
  facet normal 0.509104 -0.860705 0
    outer loop
      vertex 37.1216 -94.8443 0
      vertex 37.1216 -94.8443 30
      vertex 37.0675 -94.8763 30
    endloop
  endfacet
  facet normal 0.561657 -0.82737 0
    outer loop
      vertex 37.1736 -94.809 0
      vertex 37.1216 -94.8443 30
      vertex 37.1216 -94.8443 0
    endloop
  endfacet
  facet normal 0.561657 -0.82737 0
    outer loop
      vertex 37.1736 -94.809 0
      vertex 37.1736 -94.809 30
      vertex 37.1216 -94.8443 30
    endloop
  endfacet
  facet normal 0.613168 -0.789952 0
    outer loop
      vertex 37.2232 -94.7705 0
      vertex 37.1736 -94.809 30
      vertex 37.1736 -94.809 0
    endloop
  endfacet
  facet normal 0.613168 -0.789952 0
    outer loop
      vertex 37.2232 -94.7705 0
      vertex 37.2232 -94.7705 30
      vertex 37.1736 -94.809 30
    endloop
  endfacet
  facet normal 0.661095 -0.750303 0
    outer loop
      vertex 37.2703 -94.729 0
      vertex 37.2232 -94.7705 30
      vertex 37.2232 -94.7705 0
    endloop
  endfacet
  facet normal 0.661095 -0.750303 0
    outer loop
      vertex 37.2703 -94.729 0
      vertex 37.2703 -94.729 30
      vertex 37.2232 -94.7705 30
    endloop
  endfacet
  facet normal 0.695898 -0.718141 0
    outer loop
      vertex 37.2929 -94.7071 0
      vertex 37.2703 -94.729 30
      vertex 37.2703 -94.729 0
    endloop
  endfacet
  facet normal 0.695898 -0.718141 0
    outer loop
      vertex 37.2929 -94.7071 0
      vertex 37.2929 -94.7071 30
      vertex 37.2703 -94.729 30
    endloop
  endfacet
  facet normal 0.707107 -0.707107 0
    outer loop
      vertex 61.7071 -70.2929 0
      vertex 37.2929 -94.7071 30
      vertex 37.2929 -94.7071 0
    endloop
  endfacet
  facet normal 0.707107 -0.707107 0
    outer loop
      vertex 61.7071 -70.2929 0
      vertex 61.7071 -70.2929 30
      vertex 37.2929 -94.7071 30
    endloop
  endfacet
  facet normal 0.729041 -0.68447 0
    outer loop
      vertex 61.7501 -70.2471 0
      vertex 61.7071 -70.2929 30
      vertex 61.7071 -70.2929 0
    endloop
  endfacet
  facet normal 0.729041 -0.68447 0
    outer loop
      vertex 61.7501 -70.2471 0
      vertex 61.7501 -70.2471 30
      vertex 61.7071 -70.2929 30
    endloop
  endfacet
  facet normal 0.770044 -0.637991 0
    outer loop
      vertex 61.7902 -70.1987 0
      vertex 61.7501 -70.2471 30
      vertex 61.7501 -70.2471 0
    endloop
  endfacet
  facet normal 0.770044 -0.637991 0
    outer loop
      vertex 61.7902 -70.1987 0
      vertex 61.7902 -70.1987 30
      vertex 61.7501 -70.2471 30
    endloop
  endfacet
  facet normal 0.80908 -0.587698 0
    outer loop
      vertex 61.8271 -70.1479 0
      vertex 61.7902 -70.1987 30
      vertex 61.7902 -70.1987 0
    endloop
  endfacet
  facet normal 0.80908 -0.587698 0
    outer loop
      vertex 61.8271 -70.1479 0
      vertex 61.8271 -70.1479 30
      vertex 61.7902 -70.1987 30
    endloop
  endfacet
  facet normal 0.845035 -0.534711 0
    outer loop
      vertex 61.8607 -70.0948 0
      vertex 61.8271 -70.1479 30
      vertex 61.8271 -70.1479 0
    endloop
  endfacet
  facet normal 0.845035 -0.534711 0
    outer loop
      vertex 61.8607 -70.0948 0
      vertex 61.8607 -70.0948 30
      vertex 61.8271 -70.1479 30
    endloop
  endfacet
  facet normal 0.875879 -0.48253 0
    outer loop
      vertex 61.891 -70.0398 0
      vertex 61.8607 -70.0948 30
      vertex 61.8607 -70.0948 0
    endloop
  endfacet
  facet normal 0.875879 -0.48253 0
    outer loop
      vertex 61.891 -70.0398 0
      vertex 61.891 -70.0398 30
      vertex 61.8607 -70.0948 30
    endloop
  endfacet
  facet normal 0.904675 -0.426103 0
    outer loop
      vertex 61.9178 -69.9829 0
      vertex 61.891 -70.0398 30
      vertex 61.891 -70.0398 0
    endloop
  endfacet
  facet normal 0.904675 -0.426103 0
    outer loop
      vertex 61.9178 -69.9829 0
      vertex 61.9178 -69.9829 30
      vertex 61.891 -70.0398 30
    endloop
  endfacet
  facet normal 0.929897 -0.367819 0
    outer loop
      vertex 61.9409 -69.9245 0
      vertex 61.9178 -69.9829 30
      vertex 61.9178 -69.9829 0
    endloop
  endfacet
  facet normal 0.929897 -0.367819 0
    outer loop
      vertex 61.9409 -69.9245 0
      vertex 61.9409 -69.9245 30
      vertex 61.9178 -69.9829 30
    endloop
  endfacet
  facet normal 0.951046 -0.30905 0
    outer loop
      vertex 61.9603 -69.8648 0
      vertex 61.9409 -69.9245 30
      vertex 61.9409 -69.9245 0
    endloop
  endfacet
  facet normal 0.951046 -0.30905 0
    outer loop
      vertex 61.9603 -69.8648 0
      vertex 61.9603 -69.8648 30
      vertex 61.9409 -69.9245 30
    endloop
  endfacet
  facet normal 0.968723 -0.248146 0
    outer loop
      vertex 61.9759 -69.8039 0
      vertex 61.9603 -69.8648 30
      vertex 61.9603 -69.8648 0
    endloop
  endfacet
  facet normal 0.968723 -0.248146 0
    outer loop
      vertex 61.9759 -69.8039 0
      vertex 61.9759 -69.8039 30
      vertex 61.9603 -69.8648 30
    endloop
  endfacet
  facet normal 0.982199 -0.187844 0
    outer loop
      vertex 61.9877 -69.7422 0
      vertex 61.9759 -69.8039 30
      vertex 61.9759 -69.8039 0
    endloop
  endfacet
  facet normal 0.982199 -0.187844 0
    outer loop
      vertex 61.9877 -69.7422 0
      vertex 61.9877 -69.7422 30
      vertex 61.9759 -69.8039 30
    endloop
  endfacet
  facet normal 0.992056 -0.125798 0
    outer loop
      vertex 61.9956 -69.6799 0
      vertex 61.9877 -69.7422 30
      vertex 61.9877 -69.7422 0
    endloop
  endfacet
  facet normal 0.992056 -0.125798 0
    outer loop
      vertex 61.9956 -69.6799 0
      vertex 61.9956 -69.6799 30
      vertex 61.9877 -69.7422 30
    endloop
  endfacet
  facet normal 0.998071 -0.062081 0
    outer loop
      vertex 61.9995 -69.6172 0
      vertex 61.9956 -69.6799 30
      vertex 61.9956 -69.6799 0
    endloop
  endfacet
  facet normal 0.998071 -0.062081 0
    outer loop
      vertex 61.9995 -69.6172 0
      vertex 61.9995 -69.6172 30
      vertex 61.9956 -69.6799 30
    endloop
  endfacet
  facet normal 0.999873 -0.0159215 0
    outer loop
      vertex 62 -69.5858 0
      vertex 61.9995 -69.6172 30
      vertex 61.9995 -69.6172 0
    endloop
  endfacet
  facet normal 0.999873 -0.0159215 0
    outer loop
      vertex 62 -69.5858 0
      vertex 62 -69.5858 30
      vertex 61.9995 -69.6172 30
    endloop
  endfacet
  facet normal 1 0 0
    outer loop
      vertex 62 -61 0
      vertex 62 -69.5858 30
      vertex 62 -69.5858 0
    endloop
  endfacet
  facet normal 1 0 -0
    outer loop
      vertex 62 -61 0
      vertex 62 -61 30
      vertex 62 -69.5858 30
    endloop
  endfacet
  facet normal 0.999493 0.031831 0
    outer loop
      vertex 61.998 -60.9372 0
      vertex 62 -61 30
      vertex 62 -61 0
    endloop
  endfacet
  facet normal 0.999493 0.031831 -0
    outer loop
      vertex 61.998 -60.9372 0
      vertex 61.998 -60.9372 30
      vertex 62 -61 30
    endloop
  endfacet
  facet normal 0.995574 0.0939822 0
    outer loop
      vertex 61.9921 -60.8747 0
      vertex 61.998 -60.9372 30
      vertex 61.998 -60.9372 0
    endloop
  endfacet
  facet normal 0.995574 0.0939822 -0
    outer loop
      vertex 61.9921 -60.8747 0
      vertex 61.9921 -60.8747 30
      vertex 61.998 -60.9372 30
    endloop
  endfacet
  facet normal 0.987776 0.155881 0
    outer loop
      vertex 61.9823 -60.8126 0
      vertex 61.9921 -60.8747 30
      vertex 61.9921 -60.8747 0
    endloop
  endfacet
  facet normal 0.987776 0.155881 -0
    outer loop
      vertex 61.9823 -60.8126 0
      vertex 61.9823 -60.8126 30
      vertex 61.9921 -60.8747 30
    endloop
  endfacet
  facet normal 0.975924 0.21811 0
    outer loop
      vertex 61.9686 -60.7513 0
      vertex 61.9823 -60.8126 30
      vertex 61.9823 -60.8126 0
    endloop
  endfacet
  facet normal 0.975924 0.21811 -0
    outer loop
      vertex 61.9686 -60.7513 0
      vertex 61.9686 -60.7513 30
      vertex 61.9823 -60.8126 30
    endloop
  endfacet
  facet normal 0.959946 0.280183 0
    outer loop
      vertex 61.951 -60.691 0
      vertex 61.9686 -60.7513 30
      vertex 61.9686 -60.7513 0
    endloop
  endfacet
  facet normal 0.959946 0.280183 -0
    outer loop
      vertex 61.951 -60.691 0
      vertex 61.951 -60.691 30
      vertex 61.9686 -60.7513 30
    endloop
  endfacet
  facet normal 0.941273 0.337648 0
    outer loop
      vertex 61.9298 -60.6319 0
      vertex 61.951 -60.691 30
      vertex 61.951 -60.691 0
    endloop
  endfacet
  facet normal 0.941273 0.337648 -0
    outer loop
      vertex 61.9298 -60.6319 0
      vertex 61.9298 -60.6319 30
      vertex 61.951 -60.691 30
    endloop
  endfacet
  facet normal 0.917575 0.397563 0
    outer loop
      vertex 61.9048 -60.5742 0
      vertex 61.9298 -60.6319 30
      vertex 61.9298 -60.6319 0
    endloop
  endfacet
  facet normal 0.917575 0.397563 -0
    outer loop
      vertex 61.9048 -60.5742 0
      vertex 61.9048 -60.5742 30
      vertex 61.9298 -60.6319 30
    endloop
  endfacet
  facet normal 0.891222 0.453568 0
    outer loop
      vertex 61.8763 -60.5182 0
      vertex 61.9048 -60.5742 30
      vertex 61.9048 -60.5742 0
    endloop
  endfacet
  facet normal 0.891222 0.453568 -0
    outer loop
      vertex 61.8763 -60.5182 0
      vertex 61.8763 -60.5182 30
      vertex 61.9048 -60.5742 30
    endloop
  endfacet
  facet normal 0.860292 0.509802 0
    outer loop
      vertex 61.8443 -60.4642 0
      vertex 61.8763 -60.5182 30
      vertex 61.8763 -60.5182 0
    endloop
  endfacet
  facet normal 0.860292 0.509802 -0
    outer loop
      vertex 61.8443 -60.4642 0
      vertex 61.8443 -60.4642 30
      vertex 61.8763 -60.5182 30
    endloop
  endfacet
  facet normal 0.82737 0.561657 0
    outer loop
      vertex 61.809 -60.4122 0
      vertex 61.8443 -60.4642 30
      vertex 61.8443 -60.4642 0
    endloop
  endfacet
  facet normal 0.82737 0.561657 -0
    outer loop
      vertex 61.809 -60.4122 0
      vertex 61.809 -60.4122 30
      vertex 61.8443 -60.4642 30
    endloop
  endfacet
  facet normal 0.789952 0.613168 0
    outer loop
      vertex 61.7705 -60.3626 0
      vertex 61.809 -60.4122 30
      vertex 61.809 -60.4122 0
    endloop
  endfacet
  facet normal 0.789952 0.613168 -0
    outer loop
      vertex 61.7705 -60.3626 0
      vertex 61.7705 -60.3626 30
      vertex 61.809 -60.4122 30
    endloop
  endfacet
  facet normal 0.750303 0.661095 0
    outer loop
      vertex 61.729 -60.3155 0
      vertex 61.7705 -60.3626 30
      vertex 61.7705 -60.3626 0
    endloop
  endfacet
  facet normal 0.750303 0.661095 -0
    outer loop
      vertex 61.729 -60.3155 0
      vertex 61.729 -60.3155 30
      vertex 61.7705 -60.3626 30
    endloop
  endfacet
  facet normal 0.707107 0.707107 0
    outer loop
      vertex 61.6845 -60.271 0
      vertex 61.729 -60.3155 30
      vertex 61.729 -60.3155 0
    endloop
  endfacet
  facet normal 0.707107 0.707107 -0
    outer loop
      vertex 61.6845 -60.271 0
      vertex 61.6845 -60.271 30
      vertex 61.729 -60.3155 30
    endloop
  endfacet
  facet normal 0.661095 0.750303 0
    outer loop
      vertex 61.6374 -60.2295 0
      vertex 61.6845 -60.271 30
      vertex 61.6845 -60.271 0
    endloop
  endfacet
  facet normal 0.661095 0.750303 -0
    outer loop
      vertex 61.6374 -60.2295 0
      vertex 61.6374 -60.2295 30
      vertex 61.6845 -60.271 30
    endloop
  endfacet
  facet normal 0.613168 0.789952 0
    outer loop
      vertex 61.5878 -60.191 0
      vertex 61.6374 -60.2295 30
      vertex 61.6374 -60.2295 0
    endloop
  endfacet
  facet normal 0.613168 0.789952 -0
    outer loop
      vertex 61.5878 -60.191 0
      vertex 61.5878 -60.191 30
      vertex 61.6374 -60.2295 30
    endloop
  endfacet
  facet normal 0.561657 0.82737 0
    outer loop
      vertex 61.5358 -60.1557 0
      vertex 61.5878 -60.191 30
      vertex 61.5878 -60.191 0
    endloop
  endfacet
  facet normal 0.561657 0.82737 -0
    outer loop
      vertex 61.5358 -60.1557 0
      vertex 61.5358 -60.1557 30
      vertex 61.5878 -60.191 30
    endloop
  endfacet
  facet normal 0.509802 0.860292 0
    outer loop
      vertex 61.4818 -60.1237 0
      vertex 61.5358 -60.1557 30
      vertex 61.5358 -60.1557 0
    endloop
  endfacet
  facet normal 0.509802 0.860292 -0
    outer loop
      vertex 61.4818 -60.1237 0
      vertex 61.4818 -60.1237 30
      vertex 61.5358 -60.1557 30
    endloop
  endfacet
  facet normal 0.453568 0.891222 0
    outer loop
      vertex 61.4258 -60.0952 0
      vertex 61.4818 -60.1237 30
      vertex 61.4818 -60.1237 0
    endloop
  endfacet
  facet normal 0.453568 0.891222 -0
    outer loop
      vertex 61.4258 -60.0952 0
      vertex 61.4258 -60.0952 30
      vertex 61.4818 -60.1237 30
    endloop
  endfacet
  facet normal 0.397563 0.917575 0
    outer loop
      vertex 61.3681 -60.0702 0
      vertex 61.4258 -60.0952 30
      vertex 61.4258 -60.0952 0
    endloop
  endfacet
  facet normal 0.397563 0.917575 -0
    outer loop
      vertex 61.3681 -60.0702 0
      vertex 61.3681 -60.0702 30
      vertex 61.4258 -60.0952 30
    endloop
  endfacet
  facet normal 0.337648 0.941273 0
    outer loop
      vertex 61.309 -60.049 0
      vertex 61.3681 -60.0702 30
      vertex 61.3681 -60.0702 0
    endloop
  endfacet
  facet normal 0.337648 0.941273 -0
    outer loop
      vertex 61.309 -60.049 0
      vertex 61.309 -60.049 30
      vertex 61.3681 -60.0702 30
    endloop
  endfacet
  facet normal 0.280183 0.959946 0
    outer loop
      vertex 61.2487 -60.0314 0
      vertex 61.309 -60.049 30
      vertex 61.309 -60.049 0
    endloop
  endfacet
  facet normal 0.280183 0.959946 -0
    outer loop
      vertex 61.2487 -60.0314 0
      vertex 61.2487 -60.0314 30
      vertex 61.309 -60.049 30
    endloop
  endfacet
  facet normal 0.21811 0.975924 0
    outer loop
      vertex 61.1874 -60.0177 0
      vertex 61.2487 -60.0314 30
      vertex 61.2487 -60.0314 0
    endloop
  endfacet
  facet normal 0.21811 0.975924 -0
    outer loop
      vertex 61.1874 -60.0177 0
      vertex 61.1874 -60.0177 30
      vertex 61.2487 -60.0314 30
    endloop
  endfacet
  facet normal 0.155881 0.987776 0
    outer loop
      vertex 61.1253 -60.0079 0
      vertex 61.1874 -60.0177 30
      vertex 61.1874 -60.0177 0
    endloop
  endfacet
  facet normal 0.155881 0.987776 -0
    outer loop
      vertex 61.1253 -60.0079 0
      vertex 61.1253 -60.0079 30
      vertex 61.1874 -60.0177 30
    endloop
  endfacet
  facet normal 0.0939822 0.995574 0
    outer loop
      vertex 61.0628 -60.002 0
      vertex 61.1253 -60.0079 30
      vertex 61.1253 -60.0079 0
    endloop
  endfacet
  facet normal 0.0939822 0.995574 -0
    outer loop
      vertex 61.0628 -60.002 0
      vertex 61.0628 -60.002 30
      vertex 61.1253 -60.0079 30
    endloop
  endfacet
  facet normal 0.031831 0.999493 0
    outer loop
      vertex 61 -60 0
      vertex 61.0628 -60.002 30
      vertex 61.0628 -60.002 0
    endloop
  endfacet
  facet normal 0.031831 0.999493 -0
    outer loop
      vertex 61 -60 0
      vertex 61 -60 30
      vertex 61.0628 -60.002 30
    endloop
  endfacet
  facet normal 0 1 0
    outer loop
      vertex 59.9998 -60 0
      vertex 61 -60 30
      vertex 61 -60 0
    endloop
  endfacet
  facet normal 0 1 0
    outer loop
      vertex 59.9998 -60 0
      vertex 59.9998 -60 30
      vertex 61 -60 30
    endloop
  endfacet
  facet normal -0.031831 0.999493 0
    outer loop
      vertex 59.937 -60.002 0
      vertex 59.9998 -60 30
      vertex 59.9998 -60 0
    endloop
  endfacet
  facet normal -0.031831 0.999493 0
    outer loop
      vertex 59.937 -60.002 0
      vertex 59.937 -60.002 30
      vertex 59.9998 -60 30
    endloop
  endfacet
  facet normal -0.0938334 0.995588 0
    outer loop
      vertex 59.8744 -60.0079 0
      vertex 59.937 -60.002 30
      vertex 59.937 -60.002 0
    endloop
  endfacet
  facet normal -0.0938334 0.995588 0
    outer loop
      vertex 59.8744 -60.0079 0
      vertex 59.8744 -60.0079 30
      vertex 59.937 -60.002 30
    endloop
  endfacet
  facet normal -0.156126 0.987737 0
    outer loop
      vertex 59.8124 -60.0177 0
      vertex 59.8744 -60.0079 30
      vertex 59.8744 -60.0079 0
    endloop
  endfacet
  facet normal -0.156126 0.987737 0
    outer loop
      vertex 59.8124 -60.0177 0
      vertex 59.8124 -60.0177 30
      vertex 59.8744 -60.0079 30
    endloop
  endfacet
  facet normal -0.21811 0.975924 0
    outer loop
      vertex 59.7511 -60.0314 0
      vertex 59.8124 -60.0177 30
      vertex 59.8124 -60.0177 0
    endloop
  endfacet
  facet normal -0.21811 0.975924 0
    outer loop
      vertex 59.7511 -60.0314 0
      vertex 59.7511 -60.0314 30
      vertex 59.8124 -60.0177 30
    endloop
  endfacet
  facet normal -0.279756 0.960071 0
    outer loop
      vertex 59.6907 -60.049 0
      vertex 59.7511 -60.0314 30
      vertex 59.7511 -60.0314 0
    endloop
  endfacet
  facet normal -0.279756 0.960071 0
    outer loop
      vertex 59.6907 -60.049 0
      vertex 59.6907 -60.049 30
      vertex 59.7511 -60.0314 30
    endloop
  endfacet
  facet normal -0.337648 0.941273 0
    outer loop
      vertex 59.6316 -60.0702 0
      vertex 59.6907 -60.049 30
      vertex 59.6907 -60.049 0
    endloop
  endfacet
  facet normal -0.337648 0.941273 0
    outer loop
      vertex 59.6316 -60.0702 0
      vertex 59.6316 -60.0702 30
      vertex 59.6907 -60.049 30
    endloop
  endfacet
  facet normal -0.398144 0.917323 0
    outer loop
      vertex 59.574 -60.0952 0
      vertex 59.6316 -60.0702 30
      vertex 59.6316 -60.0702 0
    endloop
  endfacet
  facet normal -0.398144 0.917323 0
    outer loop
      vertex 59.574 -60.0952 0
      vertex 59.574 -60.0952 30
      vertex 59.6316 -60.0702 30
    endloop
  endfacet
  facet normal -0.453568 0.891222 0
    outer loop
      vertex 59.518 -60.1237 0
      vertex 59.574 -60.0952 30
      vertex 59.574 -60.0952 0
    endloop
  endfacet
  facet normal -0.453568 0.891222 0
    outer loop
      vertex 59.518 -60.1237 0
      vertex 59.518 -60.1237 30
      vertex 59.574 -60.0952 30
    endloop
  endfacet
  facet normal -0.509104 0.860705 0
    outer loop
      vertex 59.4639 -60.1557 0
      vertex 59.518 -60.1237 30
      vertex 59.518 -60.1237 0
    endloop
  endfacet
  facet normal -0.509104 0.860705 0
    outer loop
      vertex 59.4639 -60.1557 0
      vertex 59.4639 -60.1557 30
      vertex 59.518 -60.1237 30
    endloop
  endfacet
  facet normal -0.562397 0.826867 0
    outer loop
      vertex 59.412 -60.191 0
      vertex 59.4639 -60.1557 30
      vertex 59.4639 -60.1557 0
    endloop
  endfacet
  facet normal -0.562397 0.826867 0
    outer loop
      vertex 59.412 -60.191 0
      vertex 59.412 -60.191 30
      vertex 59.4639 -60.1557 30
    endloop
  endfacet
  facet normal -0.612398 0.79055 0
    outer loop
      vertex 59.3623 -60.2295 0
      vertex 59.412 -60.191 30
      vertex 59.412 -60.191 0
    endloop
  endfacet
  facet normal -0.612398 0.79055 0
    outer loop
      vertex 59.3623 -60.2295 0
      vertex 59.3623 -60.2295 30
      vertex 59.412 -60.191 30
    endloop
  endfacet
  facet normal -0.661095 0.750303 0
    outer loop
      vertex 59.3152 -60.271 0
      vertex 59.3623 -60.2295 30
      vertex 59.3623 -60.2295 0
    endloop
  endfacet
  facet normal -0.661095 0.750303 0
    outer loop
      vertex 59.3152 -60.271 0
      vertex 59.3152 -60.271 30
      vertex 59.3623 -60.2295 30
    endloop
  endfacet
  facet normal -0.707902 0.706311 0
    outer loop
      vertex 59.2708 -60.3155 0
      vertex 59.3152 -60.271 30
      vertex 59.3152 -60.271 0
    endloop
  endfacet
  facet normal -0.707902 0.706311 0
    outer loop
      vertex 59.2708 -60.3155 0
      vertex 59.2708 -60.3155 30
      vertex 59.3152 -60.271 30
    endloop
  endfacet
  facet normal -0.749513 0.66199 0
    outer loop
      vertex 59.2292 -60.3626 0
      vertex 59.2708 -60.3155 30
      vertex 59.2708 -60.3155 0
    endloop
  endfacet
  facet normal -0.749513 0.66199 0
    outer loop
      vertex 59.2292 -60.3626 0
      vertex 59.2292 -60.3626 30
      vertex 59.2708 -60.3155 30
    endloop
  endfacet
  facet normal -0.789952 0.613168 0
    outer loop
      vertex 59.1907 -60.4122 0
      vertex 59.2292 -60.3626 30
      vertex 59.2292 -60.3626 0
    endloop
  endfacet
  facet normal -0.789952 0.613168 0
    outer loop
      vertex 59.1907 -60.4122 0
      vertex 59.1907 -60.4122 30
      vertex 59.2292 -60.3626 30
    endloop
  endfacet
  facet normal -0.82737 0.561657 0
    outer loop
      vertex 59.1554 -60.4642 0
      vertex 59.1907 -60.4122 30
      vertex 59.1907 -60.4122 0
    endloop
  endfacet
  facet normal -0.82737 0.561657 0
    outer loop
      vertex 59.1554 -60.4642 0
      vertex 59.1554 -60.4642 30
      vertex 59.1907 -60.4122 30
    endloop
  endfacet
  facet normal -0.860292 0.509802 0
    outer loop
      vertex 59.1234 -60.5182 0
      vertex 59.1554 -60.4642 30
      vertex 59.1554 -60.4642 0
    endloop
  endfacet
  facet normal -0.860292 0.509802 0
    outer loop
      vertex 59.1234 -60.5182 0
      vertex 59.1234 -60.5182 30
      vertex 59.1554 -60.4642 30
    endloop
  endfacet
  facet normal -0.891222 0.453568 0
    outer loop
      vertex 59.0949 -60.5742 0
      vertex 59.1234 -60.5182 30
      vertex 59.1234 -60.5182 0
    endloop
  endfacet
  facet normal -0.891222 0.453568 0
    outer loop
      vertex 59.0949 -60.5742 0
      vertex 59.0949 -60.5742 30
      vertex 59.1234 -60.5182 30
    endloop
  endfacet
  facet normal -0.918154 0.396223 0
    outer loop
      vertex 59.07 -60.6319 0
      vertex 59.0949 -60.5742 30
      vertex 59.0949 -60.5742 0
    endloop
  endfacet
  facet normal -0.918154 0.396223 0
    outer loop
      vertex 59.07 -60.6319 0
      vertex 59.07 -60.6319 30
      vertex 59.0949 -60.5742 30
    endloop
  endfacet
  facet normal -0.940766 0.339058 0
    outer loop
      vertex 59.0487 -60.691 0
      vertex 59.07 -60.6319 30
      vertex 59.07 -60.6319 0
    endloop
  endfacet
  facet normal -0.940766 0.339058 0
    outer loop
      vertex 59.0487 -60.691 0
      vertex 59.0487 -60.691 30
      vertex 59.07 -60.6319 30
    endloop
  endfacet
  facet normal -0.960374 0.278715 0
    outer loop
      vertex 59.0312 -60.7513 0
      vertex 59.0487 -60.691 30
      vertex 59.0487 -60.691 0
    endloop
  endfacet
  facet normal -0.960374 0.278715 0
    outer loop
      vertex 59.0312 -60.7513 0
      vertex 59.0312 -60.7513 30
      vertex 59.0487 -60.691 30
    endloop
  endfacet
  facet normal -0.975924 0.21811 0
    outer loop
      vertex 59.0175 -60.8126 0
      vertex 59.0312 -60.7513 30
      vertex 59.0312 -60.7513 0
    endloop
  endfacet
  facet normal -0.975924 0.21811 0
    outer loop
      vertex 59.0175 -60.8126 0
      vertex 59.0175 -60.8126 30
      vertex 59.0312 -60.7513 30
    endloop
  endfacet
  facet normal -0.98753 0.157432 0
    outer loop
      vertex 59.0076 -60.8747 0
      vertex 59.0175 -60.8126 30
      vertex 59.0175 -60.8126 0
    endloop
  endfacet
  facet normal -0.98753 0.157432 0
    outer loop
      vertex 59.0076 -60.8747 0
      vertex 59.0076 -60.8747 30
      vertex 59.0175 -60.8126 30
    endloop
  endfacet
  facet normal -0.995574 0.0939822 0
    outer loop
      vertex 59.0017 -60.9372 0
      vertex 59.0076 -60.8747 30
      vertex 59.0076 -60.8747 0
    endloop
  endfacet
  facet normal -0.995574 0.0939822 0
    outer loop
      vertex 59.0017 -60.9372 0
      vertex 59.0017 -60.9372 30
      vertex 59.0076 -60.8747 30
    endloop
  endfacet
  facet normal -0.999264 0.0383513 0
    outer loop
      vertex 58.9999 -60.9841 0
      vertex 59.0017 -60.9372 30
      vertex 59.0017 -60.9372 0
    endloop
  endfacet
  facet normal -0.999264 0.0383513 0
    outer loop
      vertex 58.9999 -60.9841 0
      vertex 58.9999 -60.9841 30
      vertex 59.0017 -60.9372 30
    endloop
  endfacet
  facet normal -0.999882 0.0153435 0
    outer loop
      vertex 58.9993 -61.0232 0
      vertex 58.9999 -60.9841 30
      vertex 58.9999 -60.9841 0
    endloop
  endfacet
  facet normal -0.999882 0.0153435 0
    outer loop
      vertex 58.9993 -61.0232 0
      vertex 58.9993 -61.0232 30
      vertex 58.9999 -60.9841 30
    endloop
  endfacet
  facet normal -0.999504 0.0315059 0
    outer loop
      vertex 58.9837 -61.5181 0
      vertex 58.9993 -61.0232 30
      vertex 58.9993 -61.0232 0
    endloop
  endfacet
  facet normal -0.999504 0.0315059 0
    outer loop
      vertex 58.9837 -61.5181 0
      vertex 58.9837 -61.5181 30
      vertex 58.9993 -61.0232 30
    endloop
  endfacet
  facet normal -0.998048 0.0624442 0
    outer loop
      vertex 58.9778 -61.6124 0
      vertex 58.9837 -61.5181 30
      vertex 58.9837 -61.5181 0
    endloop
  endfacet
  facet normal -0.998048 0.0624442 0
    outer loop
      vertex 58.9778 -61.6124 0
      vertex 58.9778 -61.6124 30
      vertex 58.9837 -61.5181 30
    endloop
  endfacet
  facet normal -0.995565 0.0940775 0
    outer loop
      vertex 58.9335 -62.0812 0
      vertex 58.9778 -61.6124 30
      vertex 58.9778 -61.6124 0
    endloop
  endfacet
  facet normal -0.995565 0.0940775 0
    outer loop
      vertex 58.9335 -62.0812 0
      vertex 58.9335 -62.0812 30
      vertex 58.9778 -61.6124 30
    endloop
  endfacet
  facet normal -0.992063 0.125739 0
    outer loop
      vertex 58.9217 -62.1743 0
      vertex 58.9335 -62.0812 30
      vertex 58.9335 -62.0812 0
    endloop
  endfacet
  facet normal -0.992063 0.125739 0
    outer loop
      vertex 58.9217 -62.1743 0
      vertex 58.9217 -62.1743 30
      vertex 58.9335 -62.0812 30
    endloop
  endfacet
  facet normal -0.987698 0.156377 0
    outer loop
      vertex 58.848 -62.6398 0
      vertex 58.9217 -62.1743 30
      vertex 58.9217 -62.1743 0
    endloop
  endfacet
  facet normal -0.987698 0.156377 0
    outer loop
      vertex 58.848 -62.6398 0
      vertex 58.848 -62.6398 30
      vertex 58.9217 -62.1743 30
    endloop
  endfacet
  facet normal -0.982301 0.187308 0
    outer loop
      vertex 58.8304 -62.7321 0
      vertex 58.848 -62.6398 30
      vertex 58.848 -62.6398 0
    endloop
  endfacet
  facet normal -0.982301 0.187308 0
    outer loop
      vertex 58.8304 -62.7321 0
      vertex 58.8304 -62.7321 30
      vertex 58.848 -62.6398 30
    endloop
  endfacet
  facet normal -0.975887 0.218277 0
    outer loop
      vertex 58.7274 -63.1926 0
      vertex 58.8304 -62.7321 30
      vertex 58.8304 -62.7321 0
    endloop
  endfacet
  facet normal -0.975887 0.218277 0
    outer loop
      vertex 58.7274 -63.1926 0
      vertex 58.7274 -63.1926 30
      vertex 58.8304 -62.7321 30
    endloop
  endfacet
  facet normal -0.968677 0.248324 0
    outer loop
      vertex 58.7042 -63.2831 0
      vertex 58.7274 -63.1926 30
      vertex 58.7274 -63.1926 0
    endloop
  endfacet
  facet normal -0.968677 0.248324 0
    outer loop
      vertex 58.7042 -63.2831 0
      vertex 58.7042 -63.2831 30
      vertex 58.7274 -63.1926 30
    endloop
  endfacet
  facet normal -0.960258 0.279113 0
    outer loop
      vertex 58.5725 -63.7362 0
      vertex 58.7042 -63.2831 30
      vertex 58.7042 -63.2831 0
    endloop
  endfacet
  facet normal -0.960258 0.279113 0
    outer loop
      vertex 58.5725 -63.7362 0
      vertex 58.5725 -63.7362 30
      vertex 58.7042 -63.2831 30
    endloop
  endfacet
  facet normal -0.951206 0.308557 0
    outer loop
      vertex 58.5435 -63.8256 0
      vertex 58.5725 -63.7362 30
      vertex 58.5725 -63.7362 0
    endloop
  endfacet
  facet normal -0.951206 0.308557 0
    outer loop
      vertex 58.5435 -63.8256 0
      vertex 58.5435 -63.8256 30
      vertex 58.5725 -63.7362 30
    endloop
  endfacet
  facet normal -0.940879 0.338742 0
    outer loop
      vertex 58.3839 -64.2689 0
      vertex 58.5435 -63.8256 30
      vertex 58.5435 -63.8256 0
    endloop
  endfacet
  facet normal -0.940879 0.338742 0
    outer loop
      vertex 58.3839 -64.2689 0
      vertex 58.3839 -64.2689 30
      vertex 58.5435 -63.8256 30
    endloop
  endfacet
  facet normal -0.929723 0.36826 0
    outer loop
      vertex 58.3494 -64.356 0
      vertex 58.3839 -64.2689 30
      vertex 58.3839 -64.2689 0
    endloop
  endfacet
  facet normal -0.929723 0.36826 0
    outer loop
      vertex 58.3494 -64.356 0
      vertex 58.3494 -64.356 30
      vertex 58.3839 -64.2689 30
    endloop
  endfacet
  facet normal -0.917703 0.397268 0
    outer loop
      vertex 58.162 -64.7889 0
      vertex 58.3494 -64.356 30
      vertex 58.3494 -64.356 0
    endloop
  endfacet
  facet normal -0.917703 0.397268 0
    outer loop
      vertex 58.162 -64.7889 0
      vertex 58.162 -64.7889 30
      vertex 58.3494 -64.356 30
    endloop
  endfacet
  facet normal -0.905179 0.425031 0
    outer loop
      vertex 58.1219 -64.8743 0
      vertex 58.162 -64.7889 30
      vertex 58.162 -64.7889 0
    endloop
  endfacet
  facet normal -0.905179 0.425031 0
    outer loop
      vertex 58.1219 -64.8743 0
      vertex 58.1219 -64.8743 30
      vertex 58.162 -64.7889 30
    endloop
  endfacet
  facet normal -0.891001 0.454002 0
    outer loop
      vertex 57.9083 -65.2935 0
      vertex 58.1219 -64.8743 30
      vertex 58.1219 -64.8743 0
    endloop
  endfacet
  facet normal -0.891001 0.454002 0
    outer loop
      vertex 57.9083 -65.2935 0
      vertex 57.9083 -65.2935 30
      vertex 58.1219 -64.8743 30
    endloop
  endfacet
  facet normal -0.876194 0.481959 0
    outer loop
      vertex 57.8627 -65.3764 0
      vertex 57.9083 -65.2935 30
      vertex 57.9083 -65.2935 0
    endloop
  endfacet
  facet normal -0.876194 0.481959 0
    outer loop
      vertex 57.8627 -65.3764 0
      vertex 57.8627 -65.3764 30
      vertex 57.9083 -65.2935 30
    endloop
  endfacet
  facet normal -0.860753 0.509022 0
    outer loop
      vertex 57.6229 -65.7819 0
      vertex 57.8627 -65.3764 30
      vertex 57.8627 -65.3764 0
    endloop
  endfacet
  facet normal -0.860753 0.509022 0
    outer loop
      vertex 57.6229 -65.7819 0
      vertex 57.6229 -65.7819 30
      vertex 57.8627 -65.3764 30
    endloop
  endfacet
  facet normal -0.84445 0.535635 0
    outer loop
      vertex 57.5726 -65.8612 0
      vertex 57.6229 -65.7819 30
      vertex 57.6229 -65.7819 0
    endloop
  endfacet
  facet normal -0.84445 0.535635 0
    outer loop
      vertex 57.5726 -65.8612 0
      vertex 57.5726 -65.8612 30
      vertex 57.6229 -65.7819 30
    endloop
  endfacet
  facet normal -0.826994 0.562211 0
    outer loop
      vertex 57.3074 -66.2513 0
      vertex 57.5726 -65.8612 30
      vertex 57.5726 -65.8612 0
    endloop
  endfacet
  facet normal -0.826994 0.562211 0
    outer loop
      vertex 57.3074 -66.2513 0
      vertex 57.3074 -66.2513 30
      vertex 57.5726 -65.8612 30
    endloop
  endfacet
  facet normal -0.809104 0.587665 0
    outer loop
      vertex 57.2522 -66.3273 0
      vertex 57.3074 -66.2513 30
      vertex 57.3074 -66.2513 0
    endloop
  endfacet
  facet normal -0.809104 0.587665 0
    outer loop
      vertex 57.2522 -66.3273 0
      vertex 57.2522 -66.3273 30
      vertex 57.3074 -66.2513 30
    endloop
  endfacet
  facet normal -0.79022 0.612824 0
    outer loop
      vertex 56.9634 -66.6997 0
      vertex 57.2522 -66.3273 30
      vertex 57.2522 -66.3273 0
    endloop
  endfacet
  facet normal -0.79022 0.612824 0
    outer loop
      vertex 56.9634 -66.6997 0
      vertex 56.9634 -66.6997 30
      vertex 57.2522 -66.3273 30
    endloop
  endfacet
  facet normal -0.770051 0.637982 0
    outer loop
      vertex 56.9035 -66.772 0
      vertex 56.9634 -66.6997 30
      vertex 56.9634 -66.6997 0
    endloop
  endfacet
  facet normal -0.770051 0.637982 0
    outer loop
      vertex 56.9035 -66.772 0
      vertex 56.9035 -66.772 30
      vertex 56.9634 -66.6997 30
    endloop
  endfacet
  facet normal -0.750154 0.661264 0
    outer loop
      vertex 56.5918 -67.1256 0
      vertex 56.9035 -66.772 30
      vertex 56.9035 -66.772 0
    endloop
  endfacet
  facet normal -0.750154 0.661264 0
    outer loop
      vertex 56.5918 -67.1256 0
      vertex 56.5918 -67.1256 30
      vertex 56.9035 -66.772 30
    endloop
  endfacet
  facet normal -0.729073 0.684436 0
    outer loop
      vertex 56.5274 -67.1942 0
      vertex 56.5918 -67.1256 30
      vertex 56.5918 -67.1256 0
    endloop
  endfacet
  facet normal -0.729073 0.684436 0
    outer loop
      vertex 56.5274 -67.1942 0
      vertex 56.5274 -67.1942 30
      vertex 56.5918 -67.1256 30
    endloop
  endfacet
  facet normal -0.707213 0.707001 0
    outer loop
      vertex 56.1942 -67.5275 0
      vertex 56.5274 -67.1942 30
      vertex 56.5274 -67.1942 0
    endloop
  endfacet
  facet normal -0.707213 0.707001 0
    outer loop
      vertex 56.1942 -67.5275 0
      vertex 56.1942 -67.5275 30
      vertex 56.5274 -67.1942 30
    endloop
  endfacet
  facet normal -0.684436 0.729073 0
    outer loop
      vertex 56.1256 -67.5919 0
      vertex 56.1942 -67.5275 30
      vertex 56.1942 -67.5275 0
    endloop
  endfacet
  facet normal -0.684436 0.729073 0
    outer loop
      vertex 56.1256 -67.5919 0
      vertex 56.1256 -67.5919 30
      vertex 56.1942 -67.5275 30
    endloop
  endfacet
  facet normal -0.661264 0.750154 0
    outer loop
      vertex 55.772 -67.9036 0
      vertex 56.1256 -67.5919 30
      vertex 56.1256 -67.5919 0
    endloop
  endfacet
  facet normal -0.661264 0.750154 0
    outer loop
      vertex 55.772 -67.9036 0
      vertex 55.772 -67.9036 30
      vertex 56.1256 -67.5919 30
    endloop
  endfacet
  facet normal -0.63735 0.770575 0
    outer loop
      vertex 55.6997 -67.9634 0
      vertex 55.772 -67.9036 30
      vertex 55.772 -67.9036 0
    endloop
  endfacet
  facet normal -0.63735 0.770575 0
    outer loop
      vertex 55.6997 -67.9634 0
      vertex 55.6997 -67.9634 30
      vertex 55.772 -67.9036 30
    endloop
  endfacet
  facet normal -0.612824 0.79022 0
    outer loop
      vertex 55.3273 -68.2522 0
      vertex 55.6997 -67.9634 30
      vertex 55.6997 -67.9634 0
    endloop
  endfacet
  facet normal -0.612824 0.79022 0
    outer loop
      vertex 55.3273 -68.2522 0
      vertex 55.3273 -68.2522 30
      vertex 55.6997 -67.9634 30
    endloop
  endfacet
  facet normal -0.588361 0.808598 0
    outer loop
      vertex 55.2513 -68.3075 0
      vertex 55.3273 -68.2522 30
      vertex 55.3273 -68.2522 0
    endloop
  endfacet
  facet normal -0.588361 0.808598 0
    outer loop
      vertex 55.2513 -68.3075 0
      vertex 55.2513 -68.3075 30
      vertex 55.3273 -68.2522 30
    endloop
  endfacet
  facet normal -0.562066 0.827092 0
    outer loop
      vertex 54.8612 -68.5726 0
      vertex 55.2513 -68.3075 30
      vertex 55.2513 -68.3075 0
    endloop
  endfacet
  facet normal -0.562066 0.827092 0
    outer loop
      vertex 54.8612 -68.5726 0
      vertex 54.8612 -68.5726 30
      vertex 55.2513 -68.3075 30
    endloop
  endfacet
  facet normal -0.535635 0.84445 0
    outer loop
      vertex 54.7819 -68.6229 0
      vertex 54.8612 -68.5726 30
      vertex 54.8612 -68.5726 0
    endloop
  endfacet
  facet normal -0.535635 0.84445 0
    outer loop
      vertex 54.7819 -68.6229 0
      vertex 54.7819 -68.6229 30
      vertex 54.8612 -68.5726 30
    endloop
  endfacet
  facet normal -0.509022 0.860753 0
    outer loop
      vertex 54.3764 -68.8627 0
      vertex 54.7819 -68.6229 30
      vertex 54.7819 -68.6229 0
    endloop
  endfacet
  facet normal -0.509022 0.860753 0
    outer loop
      vertex 54.3764 -68.8627 0
      vertex 54.3764 -68.8627 30
      vertex 54.7819 -68.6229 30
    endloop
  endfacet
  facet normal -0.481959 0.876194 0
    outer loop
      vertex 54.2935 -68.9083 0
      vertex 54.3764 -68.8627 30
      vertex 54.3764 -68.8627 0
    endloop
  endfacet
  facet normal -0.481959 0.876194 0
    outer loop
      vertex 54.2935 -68.9083 0
      vertex 54.2935 -68.9083 30
      vertex 54.3764 -68.8627 30
    endloop
  endfacet
  facet normal -0.454002 0.891001 0
    outer loop
      vertex 53.8743 -69.1219 0
      vertex 54.2935 -68.9083 30
      vertex 54.2935 -68.9083 0
    endloop
  endfacet
  facet normal -0.454002 0.891001 0
    outer loop
      vertex 53.8743 -69.1219 0
      vertex 53.8743 -69.1219 30
      vertex 54.2935 -68.9083 30
    endloop
  endfacet
  facet normal -0.425899 0.904771 0
    outer loop
      vertex 53.7889 -69.1621 0
      vertex 53.8743 -69.1219 30
      vertex 53.8743 -69.1219 0
    endloop
  endfacet
  facet normal -0.425899 0.904771 0
    outer loop
      vertex 53.7889 -69.1621 0
      vertex 53.7889 -69.1621 30
      vertex 53.8743 -69.1219 30
    endloop
  endfacet
  facet normal -0.39709 0.91778 0
    outer loop
      vertex 53.356 -69.3494 0
      vertex 53.7889 -69.1621 30
      vertex 53.7889 -69.1621 0
    endloop
  endfacet
  facet normal -0.39709 0.91778 0
    outer loop
      vertex 53.356 -69.3494 0
      vertex 53.356 -69.3494 30
      vertex 53.7889 -69.1621 30
    endloop
  endfacet
  facet normal -0.36826 0.929723 0
    outer loop
      vertex 53.2689 -69.3839 0
      vertex 53.356 -69.3494 30
      vertex 53.356 -69.3494 0
    endloop
  endfacet
  facet normal -0.36826 0.929723 0
    outer loop
      vertex 53.2689 -69.3839 0
      vertex 53.2689 -69.3839 30
      vertex 53.356 -69.3494 30
    endloop
  endfacet
  facet normal -0.338674 0.940904 0
    outer loop
      vertex 52.8255 -69.5435 0
      vertex 53.2689 -69.3839 30
      vertex 53.2689 -69.3839 0
    endloop
  endfacet
  facet normal -0.338674 0.940904 0
    outer loop
      vertex 52.8255 -69.5435 0
      vertex 52.8255 -69.5435 30
      vertex 53.2689 -69.3839 30
    endloop
  endfacet
  facet normal -0.309832 0.950791 0
    outer loop
      vertex 52.7362 -69.5726 0
      vertex 52.8255 -69.5435 30
      vertex 52.8255 -69.5435 0
    endloop
  endfacet
  facet normal -0.309832 0.950791 0
    outer loop
      vertex 52.7362 -69.5726 0
      vertex 52.7362 -69.5726 30
      vertex 52.8255 -69.5435 30
    endloop
  endfacet
  facet normal -0.278917 0.960315 0
    outer loop
      vertex 52.2831 -69.7042 0
      vertex 52.7362 -69.5726 30
      vertex 52.7362 -69.5726 0
    endloop
  endfacet
  facet normal -0.278917 0.960315 0
    outer loop
      vertex 52.2831 -69.7042 0
      vertex 52.2831 -69.7042 30
      vertex 52.7362 -69.5726 30
    endloop
  endfacet
  facet normal -0.248324 0.968677 0
    outer loop
      vertex 52.1926 -69.7274 0
      vertex 52.2831 -69.7042 30
      vertex 52.2831 -69.7042 0
    endloop
  endfacet
  facet normal -0.248324 0.968677 0
    outer loop
      vertex 52.1926 -69.7274 0
      vertex 52.1926 -69.7274 30
      vertex 52.2831 -69.7042 30
    endloop
  endfacet
  facet normal -0.218277 0.975887 0
    outer loop
      vertex 51.7321 -69.8304 0
      vertex 52.1926 -69.7274 30
      vertex 52.1926 -69.7274 0
    endloop
  endfacet
  facet normal -0.218277 0.975887 0
    outer loop
      vertex 51.7321 -69.8304 0
      vertex 51.7321 -69.8304 30
      vertex 52.1926 -69.7274 30
    endloop
  endfacet
  facet normal -0.187308 0.982301 0
    outer loop
      vertex 51.6398 -69.848 0
      vertex 51.7321 -69.8304 30
      vertex 51.7321 -69.8304 0
    endloop
  endfacet
  facet normal -0.187308 0.982301 0
    outer loop
      vertex 51.6398 -69.848 0
      vertex 51.6398 -69.848 30
      vertex 51.7321 -69.8304 30
    endloop
  endfacet
  facet normal -0.156377 0.987698 0
    outer loop
      vertex 51.1743 -69.9217 0
      vertex 51.6398 -69.848 30
      vertex 51.6398 -69.848 0
    endloop
  endfacet
  facet normal -0.156377 0.987698 0
    outer loop
      vertex 51.1743 -69.9217 0
      vertex 51.1743 -69.9217 30
      vertex 51.6398 -69.848 30
    endloop
  endfacet
  facet normal -0.125607 0.99208 0
    outer loop
      vertex 51.0811 -69.9335 0
      vertex 51.1743 -69.9217 30
      vertex 51.1743 -69.9217 0
    endloop
  endfacet
  facet normal -0.125607 0.99208 0
    outer loop
      vertex 51.0811 -69.9335 0
      vertex 51.0811 -69.9335 30
      vertex 51.1743 -69.9217 30
    endloop
  endfacet
  facet normal -0.0940974 0.995563 0
    outer loop
      vertex 50.6124 -69.9778 0
      vertex 51.0811 -69.9335 30
      vertex 51.0811 -69.9335 0
    endloop
  endfacet
  facet normal -0.0940974 0.995563 0
    outer loop
      vertex 50.6124 -69.9778 0
      vertex 50.6124 -69.9778 30
      vertex 51.0811 -69.9335 30
    endloop
  endfacet
  facet normal -0.0624442 0.998048 0
    outer loop
      vertex 50.5181 -69.9837 0
      vertex 50.6124 -69.9778 30
      vertex 50.6124 -69.9778 0
    endloop
  endfacet
  facet normal -0.0624442 0.998048 0
    outer loop
      vertex 50.5181 -69.9837 0
      vertex 50.5181 -69.9837 30
      vertex 50.6124 -69.9778 30
    endloop
  endfacet
  facet normal -0.0315059 0.999504 0
    outer loop
      vertex 50.0232 -69.9993 0
      vertex 50.5181 -69.9837 30
      vertex 50.5181 -69.9837 0
    endloop
  endfacet
  facet normal -0.0315059 0.999504 0
    outer loop
      vertex 50.0232 -69.9993 0
      vertex 50.0232 -69.9993 30
      vertex 50.5181 -69.9837 30
    endloop
  endfacet
  facet normal -0.0148604 0.99989 0
    outer loop
      vertex 49.9761 -70 0
      vertex 50.0232 -69.9993 30
      vertex 50.0232 -69.9993 0
    endloop
  endfacet
  facet normal -0.0148604 0.99989 0
    outer loop
      vertex 49.9761 -70 0
      vertex 49.9761 -70 30
      vertex 50.0232 -69.9993 30
    endloop
  endfacet
  facet normal 0 1 0
    outer loop
      vertex 38.0159 -70 0
      vertex 49.9761 -70 30
      vertex 49.9761 -70 0
    endloop
  endfacet
  facet normal 0 1 0
    outer loop
      vertex 38.0159 -70 0
      vertex 38.0159 -70 30
      vertex 49.9761 -70 30
    endloop
  endfacet
  facet normal 0.0317099 0.999497 0
    outer loop
      vertex 37.9371 -69.9975 0
      vertex 38.0159 -70 30
      vertex 38.0159 -70 0
    endloop
  endfacet
  facet normal 0.0317099 0.999497 -0
    outer loop
      vertex 37.9371 -69.9975 0
      vertex 37.9371 -69.9975 30
      vertex 38.0159 -70 30
    endloop
  endfacet
  facet normal 0.0941315 0.99556 0
    outer loop
      vertex 37.8747 -69.9916 0
      vertex 37.9371 -69.9975 30
      vertex 37.9371 -69.9975 0
    endloop
  endfacet
  facet normal 0.0941315 0.99556 -0
    outer loop
      vertex 37.8747 -69.9916 0
      vertex 37.8747 -69.9916 30
      vertex 37.9371 -69.9975 30
    endloop
  endfacet
  facet normal 0.156126 0.987737 0
    outer loop
      vertex 37.8127 -69.9818 0
      vertex 37.8747 -69.9916 30
      vertex 37.8747 -69.9916 0
    endloop
  endfacet
  facet normal 0.156126 0.987737 -0
    outer loop
      vertex 37.8127 -69.9818 0
      vertex 37.8127 -69.9818 30
      vertex 37.8747 -69.9916 30
    endloop
  endfacet
  facet normal 0.21811 0.975924 0
    outer loop
      vertex 37.7514 -69.9681 0
      vertex 37.8127 -69.9818 30
      vertex 37.8127 -69.9818 0
    endloop
  endfacet
  facet normal 0.21811 0.975924 -0
    outer loop
      vertex 37.7514 -69.9681 0
      vertex 37.7514 -69.9681 30
      vertex 37.8127 -69.9818 30
    endloop
  endfacet
  facet normal 0.279142 0.96025 0
    outer loop
      vertex 37.6912 -69.9506 0
      vertex 37.7514 -69.9681 30
      vertex 37.7514 -69.9681 0
    endloop
  endfacet
  facet normal 0.279142 0.96025 -0
    outer loop
      vertex 37.6912 -69.9506 0
      vertex 37.6912 -69.9506 30
      vertex 37.7514 -69.9681 30
    endloop
  endfacet
  facet normal 0.339058 0.940766 0
    outer loop
      vertex 37.6321 -69.9293 0
      vertex 37.6912 -69.9506 30
      vertex 37.6912 -69.9506 0
    endloop
  endfacet
  facet normal 0.339058 0.940766 -0
    outer loop
      vertex 37.6321 -69.9293 0
      vertex 37.6321 -69.9293 30
      vertex 37.6912 -69.9506 30
    endloop
  endfacet
  facet normal 0.396223 0.918154 0
    outer loop
      vertex 37.5744 -69.9044 0
      vertex 37.6321 -69.9293 30
      vertex 37.6321 -69.9293 0
    endloop
  endfacet
  facet normal 0.396223 0.918154 -0
    outer loop
      vertex 37.5744 -69.9044 0
      vertex 37.5744 -69.9044 30
      vertex 37.6321 -69.9293 30
    endloop
  endfacet
  facet normal 0.454831 0.890578 0
    outer loop
      vertex 37.5184 -69.8758 0
      vertex 37.5744 -69.9044 30
      vertex 37.5744 -69.9044 0
    endloop
  endfacet
  facet normal 0.454831 0.890578 -0
    outer loop
      vertex 37.5184 -69.8758 0
      vertex 37.5184 -69.8758 30
      vertex 37.5744 -69.9044 30
    endloop
  endfacet
  facet normal 0.509321 0.860577 0
    outer loop
      vertex 37.4645 -69.8439 0
      vertex 37.5184 -69.8758 30
      vertex 37.5184 -69.8758 0
    endloop
  endfacet
  facet normal 0.509321 0.860577 -0
    outer loop
      vertex 37.4645 -69.8439 0
      vertex 37.4645 -69.8439 30
      vertex 37.5184 -69.8758 30
    endloop
  endfacet
  facet normal 0.561306 0.827608 0
    outer loop
      vertex 37.4126 -69.8087 0
      vertex 37.4645 -69.8439 30
      vertex 37.4645 -69.8439 0
    endloop
  endfacet
  facet normal 0.561306 0.827608 -0
    outer loop
      vertex 37.4126 -69.8087 0
      vertex 37.4126 -69.8087 30
      vertex 37.4645 -69.8439 30
    endloop
  endfacet
  facet normal 0.612621 0.790377 0
    outer loop
      vertex 37.3628 -69.7701 0
      vertex 37.4126 -69.8087 30
      vertex 37.4126 -69.8087 0
    endloop
  endfacet
  facet normal 0.612621 0.790377 -0
    outer loop
      vertex 37.3628 -69.7701 0
      vertex 37.3628 -69.7701 30
      vertex 37.4126 -69.8087 30
    endloop
  endfacet
  facet normal 0.661885 0.749605 0
    outer loop
      vertex 37.3158 -69.7286 0
      vertex 37.3628 -69.7701 30
      vertex 37.3628 -69.7701 0
    endloop
  endfacet
  facet normal 0.661885 0.749605 -0
    outer loop
      vertex 37.3158 -69.7286 0
      vertex 37.3158 -69.7286 30
      vertex 37.3628 -69.7701 30
    endloop
  endfacet
  facet normal 0.707107 0.707107 0
    outer loop
      vertex 37.2714 -69.6842 0
      vertex 37.3158 -69.7286 30
      vertex 37.3158 -69.7286 0
    endloop
  endfacet
  facet normal 0.707107 0.707107 -0
    outer loop
      vertex 37.2714 -69.6842 0
      vertex 37.2714 -69.6842 30
      vertex 37.3158 -69.7286 30
    endloop
  endfacet
  facet normal 0.749605 0.661885 0
    outer loop
      vertex 37.2299 -69.6372 0
      vertex 37.2714 -69.6842 30
      vertex 37.2714 -69.6842 0
    endloop
  endfacet
  facet normal 0.749605 0.661885 -0
    outer loop
      vertex 37.2299 -69.6372 0
      vertex 37.2299 -69.6372 30
      vertex 37.2714 -69.6842 30
    endloop
  endfacet
  facet normal 0.790377 0.612621 0
    outer loop
      vertex 37.1913 -69.5874 0
      vertex 37.2299 -69.6372 30
      vertex 37.2299 -69.6372 0
    endloop
  endfacet
  facet normal 0.790377 0.612621 -0
    outer loop
      vertex 37.1913 -69.5874 0
      vertex 37.1913 -69.5874 30
      vertex 37.2299 -69.6372 30
    endloop
  endfacet
  facet normal 0.827608 0.561306 0
    outer loop
      vertex 37.1561 -69.5355 0
      vertex 37.1913 -69.5874 30
      vertex 37.1913 -69.5874 0
    endloop
  endfacet
  facet normal 0.827608 0.561306 -0
    outer loop
      vertex 37.1561 -69.5355 0
      vertex 37.1561 -69.5355 30
      vertex 37.1913 -69.5874 30
    endloop
  endfacet
  facet normal 0.860577 0.509321 0
    outer loop
      vertex 37.1242 -69.4816 0
      vertex 37.1561 -69.5355 30
      vertex 37.1561 -69.5355 0
    endloop
  endfacet
  facet normal 0.860577 0.509321 -0
    outer loop
      vertex 37.1242 -69.4816 0
      vertex 37.1242 -69.4816 30
      vertex 37.1561 -69.5355 30
    endloop
  endfacet
  facet normal 0.890578 0.454831 0
    outer loop
      vertex 37.0956 -69.4256 0
      vertex 37.1242 -69.4816 30
      vertex 37.1242 -69.4816 0
    endloop
  endfacet
  facet normal 0.890578 0.454831 -0
    outer loop
      vertex 37.0956 -69.4256 0
      vertex 37.0956 -69.4256 30
      vertex 37.1242 -69.4816 30
    endloop
  endfacet
  facet normal 0.918154 0.396223 0
    outer loop
      vertex 37.0707 -69.3679 0
      vertex 37.0956 -69.4256 30
      vertex 37.0956 -69.4256 0
    endloop
  endfacet
  facet normal 0.918154 0.396223 -0
    outer loop
      vertex 37.0707 -69.3679 0
      vertex 37.0707 -69.3679 30
      vertex 37.0956 -69.4256 30
    endloop
  endfacet
  facet normal 0.940766 0.339058 0
    outer loop
      vertex 37.0494 -69.3088 0
      vertex 37.0707 -69.3679 30
      vertex 37.0707 -69.3679 0
    endloop
  endfacet
  facet normal 0.940766 0.339058 -0
    outer loop
      vertex 37.0494 -69.3088 0
      vertex 37.0494 -69.3088 30
      vertex 37.0707 -69.3679 30
    endloop
  endfacet
  facet normal 0.96025 0.279142 0
    outer loop
      vertex 37.0319 -69.2486 0
      vertex 37.0494 -69.3088 30
      vertex 37.0494 -69.3088 0
    endloop
  endfacet
  facet normal 0.96025 0.279142 -0
    outer loop
      vertex 37.0319 -69.2486 0
      vertex 37.0319 -69.2486 30
      vertex 37.0494 -69.3088 30
    endloop
  endfacet
  facet normal 0.975924 0.21811 0
    outer loop
      vertex 37.0182 -69.1873 0
      vertex 37.0319 -69.2486 30
      vertex 37.0319 -69.2486 0
    endloop
  endfacet
  facet normal 0.975924 0.21811 -0
    outer loop
      vertex 37.0182 -69.1873 0
      vertex 37.0182 -69.1873 30
      vertex 37.0319 -69.2486 30
    endloop
  endfacet
  facet normal 0.987737 0.156126 0
    outer loop
      vertex 37.0084 -69.1253 0
      vertex 37.0182 -69.1873 30
      vertex 37.0182 -69.1873 0
    endloop
  endfacet
  facet normal 0.987737 0.156126 -0
    outer loop
      vertex 37.0084 -69.1253 0
      vertex 37.0084 -69.1253 30
      vertex 37.0182 -69.1873 30
    endloop
  endfacet
  facet normal 0.99556 0.0941315 0
    outer loop
      vertex 37.0025 -69.0629 0
      vertex 37.0084 -69.1253 30
      vertex 37.0084 -69.1253 0
    endloop
  endfacet
  facet normal 0.99556 0.0941315 -0
    outer loop
      vertex 37.0025 -69.0629 0
      vertex 37.0025 -69.0629 30
      vertex 37.0084 -69.1253 30
    endloop
  endfacet
  facet normal 0.999497 0.0317099 0
    outer loop
      vertex 37 -68.9841 0
      vertex 37.0025 -69.0629 30
      vertex 37.0025 -69.0629 0
    endloop
  endfacet
  facet normal 0.999497 0.0317099 -0
    outer loop
      vertex 37 -68.9841 0
      vertex 37 -68.9841 30
      vertex 37.0025 -69.0629 30
    endloop
  endfacet
  facet normal 1 0 0
    outer loop
      vertex 37 -55.4301 0
      vertex 37 -68.9841 30
      vertex 37 -68.9841 0
    endloop
  endfacet
  facet normal 1 0 -0
    outer loop
      vertex 37 -55.4301 0
      vertex 37 -55.4301 30
      vertex 37 -68.9841 30
    endloop
  endfacet
  facet normal 0.999496 -0.0317502 0
    outer loop
      vertex 37.0025 -55.3514 0
      vertex 37 -55.4301 30
      vertex 37 -55.4301 0
    endloop
  endfacet
  facet normal 0.999496 -0.0317502 0
    outer loop
      vertex 37.0025 -55.3514 0
      vertex 37.0025 -55.3514 30
      vertex 37 -55.4301 30
    endloop
  endfacet
  facet normal 0.995574 -0.0939822 0
    outer loop
      vertex 37.0084 -55.2889 0
      vertex 37.0025 -55.3514 30
      vertex 37.0025 -55.3514 0
    endloop
  endfacet
  facet normal 0.995574 -0.0939822 0
    outer loop
      vertex 37.0084 -55.2889 0
      vertex 37.0084 -55.2889 30
      vertex 37.0025 -55.3514 30
    endloop
  endfacet
  facet normal 0.987737 -0.156126 0
    outer loop
      vertex 37.0182 -55.2269 0
      vertex 37.0084 -55.2889 30
      vertex 37.0084 -55.2889 0
    endloop
  endfacet
  facet normal 0.987737 -0.156126 0
    outer loop
      vertex 37.0182 -55.2269 0
      vertex 37.0182 -55.2269 30
      vertex 37.0084 -55.2889 30
    endloop
  endfacet
  facet normal 0.975924 -0.21811 0
    outer loop
      vertex 37.0319 -55.1656 0
      vertex 37.0182 -55.2269 30
      vertex 37.0182 -55.2269 0
    endloop
  endfacet
  facet normal 0.975924 -0.21811 0
    outer loop
      vertex 37.0319 -55.1656 0
      vertex 37.0319 -55.1656 30
      vertex 37.0182 -55.2269 30
    endloop
  endfacet
  facet normal 0.96025 -0.279142 0
    outer loop
      vertex 37.0494 -55.1054 0
      vertex 37.0319 -55.1656 30
      vertex 37.0319 -55.1656 0
    endloop
  endfacet
  facet normal 0.96025 -0.279142 0
    outer loop
      vertex 37.0494 -55.1054 0
      vertex 37.0494 -55.1054 30
      vertex 37.0319 -55.1656 30
    endloop
  endfacet
  facet normal 0.940766 -0.339058 0
    outer loop
      vertex 37.0707 -55.0463 0
      vertex 37.0494 -55.1054 30
      vertex 37.0494 -55.1054 0
    endloop
  endfacet
  facet normal 0.940766 -0.339058 0
    outer loop
      vertex 37.0707 -55.0463 0
      vertex 37.0707 -55.0463 30
      vertex 37.0494 -55.1054 30
    endloop
  endfacet
  facet normal 0.918154 -0.396223 0
    outer loop
      vertex 37.0956 -54.9886 0
      vertex 37.0707 -55.0463 30
      vertex 37.0707 -55.0463 0
    endloop
  endfacet
  facet normal 0.918154 -0.396223 0
    outer loop
      vertex 37.0956 -54.9886 0
      vertex 37.0956 -54.9886 30
      vertex 37.0707 -55.0463 30
    endloop
  endfacet
  facet normal 0.890578 -0.454831 0
    outer loop
      vertex 37.1242 -54.9326 0
      vertex 37.0956 -54.9886 30
      vertex 37.0956 -54.9886 0
    endloop
  endfacet
  facet normal 0.890578 -0.454831 0
    outer loop
      vertex 37.1242 -54.9326 0
      vertex 37.1242 -54.9326 30
      vertex 37.0956 -54.9886 30
    endloop
  endfacet
  facet normal 0.860577 -0.509321 0
    outer loop
      vertex 37.1561 -54.8787 0
      vertex 37.1242 -54.9326 30
      vertex 37.1242 -54.9326 0
    endloop
  endfacet
  facet normal 0.860577 -0.509321 0
    outer loop
      vertex 37.1561 -54.8787 0
      vertex 37.1561 -54.8787 30
      vertex 37.1242 -54.9326 30
    endloop
  endfacet
  facet normal 0.827608 -0.561306 0
    outer loop
      vertex 37.1913 -54.8268 0
      vertex 37.1561 -54.8787 30
      vertex 37.1561 -54.8787 0
    endloop
  endfacet
  facet normal 0.827608 -0.561306 0
    outer loop
      vertex 37.1913 -54.8268 0
      vertex 37.1913 -54.8268 30
      vertex 37.1561 -54.8787 30
    endloop
  endfacet
  facet normal 0.790377 -0.612621 0
    outer loop
      vertex 37.2299 -54.777 0
      vertex 37.1913 -54.8268 30
      vertex 37.1913 -54.8268 0
    endloop
  endfacet
  facet normal 0.790377 -0.612621 0
    outer loop
      vertex 37.2299 -54.777 0
      vertex 37.2299 -54.777 30
      vertex 37.1913 -54.8268 30
    endloop
  endfacet
  facet normal 0.749672 -0.661809 0
    outer loop
      vertex 37.2766 -54.7241 0
      vertex 37.2299 -54.777 30
      vertex 37.2299 -54.777 0
    endloop
  endfacet
  facet normal 0.749672 -0.661809 0
    outer loop
      vertex 37.2766 -54.7241 0
      vertex 37.2766 -54.7241 30
      vertex 37.2299 -54.777 30
    endloop
  endfacet
  facet normal 0.71824 -0.695795 0
    outer loop
      vertex 37.2983 -54.7017 0
      vertex 37.2766 -54.7241 30
      vertex 37.2766 -54.7241 0
    endloop
  endfacet
  facet normal 0.71824 -0.695795 0
    outer loop
      vertex 37.2983 -54.7017 0
      vertex 37.2983 -54.7017 30
      vertex 37.2766 -54.7241 30
    endloop
  endfacet
  facet normal 0.707107 -0.707107 0
    outer loop
      vertex 61.7071 -30.2929 0
      vertex 37.2983 -54.7017 30
      vertex 37.2983 -54.7017 0
    endloop
  endfacet
  facet normal 0.707107 -0.707107 0
    outer loop
      vertex 61.7071 -30.2929 0
      vertex 61.7071 -30.2929 30
      vertex 37.2983 -54.7017 30
    endloop
  endfacet
  facet normal 0.729041 -0.68447 0
    outer loop
      vertex 61.7501 -30.2471 0
      vertex 61.7071 -30.2929 30
      vertex 61.7071 -30.2929 0
    endloop
  endfacet
  facet normal 0.729041 -0.68447 0
    outer loop
      vertex 61.7501 -30.2471 0
      vertex 61.7501 -30.2471 30
      vertex 61.7071 -30.2929 30
    endloop
  endfacet
  facet normal 0.770044 -0.637991 0
    outer loop
      vertex 61.7902 -30.1987 0
      vertex 61.7501 -30.2471 30
      vertex 61.7501 -30.2471 0
    endloop
  endfacet
  facet normal 0.770044 -0.637991 0
    outer loop
      vertex 61.7902 -30.1987 0
      vertex 61.7902 -30.1987 30
      vertex 61.7501 -30.2471 30
    endloop
  endfacet
  facet normal 0.80908 -0.587698 0
    outer loop
      vertex 61.8271 -30.1479 0
      vertex 61.7902 -30.1987 30
      vertex 61.7902 -30.1987 0
    endloop
  endfacet
  facet normal 0.80908 -0.587698 0
    outer loop
      vertex 61.8271 -30.1479 0
      vertex 61.8271 -30.1479 30
      vertex 61.7902 -30.1987 30
    endloop
  endfacet
  facet normal 0.845035 -0.534711 0
    outer loop
      vertex 61.8607 -30.0948 0
      vertex 61.8271 -30.1479 30
      vertex 61.8271 -30.1479 0
    endloop
  endfacet
  facet normal 0.845035 -0.534711 0
    outer loop
      vertex 61.8607 -30.0948 0
      vertex 61.8607 -30.0948 30
      vertex 61.8271 -30.1479 30
    endloop
  endfacet
  facet normal 0.875879 -0.48253 0
    outer loop
      vertex 61.891 -30.0398 0
      vertex 61.8607 -30.0948 30
      vertex 61.8607 -30.0948 0
    endloop
  endfacet
  facet normal 0.875879 -0.48253 0
    outer loop
      vertex 61.891 -30.0398 0
      vertex 61.891 -30.0398 30
      vertex 61.8607 -30.0948 30
    endloop
  endfacet
  facet normal 0.904675 -0.426103 0
    outer loop
      vertex 61.9178 -29.9829 0
      vertex 61.891 -30.0398 30
      vertex 61.891 -30.0398 0
    endloop
  endfacet
  facet normal 0.904675 -0.426103 0
    outer loop
      vertex 61.9178 -29.9829 0
      vertex 61.9178 -29.9829 30
      vertex 61.891 -30.0398 30
    endloop
  endfacet
  facet normal 0.929897 -0.367819 0
    outer loop
      vertex 61.9409 -29.9245 0
      vertex 61.9178 -29.9829 30
      vertex 61.9178 -29.9829 0
    endloop
  endfacet
  facet normal 0.929897 -0.367819 0
    outer loop
      vertex 61.9409 -29.9245 0
      vertex 61.9409 -29.9245 30
      vertex 61.9178 -29.9829 30
    endloop
  endfacet
  facet normal 0.951046 -0.30905 0
    outer loop
      vertex 61.9603 -29.8648 0
      vertex 61.9409 -29.9245 30
      vertex 61.9409 -29.9245 0
    endloop
  endfacet
  facet normal 0.951046 -0.30905 0
    outer loop
      vertex 61.9603 -29.8648 0
      vertex 61.9603 -29.8648 30
      vertex 61.9409 -29.9245 30
    endloop
  endfacet
  facet normal 0.968723 -0.248146 0
    outer loop
      vertex 61.9759 -29.8039 0
      vertex 61.9603 -29.8648 30
      vertex 61.9603 -29.8648 0
    endloop
  endfacet
  facet normal 0.968723 -0.248146 0
    outer loop
      vertex 61.9759 -29.8039 0
      vertex 61.9759 -29.8039 30
      vertex 61.9603 -29.8648 30
    endloop
  endfacet
  facet normal 0.982199 -0.187844 0
    outer loop
      vertex 61.9877 -29.7422 0
      vertex 61.9759 -29.8039 30
      vertex 61.9759 -29.8039 0
    endloop
  endfacet
  facet normal 0.982199 -0.187844 0
    outer loop
      vertex 61.9877 -29.7422 0
      vertex 61.9877 -29.7422 30
      vertex 61.9759 -29.8039 30
    endloop
  endfacet
  facet normal 0.992056 -0.125798 0
    outer loop
      vertex 61.9956 -29.6799 0
      vertex 61.9877 -29.7422 30
      vertex 61.9877 -29.7422 0
    endloop
  endfacet
  facet normal 0.992056 -0.125798 0
    outer loop
      vertex 61.9956 -29.6799 0
      vertex 61.9956 -29.6799 30
      vertex 61.9877 -29.7422 30
    endloop
  endfacet
  facet normal 0.998071 -0.062081 0
    outer loop
      vertex 61.9995 -29.6172 0
      vertex 61.9956 -29.6799 30
      vertex 61.9956 -29.6799 0
    endloop
  endfacet
  facet normal 0.998071 -0.062081 0
    outer loop
      vertex 61.9995 -29.6172 0
      vertex 61.9995 -29.6172 30
      vertex 61.9956 -29.6799 30
    endloop
  endfacet
  facet normal 0.999873 -0.0159215 0
    outer loop
      vertex 62 -29.5858 0
      vertex 61.9995 -29.6172 30
      vertex 61.9995 -29.6172 0
    endloop
  endfacet
  facet normal 0.999873 -0.0159215 0
    outer loop
      vertex 62 -29.5858 0
      vertex 62 -29.5858 30
      vertex 61.9995 -29.6172 30
    endloop
  endfacet
  facet normal 1 0 0
    outer loop
      vertex 62 -21 0
      vertex 62 -29.5858 30
      vertex 62 -29.5858 0
    endloop
  endfacet
  facet normal 1 0 -0
    outer loop
      vertex 62 -21 0
      vertex 62 -21 30
      vertex 62 -29.5858 30
    endloop
  endfacet
  facet normal 0.999493 0.031831 0
    outer loop
      vertex 61.998 -20.9372 0
      vertex 62 -21 30
      vertex 62 -21 0
    endloop
  endfacet
  facet normal 0.999493 0.031831 -0
    outer loop
      vertex 61.998 -20.9372 0
      vertex 61.998 -20.9372 30
      vertex 62 -21 30
    endloop
  endfacet
  facet normal 0.995574 0.0939822 0
    outer loop
      vertex 61.9921 -20.8747 0
      vertex 61.998 -20.9372 30
      vertex 61.998 -20.9372 0
    endloop
  endfacet
  facet normal 0.995574 0.0939822 -0
    outer loop
      vertex 61.9921 -20.8747 0
      vertex 61.9921 -20.8747 30
      vertex 61.998 -20.9372 30
    endloop
  endfacet
  facet normal 0.987776 0.155881 0
    outer loop
      vertex 61.9823 -20.8126 0
      vertex 61.9921 -20.8747 30
      vertex 61.9921 -20.8747 0
    endloop
  endfacet
  facet normal 0.987776 0.155881 -0
    outer loop
      vertex 61.9823 -20.8126 0
      vertex 61.9823 -20.8126 30
      vertex 61.9921 -20.8747 30
    endloop
  endfacet
  facet normal 0.975924 0.21811 0
    outer loop
      vertex 61.9686 -20.7513 0
      vertex 61.9823 -20.8126 30
      vertex 61.9823 -20.8126 0
    endloop
  endfacet
  facet normal 0.975924 0.21811 -0
    outer loop
      vertex 61.9686 -20.7513 0
      vertex 61.9686 -20.7513 30
      vertex 61.9823 -20.8126 30
    endloop
  endfacet
  facet normal 0.959946 0.280183 0
    outer loop
      vertex 61.951 -20.691 0
      vertex 61.9686 -20.7513 30
      vertex 61.9686 -20.7513 0
    endloop
  endfacet
  facet normal 0.959946 0.280183 -0
    outer loop
      vertex 61.951 -20.691 0
      vertex 61.951 -20.691 30
      vertex 61.9686 -20.7513 30
    endloop
  endfacet
  facet normal 0.941273 0.337648 0
    outer loop
      vertex 61.9298 -20.6319 0
      vertex 61.951 -20.691 30
      vertex 61.951 -20.691 0
    endloop
  endfacet
  facet normal 0.941273 0.337648 -0
    outer loop
      vertex 61.9298 -20.6319 0
      vertex 61.9298 -20.6319 30
      vertex 61.951 -20.691 30
    endloop
  endfacet
  facet normal 0.917575 0.397563 0
    outer loop
      vertex 61.9048 -20.5742 0
      vertex 61.9298 -20.6319 30
      vertex 61.9298 -20.6319 0
    endloop
  endfacet
  facet normal 0.917575 0.397563 -0
    outer loop
      vertex 61.9048 -20.5742 0
      vertex 61.9048 -20.5742 30
      vertex 61.9298 -20.6319 30
    endloop
  endfacet
  facet normal 0.891222 0.453568 0
    outer loop
      vertex 61.8763 -20.5182 0
      vertex 61.9048 -20.5742 30
      vertex 61.9048 -20.5742 0
    endloop
  endfacet
  facet normal 0.891222 0.453568 -0
    outer loop
      vertex 61.8763 -20.5182 0
      vertex 61.8763 -20.5182 30
      vertex 61.9048 -20.5742 30
    endloop
  endfacet
  facet normal 0.860292 0.509802 0
    outer loop
      vertex 61.8443 -20.4642 0
      vertex 61.8763 -20.5182 30
      vertex 61.8763 -20.5182 0
    endloop
  endfacet
  facet normal 0.860292 0.509802 -0
    outer loop
      vertex 61.8443 -20.4642 0
      vertex 61.8443 -20.4642 30
      vertex 61.8763 -20.5182 30
    endloop
  endfacet
  facet normal 0.82737 0.561657 0
    outer loop
      vertex 61.809 -20.4122 0
      vertex 61.8443 -20.4642 30
      vertex 61.8443 -20.4642 0
    endloop
  endfacet
  facet normal 0.82737 0.561657 -0
    outer loop
      vertex 61.809 -20.4122 0
      vertex 61.809 -20.4122 30
      vertex 61.8443 -20.4642 30
    endloop
  endfacet
  facet normal 0.789952 0.613168 0
    outer loop
      vertex 61.7705 -20.3626 0
      vertex 61.809 -20.4122 30
      vertex 61.809 -20.4122 0
    endloop
  endfacet
  facet normal 0.789952 0.613168 -0
    outer loop
      vertex 61.7705 -20.3626 0
      vertex 61.7705 -20.3626 30
      vertex 61.809 -20.4122 30
    endloop
  endfacet
  facet normal 0.750303 0.661095 0
    outer loop
      vertex 61.729 -20.3155 0
      vertex 61.7705 -20.3626 30
      vertex 61.7705 -20.3626 0
    endloop
  endfacet
  facet normal 0.750303 0.661095 -0
    outer loop
      vertex 61.729 -20.3155 0
      vertex 61.729 -20.3155 30
      vertex 61.7705 -20.3626 30
    endloop
  endfacet
  facet normal 0.707107 0.707107 0
    outer loop
      vertex 61.6845 -20.271 0
      vertex 61.729 -20.3155 30
      vertex 61.729 -20.3155 0
    endloop
  endfacet
  facet normal 0.707107 0.707107 -0
    outer loop
      vertex 61.6845 -20.271 0
      vertex 61.6845 -20.271 30
      vertex 61.729 -20.3155 30
    endloop
  endfacet
  facet normal 0.661095 0.750303 0
    outer loop
      vertex 61.6374 -20.2295 0
      vertex 61.6845 -20.271 30
      vertex 61.6845 -20.271 0
    endloop
  endfacet
  facet normal 0.661095 0.750303 -0
    outer loop
      vertex 61.6374 -20.2295 0
      vertex 61.6374 -20.2295 30
      vertex 61.6845 -20.271 30
    endloop
  endfacet
  facet normal 0.613168 0.789952 0
    outer loop
      vertex 61.5878 -20.191 0
      vertex 61.6374 -20.2295 30
      vertex 61.6374 -20.2295 0
    endloop
  endfacet
  facet normal 0.613168 0.789952 -0
    outer loop
      vertex 61.5878 -20.191 0
      vertex 61.5878 -20.191 30
      vertex 61.6374 -20.2295 30
    endloop
  endfacet
  facet normal 0.561657 0.82737 0
    outer loop
      vertex 61.5358 -20.1557 0
      vertex 61.5878 -20.191 30
      vertex 61.5878 -20.191 0
    endloop
  endfacet
  facet normal 0.561657 0.82737 -0
    outer loop
      vertex 61.5358 -20.1557 0
      vertex 61.5358 -20.1557 30
      vertex 61.5878 -20.191 30
    endloop
  endfacet
  facet normal 0.509802 0.860292 0
    outer loop
      vertex 61.4818 -20.1237 0
      vertex 61.5358 -20.1557 30
      vertex 61.5358 -20.1557 0
    endloop
  endfacet
  facet normal 0.509802 0.860292 -0
    outer loop
      vertex 61.4818 -20.1237 0
      vertex 61.4818 -20.1237 30
      vertex 61.5358 -20.1557 30
    endloop
  endfacet
  facet normal 0.453568 0.891222 0
    outer loop
      vertex 61.4258 -20.0952 0
      vertex 61.4818 -20.1237 30
      vertex 61.4818 -20.1237 0
    endloop
  endfacet
  facet normal 0.453568 0.891222 -0
    outer loop
      vertex 61.4258 -20.0952 0
      vertex 61.4258 -20.0952 30
      vertex 61.4818 -20.1237 30
    endloop
  endfacet
  facet normal 0.397563 0.917575 0
    outer loop
      vertex 61.3681 -20.0702 0
      vertex 61.4258 -20.0952 30
      vertex 61.4258 -20.0952 0
    endloop
  endfacet
  facet normal 0.397563 0.917575 -0
    outer loop
      vertex 61.3681 -20.0702 0
      vertex 61.3681 -20.0702 30
      vertex 61.4258 -20.0952 30
    endloop
  endfacet
  facet normal 0.337648 0.941273 0
    outer loop
      vertex 61.309 -20.049 0
      vertex 61.3681 -20.0702 30
      vertex 61.3681 -20.0702 0
    endloop
  endfacet
  facet normal 0.337648 0.941273 -0
    outer loop
      vertex 61.309 -20.049 0
      vertex 61.309 -20.049 30
      vertex 61.3681 -20.0702 30
    endloop
  endfacet
  facet normal 0.280183 0.959946 0
    outer loop
      vertex 61.2487 -20.0314 0
      vertex 61.309 -20.049 30
      vertex 61.309 -20.049 0
    endloop
  endfacet
  facet normal 0.280183 0.959946 -0
    outer loop
      vertex 61.2487 -20.0314 0
      vertex 61.2487 -20.0314 30
      vertex 61.309 -20.049 30
    endloop
  endfacet
  facet normal 0.21811 0.975924 0
    outer loop
      vertex 61.1874 -20.0177 0
      vertex 61.2487 -20.0314 30
      vertex 61.2487 -20.0314 0
    endloop
  endfacet
  facet normal 0.21811 0.975924 -0
    outer loop
      vertex 61.1874 -20.0177 0
      vertex 61.1874 -20.0177 30
      vertex 61.2487 -20.0314 30
    endloop
  endfacet
  facet normal 0.155881 0.987776 0
    outer loop
      vertex 61.1253 -20.0079 0
      vertex 61.1874 -20.0177 30
      vertex 61.1874 -20.0177 0
    endloop
  endfacet
  facet normal 0.155881 0.987776 -0
    outer loop
      vertex 61.1253 -20.0079 0
      vertex 61.1253 -20.0079 30
      vertex 61.1874 -20.0177 30
    endloop
  endfacet
  facet normal 0.0939822 0.995574 0
    outer loop
      vertex 61.0628 -20.002 0
      vertex 61.1253 -20.0079 30
      vertex 61.1253 -20.0079 0
    endloop
  endfacet
  facet normal 0.0939822 0.995574 -0
    outer loop
      vertex 61.0628 -20.002 0
      vertex 61.0628 -20.002 30
      vertex 61.1253 -20.0079 30
    endloop
  endfacet
  facet normal 0.031831 0.999493 0
    outer loop
      vertex 61 -20 0
      vertex 61.0628 -20.002 30
      vertex 61.0628 -20.002 0
    endloop
  endfacet
  facet normal 0.031831 0.999493 -0
    outer loop
      vertex 61 -20 0
      vertex 61 -20 30
      vertex 61.0628 -20.002 30
    endloop
  endfacet
  facet normal 0 1 0
    outer loop
      vertex 59.9998 -20 0
      vertex 61 -20 30
      vertex 61 -20 0
    endloop
  endfacet
  facet normal 0 1 0
    outer loop
      vertex 59.9998 -20 0
      vertex 59.9998 -20 30
      vertex 61 -20 30
    endloop
  endfacet
  facet normal -0.031831 0.999493 0
    outer loop
      vertex 59.937 -20.002 0
      vertex 59.9998 -20 30
      vertex 59.9998 -20 0
    endloop
  endfacet
  facet normal -0.031831 0.999493 0
    outer loop
      vertex 59.937 -20.002 0
      vertex 59.937 -20.002 30
      vertex 59.9998 -20 30
    endloop
  endfacet
  facet normal -0.0938334 0.995588 0
    outer loop
      vertex 59.8744 -20.0079 0
      vertex 59.937 -20.002 30
      vertex 59.937 -20.002 0
    endloop
  endfacet
  facet normal -0.0938334 0.995588 0
    outer loop
      vertex 59.8744 -20.0079 0
      vertex 59.8744 -20.0079 30
      vertex 59.937 -20.002 30
    endloop
  endfacet
  facet normal -0.156126 0.987737 0
    outer loop
      vertex 59.8124 -20.0177 0
      vertex 59.8744 -20.0079 30
      vertex 59.8744 -20.0079 0
    endloop
  endfacet
  facet normal -0.156126 0.987737 0
    outer loop
      vertex 59.8124 -20.0177 0
      vertex 59.8124 -20.0177 30
      vertex 59.8744 -20.0079 30
    endloop
  endfacet
  facet normal -0.21811 0.975924 0
    outer loop
      vertex 59.7511 -20.0314 0
      vertex 59.8124 -20.0177 30
      vertex 59.8124 -20.0177 0
    endloop
  endfacet
  facet normal -0.21811 0.975924 0
    outer loop
      vertex 59.7511 -20.0314 0
      vertex 59.7511 -20.0314 30
      vertex 59.8124 -20.0177 30
    endloop
  endfacet
  facet normal -0.279756 0.960071 0
    outer loop
      vertex 59.6907 -20.049 0
      vertex 59.7511 -20.0314 30
      vertex 59.7511 -20.0314 0
    endloop
  endfacet
  facet normal -0.279756 0.960071 0
    outer loop
      vertex 59.6907 -20.049 0
      vertex 59.6907 -20.049 30
      vertex 59.7511 -20.0314 30
    endloop
  endfacet
  facet normal -0.337648 0.941273 0
    outer loop
      vertex 59.6316 -20.0702 0
      vertex 59.6907 -20.049 30
      vertex 59.6907 -20.049 0
    endloop
  endfacet
  facet normal -0.337648 0.941273 0
    outer loop
      vertex 59.6316 -20.0702 0
      vertex 59.6316 -20.0702 30
      vertex 59.6907 -20.049 30
    endloop
  endfacet
  facet normal -0.398144 0.917323 0
    outer loop
      vertex 59.574 -20.0952 0
      vertex 59.6316 -20.0702 30
      vertex 59.6316 -20.0702 0
    endloop
  endfacet
  facet normal -0.398144 0.917323 0
    outer loop
      vertex 59.574 -20.0952 0
      vertex 59.574 -20.0952 30
      vertex 59.6316 -20.0702 30
    endloop
  endfacet
  facet normal -0.453568 0.891222 0
    outer loop
      vertex 59.518 -20.1237 0
      vertex 59.574 -20.0952 30
      vertex 59.574 -20.0952 0
    endloop
  endfacet
  facet normal -0.453568 0.891222 0
    outer loop
      vertex 59.518 -20.1237 0
      vertex 59.518 -20.1237 30
      vertex 59.574 -20.0952 30
    endloop
  endfacet
  facet normal -0.509104 0.860705 0
    outer loop
      vertex 59.4639 -20.1557 0
      vertex 59.518 -20.1237 30
      vertex 59.518 -20.1237 0
    endloop
  endfacet
  facet normal -0.509104 0.860705 0
    outer loop
      vertex 59.4639 -20.1557 0
      vertex 59.4639 -20.1557 30
      vertex 59.518 -20.1237 30
    endloop
  endfacet
  facet normal -0.562397 0.826867 0
    outer loop
      vertex 59.412 -20.191 0
      vertex 59.4639 -20.1557 30
      vertex 59.4639 -20.1557 0
    endloop
  endfacet
  facet normal -0.562397 0.826867 0
    outer loop
      vertex 59.412 -20.191 0
      vertex 59.412 -20.191 30
      vertex 59.4639 -20.1557 30
    endloop
  endfacet
  facet normal -0.612398 0.79055 0
    outer loop
      vertex 59.3623 -20.2295 0
      vertex 59.412 -20.191 30
      vertex 59.412 -20.191 0
    endloop
  endfacet
  facet normal -0.612398 0.79055 0
    outer loop
      vertex 59.3623 -20.2295 0
      vertex 59.3623 -20.2295 30
      vertex 59.412 -20.191 30
    endloop
  endfacet
  facet normal -0.661095 0.750303 0
    outer loop
      vertex 59.3152 -20.271 0
      vertex 59.3623 -20.2295 30
      vertex 59.3623 -20.2295 0
    endloop
  endfacet
  facet normal -0.661095 0.750303 0
    outer loop
      vertex 59.3152 -20.271 0
      vertex 59.3152 -20.271 30
      vertex 59.3623 -20.2295 30
    endloop
  endfacet
  facet normal -0.707902 0.706311 0
    outer loop
      vertex 59.2708 -20.3155 0
      vertex 59.3152 -20.271 30
      vertex 59.3152 -20.271 0
    endloop
  endfacet
  facet normal -0.707902 0.706311 0
    outer loop
      vertex 59.2708 -20.3155 0
      vertex 59.2708 -20.3155 30
      vertex 59.3152 -20.271 30
    endloop
  endfacet
  facet normal -0.749513 0.66199 0
    outer loop
      vertex 59.2292 -20.3626 0
      vertex 59.2708 -20.3155 30
      vertex 59.2708 -20.3155 0
    endloop
  endfacet
  facet normal -0.749513 0.66199 0
    outer loop
      vertex 59.2292 -20.3626 0
      vertex 59.2292 -20.3626 30
      vertex 59.2708 -20.3155 30
    endloop
  endfacet
  facet normal -0.789952 0.613168 0
    outer loop
      vertex 59.1907 -20.4122 0
      vertex 59.2292 -20.3626 30
      vertex 59.2292 -20.3626 0
    endloop
  endfacet
  facet normal -0.789952 0.613168 0
    outer loop
      vertex 59.1907 -20.4122 0
      vertex 59.1907 -20.4122 30
      vertex 59.2292 -20.3626 30
    endloop
  endfacet
  facet normal -0.82737 0.561657 0
    outer loop
      vertex 59.1554 -20.4642 0
      vertex 59.1907 -20.4122 30
      vertex 59.1907 -20.4122 0
    endloop
  endfacet
  facet normal -0.82737 0.561657 0
    outer loop
      vertex 59.1554 -20.4642 0
      vertex 59.1554 -20.4642 30
      vertex 59.1907 -20.4122 30
    endloop
  endfacet
  facet normal -0.860292 0.509802 0
    outer loop
      vertex 59.1234 -20.5182 0
      vertex 59.1554 -20.4642 30
      vertex 59.1554 -20.4642 0
    endloop
  endfacet
  facet normal -0.860292 0.509802 0
    outer loop
      vertex 59.1234 -20.5182 0
      vertex 59.1234 -20.5182 30
      vertex 59.1554 -20.4642 30
    endloop
  endfacet
  facet normal -0.891222 0.453568 0
    outer loop
      vertex 59.0949 -20.5742 0
      vertex 59.1234 -20.5182 30
      vertex 59.1234 -20.5182 0
    endloop
  endfacet
  facet normal -0.891222 0.453568 0
    outer loop
      vertex 59.0949 -20.5742 0
      vertex 59.0949 -20.5742 30
      vertex 59.1234 -20.5182 30
    endloop
  endfacet
  facet normal -0.918154 0.396223 0
    outer loop
      vertex 59.07 -20.6319 0
      vertex 59.0949 -20.5742 30
      vertex 59.0949 -20.5742 0
    endloop
  endfacet
  facet normal -0.918154 0.396223 0
    outer loop
      vertex 59.07 -20.6319 0
      vertex 59.07 -20.6319 30
      vertex 59.0949 -20.5742 30
    endloop
  endfacet
  facet normal -0.940766 0.339058 0
    outer loop
      vertex 59.0487 -20.691 0
      vertex 59.07 -20.6319 30
      vertex 59.07 -20.6319 0
    endloop
  endfacet
  facet normal -0.940766 0.339058 0
    outer loop
      vertex 59.0487 -20.691 0
      vertex 59.0487 -20.691 30
      vertex 59.07 -20.6319 30
    endloop
  endfacet
  facet normal -0.960374 0.278715 0
    outer loop
      vertex 59.0312 -20.7513 0
      vertex 59.0487 -20.691 30
      vertex 59.0487 -20.691 0
    endloop
  endfacet
  facet normal -0.960374 0.278715 0
    outer loop
      vertex 59.0312 -20.7513 0
      vertex 59.0312 -20.7513 30
      vertex 59.0487 -20.691 30
    endloop
  endfacet
  facet normal -0.975924 0.21811 0
    outer loop
      vertex 59.0175 -20.8126 0
      vertex 59.0312 -20.7513 30
      vertex 59.0312 -20.7513 0
    endloop
  endfacet
  facet normal -0.975924 0.21811 0
    outer loop
      vertex 59.0175 -20.8126 0
      vertex 59.0175 -20.8126 30
      vertex 59.0312 -20.7513 30
    endloop
  endfacet
  facet normal -0.98753 0.157432 0
    outer loop
      vertex 59.0076 -20.8747 0
      vertex 59.0175 -20.8126 30
      vertex 59.0175 -20.8126 0
    endloop
  endfacet
  facet normal -0.98753 0.157432 0
    outer loop
      vertex 59.0076 -20.8747 0
      vertex 59.0076 -20.8747 30
      vertex 59.0175 -20.8126 30
    endloop
  endfacet
  facet normal -0.995574 0.0939822 0
    outer loop
      vertex 59.0017 -20.9372 0
      vertex 59.0076 -20.8747 30
      vertex 59.0076 -20.8747 0
    endloop
  endfacet
  facet normal -0.995574 0.0939822 0
    outer loop
      vertex 59.0017 -20.9372 0
      vertex 59.0017 -20.9372 30
      vertex 59.0076 -20.8747 30
    endloop
  endfacet
  facet normal -0.999264 0.0383513 0
    outer loop
      vertex 58.9999 -20.9841 0
      vertex 59.0017 -20.9372 30
      vertex 59.0017 -20.9372 0
    endloop
  endfacet
  facet normal -0.999264 0.0383513 0
    outer loop
      vertex 58.9999 -20.9841 0
      vertex 58.9999 -20.9841 30
      vertex 59.0017 -20.9372 30
    endloop
  endfacet
  facet normal -0.999882 0.0153435 0
    outer loop
      vertex 58.9993 -21.0232 0
      vertex 58.9999 -20.9841 30
      vertex 58.9999 -20.9841 0
    endloop
  endfacet
  facet normal -0.999882 0.0153435 0
    outer loop
      vertex 58.9993 -21.0232 0
      vertex 58.9993 -21.0232 30
      vertex 58.9999 -20.9841 30
    endloop
  endfacet
  facet normal -0.999504 0.0315059 0
    outer loop
      vertex 58.9837 -21.5181 0
      vertex 58.9993 -21.0232 30
      vertex 58.9993 -21.0232 0
    endloop
  endfacet
  facet normal -0.999504 0.0315059 0
    outer loop
      vertex 58.9837 -21.5181 0
      vertex 58.9837 -21.5181 30
      vertex 58.9993 -21.0232 30
    endloop
  endfacet
  facet normal -0.998048 0.0624442 0
    outer loop
      vertex 58.9778 -21.6124 0
      vertex 58.9837 -21.5181 30
      vertex 58.9837 -21.5181 0
    endloop
  endfacet
  facet normal -0.998048 0.0624442 0
    outer loop
      vertex 58.9778 -21.6124 0
      vertex 58.9778 -21.6124 30
      vertex 58.9837 -21.5181 30
    endloop
  endfacet
  facet normal -0.995565 0.0940775 0
    outer loop
      vertex 58.9335 -22.0812 0
      vertex 58.9778 -21.6124 30
      vertex 58.9778 -21.6124 0
    endloop
  endfacet
  facet normal -0.995565 0.0940775 0
    outer loop
      vertex 58.9335 -22.0812 0
      vertex 58.9335 -22.0812 30
      vertex 58.9778 -21.6124 30
    endloop
  endfacet
  facet normal -0.992063 0.125739 0
    outer loop
      vertex 58.9217 -22.1743 0
      vertex 58.9335 -22.0812 30
      vertex 58.9335 -22.0812 0
    endloop
  endfacet
  facet normal -0.992063 0.125739 0
    outer loop
      vertex 58.9217 -22.1743 0
      vertex 58.9217 -22.1743 30
      vertex 58.9335 -22.0812 30
    endloop
  endfacet
  facet normal -0.987698 0.156377 0
    outer loop
      vertex 58.848 -22.6398 0
      vertex 58.9217 -22.1743 30
      vertex 58.9217 -22.1743 0
    endloop
  endfacet
  facet normal -0.987698 0.156377 0
    outer loop
      vertex 58.848 -22.6398 0
      vertex 58.848 -22.6398 30
      vertex 58.9217 -22.1743 30
    endloop
  endfacet
  facet normal -0.982301 0.187308 0
    outer loop
      vertex 58.8304 -22.7321 0
      vertex 58.848 -22.6398 30
      vertex 58.848 -22.6398 0
    endloop
  endfacet
  facet normal -0.982301 0.187308 0
    outer loop
      vertex 58.8304 -22.7321 0
      vertex 58.8304 -22.7321 30
      vertex 58.848 -22.6398 30
    endloop
  endfacet
  facet normal -0.975887 0.218277 0
    outer loop
      vertex 58.7274 -23.1926 0
      vertex 58.8304 -22.7321 30
      vertex 58.8304 -22.7321 0
    endloop
  endfacet
  facet normal -0.975887 0.218277 0
    outer loop
      vertex 58.7274 -23.1926 0
      vertex 58.7274 -23.1926 30
      vertex 58.8304 -22.7321 30
    endloop
  endfacet
  facet normal -0.968677 0.248324 0
    outer loop
      vertex 58.7042 -23.2831 0
      vertex 58.7274 -23.1926 30
      vertex 58.7274 -23.1926 0
    endloop
  endfacet
  facet normal -0.968677 0.248324 0
    outer loop
      vertex 58.7042 -23.2831 0
      vertex 58.7042 -23.2831 30
      vertex 58.7274 -23.1926 30
    endloop
  endfacet
  facet normal -0.960258 0.279113 0
    outer loop
      vertex 58.5725 -23.7362 0
      vertex 58.7042 -23.2831 30
      vertex 58.7042 -23.2831 0
    endloop
  endfacet
  facet normal -0.960258 0.279113 0
    outer loop
      vertex 58.5725 -23.7362 0
      vertex 58.5725 -23.7362 30
      vertex 58.7042 -23.2831 30
    endloop
  endfacet
  facet normal -0.951206 0.308557 0
    outer loop
      vertex 58.5435 -23.8256 0
      vertex 58.5725 -23.7362 30
      vertex 58.5725 -23.7362 0
    endloop
  endfacet
  facet normal -0.951206 0.308557 0
    outer loop
      vertex 58.5435 -23.8256 0
      vertex 58.5435 -23.8256 30
      vertex 58.5725 -23.7362 30
    endloop
  endfacet
  facet normal -0.940879 0.338742 0
    outer loop
      vertex 58.3839 -24.2689 0
      vertex 58.5435 -23.8256 30
      vertex 58.5435 -23.8256 0
    endloop
  endfacet
  facet normal -0.940879 0.338742 0
    outer loop
      vertex 58.3839 -24.2689 0
      vertex 58.3839 -24.2689 30
      vertex 58.5435 -23.8256 30
    endloop
  endfacet
  facet normal -0.929723 0.36826 0
    outer loop
      vertex 58.3494 -24.356 0
      vertex 58.3839 -24.2689 30
      vertex 58.3839 -24.2689 0
    endloop
  endfacet
  facet normal -0.929723 0.36826 0
    outer loop
      vertex 58.3494 -24.356 0
      vertex 58.3494 -24.356 30
      vertex 58.3839 -24.2689 30
    endloop
  endfacet
  facet normal -0.917703 0.397268 0
    outer loop
      vertex 58.162 -24.7889 0
      vertex 58.3494 -24.356 30
      vertex 58.3494 -24.356 0
    endloop
  endfacet
  facet normal -0.917703 0.397268 0
    outer loop
      vertex 58.162 -24.7889 0
      vertex 58.162 -24.7889 30
      vertex 58.3494 -24.356 30
    endloop
  endfacet
  facet normal -0.905179 0.425031 0
    outer loop
      vertex 58.1219 -24.8743 0
      vertex 58.162 -24.7889 30
      vertex 58.162 -24.7889 0
    endloop
  endfacet
  facet normal -0.905179 0.425031 0
    outer loop
      vertex 58.1219 -24.8743 0
      vertex 58.1219 -24.8743 30
      vertex 58.162 -24.7889 30
    endloop
  endfacet
  facet normal -0.891001 0.454002 0
    outer loop
      vertex 57.9083 -25.2935 0
      vertex 58.1219 -24.8743 30
      vertex 58.1219 -24.8743 0
    endloop
  endfacet
  facet normal -0.891001 0.454002 0
    outer loop
      vertex 57.9083 -25.2935 0
      vertex 57.9083 -25.2935 30
      vertex 58.1219 -24.8743 30
    endloop
  endfacet
  facet normal -0.876194 0.481959 0
    outer loop
      vertex 57.8627 -25.3764 0
      vertex 57.9083 -25.2935 30
      vertex 57.9083 -25.2935 0
    endloop
  endfacet
  facet normal -0.876194 0.481959 0
    outer loop
      vertex 57.8627 -25.3764 0
      vertex 57.8627 -25.3764 30
      vertex 57.9083 -25.2935 30
    endloop
  endfacet
  facet normal -0.860753 0.509022 0
    outer loop
      vertex 57.6229 -25.7819 0
      vertex 57.8627 -25.3764 30
      vertex 57.8627 -25.3764 0
    endloop
  endfacet
  facet normal -0.860753 0.509022 0
    outer loop
      vertex 57.6229 -25.7819 0
      vertex 57.6229 -25.7819 30
      vertex 57.8627 -25.3764 30
    endloop
  endfacet
  facet normal -0.84445 0.535635 0
    outer loop
      vertex 57.5726 -25.8612 0
      vertex 57.6229 -25.7819 30
      vertex 57.6229 -25.7819 0
    endloop
  endfacet
  facet normal -0.84445 0.535635 0
    outer loop
      vertex 57.5726 -25.8612 0
      vertex 57.5726 -25.8612 30
      vertex 57.6229 -25.7819 30
    endloop
  endfacet
  facet normal -0.826994 0.562211 0
    outer loop
      vertex 57.3074 -26.2513 0
      vertex 57.5726 -25.8612 30
      vertex 57.5726 -25.8612 0
    endloop
  endfacet
  facet normal -0.826994 0.562211 0
    outer loop
      vertex 57.3074 -26.2513 0
      vertex 57.3074 -26.2513 30
      vertex 57.5726 -25.8612 30
    endloop
  endfacet
  facet normal -0.809104 0.587665 0
    outer loop
      vertex 57.2522 -26.3273 0
      vertex 57.3074 -26.2513 30
      vertex 57.3074 -26.2513 0
    endloop
  endfacet
  facet normal -0.809104 0.587665 0
    outer loop
      vertex 57.2522 -26.3273 0
      vertex 57.2522 -26.3273 30
      vertex 57.3074 -26.2513 30
    endloop
  endfacet
  facet normal -0.79022 0.612824 0
    outer loop
      vertex 56.9634 -26.6997 0
      vertex 57.2522 -26.3273 30
      vertex 57.2522 -26.3273 0
    endloop
  endfacet
  facet normal -0.79022 0.612824 0
    outer loop
      vertex 56.9634 -26.6997 0
      vertex 56.9634 -26.6997 30
      vertex 57.2522 -26.3273 30
    endloop
  endfacet
  facet normal -0.770051 0.637982 0
    outer loop
      vertex 56.9035 -26.772 0
      vertex 56.9634 -26.6997 30
      vertex 56.9634 -26.6997 0
    endloop
  endfacet
  facet normal -0.770051 0.637982 0
    outer loop
      vertex 56.9035 -26.772 0
      vertex 56.9035 -26.772 30
      vertex 56.9634 -26.6997 30
    endloop
  endfacet
  facet normal -0.750154 0.661264 0
    outer loop
      vertex 56.5918 -27.1256 0
      vertex 56.9035 -26.772 30
      vertex 56.9035 -26.772 0
    endloop
  endfacet
  facet normal -0.750154 0.661264 0
    outer loop
      vertex 56.5918 -27.1256 0
      vertex 56.5918 -27.1256 30
      vertex 56.9035 -26.772 30
    endloop
  endfacet
  facet normal -0.729073 0.684436 0
    outer loop
      vertex 56.5274 -27.1942 0
      vertex 56.5918 -27.1256 30
      vertex 56.5918 -27.1256 0
    endloop
  endfacet
  facet normal -0.729073 0.684436 0
    outer loop
      vertex 56.5274 -27.1942 0
      vertex 56.5274 -27.1942 30
      vertex 56.5918 -27.1256 30
    endloop
  endfacet
  facet normal -0.707213 0.707001 0
    outer loop
      vertex 56.1942 -27.5275 0
      vertex 56.5274 -27.1942 30
      vertex 56.5274 -27.1942 0
    endloop
  endfacet
  facet normal -0.707213 0.707001 0
    outer loop
      vertex 56.1942 -27.5275 0
      vertex 56.1942 -27.5275 30
      vertex 56.5274 -27.1942 30
    endloop
  endfacet
  facet normal -0.684436 0.729073 0
    outer loop
      vertex 56.1256 -27.5919 0
      vertex 56.1942 -27.5275 30
      vertex 56.1942 -27.5275 0
    endloop
  endfacet
  facet normal -0.684436 0.729073 0
    outer loop
      vertex 56.1256 -27.5919 0
      vertex 56.1256 -27.5919 30
      vertex 56.1942 -27.5275 30
    endloop
  endfacet
  facet normal -0.661264 0.750154 0
    outer loop
      vertex 55.772 -27.9036 0
      vertex 56.1256 -27.5919 30
      vertex 56.1256 -27.5919 0
    endloop
  endfacet
  facet normal -0.661264 0.750154 0
    outer loop
      vertex 55.772 -27.9036 0
      vertex 55.772 -27.9036 30
      vertex 56.1256 -27.5919 30
    endloop
  endfacet
  facet normal -0.63735 0.770575 0
    outer loop
      vertex 55.6997 -27.9634 0
      vertex 55.772 -27.9036 30
      vertex 55.772 -27.9036 0
    endloop
  endfacet
  facet normal -0.63735 0.770575 0
    outer loop
      vertex 55.6997 -27.9634 0
      vertex 55.6997 -27.9634 30
      vertex 55.772 -27.9036 30
    endloop
  endfacet
  facet normal -0.612824 0.79022 0
    outer loop
      vertex 55.3273 -28.2522 0
      vertex 55.6997 -27.9634 30
      vertex 55.6997 -27.9634 0
    endloop
  endfacet
  facet normal -0.612824 0.79022 0
    outer loop
      vertex 55.3273 -28.2522 0
      vertex 55.3273 -28.2522 30
      vertex 55.6997 -27.9634 30
    endloop
  endfacet
  facet normal -0.588361 0.808598 0
    outer loop
      vertex 55.2513 -28.3075 0
      vertex 55.3273 -28.2522 30
      vertex 55.3273 -28.2522 0
    endloop
  endfacet
  facet normal -0.588361 0.808598 0
    outer loop
      vertex 55.2513 -28.3075 0
      vertex 55.2513 -28.3075 30
      vertex 55.3273 -28.2522 30
    endloop
  endfacet
  facet normal -0.562066 0.827092 0
    outer loop
      vertex 54.8612 -28.5726 0
      vertex 55.2513 -28.3075 30
      vertex 55.2513 -28.3075 0
    endloop
  endfacet
  facet normal -0.562066 0.827092 0
    outer loop
      vertex 54.8612 -28.5726 0
      vertex 54.8612 -28.5726 30
      vertex 55.2513 -28.3075 30
    endloop
  endfacet
  facet normal -0.535635 0.84445 0
    outer loop
      vertex 54.7819 -28.6229 0
      vertex 54.8612 -28.5726 30
      vertex 54.8612 -28.5726 0
    endloop
  endfacet
  facet normal -0.535635 0.84445 0
    outer loop
      vertex 54.7819 -28.6229 0
      vertex 54.7819 -28.6229 30
      vertex 54.8612 -28.5726 30
    endloop
  endfacet
  facet normal -0.509022 0.860753 0
    outer loop
      vertex 54.3764 -28.8627 0
      vertex 54.7819 -28.6229 30
      vertex 54.7819 -28.6229 0
    endloop
  endfacet
  facet normal -0.509022 0.860753 0
    outer loop
      vertex 54.3764 -28.8627 0
      vertex 54.3764 -28.8627 30
      vertex 54.7819 -28.6229 30
    endloop
  endfacet
  facet normal -0.481959 0.876194 0
    outer loop
      vertex 54.2935 -28.9083 0
      vertex 54.3764 -28.8627 30
      vertex 54.3764 -28.8627 0
    endloop
  endfacet
  facet normal -0.481959 0.876194 0
    outer loop
      vertex 54.2935 -28.9083 0
      vertex 54.2935 -28.9083 30
      vertex 54.3764 -28.8627 30
    endloop
  endfacet
  facet normal -0.454002 0.891001 0
    outer loop
      vertex 53.8743 -29.1219 0
      vertex 54.2935 -28.9083 30
      vertex 54.2935 -28.9083 0
    endloop
  endfacet
  facet normal -0.454002 0.891001 0
    outer loop
      vertex 53.8743 -29.1219 0
      vertex 53.8743 -29.1219 30
      vertex 54.2935 -28.9083 30
    endloop
  endfacet
  facet normal -0.425899 0.904771 0
    outer loop
      vertex 53.7889 -29.1621 0
      vertex 53.8743 -29.1219 30
      vertex 53.8743 -29.1219 0
    endloop
  endfacet
  facet normal -0.425899 0.904771 0
    outer loop
      vertex 53.7889 -29.1621 0
      vertex 53.7889 -29.1621 30
      vertex 53.8743 -29.1219 30
    endloop
  endfacet
  facet normal -0.39709 0.91778 0
    outer loop
      vertex 53.356 -29.3494 0
      vertex 53.7889 -29.1621 30
      vertex 53.7889 -29.1621 0
    endloop
  endfacet
  facet normal -0.39709 0.91778 0
    outer loop
      vertex 53.356 -29.3494 0
      vertex 53.356 -29.3494 30
      vertex 53.7889 -29.1621 30
    endloop
  endfacet
  facet normal -0.36826 0.929723 0
    outer loop
      vertex 53.2689 -29.3839 0
      vertex 53.356 -29.3494 30
      vertex 53.356 -29.3494 0
    endloop
  endfacet
  facet normal -0.36826 0.929723 0
    outer loop
      vertex 53.2689 -29.3839 0
      vertex 53.2689 -29.3839 30
      vertex 53.356 -29.3494 30
    endloop
  endfacet
  facet normal -0.338674 0.940904 0
    outer loop
      vertex 52.8255 -29.5435 0
      vertex 53.2689 -29.3839 30
      vertex 53.2689 -29.3839 0
    endloop
  endfacet
  facet normal -0.338674 0.940904 0
    outer loop
      vertex 52.8255 -29.5435 0
      vertex 52.8255 -29.5435 30
      vertex 53.2689 -29.3839 30
    endloop
  endfacet
  facet normal -0.309832 0.950791 0
    outer loop
      vertex 52.7362 -29.5726 0
      vertex 52.8255 -29.5435 30
      vertex 52.8255 -29.5435 0
    endloop
  endfacet
  facet normal -0.309832 0.950791 0
    outer loop
      vertex 52.7362 -29.5726 0
      vertex 52.7362 -29.5726 30
      vertex 52.8255 -29.5435 30
    endloop
  endfacet
  facet normal -0.278917 0.960315 0
    outer loop
      vertex 52.2831 -29.7042 0
      vertex 52.7362 -29.5726 30
      vertex 52.7362 -29.5726 0
    endloop
  endfacet
  facet normal -0.278917 0.960315 0
    outer loop
      vertex 52.2831 -29.7042 0
      vertex 52.2831 -29.7042 30
      vertex 52.7362 -29.5726 30
    endloop
  endfacet
  facet normal -0.248324 0.968677 0
    outer loop
      vertex 52.1926 -29.7274 0
      vertex 52.2831 -29.7042 30
      vertex 52.2831 -29.7042 0
    endloop
  endfacet
  facet normal -0.248324 0.968677 0
    outer loop
      vertex 52.1926 -29.7274 0
      vertex 52.1926 -29.7274 30
      vertex 52.2831 -29.7042 30
    endloop
  endfacet
  facet normal -0.218277 0.975887 0
    outer loop
      vertex 51.7321 -29.8304 0
      vertex 52.1926 -29.7274 30
      vertex 52.1926 -29.7274 0
    endloop
  endfacet
  facet normal -0.218277 0.975887 0
    outer loop
      vertex 51.7321 -29.8304 0
      vertex 51.7321 -29.8304 30
      vertex 52.1926 -29.7274 30
    endloop
  endfacet
  facet normal -0.187308 0.982301 0
    outer loop
      vertex 51.6398 -29.848 0
      vertex 51.7321 -29.8304 30
      vertex 51.7321 -29.8304 0
    endloop
  endfacet
  facet normal -0.187308 0.982301 0
    outer loop
      vertex 51.6398 -29.848 0
      vertex 51.6398 -29.848 30
      vertex 51.7321 -29.8304 30
    endloop
  endfacet
  facet normal -0.156377 0.987698 0
    outer loop
      vertex 51.1743 -29.9217 0
      vertex 51.6398 -29.848 30
      vertex 51.6398 -29.848 0
    endloop
  endfacet
  facet normal -0.156377 0.987698 0
    outer loop
      vertex 51.1743 -29.9217 0
      vertex 51.1743 -29.9217 30
      vertex 51.6398 -29.848 30
    endloop
  endfacet
  facet normal -0.125607 0.99208 0
    outer loop
      vertex 51.0811 -29.9335 0
      vertex 51.1743 -29.9217 30
      vertex 51.1743 -29.9217 0
    endloop
  endfacet
  facet normal -0.125607 0.99208 0
    outer loop
      vertex 51.0811 -29.9335 0
      vertex 51.0811 -29.9335 30
      vertex 51.1743 -29.9217 30
    endloop
  endfacet
  facet normal -0.0940974 0.995563 0
    outer loop
      vertex 50.6124 -29.9778 0
      vertex 51.0811 -29.9335 30
      vertex 51.0811 -29.9335 0
    endloop
  endfacet
  facet normal -0.0940974 0.995563 0
    outer loop
      vertex 50.6124 -29.9778 0
      vertex 50.6124 -29.9778 30
      vertex 51.0811 -29.9335 30
    endloop
  endfacet
  facet normal -0.0624442 0.998048 0
    outer loop
      vertex 50.5181 -29.9837 0
      vertex 50.6124 -29.9778 30
      vertex 50.6124 -29.9778 0
    endloop
  endfacet
  facet normal -0.0624442 0.998048 0
    outer loop
      vertex 50.5181 -29.9837 0
      vertex 50.5181 -29.9837 30
      vertex 50.6124 -29.9778 30
    endloop
  endfacet
  facet normal -0.0315059 0.999504 0
    outer loop
      vertex 50.0232 -29.9993 0
      vertex 50.5181 -29.9837 30
      vertex 50.5181 -29.9837 0
    endloop
  endfacet
  facet normal -0.0315059 0.999504 0
    outer loop
      vertex 50.0232 -29.9993 0
      vertex 50.0232 -29.9993 30
      vertex 50.5181 -29.9837 30
    endloop
  endfacet
  facet normal -0.0148604 0.99989 0
    outer loop
      vertex 49.9761 -30 0
      vertex 50.0232 -29.9993 30
      vertex 50.0232 -29.9993 0
    endloop
  endfacet
  facet normal -0.0148604 0.99989 0
    outer loop
      vertex 49.9761 -30 0
      vertex 49.9761 -30 30
      vertex 50.0232 -29.9993 30
    endloop
  endfacet
  facet normal 0 1 0
    outer loop
      vertex 38.0159 -30 0
      vertex 49.9761 -30 30
      vertex 49.9761 -30 0
    endloop
  endfacet
  facet normal 0 1 0
    outer loop
      vertex 38.0159 -30 0
      vertex 38.0159 -30 30
      vertex 49.9761 -30 30
    endloop
  endfacet
  facet normal 0.0317099 0.999497 0
    outer loop
      vertex 37.9371 -29.9975 0
      vertex 38.0159 -30 30
      vertex 38.0159 -30 0
    endloop
  endfacet
  facet normal 0.0317099 0.999497 -0
    outer loop
      vertex 37.9371 -29.9975 0
      vertex 37.9371 -29.9975 30
      vertex 38.0159 -30 30
    endloop
  endfacet
  facet normal 0.0941315 0.99556 0
    outer loop
      vertex 37.8747 -29.9916 0
      vertex 37.9371 -29.9975 30
      vertex 37.9371 -29.9975 0
    endloop
  endfacet
  facet normal 0.0941315 0.99556 -0
    outer loop
      vertex 37.8747 -29.9916 0
      vertex 37.8747 -29.9916 30
      vertex 37.9371 -29.9975 30
    endloop
  endfacet
  facet normal 0.156126 0.987737 0
    outer loop
      vertex 37.8127 -29.9818 0
      vertex 37.8747 -29.9916 30
      vertex 37.8747 -29.9916 0
    endloop
  endfacet
  facet normal 0.156126 0.987737 -0
    outer loop
      vertex 37.8127 -29.9818 0
      vertex 37.8127 -29.9818 30
      vertex 37.8747 -29.9916 30
    endloop
  endfacet
  facet normal 0.21811 0.975924 0
    outer loop
      vertex 37.7514 -29.9681 0
      vertex 37.8127 -29.9818 30
      vertex 37.8127 -29.9818 0
    endloop
  endfacet
  facet normal 0.21811 0.975924 -0
    outer loop
      vertex 37.7514 -29.9681 0
      vertex 37.7514 -29.9681 30
      vertex 37.8127 -29.9818 30
    endloop
  endfacet
  facet normal 0.279142 0.96025 0
    outer loop
      vertex 37.6912 -29.9506 0
      vertex 37.7514 -29.9681 30
      vertex 37.7514 -29.9681 0
    endloop
  endfacet
  facet normal 0.279142 0.96025 -0
    outer loop
      vertex 37.6912 -29.9506 0
      vertex 37.6912 -29.9506 30
      vertex 37.7514 -29.9681 30
    endloop
  endfacet
  facet normal 0.339058 0.940766 0
    outer loop
      vertex 37.6321 -29.9293 0
      vertex 37.6912 -29.9506 30
      vertex 37.6912 -29.9506 0
    endloop
  endfacet
  facet normal 0.339058 0.940766 -0
    outer loop
      vertex 37.6321 -29.9293 0
      vertex 37.6321 -29.9293 30
      vertex 37.6912 -29.9506 30
    endloop
  endfacet
  facet normal 0.396223 0.918154 0
    outer loop
      vertex 37.5744 -29.9044 0
      vertex 37.6321 -29.9293 30
      vertex 37.6321 -29.9293 0
    endloop
  endfacet
  facet normal 0.396223 0.918154 -0
    outer loop
      vertex 37.5744 -29.9044 0
      vertex 37.5744 -29.9044 30
      vertex 37.6321 -29.9293 30
    endloop
  endfacet
  facet normal 0.454831 0.890578 0
    outer loop
      vertex 37.5184 -29.8758 0
      vertex 37.5744 -29.9044 30
      vertex 37.5744 -29.9044 0
    endloop
  endfacet
  facet normal 0.454831 0.890578 -0
    outer loop
      vertex 37.5184 -29.8758 0
      vertex 37.5184 -29.8758 30
      vertex 37.5744 -29.9044 30
    endloop
  endfacet
  facet normal 0.509321 0.860577 0
    outer loop
      vertex 37.4645 -29.8439 0
      vertex 37.5184 -29.8758 30
      vertex 37.5184 -29.8758 0
    endloop
  endfacet
  facet normal 0.509321 0.860577 -0
    outer loop
      vertex 37.4645 -29.8439 0
      vertex 37.4645 -29.8439 30
      vertex 37.5184 -29.8758 30
    endloop
  endfacet
  facet normal 0.561306 0.827608 0
    outer loop
      vertex 37.4126 -29.8087 0
      vertex 37.4645 -29.8439 30
      vertex 37.4645 -29.8439 0
    endloop
  endfacet
  facet normal 0.561306 0.827608 -0
    outer loop
      vertex 37.4126 -29.8087 0
      vertex 37.4126 -29.8087 30
      vertex 37.4645 -29.8439 30
    endloop
  endfacet
  facet normal 0.612621 0.790377 0
    outer loop
      vertex 37.3628 -29.7701 0
      vertex 37.4126 -29.8087 30
      vertex 37.4126 -29.8087 0
    endloop
  endfacet
  facet normal 0.612621 0.790377 -0
    outer loop
      vertex 37.3628 -29.7701 0
      vertex 37.3628 -29.7701 30
      vertex 37.4126 -29.8087 30
    endloop
  endfacet
  facet normal 0.661885 0.749605 0
    outer loop
      vertex 37.3158 -29.7286 0
      vertex 37.3628 -29.7701 30
      vertex 37.3628 -29.7701 0
    endloop
  endfacet
  facet normal 0.661885 0.749605 -0
    outer loop
      vertex 37.3158 -29.7286 0
      vertex 37.3158 -29.7286 30
      vertex 37.3628 -29.7701 30
    endloop
  endfacet
  facet normal 0.707107 0.707107 0
    outer loop
      vertex 37.2714 -29.6842 0
      vertex 37.3158 -29.7286 30
      vertex 37.3158 -29.7286 0
    endloop
  endfacet
  facet normal 0.707107 0.707107 -0
    outer loop
      vertex 37.2714 -29.6842 0
      vertex 37.2714 -29.6842 30
      vertex 37.3158 -29.7286 30
    endloop
  endfacet
  facet normal 0.749605 0.661885 0
    outer loop
      vertex 37.2299 -29.6372 0
      vertex 37.2714 -29.6842 30
      vertex 37.2714 -29.6842 0
    endloop
  endfacet
  facet normal 0.749605 0.661885 -0
    outer loop
      vertex 37.2299 -29.6372 0
      vertex 37.2299 -29.6372 30
      vertex 37.2714 -29.6842 30
    endloop
  endfacet
  facet normal 0.790377 0.612621 0
    outer loop
      vertex 37.1913 -29.5874 0
      vertex 37.2299 -29.6372 30
      vertex 37.2299 -29.6372 0
    endloop
  endfacet
  facet normal 0.790377 0.612621 -0
    outer loop
      vertex 37.1913 -29.5874 0
      vertex 37.1913 -29.5874 30
      vertex 37.2299 -29.6372 30
    endloop
  endfacet
  facet normal 0.827608 0.561306 0
    outer loop
      vertex 37.1561 -29.5355 0
      vertex 37.1913 -29.5874 30
      vertex 37.1913 -29.5874 0
    endloop
  endfacet
  facet normal 0.827608 0.561306 -0
    outer loop
      vertex 37.1561 -29.5355 0
      vertex 37.1561 -29.5355 30
      vertex 37.1913 -29.5874 30
    endloop
  endfacet
  facet normal 0.860577 0.509321 0
    outer loop
      vertex 37.1242 -29.4816 0
      vertex 37.1561 -29.5355 30
      vertex 37.1561 -29.5355 0
    endloop
  endfacet
  facet normal 0.860577 0.509321 -0
    outer loop
      vertex 37.1242 -29.4816 0
      vertex 37.1242 -29.4816 30
      vertex 37.1561 -29.5355 30
    endloop
  endfacet
  facet normal 0.890578 0.454831 0
    outer loop
      vertex 37.0956 -29.4256 0
      vertex 37.1242 -29.4816 30
      vertex 37.1242 -29.4816 0
    endloop
  endfacet
  facet normal 0.890578 0.454831 -0
    outer loop
      vertex 37.0956 -29.4256 0
      vertex 37.0956 -29.4256 30
      vertex 37.1242 -29.4816 30
    endloop
  endfacet
  facet normal 0.918154 0.396223 0
    outer loop
      vertex 37.0707 -29.3679 0
      vertex 37.0956 -29.4256 30
      vertex 37.0956 -29.4256 0
    endloop
  endfacet
  facet normal 0.918154 0.396223 -0
    outer loop
      vertex 37.0707 -29.3679 0
      vertex 37.0707 -29.3679 30
      vertex 37.0956 -29.4256 30
    endloop
  endfacet
  facet normal 0.940766 0.339058 0
    outer loop
      vertex 37.0494 -29.3088 0
      vertex 37.0707 -29.3679 30
      vertex 37.0707 -29.3679 0
    endloop
  endfacet
  facet normal 0.940766 0.339058 -0
    outer loop
      vertex 37.0494 -29.3088 0
      vertex 37.0494 -29.3088 30
      vertex 37.0707 -29.3679 30
    endloop
  endfacet
  facet normal 0.96025 0.279142 0
    outer loop
      vertex 37.0319 -29.2486 0
      vertex 37.0494 -29.3088 30
      vertex 37.0494 -29.3088 0
    endloop
  endfacet
  facet normal 0.96025 0.279142 -0
    outer loop
      vertex 37.0319 -29.2486 0
      vertex 37.0319 -29.2486 30
      vertex 37.0494 -29.3088 30
    endloop
  endfacet
  facet normal 0.975924 0.21811 0
    outer loop
      vertex 37.0182 -29.1873 0
      vertex 37.0319 -29.2486 30
      vertex 37.0319 -29.2486 0
    endloop
  endfacet
  facet normal 0.975924 0.21811 -0
    outer loop
      vertex 37.0182 -29.1873 0
      vertex 37.0182 -29.1873 30
      vertex 37.0319 -29.2486 30
    endloop
  endfacet
  facet normal 0.987737 0.156126 0
    outer loop
      vertex 37.0084 -29.1253 0
      vertex 37.0182 -29.1873 30
      vertex 37.0182 -29.1873 0
    endloop
  endfacet
  facet normal 0.987737 0.156126 -0
    outer loop
      vertex 37.0084 -29.1253 0
      vertex 37.0084 -29.1253 30
      vertex 37.0182 -29.1873 30
    endloop
  endfacet
  facet normal 0.99556 0.0941315 0
    outer loop
      vertex 37.0025 -29.0629 0
      vertex 37.0084 -29.1253 30
      vertex 37.0084 -29.1253 0
    endloop
  endfacet
  facet normal 0.99556 0.0941315 -0
    outer loop
      vertex 37.0025 -29.0629 0
      vertex 37.0025 -29.0629 30
      vertex 37.0084 -29.1253 30
    endloop
  endfacet
  facet normal 0.999497 0.0317099 0
    outer loop
      vertex 37 -28.9841 0
      vertex 37.0025 -29.0629 30
      vertex 37.0025 -29.0629 0
    endloop
  endfacet
  facet normal 0.999497 0.0317099 -0
    outer loop
      vertex 37 -28.9841 0
      vertex 37 -28.9841 30
      vertex 37.0025 -29.0629 30
    endloop
  endfacet
  facet normal 1 0 0
    outer loop
      vertex 37 2 0
      vertex 37 -28.9841 30
      vertex 37 -28.9841 0
    endloop
  endfacet
  facet normal 1 0 -0
    outer loop
      vertex 37 2 0
      vertex 37 2 30
      vertex 37 -28.9841 30
    endloop
  endfacet
  facet normal 0.999493 0.0318361 0
    outer loop
      vertex 36.998 2.06279 0
      vertex 37 2 30
      vertex 37 2 0
    endloop
  endfacet
  facet normal 0.999493 0.0318361 -0
    outer loop
      vertex 36.998 2.06279 0
      vertex 36.998 2.06279 30
      vertex 37 2 30
    endloop
  endfacet
  facet normal 0.995581 0.0939077 0
    outer loop
      vertex 36.9921 2.12534 0
      vertex 36.998 2.06279 30
      vertex 36.998 2.06279 0
    endloop
  endfacet
  facet normal 0.995581 0.0939077 -0
    outer loop
      vertex 36.9921 2.12534 0
      vertex 36.9921 2.12534 30
      vertex 36.998 2.06279 30
    endloop
  endfacet
  facet normal 0.987753 0.156028 0
    outer loop
      vertex 36.9823 2.18738 0
      vertex 36.9921 2.12534 30
      vertex 36.9921 2.12534 0
    endloop
  endfacet
  facet normal 0.987753 0.156028 -0
    outer loop
      vertex 36.9823 2.18738 0
      vertex 36.9823 2.18738 30
      vertex 36.9921 2.12534 30
    endloop
  endfacet
  facet normal 0.975932 0.218076 0
    outer loop
      vertex 36.9686 2.24869 0
      vertex 36.9823 2.18738 30
      vertex 36.9823 2.18738 0
    endloop
  endfacet
  facet normal 0.975932 0.218076 -0
    outer loop
      vertex 36.9686 2.24869 0
      vertex 36.9686 2.24869 30
      vertex 36.9823 2.18738 30
    endloop
  endfacet
  facet normal 0.959984 0.280055 0
    outer loop
      vertex 36.951 2.30902 0
      vertex 36.9686 2.24869 30
      vertex 36.9686 2.24869 0
    endloop
  endfacet
  facet normal 0.959984 0.280055 -0
    outer loop
      vertex 36.951 2.30902 0
      vertex 36.951 2.30902 30
      vertex 36.9686 2.24869 30
    endloop
  endfacet
  facet normal 0.941273 0.337648 0
    outer loop
      vertex 36.9298 2.36812 0
      vertex 36.951 2.30902 30
      vertex 36.951 2.30902 0
    endloop
  endfacet
  facet normal 0.941273 0.337648 -0
    outer loop
      vertex 36.9298 2.36812 0
      vertex 36.9298 2.36812 30
      vertex 36.951 2.30902 30
    endloop
  endfacet
  facet normal 0.917474 0.397795 0
    outer loop
      vertex 36.9048 2.42578 0
      vertex 36.9298 2.36812 30
      vertex 36.9298 2.36812 0
    endloop
  endfacet
  facet normal 0.917474 0.397795 -0
    outer loop
      vertex 36.9048 2.42578 0
      vertex 36.9048 2.42578 30
      vertex 36.9298 2.36812 30
    endloop
  endfacet
  facet normal 0.891123 0.453761 0
    outer loop
      vertex 36.8763 2.48175 0
      vertex 36.9048 2.42578 30
      vertex 36.9048 2.42578 0
    endloop
  endfacet
  facet normal 0.891123 0.453761 -0
    outer loop
      vertex 36.8763 2.48175 0
      vertex 36.8763 2.48175 30
      vertex 36.9048 2.42578 30
    endloop
  endfacet
  facet normal 0.860622 0.509244 0
    outer loop
      vertex 36.8443 2.53583 0
      vertex 36.8763 2.48175 30
      vertex 36.8763 2.48175 0
    endloop
  endfacet
  facet normal 0.860622 0.509244 -0
    outer loop
      vertex 36.8443 2.53583 0
      vertex 36.8443 2.53583 30
      vertex 36.8763 2.48175 30
    endloop
  endfacet
  facet normal 0.827119 0.562027 0
    outer loop
      vertex 36.809 2.58778 0
      vertex 36.8443 2.53583 30
      vertex 36.8443 2.53583 0
    endloop
  endfacet
  facet normal 0.827119 0.562027 -0
    outer loop
      vertex 36.809 2.58778 0
      vertex 36.809 2.58778 30
      vertex 36.8443 2.53583 30
    endloop
  endfacet
  facet normal 0.790191 0.61286 0
    outer loop
      vertex 36.7705 2.63742 0
      vertex 36.809 2.58778 30
      vertex 36.809 2.58778 0
    endloop
  endfacet
  facet normal 0.790191 0.61286 -0
    outer loop
      vertex 36.7705 2.63742 0
      vertex 36.7705 2.63742 30
      vertex 36.809 2.58778 30
    endloop
  endfacet
  facet normal 0.750442 0.660937 0
    outer loop
      vertex 36.729 2.68454 0
      vertex 36.7705 2.63742 30
      vertex 36.7705 2.63742 0
    endloop
  endfacet
  facet normal 0.750442 0.660937 -0
    outer loop
      vertex 36.729 2.68454 0
      vertex 36.729 2.68454 30
      vertex 36.7705 2.63742 30
    endloop
  endfacet
  facet normal 0.70655 0.707663 0
    outer loop
      vertex 36.6845 2.72897 0
      vertex 36.729 2.68454 30
      vertex 36.729 2.68454 0
    endloop
  endfacet
  facet normal 0.70655 0.707663 -0
    outer loop
      vertex 36.6845 2.72897 0
      vertex 36.6845 2.72897 30
      vertex 36.729 2.68454 30
    endloop
  endfacet
  facet normal 0.661453 0.749987 0
    outer loop
      vertex 36.6374 2.77051 0
      vertex 36.6845 2.72897 30
      vertex 36.6845 2.72897 0
    endloop
  endfacet
  facet normal 0.661453 0.749987 -0
    outer loop
      vertex 36.6374 2.77051 0
      vertex 36.6374 2.77051 30
      vertex 36.6845 2.72897 30
    endloop
  endfacet
  facet normal 0.613268 0.789875 0
    outer loop
      vertex 36.5878 2.80902 0
      vertex 36.6374 2.77051 30
      vertex 36.6374 2.77051 0
    endloop
  endfacet
  facet normal 0.613268 0.789875 -0
    outer loop
      vertex 36.5878 2.80902 0
      vertex 36.5878 2.80902 30
      vertex 36.6374 2.77051 30
    endloop
  endfacet
  facet normal 0.561766 0.827296 0
    outer loop
      vertex 36.5358 2.84433 0
      vertex 36.5878 2.80902 30
      vertex 36.5878 2.80902 0
    endloop
  endfacet
  facet normal 0.561766 0.827296 -0
    outer loop
      vertex 36.5358 2.84433 0
      vertex 36.5358 2.84433 30
      vertex 36.5878 2.80902 30
    endloop
  endfacet
  facet normal 0.509567 0.860431 0
    outer loop
      vertex 36.4818 2.87631 0
      vertex 36.5358 2.84433 30
      vertex 36.5358 2.84433 0
    endloop
  endfacet
  facet normal 0.509567 0.860431 -0
    outer loop
      vertex 36.4818 2.87631 0
      vertex 36.4818 2.87631 30
      vertex 36.5358 2.84433 30
    endloop
  endfacet
  facet normal 0.453821 0.891093 0
    outer loop
      vertex 36.4258 2.90483 0
      vertex 36.4818 2.87631 30
      vertex 36.4818 2.87631 0
    endloop
  endfacet
  facet normal 0.453821 0.891093 -0
    outer loop
      vertex 36.4258 2.90483 0
      vertex 36.4258 2.90483 30
      vertex 36.4818 2.87631 30
    endloop
  endfacet
  facet normal 0.396893 0.917865 0
    outer loop
      vertex 36.3681 2.92978 0
      vertex 36.4258 2.90483 30
      vertex 36.4258 2.90483 0
    endloop
  endfacet
  facet normal 0.396893 0.917865 -0
    outer loop
      vertex 36.3681 2.92978 0
      vertex 36.3681 2.92978 30
      vertex 36.4258 2.90483 30
    endloop
  endfacet
  facet normal 0.338635 0.940918 0
    outer loop
      vertex 36.309 2.95105 0
      vertex 36.3681 2.92978 30
      vertex 36.3681 2.92978 0
    endloop
  endfacet
  facet normal 0.338635 0.940918 -0
    outer loop
      vertex 36.309 2.95105 0
      vertex 36.309 2.95105 30
      vertex 36.3681 2.92978 30
    endloop
  endfacet
  facet normal 0.279156 0.960246 0
    outer loop
      vertex 36.2487 2.96858 0
      vertex 36.309 2.95105 30
      vertex 36.309 2.95105 0
    endloop
  endfacet
  facet normal 0.279156 0.960246 -0
    outer loop
      vertex 36.2487 2.96858 0
      vertex 36.2487 2.96858 30
      vertex 36.309 2.95105 30
    endloop
  endfacet
  facet normal 0.21811 0.975924 0
    outer loop
      vertex 36.1874 2.98228 0
      vertex 36.2487 2.96858 30
      vertex 36.2487 2.96858 0
    endloop
  endfacet
  facet normal 0.21811 0.975924 -0
    outer loop
      vertex 36.1874 2.98228 0
      vertex 36.1874 2.98228 30
      vertex 36.2487 2.96858 30
    endloop
  endfacet
  facet normal 0.156346 0.987702 0
    outer loop
      vertex 36.1253 2.99211 0
      vertex 36.1874 2.98228 30
      vertex 36.1874 2.98228 0
    endloop
  endfacet
  facet normal 0.156346 0.987702 -0
    outer loop
      vertex 36.1253 2.99211 0
      vertex 36.1253 2.99211 30
      vertex 36.1874 2.98228 30
    endloop
  endfacet
  facet normal 0.0942979 0.995544 0
    outer loop
      vertex 36.0628 2.99803 0
      vertex 36.1253 2.99211 30
      vertex 36.1253 2.99211 0
    endloop
  endfacet
  facet normal 0.0942979 0.995544 -0
    outer loop
      vertex 36.0628 2.99803 0
      vertex 36.0628 2.99803 30
      vertex 36.1253 2.99211 30
    endloop
  endfacet
  facet normal 0.031354 0.999508 0
    outer loop
      vertex 36 3 0
      vertex 36.0628 2.99803 30
      vertex 36.0628 2.99803 0
    endloop
  endfacet
  facet normal 0.031354 0.999508 -0
    outer loop
      vertex 36 3 0
      vertex 36 3 30
      vertex 36.0628 2.99803 30
    endloop
  endfacet
  facet normal 0 1 0
    outer loop
      vertex -2 3 0
      vertex 36 3 30
      vertex 36 3 0
    endloop
  endfacet
  facet normal 0 1 0
    outer loop
      vertex -2 3 0
      vertex -2 3 30
      vertex 36 3 30
    endloop
  endfacet
  facet normal -0.031359 0.999508 0
    outer loop
      vertex -2.06279 2.99803 0
      vertex -2 3 30
      vertex -2 3 0
    endloop
  endfacet
  facet normal -0.031359 0.999508 0
    outer loop
      vertex -2.06279 2.99803 0
      vertex -2.06279 2.99803 30
      vertex -2 3 30
    endloop
  endfacet
  facet normal -0.0942232 0.995551 0
    outer loop
      vertex -2.12534 2.99211 0
      vertex -2.06279 2.99803 30
      vertex -2.06279 2.99803 0
    endloop
  endfacet
  facet normal -0.0942232 0.995551 0
    outer loop
      vertex -2.12534 2.99211 0
      vertex -2.12534 2.99211 30
      vertex -2.06279 2.99803 30
    endloop
  endfacet
  facet normal -0.156494 0.987679 0
    outer loop
      vertex -2.18738 2.98228 0
      vertex -2.12534 2.99211 30
      vertex -2.12534 2.99211 0
    endloop
  endfacet
  facet normal -0.156494 0.987679 0
    outer loop
      vertex -2.18738 2.98228 0
      vertex -2.18738 2.98228 30
      vertex -2.12534 2.99211 30
    endloop
  endfacet
  facet normal -0.218076 0.975932 0
    outer loop
      vertex -2.24869 2.96858 0
      vertex -2.18738 2.98228 30
      vertex -2.18738 2.98228 0
    endloop
  endfacet
  facet normal -0.218076 0.975932 0
    outer loop
      vertex -2.24869 2.96858 0
      vertex -2.24869 2.96858 30
      vertex -2.18738 2.98228 30
    endloop
  endfacet
  facet normal -0.279028 0.960283 0
    outer loop
      vertex -2.30902 2.95105 0
      vertex -2.24869 2.96858 30
      vertex -2.24869 2.96858 0
    endloop
  endfacet
  facet normal -0.279028 0.960283 0
    outer loop
      vertex -2.30902 2.95105 0
      vertex -2.30902 2.95105 30
      vertex -2.24869 2.96858 30
    endloop
  endfacet
  facet normal -0.338635 0.940918 0
    outer loop
      vertex -2.36812 2.92978 0
      vertex -2.30902 2.95105 30
      vertex -2.30902 2.95105 0
    endloop
  endfacet
  facet normal -0.338635 0.940918 0
    outer loop
      vertex -2.36812 2.92978 0
      vertex -2.36812 2.92978 30
      vertex -2.30902 2.95105 30
    endloop
  endfacet
  facet normal -0.397125 0.917765 0
    outer loop
      vertex -2.42578 2.90483 0
      vertex -2.36812 2.92978 30
      vertex -2.36812 2.92978 0
    endloop
  endfacet
  facet normal -0.397125 0.917765 0
    outer loop
      vertex -2.42578 2.90483 0
      vertex -2.42578 2.90483 30
      vertex -2.36812 2.92978 30
    endloop
  endfacet
  facet normal -0.454014 0.890995 0
    outer loop
      vertex -2.48175 2.87631 0
      vertex -2.42578 2.90483 30
      vertex -2.42578 2.90483 0
    endloop
  endfacet
  facet normal -0.454014 0.890995 0
    outer loop
      vertex -2.48175 2.87631 0
      vertex -2.48175 2.87631 30
      vertex -2.42578 2.90483 30
    endloop
  endfacet
  facet normal -0.509008 0.860762 0
    outer loop
      vertex -2.53583 2.84433 0
      vertex -2.48175 2.87631 30
      vertex -2.48175 2.87631 0
    endloop
  endfacet
  facet normal -0.509008 0.860762 0
    outer loop
      vertex -2.53583 2.84433 0
      vertex -2.53583 2.84433 30
      vertex -2.48175 2.87631 30
    endloop
  endfacet
  facet normal -0.562136 0.827045 0
    outer loop
      vertex -2.58778 2.80902 0
      vertex -2.53583 2.84433 30
      vertex -2.53583 2.84433 0
    endloop
  endfacet
  facet normal -0.562136 0.827045 0
    outer loop
      vertex -2.58778 2.80902 0
      vertex -2.58778 2.80902 30
      vertex -2.53583 2.84433 30
    endloop
  endfacet
  facet normal -0.612959 0.790114 0
    outer loop
      vertex -2.63742 2.77051 0
      vertex -2.58778 2.80902 30
      vertex -2.58778 2.80902 0
    endloop
  endfacet
  facet normal -0.612959 0.790114 0
    outer loop
      vertex -2.63742 2.77051 0
      vertex -2.63742 2.77051 30
      vertex -2.58778 2.80902 30
    endloop
  endfacet
  facet normal -0.661295 0.750126 0
    outer loop
      vertex -2.68454 2.72897 0
      vertex -2.63742 2.77051 30
      vertex -2.63742 2.77051 0
    endloop
  endfacet
  facet normal -0.661295 0.750126 0
    outer loop
      vertex -2.68454 2.72897 0
      vertex -2.68454 2.72897 30
      vertex -2.63742 2.77051 30
    endloop
  endfacet
  facet normal -0.707107 0.707107 0
    outer loop
      vertex -2.72897 2.68454 0
      vertex -2.68454 2.72897 30
      vertex -2.68454 2.72897 0
    endloop
  endfacet
  facet normal -0.707107 0.707107 0
    outer loop
      vertex -2.72897 2.68454 0
      vertex -2.72897 2.68454 30
      vertex -2.68454 2.72897 30
    endloop
  endfacet
  facet normal -0.750126 0.661295 0
    outer loop
      vertex -2.77051 2.63742 0
      vertex -2.72897 2.68454 30
      vertex -2.72897 2.68454 0
    endloop
  endfacet
  facet normal -0.750126 0.661295 0
    outer loop
      vertex -2.77051 2.63742 0
      vertex -2.77051 2.63742 30
      vertex -2.72897 2.68454 30
    endloop
  endfacet
  facet normal -0.790114 0.612959 0
    outer loop
      vertex -2.80902 2.58778 0
      vertex -2.77051 2.63742 30
      vertex -2.77051 2.63742 0
    endloop
  endfacet
  facet normal -0.790114 0.612959 0
    outer loop
      vertex -2.80902 2.58778 0
      vertex -2.80902 2.58778 30
      vertex -2.77051 2.63742 30
    endloop
  endfacet
  facet normal -0.827045 0.562136 0
    outer loop
      vertex -2.84433 2.53583 0
      vertex -2.80902 2.58778 30
      vertex -2.80902 2.58778 0
    endloop
  endfacet
  facet normal -0.827045 0.562136 0
    outer loop
      vertex -2.84433 2.53583 0
      vertex -2.84433 2.53583 30
      vertex -2.80902 2.58778 30
    endloop
  endfacet
  facet normal -0.860762 0.509008 0
    outer loop
      vertex -2.87631 2.48175 0
      vertex -2.84433 2.53583 30
      vertex -2.84433 2.53583 0
    endloop
  endfacet
  facet normal -0.860762 0.509008 0
    outer loop
      vertex -2.87631 2.48175 0
      vertex -2.87631 2.48175 30
      vertex -2.84433 2.53583 30
    endloop
  endfacet
  facet normal -0.890995 0.454014 0
    outer loop
      vertex -2.90483 2.42578 0
      vertex -2.87631 2.48175 30
      vertex -2.87631 2.48175 0
    endloop
  endfacet
  facet normal -0.890995 0.454014 0
    outer loop
      vertex -2.90483 2.42578 0
      vertex -2.90483 2.42578 30
      vertex -2.87631 2.48175 30
    endloop
  endfacet
  facet normal -0.917765 0.397125 0
    outer loop
      vertex -2.92978 2.36812 0
      vertex -2.90483 2.42578 30
      vertex -2.90483 2.42578 0
    endloop
  endfacet
  facet normal -0.917765 0.397125 0
    outer loop
      vertex -2.92978 2.36812 0
      vertex -2.92978 2.36812 30
      vertex -2.90483 2.42578 30
    endloop
  endfacet
  facet normal -0.940918 0.338635 0
    outer loop
      vertex -2.95105 2.30902 0
      vertex -2.92978 2.36812 30
      vertex -2.92978 2.36812 0
    endloop
  endfacet
  facet normal -0.940918 0.338635 0
    outer loop
      vertex -2.95105 2.30902 0
      vertex -2.95105 2.30902 30
      vertex -2.92978 2.36812 30
    endloop
  endfacet
  facet normal -0.960283 0.279028 0
    outer loop
      vertex -2.96858 2.24869 0
      vertex -2.95105 2.30902 30
      vertex -2.95105 2.30902 0
    endloop
  endfacet
  facet normal -0.960283 0.279028 0
    outer loop
      vertex -2.96858 2.24869 0
      vertex -2.96858 2.24869 30
      vertex -2.95105 2.30902 30
    endloop
  endfacet
  facet normal -0.975932 0.218076 0
    outer loop
      vertex -2.98228 2.18738 0
      vertex -2.96858 2.24869 30
      vertex -2.96858 2.24869 0
    endloop
  endfacet
  facet normal -0.975932 0.218076 0
    outer loop
      vertex -2.98228 2.18738 0
      vertex -2.98228 2.18738 30
      vertex -2.96858 2.24869 30
    endloop
  endfacet
  facet normal -0.987679 0.156494 0
    outer loop
      vertex -2.99211 2.12534 0
      vertex -2.98228 2.18738 30
      vertex -2.98228 2.18738 0
    endloop
  endfacet
  facet normal -0.987679 0.156494 0
    outer loop
      vertex -2.99211 2.12534 0
      vertex -2.99211 2.12534 30
      vertex -2.98228 2.18738 30
    endloop
  endfacet
  facet normal -0.995551 0.0942232 0
    outer loop
      vertex -2.99803 2.06279 0
      vertex -2.99211 2.12534 30
      vertex -2.99211 2.12534 0
    endloop
  endfacet
  facet normal -0.995551 0.0942232 0
    outer loop
      vertex -2.99803 2.06279 0
      vertex -2.99803 2.06279 30
      vertex -2.99211 2.12534 30
    endloop
  endfacet
  facet normal -0.999508 0.031359 0
    outer loop
      vertex -3 2 0
      vertex -2.99803 2.06279 30
      vertex -2.99803 2.06279 0
    endloop
  endfacet
  facet normal -0.999508 0.031359 0
    outer loop
      vertex -3 2 0
      vertex -3 2 30
      vertex -2.99803 2.06279 30
    endloop
  endfacet
  facet normal -1 0 0
    outer loop
      vertex -3 -28.9841 0
      vertex -3 2 30
      vertex -3 2 0
    endloop
  endfacet
  facet normal -1 0 0
    outer loop
      vertex -3 -28.9841 0
      vertex -3 -28.9841 30
      vertex -3 2 30
    endloop
  endfacet
  facet normal -0.999509 0.0313298 0
    outer loop
      vertex -3.00247 -29.0629 0
      vertex -3 -28.9841 30
      vertex -3 -28.9841 0
    endloop
  endfacet
  facet normal -0.999509 0.0313298 0
    outer loop
      vertex -3.00247 -29.0629 0
      vertex -3.00247 -29.0629 30
      vertex -3 -28.9841 30
    endloop
  endfacet
  facet normal -0.995545 0.0942896 0
    outer loop
      vertex -3.00838 -29.1253 0
      vertex -3.00247 -29.0629 30
      vertex -3.00247 -29.0629 0
    endloop
  endfacet
  facet normal -0.995545 0.0942896 0
    outer loop
      vertex -3.00838 -29.1253 0
      vertex -3.00838 -29.1253 30
      vertex -3.00247 -29.0629 30
    endloop
  endfacet
  facet normal -0.987688 0.156437 0
    outer loop
      vertex -3.0182 -29.1873 0
      vertex -3.00838 -29.1253 30
      vertex -3.00838 -29.1253 0
    endloop
  endfacet
  facet normal -0.987688 0.156437 0
    outer loop
      vertex -3.0182 -29.1873 0
      vertex -3.0182 -29.1873 30
      vertex -3.00838 -29.1253 30
    endloop
  endfacet
  facet normal -0.975958 0.217959 0
    outer loop
      vertex -3.03189 -29.2486 0
      vertex -3.0182 -29.1873 30
      vertex -3.0182 -29.1873 0
    endloop
  endfacet
  facet normal -0.975958 0.217959 0
    outer loop
      vertex -3.03189 -29.2486 0
      vertex -3.03189 -29.2486 30
      vertex -3.0182 -29.1873 30
    endloop
  endfacet
  facet normal -0.960164 0.279436 0
    outer loop
      vertex -3.04941 -29.3088 0
      vertex -3.03189 -29.2486 30
      vertex -3.03189 -29.2486 0
    endloop
  endfacet
  facet normal -0.960164 0.279436 0
    outer loop
      vertex -3.04941 -29.3088 0
      vertex -3.04941 -29.3088 30
      vertex -3.03189 -29.2486 30
    endloop
  endfacet
  facet normal -0.941019 0.338353 0
    outer loop
      vertex -3.07066 -29.3679 0
      vertex -3.04941 -29.3088 30
      vertex -3.04941 -29.3088 0
    endloop
  endfacet
  facet normal -0.941019 0.338353 0
    outer loop
      vertex -3.07066 -29.3679 0
      vertex -3.07066 -29.3679 30
      vertex -3.04941 -29.3088 30
    endloop
  endfacet
  facet normal -0.917691 0.397295 0
    outer loop
      vertex -3.09564 -29.4256 0
      vertex -3.07066 -29.3679 30
      vertex -3.07066 -29.3679 0
    endloop
  endfacet
  facet normal -0.917691 0.397295 0
    outer loop
      vertex -3.09564 -29.4256 0
      vertex -3.09564 -29.4256 30
      vertex -3.07066 -29.3679 30
    endloop
  endfacet
  facet normal -0.8909 0.4542 0
    outer loop
      vertex -3.12419 -29.4816 0
      vertex -3.09564 -29.4256 30
      vertex -3.09564 -29.4256 0
    endloop
  endfacet
  facet normal -0.8909 0.4542 0
    outer loop
      vertex -3.12419 -29.4816 0
      vertex -3.12419 -29.4816 30
      vertex -3.09564 -29.4256 30
    endloop
  endfacet
  facet normal -0.860857 0.508848 0
    outer loop
      vertex -3.15605 -29.5355 0
      vertex -3.12419 -29.4816 30
      vertex -3.12419 -29.4816 0
    endloop
  endfacet
  facet normal -0.860857 0.508848 0
    outer loop
      vertex -3.15605 -29.5355 0
      vertex -3.15605 -29.5355 30
      vertex -3.12419 -29.4816 30
    endloop
  endfacet
  facet normal -0.827015 0.562179 0
    outer loop
      vertex -3.19133 -29.5874 0
      vertex -3.15605 -29.5355 30
      vertex -3.15605 -29.5355 0
    endloop
  endfacet
  facet normal -0.827015 0.562179 0
    outer loop
      vertex -3.19133 -29.5874 0
      vertex -3.19133 -29.5874 30
      vertex -3.15605 -29.5355 30
    endloop
  endfacet
  facet normal -0.790223 0.612819 0
    outer loop
      vertex -3.22995 -29.6372 0
      vertex -3.19133 -29.5874 30
      vertex -3.19133 -29.5874 0
    endloop
  endfacet
  facet normal -0.790223 0.612819 0
    outer loop
      vertex -3.22995 -29.6372 0
      vertex -3.22995 -29.6372 30
      vertex -3.19133 -29.5874 30
    endloop
  endfacet
  facet normal -0.750318 0.661078 0
    outer loop
      vertex -3.27136 -29.6842 0
      vertex -3.22995 -29.6372 30
      vertex -3.22995 -29.6372 0
    endloop
  endfacet
  facet normal -0.750318 0.661078 0
    outer loop
      vertex -3.27136 -29.6842 0
      vertex -3.27136 -29.6842 30
      vertex -3.22995 -29.6372 30
    endloop
  endfacet
  facet normal -0.70655 0.707664 0
    outer loop
      vertex -3.31583 -29.7286 0
      vertex -3.27136 -29.6842 30
      vertex -3.27136 -29.6842 0
    endloop
  endfacet
  facet normal -0.70655 0.707664 0
    outer loop
      vertex -3.31583 -29.7286 0
      vertex -3.31583 -29.7286 30
      vertex -3.27136 -29.6842 30
    endloop
  endfacet
  facet normal -0.662202 0.749325 0
    outer loop
      vertex -3.36279 -29.7701 0
      vertex -3.31583 -29.7286 30
      vertex -3.31583 -29.7286 0
    endloop
  endfacet
  facet normal -0.662202 0.749325 0
    outer loop
      vertex -3.36279 -29.7701 0
      vertex -3.36279 -29.7701 30
      vertex -3.31583 -29.7286 30
    endloop
  endfacet
  facet normal -0.612544 0.790436 0
    outer loop
      vertex -3.4126 -29.8087 0
      vertex -3.36279 -29.7701 30
      vertex -3.36279 -29.7701 0
    endloop
  endfacet
  facet normal -0.612544 0.790436 0
    outer loop
      vertex -3.4126 -29.8087 0
      vertex -3.4126 -29.8087 30
      vertex -3.36279 -29.7701 30
    endloop
  endfacet
  facet normal -0.561381 0.827558 0
    outer loop
      vertex -3.46449 -29.8439 0
      vertex -3.4126 -29.8087 30
      vertex -3.4126 -29.8087 0
    endloop
  endfacet
  facet normal -0.561381 0.827558 0
    outer loop
      vertex -3.46449 -29.8439 0
      vertex -3.46449 -29.8439 30
      vertex -3.4126 -29.8087 30
    endloop
  endfacet
  facet normal -0.509321 0.860577 0
    outer loop
      vertex -3.51839 -29.8758 0
      vertex -3.46449 -29.8439 30
      vertex -3.46449 -29.8439 0
    endloop
  endfacet
  facet normal -0.509321 0.860577 0
    outer loop
      vertex -3.51839 -29.8758 0
      vertex -3.51839 -29.8758 30
      vertex -3.46449 -29.8439 30
    endloop
  endfacet
  facet normal -0.454638 0.890676 0
    outer loop
      vertex -3.57442 -29.9044 0
      vertex -3.51839 -29.8758 30
      vertex -3.51839 -29.8758 0
    endloop
  endfacet
  facet normal -0.454638 0.890676 0
    outer loop
      vertex -3.57442 -29.9044 0
      vertex -3.57442 -29.9044 30
      vertex -3.51839 -29.8758 30
    endloop
  endfacet
  facet normal -0.396165 0.918179 0
    outer loop
      vertex -3.63213 -29.9293 0
      vertex -3.57442 -29.9044 30
      vertex -3.57442 -29.9044 0
    endloop
  endfacet
  facet normal -0.396165 0.918179 0
    outer loop
      vertex -3.63213 -29.9293 0
      vertex -3.63213 -29.9293 30
      vertex -3.57442 -29.9044 30
    endloop
  endfacet
  facet normal -0.339413 0.940637 0
    outer loop
      vertex -3.69116 -29.9506 0
      vertex -3.63213 -29.9293 30
      vertex -3.63213 -29.9293 0
    endloop
  endfacet
  facet normal -0.339413 0.940637 0
    outer loop
      vertex -3.69116 -29.9506 0
      vertex -3.69116 -29.9506 30
      vertex -3.63213 -29.9293 30
    endloop
  endfacet
  facet normal -0.278843 0.960337 0
    outer loop
      vertex -3.75143 -29.9681 0
      vertex -3.69116 -29.9506 30
      vertex -3.69116 -29.9506 0
    endloop
  endfacet
  facet normal -0.278843 0.960337 0
    outer loop
      vertex -3.75143 -29.9681 0
      vertex -3.75143 -29.9681 30
      vertex -3.69116 -29.9506 30
    endloop
  endfacet
  facet normal -0.218212 0.975901 0
    outer loop
      vertex -3.8127 -29.9818 0
      vertex -3.75143 -29.9681 30
      vertex -3.75143 -29.9681 0
    endloop
  endfacet
  facet normal -0.218212 0.975901 0
    outer loop
      vertex -3.8127 -29.9818 0
      vertex -3.8127 -29.9818 30
      vertex -3.75143 -29.9681 30
    endloop
  endfacet
  facet normal -0.156102 0.987741 0
    outer loop
      vertex -3.87471 -29.9916 0
      vertex -3.8127 -29.9818 30
      vertex -3.8127 -29.9818 0
    endloop
  endfacet
  facet normal -0.156102 0.987741 0
    outer loop
      vertex -3.87471 -29.9916 0
      vertex -3.87471 -29.9916 30
      vertex -3.8127 -29.9818 30
    endloop
  endfacet
  facet normal -0.0940717 0.995565 0
    outer loop
      vertex -3.93715 -29.9975 0
      vertex -3.87471 -29.9916 30
      vertex -3.87471 -29.9916 0
    endloop
  endfacet
  facet normal -0.0940717 0.995565 0
    outer loop
      vertex -3.93715 -29.9975 0
      vertex -3.93715 -29.9975 30
      vertex -3.87471 -29.9916 30
    endloop
  endfacet
  facet normal -0.031718 0.999497 0
    outer loop
      vertex -4.01593 -30 0
      vertex -3.93715 -29.9975 30
      vertex -3.93715 -29.9975 0
    endloop
  endfacet
  facet normal -0.031718 0.999497 0
    outer loop
      vertex -4.01593 -30 0
      vertex -4.01593 -30 30
      vertex -3.93715 -29.9975 30
    endloop
  endfacet
  facet normal 0 1 0
    outer loop
      vertex -15.9761 -30 0
      vertex -4.01593 -30 30
      vertex -4.01593 -30 0
    endloop
  endfacet
  facet normal 0 1 0
    outer loop
      vertex -15.9761 -30 0
      vertex -15.9761 -30 30
      vertex -4.01593 -30 30
    endloop
  endfacet
  facet normal 0.0148604 0.99989 0
    outer loop
      vertex -16.0232 -29.9993 0
      vertex -15.9761 -30 30
      vertex -15.9761 -30 0
    endloop
  endfacet
  facet normal 0.0148604 0.99989 -0
    outer loop
      vertex -16.0232 -29.9993 0
      vertex -16.0232 -29.9993 30
      vertex -15.9761 -30 30
    endloop
  endfacet
  facet normal 0.0315059 0.999504 0
    outer loop
      vertex -16.5181 -29.9837 0
      vertex -16.0232 -29.9993 30
      vertex -16.0232 -29.9993 0
    endloop
  endfacet
  facet normal 0.0315059 0.999504 -0
    outer loop
      vertex -16.5181 -29.9837 0
      vertex -16.5181 -29.9837 30
      vertex -16.0232 -29.9993 30
    endloop
  endfacet
  facet normal 0.0624442 0.998048 0
    outer loop
      vertex -16.6124 -29.9778 0
      vertex -16.5181 -29.9837 30
      vertex -16.5181 -29.9837 0
    endloop
  endfacet
  facet normal 0.0624442 0.998048 -0
    outer loop
      vertex -16.6124 -29.9778 0
      vertex -16.6124 -29.9778 30
      vertex -16.5181 -29.9837 30
    endloop
  endfacet
  facet normal 0.0940974 0.995563 0
    outer loop
      vertex -17.0811 -29.9335 0
      vertex -16.6124 -29.9778 30
      vertex -16.6124 -29.9778 0
    endloop
  endfacet
  facet normal 0.0940974 0.995563 -0
    outer loop
      vertex -17.0811 -29.9335 0
      vertex -17.0811 -29.9335 30
      vertex -16.6124 -29.9778 30
    endloop
  endfacet
  facet normal 0.125607 0.99208 0
    outer loop
      vertex -17.1743 -29.9217 0
      vertex -17.0811 -29.9335 30
      vertex -17.0811 -29.9335 0
    endloop
  endfacet
  facet normal 0.125607 0.99208 -0
    outer loop
      vertex -17.1743 -29.9217 0
      vertex -17.1743 -29.9217 30
      vertex -17.0811 -29.9335 30
    endloop
  endfacet
  facet normal 0.156377 0.987698 0
    outer loop
      vertex -17.6398 -29.848 0
      vertex -17.1743 -29.9217 30
      vertex -17.1743 -29.9217 0
    endloop
  endfacet
  facet normal 0.156377 0.987698 -0
    outer loop
      vertex -17.6398 -29.848 0
      vertex -17.6398 -29.848 30
      vertex -17.1743 -29.9217 30
    endloop
  endfacet
  facet normal 0.187308 0.982301 0
    outer loop
      vertex -17.7321 -29.8304 0
      vertex -17.6398 -29.848 30
      vertex -17.6398 -29.848 0
    endloop
  endfacet
  facet normal 0.187308 0.982301 -0
    outer loop
      vertex -17.7321 -29.8304 0
      vertex -17.7321 -29.8304 30
      vertex -17.6398 -29.848 30
    endloop
  endfacet
  facet normal 0.218277 0.975887 0
    outer loop
      vertex -18.1926 -29.7274 0
      vertex -17.7321 -29.8304 30
      vertex -17.7321 -29.8304 0
    endloop
  endfacet
  facet normal 0.218277 0.975887 -0
    outer loop
      vertex -18.1926 -29.7274 0
      vertex -18.1926 -29.7274 30
      vertex -17.7321 -29.8304 30
    endloop
  endfacet
  facet normal 0.248324 0.968677 0
    outer loop
      vertex -18.2831 -29.7042 0
      vertex -18.1926 -29.7274 30
      vertex -18.1926 -29.7274 0
    endloop
  endfacet
  facet normal 0.248324 0.968677 -0
    outer loop
      vertex -18.2831 -29.7042 0
      vertex -18.2831 -29.7042 30
      vertex -18.1926 -29.7274 30
    endloop
  endfacet
  facet normal 0.278917 0.960315 0
    outer loop
      vertex -18.7362 -29.5726 0
      vertex -18.2831 -29.7042 30
      vertex -18.2831 -29.7042 0
    endloop
  endfacet
  facet normal 0.278917 0.960315 -0
    outer loop
      vertex -18.7362 -29.5726 0
      vertex -18.7362 -29.5726 30
      vertex -18.2831 -29.7042 30
    endloop
  endfacet
  facet normal 0.309832 0.950791 0
    outer loop
      vertex -18.8255 -29.5435 0
      vertex -18.7362 -29.5726 30
      vertex -18.7362 -29.5726 0
    endloop
  endfacet
  facet normal 0.309832 0.950791 -0
    outer loop
      vertex -18.8255 -29.5435 0
      vertex -18.8255 -29.5435 30
      vertex -18.7362 -29.5726 30
    endloop
  endfacet
  facet normal 0.338674 0.940904 0
    outer loop
      vertex -19.2689 -29.3839 0
      vertex -18.8255 -29.5435 30
      vertex -18.8255 -29.5435 0
    endloop
  endfacet
  facet normal 0.338674 0.940904 -0
    outer loop
      vertex -19.2689 -29.3839 0
      vertex -19.2689 -29.3839 30
      vertex -18.8255 -29.5435 30
    endloop
  endfacet
  facet normal 0.36826 0.929723 0
    outer loop
      vertex -19.356 -29.3494 0
      vertex -19.2689 -29.3839 30
      vertex -19.2689 -29.3839 0
    endloop
  endfacet
  facet normal 0.36826 0.929723 -0
    outer loop
      vertex -19.356 -29.3494 0
      vertex -19.356 -29.3494 30
      vertex -19.2689 -29.3839 30
    endloop
  endfacet
  facet normal 0.39709 0.91778 0
    outer loop
      vertex -19.7889 -29.1621 0
      vertex -19.356 -29.3494 30
      vertex -19.356 -29.3494 0
    endloop
  endfacet
  facet normal 0.39709 0.91778 -0
    outer loop
      vertex -19.7889 -29.1621 0
      vertex -19.7889 -29.1621 30
      vertex -19.356 -29.3494 30
    endloop
  endfacet
  facet normal 0.425899 0.904771 0
    outer loop
      vertex -19.8743 -29.1219 0
      vertex -19.7889 -29.1621 30
      vertex -19.7889 -29.1621 0
    endloop
  endfacet
  facet normal 0.425899 0.904771 -0
    outer loop
      vertex -19.8743 -29.1219 0
      vertex -19.8743 -29.1219 30
      vertex -19.7889 -29.1621 30
    endloop
  endfacet
  facet normal 0.454002 0.891001 0
    outer loop
      vertex -20.2935 -28.9083 0
      vertex -19.8743 -29.1219 30
      vertex -19.8743 -29.1219 0
    endloop
  endfacet
  facet normal 0.454002 0.891001 -0
    outer loop
      vertex -20.2935 -28.9083 0
      vertex -20.2935 -28.9083 30
      vertex -19.8743 -29.1219 30
    endloop
  endfacet
  facet normal 0.481959 0.876194 0
    outer loop
      vertex -20.3764 -28.8627 0
      vertex -20.2935 -28.9083 30
      vertex -20.2935 -28.9083 0
    endloop
  endfacet
  facet normal 0.481959 0.876194 -0
    outer loop
      vertex -20.3764 -28.8627 0
      vertex -20.3764 -28.8627 30
      vertex -20.2935 -28.9083 30
    endloop
  endfacet
  facet normal 0.509022 0.860753 0
    outer loop
      vertex -20.7819 -28.6229 0
      vertex -20.3764 -28.8627 30
      vertex -20.3764 -28.8627 0
    endloop
  endfacet
  facet normal 0.509022 0.860753 -0
    outer loop
      vertex -20.7819 -28.6229 0
      vertex -20.7819 -28.6229 30
      vertex -20.3764 -28.8627 30
    endloop
  endfacet
  facet normal 0.535635 0.84445 0
    outer loop
      vertex -20.8612 -28.5726 0
      vertex -20.7819 -28.6229 30
      vertex -20.7819 -28.6229 0
    endloop
  endfacet
  facet normal 0.535635 0.84445 -0
    outer loop
      vertex -20.8612 -28.5726 0
      vertex -20.8612 -28.5726 30
      vertex -20.7819 -28.6229 30
    endloop
  endfacet
  facet normal 0.562066 0.827092 0
    outer loop
      vertex -21.2513 -28.3075 0
      vertex -20.8612 -28.5726 30
      vertex -20.8612 -28.5726 0
    endloop
  endfacet
  facet normal 0.562066 0.827092 -0
    outer loop
      vertex -21.2513 -28.3075 0
      vertex -21.2513 -28.3075 30
      vertex -20.8612 -28.5726 30
    endloop
  endfacet
  facet normal 0.588361 0.808598 0
    outer loop
      vertex -21.3273 -28.2522 0
      vertex -21.2513 -28.3075 30
      vertex -21.2513 -28.3075 0
    endloop
  endfacet
  facet normal 0.588361 0.808598 -0
    outer loop
      vertex -21.3273 -28.2522 0
      vertex -21.3273 -28.2522 30
      vertex -21.2513 -28.3075 30
    endloop
  endfacet
  facet normal 0.612824 0.79022 0
    outer loop
      vertex -21.6997 -27.9634 0
      vertex -21.3273 -28.2522 30
      vertex -21.3273 -28.2522 0
    endloop
  endfacet
  facet normal 0.612824 0.79022 -0
    outer loop
      vertex -21.6997 -27.9634 0
      vertex -21.6997 -27.9634 30
      vertex -21.3273 -28.2522 30
    endloop
  endfacet
  facet normal 0.63735 0.770575 0
    outer loop
      vertex -21.772 -27.9036 0
      vertex -21.6997 -27.9634 30
      vertex -21.6997 -27.9634 0
    endloop
  endfacet
  facet normal 0.63735 0.770575 -0
    outer loop
      vertex -21.772 -27.9036 0
      vertex -21.772 -27.9036 30
      vertex -21.6997 -27.9634 30
    endloop
  endfacet
  facet normal 0.661264 0.750154 0
    outer loop
      vertex -22.1256 -27.5919 0
      vertex -21.772 -27.9036 30
      vertex -21.772 -27.9036 0
    endloop
  endfacet
  facet normal 0.661264 0.750154 -0
    outer loop
      vertex -22.1256 -27.5919 0
      vertex -22.1256 -27.5919 30
      vertex -21.772 -27.9036 30
    endloop
  endfacet
  facet normal 0.684436 0.729073 0
    outer loop
      vertex -22.1942 -27.5275 0
      vertex -22.1256 -27.5919 30
      vertex -22.1256 -27.5919 0
    endloop
  endfacet
  facet normal 0.684436 0.729073 -0
    outer loop
      vertex -22.1942 -27.5275 0
      vertex -22.1942 -27.5275 30
      vertex -22.1256 -27.5919 30
    endloop
  endfacet
  facet normal 0.707213 0.707001 0
    outer loop
      vertex -22.5274 -27.1942 0
      vertex -22.1942 -27.5275 30
      vertex -22.1942 -27.5275 0
    endloop
  endfacet
  facet normal 0.707213 0.707001 -0
    outer loop
      vertex -22.5274 -27.1942 0
      vertex -22.5274 -27.1942 30
      vertex -22.1942 -27.5275 30
    endloop
  endfacet
  facet normal 0.729073 0.684436 0
    outer loop
      vertex -22.5918 -27.1256 0
      vertex -22.5274 -27.1942 30
      vertex -22.5274 -27.1942 0
    endloop
  endfacet
  facet normal 0.729073 0.684436 -0
    outer loop
      vertex -22.5918 -27.1256 0
      vertex -22.5918 -27.1256 30
      vertex -22.5274 -27.1942 30
    endloop
  endfacet
  facet normal 0.750154 0.661264 0
    outer loop
      vertex -22.9035 -26.772 0
      vertex -22.5918 -27.1256 30
      vertex -22.5918 -27.1256 0
    endloop
  endfacet
  facet normal 0.750154 0.661264 -0
    outer loop
      vertex -22.9035 -26.772 0
      vertex -22.9035 -26.772 30
      vertex -22.5918 -27.1256 30
    endloop
  endfacet
  facet normal 0.770051 0.637982 0
    outer loop
      vertex -22.9634 -26.6997 0
      vertex -22.9035 -26.772 30
      vertex -22.9035 -26.772 0
    endloop
  endfacet
  facet normal 0.770051 0.637982 -0
    outer loop
      vertex -22.9634 -26.6997 0
      vertex -22.9634 -26.6997 30
      vertex -22.9035 -26.772 30
    endloop
  endfacet
  facet normal 0.79022 0.612824 0
    outer loop
      vertex -23.2522 -26.3273 0
      vertex -22.9634 -26.6997 30
      vertex -22.9634 -26.6997 0
    endloop
  endfacet
  facet normal 0.79022 0.612824 -0
    outer loop
      vertex -23.2522 -26.3273 0
      vertex -23.2522 -26.3273 30
      vertex -22.9634 -26.6997 30
    endloop
  endfacet
  facet normal 0.809104 0.587665 0
    outer loop
      vertex -23.3074 -26.2513 0
      vertex -23.2522 -26.3273 30
      vertex -23.2522 -26.3273 0
    endloop
  endfacet
  facet normal 0.809104 0.587665 -0
    outer loop
      vertex -23.3074 -26.2513 0
      vertex -23.3074 -26.2513 30
      vertex -23.2522 -26.3273 30
    endloop
  endfacet
  facet normal 0.826994 0.562211 0
    outer loop
      vertex -23.5726 -25.8612 0
      vertex -23.3074 -26.2513 30
      vertex -23.3074 -26.2513 0
    endloop
  endfacet
  facet normal 0.826994 0.562211 -0
    outer loop
      vertex -23.5726 -25.8612 0
      vertex -23.5726 -25.8612 30
      vertex -23.3074 -26.2513 30
    endloop
  endfacet
  facet normal 0.84445 0.535635 0
    outer loop
      vertex -23.6229 -25.7819 0
      vertex -23.5726 -25.8612 30
      vertex -23.5726 -25.8612 0
    endloop
  endfacet
  facet normal 0.84445 0.535635 -0
    outer loop
      vertex -23.6229 -25.7819 0
      vertex -23.6229 -25.7819 30
      vertex -23.5726 -25.8612 30
    endloop
  endfacet
  facet normal 0.860753 0.509022 0
    outer loop
      vertex -23.8627 -25.3764 0
      vertex -23.6229 -25.7819 30
      vertex -23.6229 -25.7819 0
    endloop
  endfacet
  facet normal 0.860753 0.509022 -0
    outer loop
      vertex -23.8627 -25.3764 0
      vertex -23.8627 -25.3764 30
      vertex -23.6229 -25.7819 30
    endloop
  endfacet
  facet normal 0.876194 0.481959 0
    outer loop
      vertex -23.9083 -25.2935 0
      vertex -23.8627 -25.3764 30
      vertex -23.8627 -25.3764 0
    endloop
  endfacet
  facet normal 0.876194 0.481959 -0
    outer loop
      vertex -23.9083 -25.2935 0
      vertex -23.9083 -25.2935 30
      vertex -23.8627 -25.3764 30
    endloop
  endfacet
  facet normal 0.891001 0.454002 0
    outer loop
      vertex -24.1219 -24.8743 0
      vertex -23.9083 -25.2935 30
      vertex -23.9083 -25.2935 0
    endloop
  endfacet
  facet normal 0.891001 0.454002 -0
    outer loop
      vertex -24.1219 -24.8743 0
      vertex -24.1219 -24.8743 30
      vertex -23.9083 -25.2935 30
    endloop
  endfacet
  facet normal 0.905179 0.425031 0
    outer loop
      vertex -24.162 -24.7889 0
      vertex -24.1219 -24.8743 30
      vertex -24.1219 -24.8743 0
    endloop
  endfacet
  facet normal 0.905179 0.425031 -0
    outer loop
      vertex -24.162 -24.7889 0
      vertex -24.162 -24.7889 30
      vertex -24.1219 -24.8743 30
    endloop
  endfacet
  facet normal 0.917703 0.397268 0
    outer loop
      vertex -24.3494 -24.356 0
      vertex -24.162 -24.7889 30
      vertex -24.162 -24.7889 0
    endloop
  endfacet
  facet normal 0.917703 0.397268 -0
    outer loop
      vertex -24.3494 -24.356 0
      vertex -24.3494 -24.356 30
      vertex -24.162 -24.7889 30
    endloop
  endfacet
  facet normal 0.929723 0.36826 0
    outer loop
      vertex -24.3839 -24.2689 0
      vertex -24.3494 -24.356 30
      vertex -24.3494 -24.356 0
    endloop
  endfacet
  facet normal 0.929723 0.36826 -0
    outer loop
      vertex -24.3839 -24.2689 0
      vertex -24.3839 -24.2689 30
      vertex -24.3494 -24.356 30
    endloop
  endfacet
  facet normal 0.940879 0.338742 0
    outer loop
      vertex -24.5435 -23.8256 0
      vertex -24.3839 -24.2689 30
      vertex -24.3839 -24.2689 0
    endloop
  endfacet
  facet normal 0.940879 0.338742 -0
    outer loop
      vertex -24.5435 -23.8256 0
      vertex -24.5435 -23.8256 30
      vertex -24.3839 -24.2689 30
    endloop
  endfacet
  facet normal 0.951206 0.308557 0
    outer loop
      vertex -24.5725 -23.7362 0
      vertex -24.5435 -23.8256 30
      vertex -24.5435 -23.8256 0
    endloop
  endfacet
  facet normal 0.951206 0.308557 -0
    outer loop
      vertex -24.5725 -23.7362 0
      vertex -24.5725 -23.7362 30
      vertex -24.5435 -23.8256 30
    endloop
  endfacet
  facet normal 0.960258 0.279113 0
    outer loop
      vertex -24.7042 -23.2831 0
      vertex -24.5725 -23.7362 30
      vertex -24.5725 -23.7362 0
    endloop
  endfacet
  facet normal 0.960258 0.279113 -0
    outer loop
      vertex -24.7042 -23.2831 0
      vertex -24.7042 -23.2831 30
      vertex -24.5725 -23.7362 30
    endloop
  endfacet
  facet normal 0.968677 0.248324 0
    outer loop
      vertex -24.7274 -23.1926 0
      vertex -24.7042 -23.2831 30
      vertex -24.7042 -23.2831 0
    endloop
  endfacet
  facet normal 0.968677 0.248324 -0
    outer loop
      vertex -24.7274 -23.1926 0
      vertex -24.7274 -23.1926 30
      vertex -24.7042 -23.2831 30
    endloop
  endfacet
  facet normal 0.975887 0.218277 0
    outer loop
      vertex -24.8304 -22.7321 0
      vertex -24.7274 -23.1926 30
      vertex -24.7274 -23.1926 0
    endloop
  endfacet
  facet normal 0.975887 0.218277 -0
    outer loop
      vertex -24.8304 -22.7321 0
      vertex -24.8304 -22.7321 30
      vertex -24.7274 -23.1926 30
    endloop
  endfacet
  facet normal 0.982301 0.187308 0
    outer loop
      vertex -24.848 -22.6398 0
      vertex -24.8304 -22.7321 30
      vertex -24.8304 -22.7321 0
    endloop
  endfacet
  facet normal 0.982301 0.187308 -0
    outer loop
      vertex -24.848 -22.6398 0
      vertex -24.848 -22.6398 30
      vertex -24.8304 -22.7321 30
    endloop
  endfacet
  facet normal 0.987698 0.156377 0
    outer loop
      vertex -24.9217 -22.1743 0
      vertex -24.848 -22.6398 30
      vertex -24.848 -22.6398 0
    endloop
  endfacet
  facet normal 0.987698 0.156377 -0
    outer loop
      vertex -24.9217 -22.1743 0
      vertex -24.9217 -22.1743 30
      vertex -24.848 -22.6398 30
    endloop
  endfacet
  facet normal 0.992063 0.125739 0
    outer loop
      vertex -24.9335 -22.0812 0
      vertex -24.9217 -22.1743 30
      vertex -24.9217 -22.1743 0
    endloop
  endfacet
  facet normal 0.992063 0.125739 -0
    outer loop
      vertex -24.9335 -22.0812 0
      vertex -24.9335 -22.0812 30
      vertex -24.9217 -22.1743 30
    endloop
  endfacet
  facet normal 0.995565 0.0940775 0
    outer loop
      vertex -24.9778 -21.6124 0
      vertex -24.9335 -22.0812 30
      vertex -24.9335 -22.0812 0
    endloop
  endfacet
  facet normal 0.995565 0.0940775 -0
    outer loop
      vertex -24.9778 -21.6124 0
      vertex -24.9778 -21.6124 30
      vertex -24.9335 -22.0812 30
    endloop
  endfacet
  facet normal 0.998048 0.0624442 0
    outer loop
      vertex -24.9837 -21.5181 0
      vertex -24.9778 -21.6124 30
      vertex -24.9778 -21.6124 0
    endloop
  endfacet
  facet normal 0.998048 0.0624442 -0
    outer loop
      vertex -24.9837 -21.5181 0
      vertex -24.9837 -21.5181 30
      vertex -24.9778 -21.6124 30
    endloop
  endfacet
  facet normal 0.999504 0.0315059 0
    outer loop
      vertex -24.9993 -21.0232 0
      vertex -24.9837 -21.5181 30
      vertex -24.9837 -21.5181 0
    endloop
  endfacet
  facet normal 0.999504 0.0315059 -0
    outer loop
      vertex -24.9993 -21.0232 0
      vertex -24.9993 -21.0232 30
      vertex -24.9837 -21.5181 30
    endloop
  endfacet
  facet normal 0.999882 0.0153435 0
    outer loop
      vertex -24.9999 -20.9841 0
      vertex -24.9993 -21.0232 30
      vertex -24.9993 -21.0232 0
    endloop
  endfacet
  facet normal 0.999882 0.0153435 -0
    outer loop
      vertex -24.9999 -20.9841 0
      vertex -24.9999 -20.9841 30
      vertex -24.9993 -21.0232 30
    endloop
  endfacet
  facet normal 0.998861 0.0477163 0
    outer loop
      vertex -25.0029 -20.9213 0
      vertex -24.9999 -20.9841 30
      vertex -24.9999 -20.9841 0
    endloop
  endfacet
  facet normal 0.998861 0.0477163 -0
    outer loop
      vertex -25.0029 -20.9213 0
      vertex -25.0029 -20.9213 30
      vertex -24.9999 -20.9841 30
    endloop
  endfacet
  facet normal 0.993942 0.109907 0
    outer loop
      vertex -25.0098 -20.8589 0
      vertex -25.0029 -20.9213 30
      vertex -25.0029 -20.9213 0
    endloop
  endfacet
  facet normal 0.993942 0.109907 -0
    outer loop
      vertex -25.0098 -20.8589 0
      vertex -25.0098 -20.8589 30
      vertex -25.0029 -20.9213 30
    endloop
  endfacet
  facet normal 0.985118 0.171878 0
    outer loop
      vertex -25.0206 -20.797 0
      vertex -25.0098 -20.8589 30
      vertex -25.0098 -20.8589 0
    endloop
  endfacet
  facet normal 0.985118 0.171878 -0
    outer loop
      vertex -25.0206 -20.797 0
      vertex -25.0206 -20.797 30
      vertex -25.0098 -20.8589 30
    endloop
  endfacet
  facet normal 0.972618 0.23241 0
    outer loop
      vertex -25.0352 -20.7359 0
      vertex -25.0206 -20.797 30
      vertex -25.0206 -20.797 0
    endloop
  endfacet
  facet normal 0.972618 0.23241 -0
    outer loop
      vertex -25.0352 -20.7359 0
      vertex -25.0352 -20.7359 30
      vertex -25.0206 -20.797 30
    endloop
  endfacet
  facet normal 0.955607 0.294645 0
    outer loop
      vertex -25.0537 -20.6759 0
      vertex -25.0352 -20.7359 30
      vertex -25.0352 -20.7359 0
    endloop
  endfacet
  facet normal 0.955607 0.294645 -0
    outer loop
      vertex -25.0537 -20.6759 0
      vertex -25.0537 -20.6759 30
      vertex -25.0352 -20.7359 30
    endloop
  endfacet
  facet normal 0.935016 0.354606 0
    outer loop
      vertex -25.076 -20.6171 0
      vertex -25.0537 -20.6759 30
      vertex -25.0537 -20.6759 0
    endloop
  endfacet
  facet normal 0.935016 0.354606 -0
    outer loop
      vertex -25.076 -20.6171 0
      vertex -25.076 -20.6171 30
      vertex -25.0537 -20.6759 30
    endloop
  endfacet
  facet normal 0.911563 0.41116 0
    outer loop
      vertex -25.1018 -20.5599 0
      vertex -25.076 -20.6171 30
      vertex -25.076 -20.6171 0
    endloop
  endfacet
  facet normal 0.911563 0.41116 -0
    outer loop
      vertex -25.1018 -20.5599 0
      vertex -25.1018 -20.5599 30
      vertex -25.076 -20.6171 30
    endloop
  endfacet
  facet normal 0.883672 0.468107 0
    outer loop
      vertex -25.1312 -20.5044 0
      vertex -25.1018 -20.5599 30
      vertex -25.1018 -20.5599 0
    endloop
  endfacet
  facet normal 0.883672 0.468107 -0
    outer loop
      vertex -25.1312 -20.5044 0
      vertex -25.1312 -20.5044 30
      vertex -25.1018 -20.5599 30
    endloop
  endfacet
  facet normal 0.852258 0.523121 0
    outer loop
      vertex -25.1641 -20.4508 0
      vertex -25.1312 -20.5044 30
      vertex -25.1312 -20.5044 0
    endloop
  endfacet
  facet normal 0.852258 0.523121 -0
    outer loop
      vertex -25.1641 -20.4508 0
      vertex -25.1641 -20.4508 30
      vertex -25.1312 -20.5044 30
    endloop
  endfacet
  facet normal 0.818333 0.574744 0
    outer loop
      vertex -25.2002 -20.3994 0
      vertex -25.1641 -20.4508 30
      vertex -25.1641 -20.4508 0
    endloop
  endfacet
  facet normal 0.818333 0.574744 -0
    outer loop
      vertex -25.2002 -20.3994 0
      vertex -25.2002 -20.3994 30
      vertex -25.1641 -20.4508 30
    endloop
  endfacet
  facet normal 0.780092 0.625665 0
    outer loop
      vertex -25.2395 -20.3504 0
      vertex -25.2002 -20.3994 30
      vertex -25.2002 -20.3994 0
    endloop
  endfacet
  facet normal 0.780092 0.625665 -0
    outer loop
      vertex -25.2395 -20.3504 0
      vertex -25.2395 -20.3504 30
      vertex -25.2002 -20.3994 30
    endloop
  endfacet
  facet normal 0.739724 0.67291 0
    outer loop
      vertex -25.2818 -20.3039 0
      vertex -25.2395 -20.3504 30
      vertex -25.2395 -20.3504 0
    endloop
  endfacet
  facet normal 0.739724 0.67291 -0
    outer loop
      vertex -25.2818 -20.3039 0
      vertex -25.2818 -20.3039 30
      vertex -25.2395 -20.3504 30
    endloop
  endfacet
  facet normal 0.695872 0.718166 0
    outer loop
      vertex -25.3269 -20.2602 0
      vertex -25.2818 -20.3039 30
      vertex -25.2818 -20.3039 0
    endloop
  endfacet
  facet normal 0.695872 0.718166 -0
    outer loop
      vertex -25.3269 -20.2602 0
      vertex -25.3269 -20.2602 30
      vertex -25.2818 -20.3039 30
    endloop
  endfacet
  facet normal 0.649217 0.760603 0
    outer loop
      vertex -25.3747 -20.2194 0
      vertex -25.3269 -20.2602 30
      vertex -25.3269 -20.2602 0
    endloop
  endfacet
  facet normal 0.649217 0.760603 -0
    outer loop
      vertex -25.3747 -20.2194 0
      vertex -25.3747 -20.2194 30
      vertex -25.3269 -20.2602 30
    endloop
  endfacet
  facet normal 0.60051 0.799618 0
    outer loop
      vertex -25.4249 -20.1817 0
      vertex -25.3747 -20.2194 30
      vertex -25.3747 -20.2194 0
    endloop
  endfacet
  facet normal 0.60051 0.799618 -0
    outer loop
      vertex -25.4249 -20.1817 0
      vertex -25.4249 -20.1817 30
      vertex -25.3747 -20.2194 30
    endloop
  endfacet
  facet normal 0.549178 0.835705 0
    outer loop
      vertex -25.4774 -20.1472 0
      vertex -25.4249 -20.1817 30
      vertex -25.4249 -20.1817 0
    endloop
  endfacet
  facet normal 0.549178 0.835705 -0
    outer loop
      vertex -25.4774 -20.1472 0
      vertex -25.4774 -20.1472 30
      vertex -25.4249 -20.1817 30
    endloop
  endfacet
  facet normal 0.494939 0.868928 0
    outer loop
      vertex -25.532 -20.1161 0
      vertex -25.4774 -20.1472 30
      vertex -25.4774 -20.1472 0
    endloop
  endfacet
  facet normal 0.494939 0.868928 -0
    outer loop
      vertex -25.532 -20.1161 0
      vertex -25.532 -20.1161 30
      vertex -25.4774 -20.1472 30
    endloop
  endfacet
  facet normal 0.439553 0.898217 0
    outer loop
      vertex -25.5884 -20.0885 0
      vertex -25.532 -20.1161 30
      vertex -25.532 -20.1161 0
    endloop
  endfacet
  facet normal 0.439553 0.898217 -0
    outer loop
      vertex -25.5884 -20.0885 0
      vertex -25.5884 -20.0885 30
      vertex -25.532 -20.1161 30
    endloop
  endfacet
  facet normal 0.38179 0.924249 0
    outer loop
      vertex -25.6465 -20.0645 0
      vertex -25.5884 -20.0885 30
      vertex -25.5884 -20.0885 0
    endloop
  endfacet
  facet normal 0.38179 0.924249 -0
    outer loop
      vertex -25.6465 -20.0645 0
      vertex -25.6465 -20.0645 30
      vertex -25.5884 -20.0885 30
    endloop
  endfacet
  facet normal 0.324813 0.945778 0
    outer loop
      vertex -25.7059 -20.0441 0
      vertex -25.6465 -20.0645 30
      vertex -25.6465 -20.0645 0
    endloop
  endfacet
  facet normal 0.324813 0.945778 -0
    outer loop
      vertex -25.7059 -20.0441 0
      vertex -25.7059 -20.0441 30
      vertex -25.6465 -20.0645 30
    endloop
  endfacet
  facet normal 0.262713 0.964874 0
    outer loop
      vertex -25.7665 -20.0276 0
      vertex -25.7059 -20.0441 30
      vertex -25.7059 -20.0441 0
    endloop
  endfacet
  facet normal 0.262713 0.964874 -0
    outer loop
      vertex -25.7665 -20.0276 0
      vertex -25.7665 -20.0276 30
      vertex -25.7059 -20.0441 30
    endloop
  endfacet
  facet normal 0.202237 0.979337 0
    outer loop
      vertex -25.828 -20.0149 0
      vertex -25.7665 -20.0276 30
      vertex -25.7665 -20.0276 0
    endloop
  endfacet
  facet normal 0.202237 0.979337 -0
    outer loop
      vertex -25.828 -20.0149 0
      vertex -25.828 -20.0149 30
      vertex -25.7665 -20.0276 30
    endloop
  endfacet
  facet normal 0.141644 0.989918 0
    outer loop
      vertex -25.8902 -20.006 0
      vertex -25.828 -20.0149 30
      vertex -25.828 -20.0149 0
    endloop
  endfacet
  facet normal 0.141644 0.989918 -0
    outer loop
      vertex -25.8902 -20.006 0
      vertex -25.8902 -20.006 30
      vertex -25.828 -20.0149 30
    endloop
  endfacet
  facet normal 0.0779124 0.99696 0
    outer loop
      vertex -25.9529 -20.0011 0
      vertex -25.8902 -20.006 30
      vertex -25.8902 -20.006 0
    endloop
  endfacet
  facet normal 0.0779124 0.99696 -0
    outer loop
      vertex -25.9529 -20.0011 0
      vertex -25.9529 -20.0011 30
      vertex -25.8902 -20.006 30
    endloop
  endfacet
  facet normal 0.0234477 0.999725 0
    outer loop
      vertex -25.9998 -20 0
      vertex -25.9529 -20.0011 30
      vertex -25.9529 -20.0011 0
    endloop
  endfacet
  facet normal 0.0234477 0.999725 -0
    outer loop
      vertex -25.9998 -20 0
      vertex -25.9998 -20 30
      vertex -25.9529 -20.0011 30
    endloop
  endfacet
  facet normal 0 1 0
    outer loop
      vertex -27 -20 0
      vertex -25.9998 -20 30
      vertex -25.9998 -20 0
    endloop
  endfacet
  facet normal 0 1 0
    outer loop
      vertex -27 -20 0
      vertex -27 -20 30
      vertex -25.9998 -20 30
    endloop
  endfacet
  facet normal -0.031831 0.999493 0
    outer loop
      vertex -27.0628 -20.002 0
      vertex -27 -20 30
      vertex -27 -20 0
    endloop
  endfacet
  facet normal -0.031831 0.999493 0
    outer loop
      vertex -27.0628 -20.002 0
      vertex -27.0628 -20.002 30
      vertex -27 -20 30
    endloop
  endfacet
  facet normal -0.0939822 0.995574 0
    outer loop
      vertex -27.1253 -20.0079 0
      vertex -27.0628 -20.002 30
      vertex -27.0628 -20.002 0
    endloop
  endfacet
  facet normal -0.0939822 0.995574 0
    outer loop
      vertex -27.1253 -20.0079 0
      vertex -27.1253 -20.0079 30
      vertex -27.0628 -20.002 30
    endloop
  endfacet
  facet normal -0.155881 0.987776 0
    outer loop
      vertex -27.1874 -20.0177 0
      vertex -27.1253 -20.0079 30
      vertex -27.1253 -20.0079 0
    endloop
  endfacet
  facet normal -0.155881 0.987776 0
    outer loop
      vertex -27.1874 -20.0177 0
      vertex -27.1874 -20.0177 30
      vertex -27.1253 -20.0079 30
    endloop
  endfacet
  facet normal -0.21811 0.975924 0
    outer loop
      vertex -27.2487 -20.0314 0
      vertex -27.1874 -20.0177 30
      vertex -27.1874 -20.0177 0
    endloop
  endfacet
  facet normal -0.21811 0.975924 0
    outer loop
      vertex -27.2487 -20.0314 0
      vertex -27.2487 -20.0314 30
      vertex -27.1874 -20.0177 30
    endloop
  endfacet
  facet normal -0.280183 0.959946 0
    outer loop
      vertex -27.309 -20.049 0
      vertex -27.2487 -20.0314 30
      vertex -27.2487 -20.0314 0
    endloop
  endfacet
  facet normal -0.280183 0.959946 0
    outer loop
      vertex -27.309 -20.049 0
      vertex -27.309 -20.049 30
      vertex -27.2487 -20.0314 30
    endloop
  endfacet
  facet normal -0.337648 0.941273 0
    outer loop
      vertex -27.3681 -20.0702 0
      vertex -27.309 -20.049 30
      vertex -27.309 -20.049 0
    endloop
  endfacet
  facet normal -0.337648 0.941273 0
    outer loop
      vertex -27.3681 -20.0702 0
      vertex -27.3681 -20.0702 30
      vertex -27.309 -20.049 30
    endloop
  endfacet
  facet normal -0.397563 0.917575 0
    outer loop
      vertex -27.4258 -20.0952 0
      vertex -27.3681 -20.0702 30
      vertex -27.3681 -20.0702 0
    endloop
  endfacet
  facet normal -0.397563 0.917575 0
    outer loop
      vertex -27.4258 -20.0952 0
      vertex -27.4258 -20.0952 30
      vertex -27.3681 -20.0702 30
    endloop
  endfacet
  facet normal -0.453568 0.891222 0
    outer loop
      vertex -27.4818 -20.1237 0
      vertex -27.4258 -20.0952 30
      vertex -27.4258 -20.0952 0
    endloop
  endfacet
  facet normal -0.453568 0.891222 0
    outer loop
      vertex -27.4818 -20.1237 0
      vertex -27.4818 -20.1237 30
      vertex -27.4258 -20.0952 30
    endloop
  endfacet
  facet normal -0.509802 0.860292 0
    outer loop
      vertex -27.5358 -20.1557 0
      vertex -27.4818 -20.1237 30
      vertex -27.4818 -20.1237 0
    endloop
  endfacet
  facet normal -0.509802 0.860292 0
    outer loop
      vertex -27.5358 -20.1557 0
      vertex -27.5358 -20.1557 30
      vertex -27.4818 -20.1237 30
    endloop
  endfacet
  facet normal -0.561657 0.82737 0
    outer loop
      vertex -27.5878 -20.191 0
      vertex -27.5358 -20.1557 30
      vertex -27.5358 -20.1557 0
    endloop
  endfacet
  facet normal -0.561657 0.82737 0
    outer loop
      vertex -27.5878 -20.191 0
      vertex -27.5878 -20.191 30
      vertex -27.5358 -20.1557 30
    endloop
  endfacet
  facet normal -0.613168 0.789952 0
    outer loop
      vertex -27.6374 -20.2295 0
      vertex -27.5878 -20.191 30
      vertex -27.5878 -20.191 0
    endloop
  endfacet
  facet normal -0.613168 0.789952 0
    outer loop
      vertex -27.6374 -20.2295 0
      vertex -27.6374 -20.2295 30
      vertex -27.5878 -20.191 30
    endloop
  endfacet
  facet normal -0.661095 0.750303 0
    outer loop
      vertex -27.6845 -20.271 0
      vertex -27.6374 -20.2295 30
      vertex -27.6374 -20.2295 0
    endloop
  endfacet
  facet normal -0.661095 0.750303 0
    outer loop
      vertex -27.6845 -20.271 0
      vertex -27.6845 -20.271 30
      vertex -27.6374 -20.2295 30
    endloop
  endfacet
  facet normal -0.707107 0.707107 0
    outer loop
      vertex -27.729 -20.3155 0
      vertex -27.6845 -20.271 30
      vertex -27.6845 -20.271 0
    endloop
  endfacet
  facet normal -0.707107 0.707107 0
    outer loop
      vertex -27.729 -20.3155 0
      vertex -27.729 -20.3155 30
      vertex -27.6845 -20.271 30
    endloop
  endfacet
  facet normal -0.750303 0.661095 0
    outer loop
      vertex -27.7705 -20.3626 0
      vertex -27.729 -20.3155 30
      vertex -27.729 -20.3155 0
    endloop
  endfacet
  facet normal -0.750303 0.661095 0
    outer loop
      vertex -27.7705 -20.3626 0
      vertex -27.7705 -20.3626 30
      vertex -27.729 -20.3155 30
    endloop
  endfacet
  facet normal -0.789952 0.613168 0
    outer loop
      vertex -27.809 -20.4122 0
      vertex -27.7705 -20.3626 30
      vertex -27.7705 -20.3626 0
    endloop
  endfacet
  facet normal -0.789952 0.613168 0
    outer loop
      vertex -27.809 -20.4122 0
      vertex -27.809 -20.4122 30
      vertex -27.7705 -20.3626 30
    endloop
  endfacet
  facet normal -0.82737 0.561657 0
    outer loop
      vertex -27.8443 -20.4642 0
      vertex -27.809 -20.4122 30
      vertex -27.809 -20.4122 0
    endloop
  endfacet
  facet normal -0.82737 0.561657 0
    outer loop
      vertex -27.8443 -20.4642 0
      vertex -27.8443 -20.4642 30
      vertex -27.809 -20.4122 30
    endloop
  endfacet
  facet normal -0.860292 0.509802 0
    outer loop
      vertex -27.8763 -20.5182 0
      vertex -27.8443 -20.4642 30
      vertex -27.8443 -20.4642 0
    endloop
  endfacet
  facet normal -0.860292 0.509802 0
    outer loop
      vertex -27.8763 -20.5182 0
      vertex -27.8763 -20.5182 30
      vertex -27.8443 -20.4642 30
    endloop
  endfacet
  facet normal -0.891222 0.453568 0
    outer loop
      vertex -27.9048 -20.5742 0
      vertex -27.8763 -20.5182 30
      vertex -27.8763 -20.5182 0
    endloop
  endfacet
  facet normal -0.891222 0.453568 0
    outer loop
      vertex -27.9048 -20.5742 0
      vertex -27.9048 -20.5742 30
      vertex -27.8763 -20.5182 30
    endloop
  endfacet
  facet normal -0.917575 0.397563 0
    outer loop
      vertex -27.9298 -20.6319 0
      vertex -27.9048 -20.5742 30
      vertex -27.9048 -20.5742 0
    endloop
  endfacet
  facet normal -0.917575 0.397563 0
    outer loop
      vertex -27.9298 -20.6319 0
      vertex -27.9298 -20.6319 30
      vertex -27.9048 -20.5742 30
    endloop
  endfacet
  facet normal -0.941273 0.337648 0
    outer loop
      vertex -27.951 -20.691 0
      vertex -27.9298 -20.6319 30
      vertex -27.9298 -20.6319 0
    endloop
  endfacet
  facet normal -0.941273 0.337648 0
    outer loop
      vertex -27.951 -20.691 0
      vertex -27.951 -20.691 30
      vertex -27.9298 -20.6319 30
    endloop
  endfacet
  facet normal -0.959946 0.280183 0
    outer loop
      vertex -27.9686 -20.7513 0
      vertex -27.951 -20.691 30
      vertex -27.951 -20.691 0
    endloop
  endfacet
  facet normal -0.959946 0.280183 0
    outer loop
      vertex -27.9686 -20.7513 0
      vertex -27.9686 -20.7513 30
      vertex -27.951 -20.691 30
    endloop
  endfacet
  facet normal -0.975924 0.21811 0
    outer loop
      vertex -27.9823 -20.8126 0
      vertex -27.9686 -20.7513 30
      vertex -27.9686 -20.7513 0
    endloop
  endfacet
  facet normal -0.975924 0.21811 0
    outer loop
      vertex -27.9823 -20.8126 0
      vertex -27.9823 -20.8126 30
      vertex -27.9686 -20.7513 30
    endloop
  endfacet
  facet normal -0.987776 0.155881 0
    outer loop
      vertex -27.9921 -20.8747 0
      vertex -27.9823 -20.8126 30
      vertex -27.9823 -20.8126 0
    endloop
  endfacet
  facet normal -0.987776 0.155881 0
    outer loop
      vertex -27.9921 -20.8747 0
      vertex -27.9921 -20.8747 30
      vertex -27.9823 -20.8126 30
    endloop
  endfacet
  facet normal -0.995574 0.0939822 0
    outer loop
      vertex -27.998 -20.9372 0
      vertex -27.9921 -20.8747 30
      vertex -27.9921 -20.8747 0
    endloop
  endfacet
  facet normal -0.995574 0.0939822 0
    outer loop
      vertex -27.998 -20.9372 0
      vertex -27.998 -20.9372 30
      vertex -27.9921 -20.8747 30
    endloop
  endfacet
  facet normal -0.999493 0.031831 0
    outer loop
      vertex -28 -21 0
      vertex -27.998 -20.9372 30
      vertex -27.998 -20.9372 0
    endloop
  endfacet
  facet normal -0.999493 0.031831 0
    outer loop
      vertex -28 -21 0
      vertex -28 -21 30
      vertex -27.998 -20.9372 30
    endloop
  endfacet
  facet normal -1 0 0
    outer loop
      vertex -28 -29.5858 0
      vertex -28 -21 30
      vertex -28 -21 0
    endloop
  endfacet
  facet normal -1 0 0
    outer loop
      vertex -28 -29.5858 0
      vertex -28 -29.5858 30
      vertex -28 -21 30
    endloop
  endfacet
  facet normal -0.999493 -0.031831 0
    outer loop
      vertex -27.998 -29.6486 0
      vertex -28 -29.5858 30
      vertex -28 -29.5858 0
    endloop
  endfacet
  facet normal -0.999493 -0.031831 0
    outer loop
      vertex -27.998 -29.6486 0
      vertex -27.998 -29.6486 30
      vertex -28 -29.5858 30
    endloop
  endfacet
  facet normal -0.995574 -0.0939822 0
    outer loop
      vertex -27.9921 -29.7111 0
      vertex -27.998 -29.6486 30
      vertex -27.998 -29.6486 0
    endloop
  endfacet
  facet normal -0.995574 -0.0939822 0
    outer loop
      vertex -27.9921 -29.7111 0
      vertex -27.9921 -29.7111 30
      vertex -27.998 -29.6486 30
    endloop
  endfacet
  facet normal -0.987776 -0.155881 0
    outer loop
      vertex -27.9823 -29.7732 0
      vertex -27.9921 -29.7111 30
      vertex -27.9921 -29.7111 0
    endloop
  endfacet
  facet normal -0.987776 -0.155881 0
    outer loop
      vertex -27.9823 -29.7732 0
      vertex -27.9823 -29.7732 30
      vertex -27.9921 -29.7111 30
    endloop
  endfacet
  facet normal -0.975924 -0.21811 0
    outer loop
      vertex -27.9686 -29.8345 0
      vertex -27.9823 -29.7732 30
      vertex -27.9823 -29.7732 0
    endloop
  endfacet
  facet normal -0.975924 -0.21811 0
    outer loop
      vertex -27.9686 -29.8345 0
      vertex -27.9686 -29.8345 30
      vertex -27.9823 -29.7732 30
    endloop
  endfacet
  facet normal -0.959946 -0.280183 0
    outer loop
      vertex -27.951 -29.8948 0
      vertex -27.9686 -29.8345 30
      vertex -27.9686 -29.8345 0
    endloop
  endfacet
  facet normal -0.959946 -0.280183 0
    outer loop
      vertex -27.951 -29.8948 0
      vertex -27.951 -29.8948 30
      vertex -27.9686 -29.8345 30
    endloop
  endfacet
  facet normal -0.941273 -0.337648 0
    outer loop
      vertex -27.9298 -29.9539 0
      vertex -27.951 -29.8948 30
      vertex -27.951 -29.8948 0
    endloop
  endfacet
  facet normal -0.941273 -0.337648 0
    outer loop
      vertex -27.9298 -29.9539 0
      vertex -27.9298 -29.9539 30
      vertex -27.951 -29.8948 30
    endloop
  endfacet
  facet normal -0.917575 -0.397563 0
    outer loop
      vertex -27.9048 -30.0116 0
      vertex -27.9298 -29.9539 30
      vertex -27.9298 -29.9539 0
    endloop
  endfacet
  facet normal -0.917575 -0.397563 0
    outer loop
      vertex -27.9048 -30.0116 0
      vertex -27.9048 -30.0116 30
      vertex -27.9298 -29.9539 30
    endloop
  endfacet
  facet normal -0.890894 -0.454212 0
    outer loop
      vertex -27.8763 -30.0675 0
      vertex -27.9048 -30.0116 30
      vertex -27.9048 -30.0116 0
    endloop
  endfacet
  facet normal -0.890894 -0.454212 0
    outer loop
      vertex -27.8763 -30.0675 0
      vertex -27.8763 -30.0675 30
      vertex -27.9048 -30.0116 30
    endloop
  endfacet
  facet normal -0.860705 -0.509104 0
    outer loop
      vertex -27.8443 -30.1216 0
      vertex -27.8763 -30.0675 30
      vertex -27.8763 -30.0675 0
    endloop
  endfacet
  facet normal -0.860705 -0.509104 0
    outer loop
      vertex -27.8443 -30.1216 0
      vertex -27.8443 -30.1216 30
      vertex -27.8763 -30.0675 30
    endloop
  endfacet
  facet normal -0.82737 -0.561657 0
    outer loop
      vertex -27.809 -30.1736 0
      vertex -27.8443 -30.1216 30
      vertex -27.8443 -30.1216 0
    endloop
  endfacet
  facet normal -0.82737 -0.561657 0
    outer loop
      vertex -27.809 -30.1736 0
      vertex -27.809 -30.1736 30
      vertex -27.8443 -30.1216 30
    endloop
  endfacet
  facet normal -0.789952 -0.613168 0
    outer loop
      vertex -27.7705 -30.2232 0
      vertex -27.809 -30.1736 30
      vertex -27.809 -30.1736 0
    endloop
  endfacet
  facet normal -0.789952 -0.613168 0
    outer loop
      vertex -27.7705 -30.2232 0
      vertex -27.7705 -30.2232 30
      vertex -27.809 -30.1736 30
    endloop
  endfacet
  facet normal -0.750303 -0.661095 0
    outer loop
      vertex -27.729 -30.2703 0
      vertex -27.7705 -30.2232 30
      vertex -27.7705 -30.2232 0
    endloop
  endfacet
  facet normal -0.750303 -0.661095 0
    outer loop
      vertex -27.729 -30.2703 0
      vertex -27.729 -30.2703 30
      vertex -27.7705 -30.2232 30
    endloop
  endfacet
  facet normal -0.718141 -0.695898 0
    outer loop
      vertex -27.7071 -30.2929 0
      vertex -27.729 -30.2703 30
      vertex -27.729 -30.2703 0
    endloop
  endfacet
  facet normal -0.718141 -0.695898 0
    outer loop
      vertex -27.7071 -30.2929 0
      vertex -27.7071 -30.2929 30
      vertex -27.729 -30.2703 30
    endloop
  endfacet
  facet normal -0.707106 -0.707107 0
    outer loop
      vertex -3.30396 -54.696 0
      vertex -27.7071 -30.2929 30
      vertex -27.7071 -30.2929 0
    endloop
  endfacet
  facet normal -0.707106 -0.707107 0
    outer loop
      vertex -3.30396 -54.696 0
      vertex -3.30396 -54.696 30
      vertex -27.7071 -30.2929 30
    endloop
  endfacet
  facet normal -0.729466 -0.684017 0
    outer loop
      vertex -3.25023 -54.7533 0
      vertex -3.30396 -54.696 30
      vertex -3.30396 -54.696 0
    endloop
  endfacet
  facet normal -0.729466 -0.684017 0
    outer loop
      vertex -3.25023 -54.7533 0
      vertex -3.25023 -54.7533 30
      vertex -3.30396 -54.696 30
    endloop
  endfacet
  facet normal -0.770392 -0.637571 0
    outer loop
      vertex -3.21034 -54.8015 0
      vertex -3.25023 -54.7533 30
      vertex -3.25023 -54.7533 0
    endloop
  endfacet
  facet normal -0.770392 -0.637571 0
    outer loop
      vertex -3.21034 -54.8015 0
      vertex -3.21034 -54.8015 30
      vertex -3.25023 -54.7533 30
    endloop
  endfacet
  facet normal -0.808818 -0.588059 0
    outer loop
      vertex -3.17326 -54.8525 0
      vertex -3.21034 -54.8015 30
      vertex -3.21034 -54.8015 0
    endloop
  endfacet
  facet normal -0.808818 -0.588059 0
    outer loop
      vertex -3.17326 -54.8525 0
      vertex -3.17326 -54.8525 30
      vertex -3.21034 -54.8015 30
    endloop
  endfacet
  facet normal -0.844096 -0.536193 0
    outer loop
      vertex -3.13972 -54.9053 0
      vertex -3.17326 -54.8525 30
      vertex -3.17326 -54.8525 0
    endloop
  endfacet
  facet normal -0.844096 -0.536193 0
    outer loop
      vertex -3.13972 -54.9053 0
      vertex -3.13972 -54.9053 30
      vertex -3.17326 -54.8525 30
    endloop
  endfacet
  facet normal -0.876752 -0.480943 0
    outer loop
      vertex -3.10944 -54.9605 0
      vertex -3.13972 -54.9053 30
      vertex -3.13972 -54.9053 0
    endloop
  endfacet
  facet normal -0.876752 -0.480943 0
    outer loop
      vertex -3.10944 -54.9605 0
      vertex -3.10944 -54.9605 30
      vertex -3.13972 -54.9053 30
    endloop
  endfacet
  facet normal -0.904675 -0.426103 0
    outer loop
      vertex -3.08264 -55.0174 0
      vertex -3.10944 -54.9605 30
      vertex -3.10944 -54.9605 0
    endloop
  endfacet
  facet normal -0.904675 -0.426103 0
    outer loop
      vertex -3.08264 -55.0174 0
      vertex -3.08264 -55.0174 30
      vertex -3.10944 -54.9605 30
    endloop
  endfacet
  facet normal -0.929793 -0.368083 0
    outer loop
      vertex -3.0596 -55.0756 0
      vertex -3.08264 -55.0174 30
      vertex -3.08264 -55.0174 0
    endloop
  endfacet
  facet normal -0.929793 -0.368083 0
    outer loop
      vertex -3.0596 -55.0756 0
      vertex -3.0596 -55.0756 30
      vertex -3.08264 -55.0174 30
    endloop
  endfacet
  facet normal -0.951093 -0.308906 0
    outer loop
      vertex -3.04021 -55.1353 0
      vertex -3.0596 -55.0756 30
      vertex -3.0596 -55.0756 0
    endloop
  endfacet
  facet normal -0.951093 -0.308906 0
    outer loop
      vertex -3.04021 -55.1353 0
      vertex -3.04021 -55.1353 30
      vertex -3.0596 -55.0756 30
    endloop
  endfacet
  facet normal -0.96857 -0.248743 0
    outer loop
      vertex -3.02457 -55.1962 0
      vertex -3.04021 -55.1353 30
      vertex -3.04021 -55.1353 0
    endloop
  endfacet
  facet normal -0.96857 -0.248743 0
    outer loop
      vertex -3.02457 -55.1962 0
      vertex -3.02457 -55.1962 30
      vertex -3.04021 -55.1353 30
    endloop
  endfacet
  facet normal -0.982258 -0.187536 0
    outer loop
      vertex -3.01279 -55.2579 0
      vertex -3.02457 -55.1962 30
      vertex -3.02457 -55.1962 0
    endloop
  endfacet
  facet normal -0.982258 -0.187536 0
    outer loop
      vertex -3.01279 -55.2579 0
      vertex -3.01279 -55.2579 30
      vertex -3.02457 -55.1962 30
    endloop
  endfacet
  facet normal -0.99213 -0.125213 0
    outer loop
      vertex -3.00494 -55.3201 0
      vertex -3.01279 -55.2579 30
      vertex -3.01279 -55.2579 0
    endloop
  endfacet
  facet normal -0.99213 -0.125213 0
    outer loop
      vertex -3.00494 -55.3201 0
      vertex -3.00494 -55.3201 30
      vertex -3.01279 -55.2579 30
    endloop
  endfacet
  facet normal -0.998028 -0.0627655 0
    outer loop
      vertex -3.0005 -55.3907 0
      vertex -3.00494 -55.3201 30
      vertex -3.00494 -55.3201 0
    endloop
  endfacet
  facet normal -0.998028 -0.0627655 0
    outer loop
      vertex -3.0005 -55.3907 0
      vertex -3.0005 -55.3907 30
      vertex -3.00494 -55.3201 30
    endloop
  endfacet
  facet normal -0.999875 -0.0158208 0
    outer loop
      vertex -3 -55.4223 0
      vertex -3.0005 -55.3907 30
      vertex -3.0005 -55.3907 0
    endloop
  endfacet
  facet normal -0.999875 -0.0158208 0
    outer loop
      vertex -3 -55.4223 0
      vertex -3 -55.4223 30
      vertex -3.0005 -55.3907 30
    endloop
  endfacet
  facet normal -1 0 0
    outer loop
      vertex -3 -68.9841 0
      vertex -3 -55.4223 30
      vertex -3 -55.4223 0
    endloop
  endfacet
  facet normal -1 0 0
    outer loop
      vertex -3 -68.9841 0
      vertex -3 -68.9841 30
      vertex -3 -55.4223 30
    endloop
  endfacet
  facet normal -0.999509 0.0313298 0
    outer loop
      vertex -3.00247 -69.0629 0
      vertex -3 -68.9841 30
      vertex -3 -68.9841 0
    endloop
  endfacet
  facet normal -0.999509 0.0313298 0
    outer loop
      vertex -3.00247 -69.0629 0
      vertex -3.00247 -69.0629 30
      vertex -3 -68.9841 30
    endloop
  endfacet
  facet normal -0.995545 0.0942896 0
    outer loop
      vertex -3.00838 -69.1253 0
      vertex -3.00247 -69.0629 30
      vertex -3.00247 -69.0629 0
    endloop
  endfacet
  facet normal -0.995545 0.0942896 0
    outer loop
      vertex -3.00838 -69.1253 0
      vertex -3.00838 -69.1253 30
      vertex -3.00247 -69.0629 30
    endloop
  endfacet
  facet normal -0.987688 0.156437 0
    outer loop
      vertex -3.0182 -69.1873 0
      vertex -3.00838 -69.1253 30
      vertex -3.00838 -69.1253 0
    endloop
  endfacet
  facet normal -0.987688 0.156437 0
    outer loop
      vertex -3.0182 -69.1873 0
      vertex -3.0182 -69.1873 30
      vertex -3.00838 -69.1253 30
    endloop
  endfacet
  facet normal -0.975958 0.217959 0
    outer loop
      vertex -3.03189 -69.2486 0
      vertex -3.0182 -69.1873 30
      vertex -3.0182 -69.1873 0
    endloop
  endfacet
  facet normal -0.975958 0.217959 0
    outer loop
      vertex -3.03189 -69.2486 0
      vertex -3.03189 -69.2486 30
      vertex -3.0182 -69.1873 30
    endloop
  endfacet
  facet normal -0.960164 0.279436 0
    outer loop
      vertex -3.04941 -69.3088 0
      vertex -3.03189 -69.2486 30
      vertex -3.03189 -69.2486 0
    endloop
  endfacet
  facet normal -0.960164 0.279436 0
    outer loop
      vertex -3.04941 -69.3088 0
      vertex -3.04941 -69.3088 30
      vertex -3.03189 -69.2486 30
    endloop
  endfacet
  facet normal -0.941019 0.338353 0
    outer loop
      vertex -3.07066 -69.3679 0
      vertex -3.04941 -69.3088 30
      vertex -3.04941 -69.3088 0
    endloop
  endfacet
  facet normal -0.941019 0.338353 0
    outer loop
      vertex -3.07066 -69.3679 0
      vertex -3.07066 -69.3679 30
      vertex -3.04941 -69.3088 30
    endloop
  endfacet
  facet normal -0.917691 0.397295 0
    outer loop
      vertex -3.09564 -69.4256 0
      vertex -3.07066 -69.3679 30
      vertex -3.07066 -69.3679 0
    endloop
  endfacet
  facet normal -0.917691 0.397295 0
    outer loop
      vertex -3.09564 -69.4256 0
      vertex -3.09564 -69.4256 30
      vertex -3.07066 -69.3679 30
    endloop
  endfacet
  facet normal -0.8909 0.4542 0
    outer loop
      vertex -3.12419 -69.4816 0
      vertex -3.09564 -69.4256 30
      vertex -3.09564 -69.4256 0
    endloop
  endfacet
  facet normal -0.8909 0.4542 0
    outer loop
      vertex -3.12419 -69.4816 0
      vertex -3.12419 -69.4816 30
      vertex -3.09564 -69.4256 30
    endloop
  endfacet
  facet normal -0.860857 0.508848 0
    outer loop
      vertex -3.15605 -69.5355 0
      vertex -3.12419 -69.4816 30
      vertex -3.12419 -69.4816 0
    endloop
  endfacet
  facet normal -0.860857 0.508848 0
    outer loop
      vertex -3.15605 -69.5355 0
      vertex -3.15605 -69.5355 30
      vertex -3.12419 -69.4816 30
    endloop
  endfacet
  facet normal -0.827015 0.562179 0
    outer loop
      vertex -3.19133 -69.5874 0
      vertex -3.15605 -69.5355 30
      vertex -3.15605 -69.5355 0
    endloop
  endfacet
  facet normal -0.827015 0.562179 0
    outer loop
      vertex -3.19133 -69.5874 0
      vertex -3.19133 -69.5874 30
      vertex -3.15605 -69.5355 30
    endloop
  endfacet
  facet normal -0.790223 0.612819 0
    outer loop
      vertex -3.22995 -69.6372 0
      vertex -3.19133 -69.5874 30
      vertex -3.19133 -69.5874 0
    endloop
  endfacet
  facet normal -0.790223 0.612819 0
    outer loop
      vertex -3.22995 -69.6372 0
      vertex -3.22995 -69.6372 30
      vertex -3.19133 -69.5874 30
    endloop
  endfacet
  facet normal -0.750318 0.661078 0
    outer loop
      vertex -3.27136 -69.6842 0
      vertex -3.22995 -69.6372 30
      vertex -3.22995 -69.6372 0
    endloop
  endfacet
  facet normal -0.750318 0.661078 0
    outer loop
      vertex -3.27136 -69.6842 0
      vertex -3.27136 -69.6842 30
      vertex -3.22995 -69.6372 30
    endloop
  endfacet
  facet normal -0.70655 0.707664 0
    outer loop
      vertex -3.31583 -69.7286 0
      vertex -3.27136 -69.6842 30
      vertex -3.27136 -69.6842 0
    endloop
  endfacet
  facet normal -0.70655 0.707664 0
    outer loop
      vertex -3.31583 -69.7286 0
      vertex -3.31583 -69.7286 30
      vertex -3.27136 -69.6842 30
    endloop
  endfacet
  facet normal -0.662202 0.749325 0
    outer loop
      vertex -3.36279 -69.7701 0
      vertex -3.31583 -69.7286 30
      vertex -3.31583 -69.7286 0
    endloop
  endfacet
  facet normal -0.662202 0.749325 0
    outer loop
      vertex -3.36279 -69.7701 0
      vertex -3.36279 -69.7701 30
      vertex -3.31583 -69.7286 30
    endloop
  endfacet
  facet normal -0.612544 0.790436 0
    outer loop
      vertex -3.4126 -69.8087 0
      vertex -3.36279 -69.7701 30
      vertex -3.36279 -69.7701 0
    endloop
  endfacet
  facet normal -0.612544 0.790436 0
    outer loop
      vertex -3.4126 -69.8087 0
      vertex -3.4126 -69.8087 30
      vertex -3.36279 -69.7701 30
    endloop
  endfacet
  facet normal -0.561381 0.827558 0
    outer loop
      vertex -3.46449 -69.8439 0
      vertex -3.4126 -69.8087 30
      vertex -3.4126 -69.8087 0
    endloop
  endfacet
  facet normal -0.561381 0.827558 0
    outer loop
      vertex -3.46449 -69.8439 0
      vertex -3.46449 -69.8439 30
      vertex -3.4126 -69.8087 30
    endloop
  endfacet
  facet normal -0.509321 0.860577 0
    outer loop
      vertex -3.51839 -69.8758 0
      vertex -3.46449 -69.8439 30
      vertex -3.46449 -69.8439 0
    endloop
  endfacet
  facet normal -0.509321 0.860577 0
    outer loop
      vertex -3.51839 -69.8758 0
      vertex -3.51839 -69.8758 30
      vertex -3.46449 -69.8439 30
    endloop
  endfacet
  facet normal -0.454638 0.890676 0
    outer loop
      vertex -3.57442 -69.9044 0
      vertex -3.51839 -69.8758 30
      vertex -3.51839 -69.8758 0
    endloop
  endfacet
  facet normal -0.454638 0.890676 0
    outer loop
      vertex -3.57442 -69.9044 0
      vertex -3.57442 -69.9044 30
      vertex -3.51839 -69.8758 30
    endloop
  endfacet
  facet normal -0.396165 0.918179 0
    outer loop
      vertex -3.63213 -69.9293 0
      vertex -3.57442 -69.9044 30
      vertex -3.57442 -69.9044 0
    endloop
  endfacet
  facet normal -0.396165 0.918179 0
    outer loop
      vertex -3.63213 -69.9293 0
      vertex -3.63213 -69.9293 30
      vertex -3.57442 -69.9044 30
    endloop
  endfacet
  facet normal -0.339413 0.940637 0
    outer loop
      vertex -3.69116 -69.9506 0
      vertex -3.63213 -69.9293 30
      vertex -3.63213 -69.9293 0
    endloop
  endfacet
  facet normal -0.339413 0.940637 0
    outer loop
      vertex -3.69116 -69.9506 0
      vertex -3.69116 -69.9506 30
      vertex -3.63213 -69.9293 30
    endloop
  endfacet
  facet normal -0.278843 0.960337 0
    outer loop
      vertex -3.75143 -69.9681 0
      vertex -3.69116 -69.9506 30
      vertex -3.69116 -69.9506 0
    endloop
  endfacet
  facet normal -0.278843 0.960337 0
    outer loop
      vertex -3.75143 -69.9681 0
      vertex -3.75143 -69.9681 30
      vertex -3.69116 -69.9506 30
    endloop
  endfacet
  facet normal -0.218212 0.975901 0
    outer loop
      vertex -3.8127 -69.9818 0
      vertex -3.75143 -69.9681 30
      vertex -3.75143 -69.9681 0
    endloop
  endfacet
  facet normal -0.218212 0.975901 0
    outer loop
      vertex -3.8127 -69.9818 0
      vertex -3.8127 -69.9818 30
      vertex -3.75143 -69.9681 30
    endloop
  endfacet
  facet normal -0.156102 0.987741 0
    outer loop
      vertex -3.87471 -69.9916 0
      vertex -3.8127 -69.9818 30
      vertex -3.8127 -69.9818 0
    endloop
  endfacet
  facet normal -0.156102 0.987741 0
    outer loop
      vertex -3.87471 -69.9916 0
      vertex -3.87471 -69.9916 30
      vertex -3.8127 -69.9818 30
    endloop
  endfacet
  facet normal -0.0940717 0.995565 0
    outer loop
      vertex -3.93715 -69.9975 0
      vertex -3.87471 -69.9916 30
      vertex -3.87471 -69.9916 0
    endloop
  endfacet
  facet normal -0.0940717 0.995565 0
    outer loop
      vertex -3.93715 -69.9975 0
      vertex -3.93715 -69.9975 30
      vertex -3.87471 -69.9916 30
    endloop
  endfacet
  facet normal -0.031718 0.999497 0
    outer loop
      vertex -4.01593 -70 0
      vertex -3.93715 -69.9975 30
      vertex -3.93715 -69.9975 0
    endloop
  endfacet
  facet normal -0.031718 0.999497 0
    outer loop
      vertex -4.01593 -70 0
      vertex -4.01593 -70 30
      vertex -3.93715 -69.9975 30
    endloop
  endfacet
  facet normal 0 1 0
    outer loop
      vertex -15.9761 -70 0
      vertex -4.01593 -70 30
      vertex -4.01593 -70 0
    endloop
  endfacet
  facet normal 0 1 0
    outer loop
      vertex -15.9761 -70 0
      vertex -15.9761 -70 30
      vertex -4.01593 -70 30
    endloop
  endfacet
  facet normal 0.0148604 0.99989 0
    outer loop
      vertex -16.0232 -69.9993 0
      vertex -15.9761 -70 30
      vertex -15.9761 -70 0
    endloop
  endfacet
  facet normal 0.0148604 0.99989 -0
    outer loop
      vertex -16.0232 -69.9993 0
      vertex -16.0232 -69.9993 30
      vertex -15.9761 -70 30
    endloop
  endfacet
  facet normal 0.0315059 0.999504 0
    outer loop
      vertex -16.5181 -69.9837 0
      vertex -16.0232 -69.9993 30
      vertex -16.0232 -69.9993 0
    endloop
  endfacet
  facet normal 0.0315059 0.999504 -0
    outer loop
      vertex -16.5181 -69.9837 0
      vertex -16.5181 -69.9837 30
      vertex -16.0232 -69.9993 30
    endloop
  endfacet
  facet normal 0.0624442 0.998048 0
    outer loop
      vertex -16.6124 -69.9778 0
      vertex -16.5181 -69.9837 30
      vertex -16.5181 -69.9837 0
    endloop
  endfacet
  facet normal 0.0624442 0.998048 -0
    outer loop
      vertex -16.6124 -69.9778 0
      vertex -16.6124 -69.9778 30
      vertex -16.5181 -69.9837 30
    endloop
  endfacet
  facet normal 0.0940974 0.995563 0
    outer loop
      vertex -17.0811 -69.9335 0
      vertex -16.6124 -69.9778 30
      vertex -16.6124 -69.9778 0
    endloop
  endfacet
  facet normal 0.0940974 0.995563 -0
    outer loop
      vertex -17.0811 -69.9335 0
      vertex -17.0811 -69.9335 30
      vertex -16.6124 -69.9778 30
    endloop
  endfacet
  facet normal 0.125607 0.99208 0
    outer loop
      vertex -17.1743 -69.9217 0
      vertex -17.0811 -69.9335 30
      vertex -17.0811 -69.9335 0
    endloop
  endfacet
  facet normal 0.125607 0.99208 -0
    outer loop
      vertex -17.1743 -69.9217 0
      vertex -17.1743 -69.9217 30
      vertex -17.0811 -69.9335 30
    endloop
  endfacet
  facet normal 0.156377 0.987698 0
    outer loop
      vertex -17.6398 -69.848 0
      vertex -17.1743 -69.9217 30
      vertex -17.1743 -69.9217 0
    endloop
  endfacet
  facet normal 0.156377 0.987698 -0
    outer loop
      vertex -17.6398 -69.848 0
      vertex -17.6398 -69.848 30
      vertex -17.1743 -69.9217 30
    endloop
  endfacet
  facet normal 0.187308 0.982301 0
    outer loop
      vertex -17.7321 -69.8304 0
      vertex -17.6398 -69.848 30
      vertex -17.6398 -69.848 0
    endloop
  endfacet
  facet normal 0.187308 0.982301 -0
    outer loop
      vertex -17.7321 -69.8304 0
      vertex -17.7321 -69.8304 30
      vertex -17.6398 -69.848 30
    endloop
  endfacet
  facet normal 0.218277 0.975887 0
    outer loop
      vertex -18.1926 -69.7274 0
      vertex -17.7321 -69.8304 30
      vertex -17.7321 -69.8304 0
    endloop
  endfacet
  facet normal 0.218277 0.975887 -0
    outer loop
      vertex -18.1926 -69.7274 0
      vertex -18.1926 -69.7274 30
      vertex -17.7321 -69.8304 30
    endloop
  endfacet
  facet normal 0.248324 0.968677 0
    outer loop
      vertex -18.2831 -69.7042 0
      vertex -18.1926 -69.7274 30
      vertex -18.1926 -69.7274 0
    endloop
  endfacet
  facet normal 0.248324 0.968677 -0
    outer loop
      vertex -18.2831 -69.7042 0
      vertex -18.2831 -69.7042 30
      vertex -18.1926 -69.7274 30
    endloop
  endfacet
  facet normal 0.278917 0.960315 0
    outer loop
      vertex -18.7362 -69.5726 0
      vertex -18.2831 -69.7042 30
      vertex -18.2831 -69.7042 0
    endloop
  endfacet
  facet normal 0.278917 0.960315 -0
    outer loop
      vertex -18.7362 -69.5726 0
      vertex -18.7362 -69.5726 30
      vertex -18.2831 -69.7042 30
    endloop
  endfacet
  facet normal 0.309832 0.950791 0
    outer loop
      vertex -18.8255 -69.5435 0
      vertex -18.7362 -69.5726 30
      vertex -18.7362 -69.5726 0
    endloop
  endfacet
  facet normal 0.309832 0.950791 -0
    outer loop
      vertex -18.8255 -69.5435 0
      vertex -18.8255 -69.5435 30
      vertex -18.7362 -69.5726 30
    endloop
  endfacet
  facet normal 0.338674 0.940904 0
    outer loop
      vertex -19.2689 -69.3839 0
      vertex -18.8255 -69.5435 30
      vertex -18.8255 -69.5435 0
    endloop
  endfacet
  facet normal 0.338674 0.940904 -0
    outer loop
      vertex -19.2689 -69.3839 0
      vertex -19.2689 -69.3839 30
      vertex -18.8255 -69.5435 30
    endloop
  endfacet
  facet normal 0.36826 0.929723 0
    outer loop
      vertex -19.356 -69.3494 0
      vertex -19.2689 -69.3839 30
      vertex -19.2689 -69.3839 0
    endloop
  endfacet
  facet normal 0.36826 0.929723 -0
    outer loop
      vertex -19.356 -69.3494 0
      vertex -19.356 -69.3494 30
      vertex -19.2689 -69.3839 30
    endloop
  endfacet
  facet normal 0.39709 0.91778 0
    outer loop
      vertex -19.7889 -69.1621 0
      vertex -19.356 -69.3494 30
      vertex -19.356 -69.3494 0
    endloop
  endfacet
  facet normal 0.39709 0.91778 -0
    outer loop
      vertex -19.7889 -69.1621 0
      vertex -19.7889 -69.1621 30
      vertex -19.356 -69.3494 30
    endloop
  endfacet
  facet normal 0.425899 0.904771 0
    outer loop
      vertex -19.8743 -69.1219 0
      vertex -19.7889 -69.1621 30
      vertex -19.7889 -69.1621 0
    endloop
  endfacet
  facet normal 0.425899 0.904771 -0
    outer loop
      vertex -19.8743 -69.1219 0
      vertex -19.8743 -69.1219 30
      vertex -19.7889 -69.1621 30
    endloop
  endfacet
  facet normal 0.454002 0.891001 0
    outer loop
      vertex -20.2935 -68.9083 0
      vertex -19.8743 -69.1219 30
      vertex -19.8743 -69.1219 0
    endloop
  endfacet
  facet normal 0.454002 0.891001 -0
    outer loop
      vertex -20.2935 -68.9083 0
      vertex -20.2935 -68.9083 30
      vertex -19.8743 -69.1219 30
    endloop
  endfacet
  facet normal 0.481959 0.876194 0
    outer loop
      vertex -20.3764 -68.8627 0
      vertex -20.2935 -68.9083 30
      vertex -20.2935 -68.9083 0
    endloop
  endfacet
  facet normal 0.481959 0.876194 -0
    outer loop
      vertex -20.3764 -68.8627 0
      vertex -20.3764 -68.8627 30
      vertex -20.2935 -68.9083 30
    endloop
  endfacet
  facet normal 0.509022 0.860753 0
    outer loop
      vertex -20.7819 -68.6229 0
      vertex -20.3764 -68.8627 30
      vertex -20.3764 -68.8627 0
    endloop
  endfacet
  facet normal 0.509022 0.860753 -0
    outer loop
      vertex -20.7819 -68.6229 0
      vertex -20.7819 -68.6229 30
      vertex -20.3764 -68.8627 30
    endloop
  endfacet
  facet normal 0.535635 0.84445 0
    outer loop
      vertex -20.8612 -68.5726 0
      vertex -20.7819 -68.6229 30
      vertex -20.7819 -68.6229 0
    endloop
  endfacet
  facet normal 0.535635 0.84445 -0
    outer loop
      vertex -20.8612 -68.5726 0
      vertex -20.8612 -68.5726 30
      vertex -20.7819 -68.6229 30
    endloop
  endfacet
  facet normal 0.562066 0.827092 0
    outer loop
      vertex -21.2513 -68.3075 0
      vertex -20.8612 -68.5726 30
      vertex -20.8612 -68.5726 0
    endloop
  endfacet
  facet normal 0.562066 0.827092 -0
    outer loop
      vertex -21.2513 -68.3075 0
      vertex -21.2513 -68.3075 30
      vertex -20.8612 -68.5726 30
    endloop
  endfacet
  facet normal 0.588361 0.808598 0
    outer loop
      vertex -21.3273 -68.2522 0
      vertex -21.2513 -68.3075 30
      vertex -21.2513 -68.3075 0
    endloop
  endfacet
  facet normal 0.588361 0.808598 -0
    outer loop
      vertex -21.3273 -68.2522 0
      vertex -21.3273 -68.2522 30
      vertex -21.2513 -68.3075 30
    endloop
  endfacet
  facet normal 0.612824 0.79022 0
    outer loop
      vertex -21.6997 -67.9634 0
      vertex -21.3273 -68.2522 30
      vertex -21.3273 -68.2522 0
    endloop
  endfacet
  facet normal 0.612824 0.79022 -0
    outer loop
      vertex -21.6997 -67.9634 0
      vertex -21.6997 -67.9634 30
      vertex -21.3273 -68.2522 30
    endloop
  endfacet
  facet normal 0.63735 0.770575 0
    outer loop
      vertex -21.772 -67.9036 0
      vertex -21.6997 -67.9634 30
      vertex -21.6997 -67.9634 0
    endloop
  endfacet
  facet normal 0.63735 0.770575 -0
    outer loop
      vertex -21.772 -67.9036 0
      vertex -21.772 -67.9036 30
      vertex -21.6997 -67.9634 30
    endloop
  endfacet
  facet normal 0.661264 0.750154 0
    outer loop
      vertex -22.1256 -67.5919 0
      vertex -21.772 -67.9036 30
      vertex -21.772 -67.9036 0
    endloop
  endfacet
  facet normal 0.661264 0.750154 -0
    outer loop
      vertex -22.1256 -67.5919 0
      vertex -22.1256 -67.5919 30
      vertex -21.772 -67.9036 30
    endloop
  endfacet
  facet normal 0.684436 0.729073 0
    outer loop
      vertex -22.1942 -67.5275 0
      vertex -22.1256 -67.5919 30
      vertex -22.1256 -67.5919 0
    endloop
  endfacet
  facet normal 0.684436 0.729073 -0
    outer loop
      vertex -22.1942 -67.5275 0
      vertex -22.1942 -67.5275 30
      vertex -22.1256 -67.5919 30
    endloop
  endfacet
  facet normal 0.707213 0.707001 0
    outer loop
      vertex -22.5274 -67.1942 0
      vertex -22.1942 -67.5275 30
      vertex -22.1942 -67.5275 0
    endloop
  endfacet
  facet normal 0.707213 0.707001 -0
    outer loop
      vertex -22.5274 -67.1942 0
      vertex -22.5274 -67.1942 30
      vertex -22.1942 -67.5275 30
    endloop
  endfacet
  facet normal 0.729073 0.684436 0
    outer loop
      vertex -22.5918 -67.1256 0
      vertex -22.5274 -67.1942 30
      vertex -22.5274 -67.1942 0
    endloop
  endfacet
  facet normal 0.729073 0.684436 -0
    outer loop
      vertex -22.5918 -67.1256 0
      vertex -22.5918 -67.1256 30
      vertex -22.5274 -67.1942 30
    endloop
  endfacet
  facet normal 0.750154 0.661264 0
    outer loop
      vertex -22.9035 -66.772 0
      vertex -22.5918 -67.1256 30
      vertex -22.5918 -67.1256 0
    endloop
  endfacet
  facet normal 0.750154 0.661264 -0
    outer loop
      vertex -22.9035 -66.772 0
      vertex -22.9035 -66.772 30
      vertex -22.5918 -67.1256 30
    endloop
  endfacet
  facet normal 0.770051 0.637982 0
    outer loop
      vertex -22.9634 -66.6997 0
      vertex -22.9035 -66.772 30
      vertex -22.9035 -66.772 0
    endloop
  endfacet
  facet normal 0.770051 0.637982 -0
    outer loop
      vertex -22.9634 -66.6997 0
      vertex -22.9634 -66.6997 30
      vertex -22.9035 -66.772 30
    endloop
  endfacet
  facet normal 0.79022 0.612824 0
    outer loop
      vertex -23.2522 -66.3273 0
      vertex -22.9634 -66.6997 30
      vertex -22.9634 -66.6997 0
    endloop
  endfacet
  facet normal 0.79022 0.612824 -0
    outer loop
      vertex -23.2522 -66.3273 0
      vertex -23.2522 -66.3273 30
      vertex -22.9634 -66.6997 30
    endloop
  endfacet
  facet normal 0.809104 0.587665 0
    outer loop
      vertex -23.3074 -66.2513 0
      vertex -23.2522 -66.3273 30
      vertex -23.2522 -66.3273 0
    endloop
  endfacet
  facet normal 0.809104 0.587665 -0
    outer loop
      vertex -23.3074 -66.2513 0
      vertex -23.3074 -66.2513 30
      vertex -23.2522 -66.3273 30
    endloop
  endfacet
  facet normal 0.826994 0.562211 0
    outer loop
      vertex -23.5726 -65.8612 0
      vertex -23.3074 -66.2513 30
      vertex -23.3074 -66.2513 0
    endloop
  endfacet
  facet normal 0.826994 0.562211 -0
    outer loop
      vertex -23.5726 -65.8612 0
      vertex -23.5726 -65.8612 30
      vertex -23.3074 -66.2513 30
    endloop
  endfacet
  facet normal 0.84445 0.535635 0
    outer loop
      vertex -23.6229 -65.7819 0
      vertex -23.5726 -65.8612 30
      vertex -23.5726 -65.8612 0
    endloop
  endfacet
  facet normal 0.84445 0.535635 -0
    outer loop
      vertex -23.6229 -65.7819 0
      vertex -23.6229 -65.7819 30
      vertex -23.5726 -65.8612 30
    endloop
  endfacet
  facet normal 0.860753 0.509022 0
    outer loop
      vertex -23.8627 -65.3764 0
      vertex -23.6229 -65.7819 30
      vertex -23.6229 -65.7819 0
    endloop
  endfacet
  facet normal 0.860753 0.509022 -0
    outer loop
      vertex -23.8627 -65.3764 0
      vertex -23.8627 -65.3764 30
      vertex -23.6229 -65.7819 30
    endloop
  endfacet
  facet normal 0.876194 0.481959 0
    outer loop
      vertex -23.9083 -65.2935 0
      vertex -23.8627 -65.3764 30
      vertex -23.8627 -65.3764 0
    endloop
  endfacet
  facet normal 0.876194 0.481959 -0
    outer loop
      vertex -23.9083 -65.2935 0
      vertex -23.9083 -65.2935 30
      vertex -23.8627 -65.3764 30
    endloop
  endfacet
  facet normal 0.891001 0.454002 0
    outer loop
      vertex -24.1219 -64.8743 0
      vertex -23.9083 -65.2935 30
      vertex -23.9083 -65.2935 0
    endloop
  endfacet
  facet normal 0.891001 0.454002 -0
    outer loop
      vertex -24.1219 -64.8743 0
      vertex -24.1219 -64.8743 30
      vertex -23.9083 -65.2935 30
    endloop
  endfacet
  facet normal 0.905179 0.425031 0
    outer loop
      vertex -24.162 -64.7889 0
      vertex -24.1219 -64.8743 30
      vertex -24.1219 -64.8743 0
    endloop
  endfacet
  facet normal 0.905179 0.425031 -0
    outer loop
      vertex -24.162 -64.7889 0
      vertex -24.162 -64.7889 30
      vertex -24.1219 -64.8743 30
    endloop
  endfacet
  facet normal 0.917703 0.397268 0
    outer loop
      vertex -24.3494 -64.356 0
      vertex -24.162 -64.7889 30
      vertex -24.162 -64.7889 0
    endloop
  endfacet
  facet normal 0.917703 0.397268 -0
    outer loop
      vertex -24.3494 -64.356 0
      vertex -24.3494 -64.356 30
      vertex -24.162 -64.7889 30
    endloop
  endfacet
  facet normal 0.929723 0.36826 0
    outer loop
      vertex -24.3839 -64.2689 0
      vertex -24.3494 -64.356 30
      vertex -24.3494 -64.356 0
    endloop
  endfacet
  facet normal 0.929723 0.36826 -0
    outer loop
      vertex -24.3839 -64.2689 0
      vertex -24.3839 -64.2689 30
      vertex -24.3494 -64.356 30
    endloop
  endfacet
  facet normal 0.940879 0.338742 0
    outer loop
      vertex -24.5435 -63.8256 0
      vertex -24.3839 -64.2689 30
      vertex -24.3839 -64.2689 0
    endloop
  endfacet
  facet normal 0.940879 0.338742 -0
    outer loop
      vertex -24.5435 -63.8256 0
      vertex -24.5435 -63.8256 30
      vertex -24.3839 -64.2689 30
    endloop
  endfacet
  facet normal 0.951206 0.308557 0
    outer loop
      vertex -24.5725 -63.7362 0
      vertex -24.5435 -63.8256 30
      vertex -24.5435 -63.8256 0
    endloop
  endfacet
  facet normal 0.951206 0.308557 -0
    outer loop
      vertex -24.5725 -63.7362 0
      vertex -24.5725 -63.7362 30
      vertex -24.5435 -63.8256 30
    endloop
  endfacet
  facet normal 0.960258 0.279113 0
    outer loop
      vertex -24.7042 -63.2831 0
      vertex -24.5725 -63.7362 30
      vertex -24.5725 -63.7362 0
    endloop
  endfacet
  facet normal 0.960258 0.279113 -0
    outer loop
      vertex -24.7042 -63.2831 0
      vertex -24.7042 -63.2831 30
      vertex -24.5725 -63.7362 30
    endloop
  endfacet
  facet normal 0.968677 0.248324 0
    outer loop
      vertex -24.7274 -63.1926 0
      vertex -24.7042 -63.2831 30
      vertex -24.7042 -63.2831 0
    endloop
  endfacet
  facet normal 0.968677 0.248324 -0
    outer loop
      vertex -24.7274 -63.1926 0
      vertex -24.7274 -63.1926 30
      vertex -24.7042 -63.2831 30
    endloop
  endfacet
  facet normal 0.975887 0.218277 0
    outer loop
      vertex -24.8304 -62.7321 0
      vertex -24.7274 -63.1926 30
      vertex -24.7274 -63.1926 0
    endloop
  endfacet
  facet normal 0.975887 0.218277 -0
    outer loop
      vertex -24.8304 -62.7321 0
      vertex -24.8304 -62.7321 30
      vertex -24.7274 -63.1926 30
    endloop
  endfacet
  facet normal 0.982301 0.187308 0
    outer loop
      vertex -24.848 -62.6398 0
      vertex -24.8304 -62.7321 30
      vertex -24.8304 -62.7321 0
    endloop
  endfacet
  facet normal 0.982301 0.187308 -0
    outer loop
      vertex -24.848 -62.6398 0
      vertex -24.848 -62.6398 30
      vertex -24.8304 -62.7321 30
    endloop
  endfacet
  facet normal 0.987698 0.156377 0
    outer loop
      vertex -24.9217 -62.1743 0
      vertex -24.848 -62.6398 30
      vertex -24.848 -62.6398 0
    endloop
  endfacet
  facet normal 0.987698 0.156377 -0
    outer loop
      vertex -24.9217 -62.1743 0
      vertex -24.9217 -62.1743 30
      vertex -24.848 -62.6398 30
    endloop
  endfacet
  facet normal 0.992063 0.125739 0
    outer loop
      vertex -24.9335 -62.0812 0
      vertex -24.9217 -62.1743 30
      vertex -24.9217 -62.1743 0
    endloop
  endfacet
  facet normal 0.992063 0.125739 -0
    outer loop
      vertex -24.9335 -62.0812 0
      vertex -24.9335 -62.0812 30
      vertex -24.9217 -62.1743 30
    endloop
  endfacet
  facet normal 0.995565 0.0940775 0
    outer loop
      vertex -24.9778 -61.6124 0
      vertex -24.9335 -62.0812 30
      vertex -24.9335 -62.0812 0
    endloop
  endfacet
  facet normal 0.995565 0.0940775 -0
    outer loop
      vertex -24.9778 -61.6124 0
      vertex -24.9778 -61.6124 30
      vertex -24.9335 -62.0812 30
    endloop
  endfacet
  facet normal 0.998048 0.0624442 0
    outer loop
      vertex -24.9837 -61.5181 0
      vertex -24.9778 -61.6124 30
      vertex -24.9778 -61.6124 0
    endloop
  endfacet
  facet normal 0.998048 0.0624442 -0
    outer loop
      vertex -24.9837 -61.5181 0
      vertex -24.9837 -61.5181 30
      vertex -24.9778 -61.6124 30
    endloop
  endfacet
  facet normal 0.999504 0.0315059 0
    outer loop
      vertex -24.9993 -61.0232 0
      vertex -24.9837 -61.5181 30
      vertex -24.9837 -61.5181 0
    endloop
  endfacet
  facet normal 0.999504 0.0315059 -0
    outer loop
      vertex -24.9993 -61.0232 0
      vertex -24.9993 -61.0232 30
      vertex -24.9837 -61.5181 30
    endloop
  endfacet
  facet normal 0.999882 0.0153435 0
    outer loop
      vertex -24.9999 -60.9841 0
      vertex -24.9993 -61.0232 30
      vertex -24.9993 -61.0232 0
    endloop
  endfacet
  facet normal 0.999882 0.0153435 -0
    outer loop
      vertex -24.9999 -60.9841 0
      vertex -24.9999 -60.9841 30
      vertex -24.9993 -61.0232 30
    endloop
  endfacet
  facet normal 0.998861 0.0477163 0
    outer loop
      vertex -25.0029 -60.9213 0
      vertex -24.9999 -60.9841 30
      vertex -24.9999 -60.9841 0
    endloop
  endfacet
  facet normal 0.998861 0.0477163 -0
    outer loop
      vertex -25.0029 -60.9213 0
      vertex -25.0029 -60.9213 30
      vertex -24.9999 -60.9841 30
    endloop
  endfacet
  facet normal 0.993942 0.109907 0
    outer loop
      vertex -25.0098 -60.8589 0
      vertex -25.0029 -60.9213 30
      vertex -25.0029 -60.9213 0
    endloop
  endfacet
  facet normal 0.993942 0.109907 -0
    outer loop
      vertex -25.0098 -60.8589 0
      vertex -25.0098 -60.8589 30
      vertex -25.0029 -60.9213 30
    endloop
  endfacet
  facet normal 0.985118 0.171878 0
    outer loop
      vertex -25.0206 -60.797 0
      vertex -25.0098 -60.8589 30
      vertex -25.0098 -60.8589 0
    endloop
  endfacet
  facet normal 0.985118 0.171878 -0
    outer loop
      vertex -25.0206 -60.797 0
      vertex -25.0206 -60.797 30
      vertex -25.0098 -60.8589 30
    endloop
  endfacet
  facet normal 0.972618 0.23241 0
    outer loop
      vertex -25.0352 -60.7359 0
      vertex -25.0206 -60.797 30
      vertex -25.0206 -60.797 0
    endloop
  endfacet
  facet normal 0.972618 0.23241 -0
    outer loop
      vertex -25.0352 -60.7359 0
      vertex -25.0352 -60.7359 30
      vertex -25.0206 -60.797 30
    endloop
  endfacet
  facet normal 0.955607 0.294645 0
    outer loop
      vertex -25.0537 -60.6759 0
      vertex -25.0352 -60.7359 30
      vertex -25.0352 -60.7359 0
    endloop
  endfacet
  facet normal 0.955607 0.294645 -0
    outer loop
      vertex -25.0537 -60.6759 0
      vertex -25.0537 -60.6759 30
      vertex -25.0352 -60.7359 30
    endloop
  endfacet
  facet normal 0.935016 0.354606 0
    outer loop
      vertex -25.076 -60.6171 0
      vertex -25.0537 -60.6759 30
      vertex -25.0537 -60.6759 0
    endloop
  endfacet
  facet normal 0.935016 0.354606 -0
    outer loop
      vertex -25.076 -60.6171 0
      vertex -25.076 -60.6171 30
      vertex -25.0537 -60.6759 30
    endloop
  endfacet
  facet normal 0.911563 0.41116 0
    outer loop
      vertex -25.1018 -60.5599 0
      vertex -25.076 -60.6171 30
      vertex -25.076 -60.6171 0
    endloop
  endfacet
  facet normal 0.911563 0.41116 -0
    outer loop
      vertex -25.1018 -60.5599 0
      vertex -25.1018 -60.5599 30
      vertex -25.076 -60.6171 30
    endloop
  endfacet
  facet normal 0.883672 0.468107 0
    outer loop
      vertex -25.1312 -60.5044 0
      vertex -25.1018 -60.5599 30
      vertex -25.1018 -60.5599 0
    endloop
  endfacet
  facet normal 0.883672 0.468107 -0
    outer loop
      vertex -25.1312 -60.5044 0
      vertex -25.1312 -60.5044 30
      vertex -25.1018 -60.5599 30
    endloop
  endfacet
  facet normal 0.852258 0.523121 0
    outer loop
      vertex -25.1641 -60.4508 0
      vertex -25.1312 -60.5044 30
      vertex -25.1312 -60.5044 0
    endloop
  endfacet
  facet normal 0.852258 0.523121 -0
    outer loop
      vertex -25.1641 -60.4508 0
      vertex -25.1641 -60.4508 30
      vertex -25.1312 -60.5044 30
    endloop
  endfacet
  facet normal 0.818333 0.574744 0
    outer loop
      vertex -25.2002 -60.3994 0
      vertex -25.1641 -60.4508 30
      vertex -25.1641 -60.4508 0
    endloop
  endfacet
  facet normal 0.818333 0.574744 -0
    outer loop
      vertex -25.2002 -60.3994 0
      vertex -25.2002 -60.3994 30
      vertex -25.1641 -60.4508 30
    endloop
  endfacet
  facet normal 0.780092 0.625665 0
    outer loop
      vertex -25.2395 -60.3504 0
      vertex -25.2002 -60.3994 30
      vertex -25.2002 -60.3994 0
    endloop
  endfacet
  facet normal 0.780092 0.625665 -0
    outer loop
      vertex -25.2395 -60.3504 0
      vertex -25.2395 -60.3504 30
      vertex -25.2002 -60.3994 30
    endloop
  endfacet
  facet normal 0.739724 0.67291 0
    outer loop
      vertex -25.2818 -60.3039 0
      vertex -25.2395 -60.3504 30
      vertex -25.2395 -60.3504 0
    endloop
  endfacet
  facet normal 0.739724 0.67291 -0
    outer loop
      vertex -25.2818 -60.3039 0
      vertex -25.2818 -60.3039 30
      vertex -25.2395 -60.3504 30
    endloop
  endfacet
  facet normal 0.695872 0.718166 0
    outer loop
      vertex -25.3269 -60.2602 0
      vertex -25.2818 -60.3039 30
      vertex -25.2818 -60.3039 0
    endloop
  endfacet
  facet normal 0.695872 0.718166 -0
    outer loop
      vertex -25.3269 -60.2602 0
      vertex -25.3269 -60.2602 30
      vertex -25.2818 -60.3039 30
    endloop
  endfacet
  facet normal 0.649217 0.760603 0
    outer loop
      vertex -25.3747 -60.2194 0
      vertex -25.3269 -60.2602 30
      vertex -25.3269 -60.2602 0
    endloop
  endfacet
  facet normal 0.649217 0.760603 -0
    outer loop
      vertex -25.3747 -60.2194 0
      vertex -25.3747 -60.2194 30
      vertex -25.3269 -60.2602 30
    endloop
  endfacet
  facet normal 0.60051 0.799618 0
    outer loop
      vertex -25.4249 -60.1817 0
      vertex -25.3747 -60.2194 30
      vertex -25.3747 -60.2194 0
    endloop
  endfacet
  facet normal 0.60051 0.799618 -0
    outer loop
      vertex -25.4249 -60.1817 0
      vertex -25.4249 -60.1817 30
      vertex -25.3747 -60.2194 30
    endloop
  endfacet
  facet normal 0.549178 0.835705 0
    outer loop
      vertex -25.4774 -60.1472 0
      vertex -25.4249 -60.1817 30
      vertex -25.4249 -60.1817 0
    endloop
  endfacet
  facet normal 0.549178 0.835705 -0
    outer loop
      vertex -25.4774 -60.1472 0
      vertex -25.4774 -60.1472 30
      vertex -25.4249 -60.1817 30
    endloop
  endfacet
  facet normal 0.494939 0.868928 0
    outer loop
      vertex -25.532 -60.1161 0
      vertex -25.4774 -60.1472 30
      vertex -25.4774 -60.1472 0
    endloop
  endfacet
  facet normal 0.494939 0.868928 -0
    outer loop
      vertex -25.532 -60.1161 0
      vertex -25.532 -60.1161 30
      vertex -25.4774 -60.1472 30
    endloop
  endfacet
  facet normal 0.439553 0.898217 0
    outer loop
      vertex -25.5884 -60.0885 0
      vertex -25.532 -60.1161 30
      vertex -25.532 -60.1161 0
    endloop
  endfacet
  facet normal 0.439553 0.898217 -0
    outer loop
      vertex -25.5884 -60.0885 0
      vertex -25.5884 -60.0885 30
      vertex -25.532 -60.1161 30
    endloop
  endfacet
  facet normal 0.38179 0.924249 0
    outer loop
      vertex -25.6465 -60.0645 0
      vertex -25.5884 -60.0885 30
      vertex -25.5884 -60.0885 0
    endloop
  endfacet
  facet normal 0.38179 0.924249 -0
    outer loop
      vertex -25.6465 -60.0645 0
      vertex -25.6465 -60.0645 30
      vertex -25.5884 -60.0885 30
    endloop
  endfacet
  facet normal 0.324813 0.945778 0
    outer loop
      vertex -25.7059 -60.0441 0
      vertex -25.6465 -60.0645 30
      vertex -25.6465 -60.0645 0
    endloop
  endfacet
  facet normal 0.324813 0.945778 -0
    outer loop
      vertex -25.7059 -60.0441 0
      vertex -25.7059 -60.0441 30
      vertex -25.6465 -60.0645 30
    endloop
  endfacet
  facet normal 0.262713 0.964874 0
    outer loop
      vertex -25.7665 -60.0276 0
      vertex -25.7059 -60.0441 30
      vertex -25.7059 -60.0441 0
    endloop
  endfacet
  facet normal 0.262713 0.964874 -0
    outer loop
      vertex -25.7665 -60.0276 0
      vertex -25.7665 -60.0276 30
      vertex -25.7059 -60.0441 30
    endloop
  endfacet
  facet normal 0.202237 0.979337 0
    outer loop
      vertex -25.828 -60.0149 0
      vertex -25.7665 -60.0276 30
      vertex -25.7665 -60.0276 0
    endloop
  endfacet
  facet normal 0.202237 0.979337 -0
    outer loop
      vertex -25.828 -60.0149 0
      vertex -25.828 -60.0149 30
      vertex -25.7665 -60.0276 30
    endloop
  endfacet
  facet normal 0.141644 0.989918 0
    outer loop
      vertex -25.8902 -60.006 0
      vertex -25.828 -60.0149 30
      vertex -25.828 -60.0149 0
    endloop
  endfacet
  facet normal 0.141644 0.989918 -0
    outer loop
      vertex -25.8902 -60.006 0
      vertex -25.8902 -60.006 30
      vertex -25.828 -60.0149 30
    endloop
  endfacet
  facet normal 0.0779124 0.99696 0
    outer loop
      vertex -25.9529 -60.0011 0
      vertex -25.8902 -60.006 30
      vertex -25.8902 -60.006 0
    endloop
  endfacet
  facet normal 0.0779124 0.99696 -0
    outer loop
      vertex -25.9529 -60.0011 0
      vertex -25.9529 -60.0011 30
      vertex -25.8902 -60.006 30
    endloop
  endfacet
  facet normal 0.0234477 0.999725 0
    outer loop
      vertex -25.9998 -60 0
      vertex -25.9529 -60.0011 30
      vertex -25.9529 -60.0011 0
    endloop
  endfacet
  facet normal 0.0234477 0.999725 -0
    outer loop
      vertex -25.9998 -60 0
      vertex -25.9998 -60 30
      vertex -25.9529 -60.0011 30
    endloop
  endfacet
  facet normal 0 1 0
    outer loop
      vertex -27 -60 0
      vertex -25.9998 -60 30
      vertex -25.9998 -60 0
    endloop
  endfacet
  facet normal 0 1 0
    outer loop
      vertex -27 -60 0
      vertex -27 -60 30
      vertex -25.9998 -60 30
    endloop
  endfacet
  facet normal -0.031831 0.999493 0
    outer loop
      vertex -27.0628 -60.002 0
      vertex -27 -60 30
      vertex -27 -60 0
    endloop
  endfacet
  facet normal -0.031831 0.999493 0
    outer loop
      vertex -27.0628 -60.002 0
      vertex -27.0628 -60.002 30
      vertex -27 -60 30
    endloop
  endfacet
  facet normal -0.0939822 0.995574 0
    outer loop
      vertex -27.1253 -60.0079 0
      vertex -27.0628 -60.002 30
      vertex -27.0628 -60.002 0
    endloop
  endfacet
  facet normal -0.0939822 0.995574 0
    outer loop
      vertex -27.1253 -60.0079 0
      vertex -27.1253 -60.0079 30
      vertex -27.0628 -60.002 30
    endloop
  endfacet
  facet normal -0.155881 0.987776 0
    outer loop
      vertex -27.1874 -60.0177 0
      vertex -27.1253 -60.0079 30
      vertex -27.1253 -60.0079 0
    endloop
  endfacet
  facet normal -0.155881 0.987776 0
    outer loop
      vertex -27.1874 -60.0177 0
      vertex -27.1874 -60.0177 30
      vertex -27.1253 -60.0079 30
    endloop
  endfacet
  facet normal -0.21811 0.975924 0
    outer loop
      vertex -27.2487 -60.0314 0
      vertex -27.1874 -60.0177 30
      vertex -27.1874 -60.0177 0
    endloop
  endfacet
  facet normal -0.21811 0.975924 0
    outer loop
      vertex -27.2487 -60.0314 0
      vertex -27.2487 -60.0314 30
      vertex -27.1874 -60.0177 30
    endloop
  endfacet
  facet normal -0.280183 0.959946 0
    outer loop
      vertex -27.309 -60.049 0
      vertex -27.2487 -60.0314 30
      vertex -27.2487 -60.0314 0
    endloop
  endfacet
  facet normal -0.280183 0.959946 0
    outer loop
      vertex -27.309 -60.049 0
      vertex -27.309 -60.049 30
      vertex -27.2487 -60.0314 30
    endloop
  endfacet
  facet normal -0.337648 0.941273 0
    outer loop
      vertex -27.3681 -60.0702 0
      vertex -27.309 -60.049 30
      vertex -27.309 -60.049 0
    endloop
  endfacet
  facet normal -0.337648 0.941273 0
    outer loop
      vertex -27.3681 -60.0702 0
      vertex -27.3681 -60.0702 30
      vertex -27.309 -60.049 30
    endloop
  endfacet
  facet normal -0.397563 0.917575 0
    outer loop
      vertex -27.4258 -60.0952 0
      vertex -27.3681 -60.0702 30
      vertex -27.3681 -60.0702 0
    endloop
  endfacet
  facet normal -0.397563 0.917575 0
    outer loop
      vertex -27.4258 -60.0952 0
      vertex -27.4258 -60.0952 30
      vertex -27.3681 -60.0702 30
    endloop
  endfacet
  facet normal -0.453568 0.891222 0
    outer loop
      vertex -27.4818 -60.1237 0
      vertex -27.4258 -60.0952 30
      vertex -27.4258 -60.0952 0
    endloop
  endfacet
  facet normal -0.453568 0.891222 0
    outer loop
      vertex -27.4818 -60.1237 0
      vertex -27.4818 -60.1237 30
      vertex -27.4258 -60.0952 30
    endloop
  endfacet
  facet normal -0.509802 0.860292 0
    outer loop
      vertex -27.5358 -60.1557 0
      vertex -27.4818 -60.1237 30
      vertex -27.4818 -60.1237 0
    endloop
  endfacet
  facet normal -0.509802 0.860292 0
    outer loop
      vertex -27.5358 -60.1557 0
      vertex -27.5358 -60.1557 30
      vertex -27.4818 -60.1237 30
    endloop
  endfacet
  facet normal -0.561657 0.82737 0
    outer loop
      vertex -27.5878 -60.191 0
      vertex -27.5358 -60.1557 30
      vertex -27.5358 -60.1557 0
    endloop
  endfacet
  facet normal -0.561657 0.82737 0
    outer loop
      vertex -27.5878 -60.191 0
      vertex -27.5878 -60.191 30
      vertex -27.5358 -60.1557 30
    endloop
  endfacet
  facet normal -0.613168 0.789952 0
    outer loop
      vertex -27.6374 -60.2295 0
      vertex -27.5878 -60.191 30
      vertex -27.5878 -60.191 0
    endloop
  endfacet
  facet normal -0.613168 0.789952 0
    outer loop
      vertex -27.6374 -60.2295 0
      vertex -27.6374 -60.2295 30
      vertex -27.5878 -60.191 30
    endloop
  endfacet
  facet normal -0.661095 0.750303 0
    outer loop
      vertex -27.6845 -60.271 0
      vertex -27.6374 -60.2295 30
      vertex -27.6374 -60.2295 0
    endloop
  endfacet
  facet normal -0.661095 0.750303 0
    outer loop
      vertex -27.6845 -60.271 0
      vertex -27.6845 -60.271 30
      vertex -27.6374 -60.2295 30
    endloop
  endfacet
  facet normal -0.707107 0.707107 0
    outer loop
      vertex -27.729 -60.3155 0
      vertex -27.6845 -60.271 30
      vertex -27.6845 -60.271 0
    endloop
  endfacet
  facet normal -0.707107 0.707107 0
    outer loop
      vertex -27.729 -60.3155 0
      vertex -27.729 -60.3155 30
      vertex -27.6845 -60.271 30
    endloop
  endfacet
  facet normal -0.750303 0.661095 0
    outer loop
      vertex -27.7705 -60.3626 0
      vertex -27.729 -60.3155 30
      vertex -27.729 -60.3155 0
    endloop
  endfacet
  facet normal -0.750303 0.661095 0
    outer loop
      vertex -27.7705 -60.3626 0
      vertex -27.7705 -60.3626 30
      vertex -27.729 -60.3155 30
    endloop
  endfacet
  facet normal -0.789952 0.613168 0
    outer loop
      vertex -27.809 -60.4122 0
      vertex -27.7705 -60.3626 30
      vertex -27.7705 -60.3626 0
    endloop
  endfacet
  facet normal -0.789952 0.613168 0
    outer loop
      vertex -27.809 -60.4122 0
      vertex -27.809 -60.4122 30
      vertex -27.7705 -60.3626 30
    endloop
  endfacet
  facet normal -0.82737 0.561657 0
    outer loop
      vertex -27.8443 -60.4642 0
      vertex -27.809 -60.4122 30
      vertex -27.809 -60.4122 0
    endloop
  endfacet
  facet normal -0.82737 0.561657 0
    outer loop
      vertex -27.8443 -60.4642 0
      vertex -27.8443 -60.4642 30
      vertex -27.809 -60.4122 30
    endloop
  endfacet
  facet normal -0.860292 0.509802 0
    outer loop
      vertex -27.8763 -60.5182 0
      vertex -27.8443 -60.4642 30
      vertex -27.8443 -60.4642 0
    endloop
  endfacet
  facet normal -0.860292 0.509802 0
    outer loop
      vertex -27.8763 -60.5182 0
      vertex -27.8763 -60.5182 30
      vertex -27.8443 -60.4642 30
    endloop
  endfacet
  facet normal -0.891222 0.453568 0
    outer loop
      vertex -27.9048 -60.5742 0
      vertex -27.8763 -60.5182 30
      vertex -27.8763 -60.5182 0
    endloop
  endfacet
  facet normal -0.891222 0.453568 0
    outer loop
      vertex -27.9048 -60.5742 0
      vertex -27.9048 -60.5742 30
      vertex -27.8763 -60.5182 30
    endloop
  endfacet
  facet normal -0.917575 0.397563 0
    outer loop
      vertex -27.9298 -60.6319 0
      vertex -27.9048 -60.5742 30
      vertex -27.9048 -60.5742 0
    endloop
  endfacet
  facet normal -0.917575 0.397563 0
    outer loop
      vertex -27.9298 -60.6319 0
      vertex -27.9298 -60.6319 30
      vertex -27.9048 -60.5742 30
    endloop
  endfacet
  facet normal -0.941273 0.337648 0
    outer loop
      vertex -27.951 -60.691 0
      vertex -27.9298 -60.6319 30
      vertex -27.9298 -60.6319 0
    endloop
  endfacet
  facet normal -0.941273 0.337648 0
    outer loop
      vertex -27.951 -60.691 0
      vertex -27.951 -60.691 30
      vertex -27.9298 -60.6319 30
    endloop
  endfacet
  facet normal -0.959946 0.280183 0
    outer loop
      vertex -27.9686 -60.7513 0
      vertex -27.951 -60.691 30
      vertex -27.951 -60.691 0
    endloop
  endfacet
  facet normal -0.959946 0.280183 0
    outer loop
      vertex -27.9686 -60.7513 0
      vertex -27.9686 -60.7513 30
      vertex -27.951 -60.691 30
    endloop
  endfacet
  facet normal -0.975924 0.21811 0
    outer loop
      vertex -27.9823 -60.8126 0
      vertex -27.9686 -60.7513 30
      vertex -27.9686 -60.7513 0
    endloop
  endfacet
  facet normal -0.975924 0.21811 0
    outer loop
      vertex -27.9823 -60.8126 0
      vertex -27.9823 -60.8126 30
      vertex -27.9686 -60.7513 30
    endloop
  endfacet
  facet normal -0.987776 0.155881 0
    outer loop
      vertex -27.9921 -60.8747 0
      vertex -27.9823 -60.8126 30
      vertex -27.9823 -60.8126 0
    endloop
  endfacet
  facet normal -0.987776 0.155881 0
    outer loop
      vertex -27.9921 -60.8747 0
      vertex -27.9921 -60.8747 30
      vertex -27.9823 -60.8126 30
    endloop
  endfacet
  facet normal -0.995574 0.0939822 0
    outer loop
      vertex -27.998 -60.9372 0
      vertex -27.9921 -60.8747 30
      vertex -27.9921 -60.8747 0
    endloop
  endfacet
  facet normal -0.995574 0.0939822 0
    outer loop
      vertex -27.998 -60.9372 0
      vertex -27.998 -60.9372 30
      vertex -27.9921 -60.8747 30
    endloop
  endfacet
  facet normal -0.999493 0.031831 0
    outer loop
      vertex -28 -61 0
      vertex -27.998 -60.9372 30
      vertex -27.998 -60.9372 0
    endloop
  endfacet
  facet normal -0.999493 0.031831 0
    outer loop
      vertex -28 -61 0
      vertex -28 -61 30
      vertex -27.998 -60.9372 30
    endloop
  endfacet
  facet normal -1 0 0
    outer loop
      vertex -28 -69.5858 0
      vertex -28 -61 30
      vertex -28 -61 0
    endloop
  endfacet
  facet normal -1 0 0
    outer loop
      vertex -28 -69.5858 0
      vertex -28 -69.5858 30
      vertex -28 -61 30
    endloop
  endfacet
  facet normal -0.999493 -0.031831 0
    outer loop
      vertex -27.998 -69.6486 0
      vertex -28 -69.5858 30
      vertex -28 -69.5858 0
    endloop
  endfacet
  facet normal -0.999493 -0.031831 0
    outer loop
      vertex -27.998 -69.6486 0
      vertex -27.998 -69.6486 30
      vertex -28 -69.5858 30
    endloop
  endfacet
  facet normal -0.995574 -0.0939822 0
    outer loop
      vertex -27.9921 -69.7111 0
      vertex -27.998 -69.6486 30
      vertex -27.998 -69.6486 0
    endloop
  endfacet
  facet normal -0.995574 -0.0939822 0
    outer loop
      vertex -27.9921 -69.7111 0
      vertex -27.9921 -69.7111 30
      vertex -27.998 -69.6486 30
    endloop
  endfacet
  facet normal -0.987776 -0.155881 0
    outer loop
      vertex -27.9823 -69.7732 0
      vertex -27.9921 -69.7111 30
      vertex -27.9921 -69.7111 0
    endloop
  endfacet
  facet normal -0.987776 -0.155881 0
    outer loop
      vertex -27.9823 -69.7732 0
      vertex -27.9823 -69.7732 30
      vertex -27.9921 -69.7111 30
    endloop
  endfacet
  facet normal -0.975924 -0.21811 0
    outer loop
      vertex -27.9686 -69.8345 0
      vertex -27.9823 -69.7732 30
      vertex -27.9823 -69.7732 0
    endloop
  endfacet
  facet normal -0.975924 -0.21811 0
    outer loop
      vertex -27.9686 -69.8345 0
      vertex -27.9686 -69.8345 30
      vertex -27.9823 -69.7732 30
    endloop
  endfacet
  facet normal -0.959946 -0.280183 0
    outer loop
      vertex -27.951 -69.8948 0
      vertex -27.9686 -69.8345 30
      vertex -27.9686 -69.8345 0
    endloop
  endfacet
  facet normal -0.959946 -0.280183 0
    outer loop
      vertex -27.951 -69.8948 0
      vertex -27.951 -69.8948 30
      vertex -27.9686 -69.8345 30
    endloop
  endfacet
  facet normal -0.941273 -0.337648 0
    outer loop
      vertex -27.9298 -69.9539 0
      vertex -27.951 -69.8948 30
      vertex -27.951 -69.8948 0
    endloop
  endfacet
  facet normal -0.941273 -0.337648 0
    outer loop
      vertex -27.9298 -69.9539 0
      vertex -27.9298 -69.9539 30
      vertex -27.951 -69.8948 30
    endloop
  endfacet
  facet normal -0.917575 -0.397563 0
    outer loop
      vertex -27.9048 -70.0116 0
      vertex -27.9298 -69.9539 30
      vertex -27.9298 -69.9539 0
    endloop
  endfacet
  facet normal -0.917575 -0.397563 0
    outer loop
      vertex -27.9048 -70.0116 0
      vertex -27.9048 -70.0116 30
      vertex -27.9298 -69.9539 30
    endloop
  endfacet
  facet normal -0.890894 -0.454212 0
    outer loop
      vertex -27.8763 -70.0675 0
      vertex -27.9048 -70.0116 30
      vertex -27.9048 -70.0116 0
    endloop
  endfacet
  facet normal -0.890894 -0.454212 0
    outer loop
      vertex -27.8763 -70.0675 0
      vertex -27.8763 -70.0675 30
      vertex -27.9048 -70.0116 30
    endloop
  endfacet
  facet normal -0.860705 -0.509104 0
    outer loop
      vertex -27.8443 -70.1216 0
      vertex -27.8763 -70.0675 30
      vertex -27.8763 -70.0675 0
    endloop
  endfacet
  facet normal -0.860705 -0.509104 0
    outer loop
      vertex -27.8443 -70.1216 0
      vertex -27.8443 -70.1216 30
      vertex -27.8763 -70.0675 30
    endloop
  endfacet
  facet normal -0.82737 -0.561657 0
    outer loop
      vertex -27.809 -70.1736 0
      vertex -27.8443 -70.1216 30
      vertex -27.8443 -70.1216 0
    endloop
  endfacet
  facet normal -0.82737 -0.561657 0
    outer loop
      vertex -27.809 -70.1736 0
      vertex -27.809 -70.1736 30
      vertex -27.8443 -70.1216 30
    endloop
  endfacet
  facet normal -0.789952 -0.613168 0
    outer loop
      vertex -27.7705 -70.2232 0
      vertex -27.809 -70.1736 30
      vertex -27.809 -70.1736 0
    endloop
  endfacet
  facet normal -0.789952 -0.613168 0
    outer loop
      vertex -27.7705 -70.2232 0
      vertex -27.7705 -70.2232 30
      vertex -27.809 -70.1736 30
    endloop
  endfacet
  facet normal -0.750303 -0.661095 0
    outer loop
      vertex -27.729 -70.2703 0
      vertex -27.7705 -70.2232 30
      vertex -27.7705 -70.2232 0
    endloop
  endfacet
  facet normal -0.750303 -0.661095 0
    outer loop
      vertex -27.729 -70.2703 0
      vertex -27.729 -70.2703 30
      vertex -27.7705 -70.2232 30
    endloop
  endfacet
  facet normal -0.718141 -0.695898 0
    outer loop
      vertex -27.7071 -70.2929 0
      vertex -27.729 -70.2703 30
      vertex -27.729 -70.2703 0
    endloop
  endfacet
  facet normal -0.718141 -0.695898 0
    outer loop
      vertex -27.7071 -70.2929 0
      vertex -27.7071 -70.2929 30
      vertex -27.729 -70.2703 30
    endloop
  endfacet
  facet normal -0.707107 -0.707107 0
    outer loop
      vertex -3.29289 -94.7071 0
      vertex -27.7071 -70.2929 30
      vertex -27.7071 -70.2929 0
    endloop
  endfacet
  facet normal -0.707107 -0.707107 0
    outer loop
      vertex -3.29289 -94.7071 0
      vertex -3.29289 -94.7071 30
      vertex -27.7071 -70.2929 30
    endloop
  endfacet
  facet normal -0.68455 -0.728966 0
    outer loop
      vertex -3.2471 -94.7501 0
      vertex -3.29289 -94.7071 30
      vertex -3.29289 -94.7071 0
    endloop
  endfacet
  facet normal -0.68455 -0.728966 0
    outer loop
      vertex -3.2471 -94.7501 0
      vertex -3.2471 -94.7501 30
      vertex -3.29289 -94.7071 30
    endloop
  endfacet
  facet normal -0.637835 -0.770173 0
    outer loop
      vertex -3.19868 -94.7902 0
      vertex -3.2471 -94.7501 30
      vertex -3.2471 -94.7501 0
    endloop
  endfacet
  facet normal -0.637835 -0.770173 0
    outer loop
      vertex -3.19868 -94.7902 0
      vertex -3.19868 -94.7902 30
      vertex -3.2471 -94.7501 30
    endloop
  endfacet
  facet normal -0.587622 -0.809135 0
    outer loop
      vertex -3.14787 -94.8271 0
      vertex -3.19868 -94.7902 30
      vertex -3.19868 -94.7902 0
    endloop
  endfacet
  facet normal -0.587622 -0.809135 0
    outer loop
      vertex -3.14787 -94.8271 0
      vertex -3.14787 -94.8271 30
      vertex -3.19868 -94.7902 30
    endloop
  endfacet
  facet normal -0.535143 -0.844761 0
    outer loop
      vertex -3.09483 -94.8607 0
      vertex -3.14787 -94.8271 30
      vertex -3.14787 -94.8271 0
    endloop
  endfacet
  facet normal -0.535143 -0.844761 0
    outer loop
      vertex -3.09483 -94.8607 0
      vertex -3.09483 -94.8607 30
      vertex -3.14787 -94.8271 30
    endloop
  endfacet
  facet normal -0.482194 -0.876065 0
    outer loop
      vertex -3.03978 -94.891 0
      vertex -3.09483 -94.8607 30
      vertex -3.09483 -94.8607 0
    endloop
  endfacet
  facet normal -0.482194 -0.876065 0
    outer loop
      vertex -3.03978 -94.891 0
      vertex -3.03978 -94.891 30
      vertex -3.09483 -94.8607 30
    endloop
  endfacet
  facet normal -0.42641 -0.90453 0
    outer loop
      vertex -2.98293 -94.9178 0
      vertex -3.03978 -94.891 30
      vertex -3.03978 -94.891 0
    endloop
  endfacet
  facet normal -0.42641 -0.90453 0
    outer loop
      vertex -2.98293 -94.9178 0
      vertex -2.98293 -94.9178 30
      vertex -3.03978 -94.891 30
    endloop
  endfacet
  facet normal -0.367819 -0.929897 0
    outer loop
      vertex -2.92453 -94.9409 0
      vertex -2.98293 -94.9178 30
      vertex -2.98293 -94.9178 0
    endloop
  endfacet
  facet normal -0.367819 -0.929897 0
    outer loop
      vertex -2.92453 -94.9409 0
      vertex -2.92453 -94.9409 30
      vertex -2.98293 -94.9178 30
    endloop
  endfacet
  facet normal -0.308816 -0.951122 0
    outer loop
      vertex -2.86478 -94.9603 0
      vertex -2.92453 -94.9409 30
      vertex -2.92453 -94.9409 0
    endloop
  endfacet
  facet normal -0.308816 -0.951122 0
    outer loop
      vertex -2.86478 -94.9603 0
      vertex -2.86478 -94.9603 30
      vertex -2.92453 -94.9409 30
    endloop
  endfacet
  facet normal -0.248299 -0.968684 0
    outer loop
      vertex -2.80392 -94.9759 0
      vertex -2.86478 -94.9603 30
      vertex -2.86478 -94.9603 0
    endloop
  endfacet
  facet normal -0.248299 -0.968684 0
    outer loop
      vertex -2.80392 -94.9759 0
      vertex -2.80392 -94.9759 30
      vertex -2.86478 -94.9603 30
    endloop
  endfacet
  facet normal -0.187844 -0.982199 0
    outer loop
      vertex -2.74222 -94.9877 0
      vertex -2.80392 -94.9759 30
      vertex -2.80392 -94.9759 0
    endloop
  endfacet
  facet normal -0.187844 -0.982199 0
    outer loop
      vertex -2.74222 -94.9877 0
      vertex -2.74222 -94.9877 30
      vertex -2.80392 -94.9759 30
    endloop
  endfacet
  facet normal -0.125739 -0.992063 0
    outer loop
      vertex -2.67989 -94.9956 0
      vertex -2.74222 -94.9877 30
      vertex -2.74222 -94.9877 0
    endloop
  endfacet
  facet normal -0.125739 -0.992063 0
    outer loop
      vertex -2.67989 -94.9956 0
      vertex -2.67989 -94.9956 30
      vertex -2.74222 -94.9877 30
    endloop
  endfacet
  facet normal -0.0620908 -0.998071 0
    outer loop
      vertex -2.6172 -94.9995 0
      vertex -2.67989 -94.9956 30
      vertex -2.67989 -94.9956 0
    endloop
  endfacet
  facet normal -0.0620908 -0.998071 0
    outer loop
      vertex -2.6172 -94.9995 0
      vertex -2.6172 -94.9995 30
      vertex -2.67989 -94.9956 30
    endloop
  endfacet
  facet normal -0.0159114 -0.999873 0
    outer loop
      vertex -2.58578 -95 0
      vertex -2.6172 -94.9995 30
      vertex -2.6172 -94.9995 0
    endloop
  endfacet
  facet normal -0.0159114 -0.999873 0
    outer loop
      vertex -2.58578 -95 0
      vertex -2.58578 -95 30
      vertex -2.6172 -94.9995 30
    endloop
  endfacet
  facet normal 0 -1 0
    outer loop
      vertex -1 -95 0
      vertex -2.58578 -95 30
      vertex -2.58578 -95 0
    endloop
  endfacet
  facet normal 0 -1 0
    outer loop
      vertex -1 -95 0
      vertex -1 -95 30
      vertex -2.58578 -95 30
    endloop
  endfacet
  facet normal 0.0318361 -0.999493 0
    outer loop
      vertex -0.93721 -94.998 0
      vertex -1 -95 30
      vertex -1 -95 0
    endloop
  endfacet
  facet normal 0.0318361 -0.999493 0
    outer loop
      vertex -0.93721 -94.998 0
      vertex -0.93721 -94.998 30
      vertex -1 -95 30
    endloop
  endfacet
  facet normal 0.0618843 0.998083 -0
    outer loop
      vertex 40.9058 -46.3382 0
      vertex 40.9058 -46.3382 30
      vertex 40.9687 -46.3421 0
    endloop
  endfacet
  facet normal 0.0618843 0.998083 0
    outer loop
      vertex 40.9687 -46.3421 30
      vertex 40.9687 -46.3421 0
      vertex 40.9058 -46.3382 30
    endloop
  endfacet
  facet normal 0.124625 0.992204 -0
    outer loop
      vertex 40.8437 -46.3304 0
      vertex 40.8437 -46.3304 30
      vertex 40.9058 -46.3382 0
    endloop
  endfacet
  facet normal 0.124625 0.992204 0
    outer loop
      vertex 40.9058 -46.3382 30
      vertex 40.9058 -46.3382 0
      vertex 40.8437 -46.3304 30
    endloop
  endfacet
  facet normal 0.187844 0.982199 -0
    outer loop
      vertex 40.782 -46.3186 0
      vertex 40.782 -46.3186 30
      vertex 40.8437 -46.3304 0
    endloop
  endfacet
  facet normal 0.187844 0.982199 0
    outer loop
      vertex 40.8437 -46.3304 30
      vertex 40.8437 -46.3304 0
      vertex 40.782 -46.3186 30
    endloop
  endfacet
  facet normal 0.249254 0.968438 -0
    outer loop
      vertex 40.721 -46.3029 0
      vertex 40.721 -46.3029 30
      vertex 40.782 -46.3186 0
    endloop
  endfacet
  facet normal 0.249254 0.968438 0
    outer loop
      vertex 40.782 -46.3186 30
      vertex 40.782 -46.3186 0
      vertex 40.721 -46.3029 30
    endloop
  endfacet
  facet normal 0.309519 0.950893 -0
    outer loop
      vertex 40.6614 -46.2835 0
      vertex 40.6614 -46.2835 30
      vertex 40.721 -46.3029 0
    endloop
  endfacet
  facet normal 0.309519 0.950893 0
    outer loop
      vertex 40.721 -46.3029 30
      vertex 40.721 -46.3029 0
      vertex 40.6614 -46.2835 30
    endloop
  endfacet
  facet normal 0.36753 0.930012 -0
    outer loop
      vertex 40.6032 -46.2605 0
      vertex 40.6032 -46.2605 30
      vertex 40.6614 -46.2835 0
    endloop
  endfacet
  facet normal 0.36753 0.930012 0
    outer loop
      vertex 40.6614 -46.2835 30
      vertex 40.6614 -46.2835 0
      vertex 40.6032 -46.2605 30
    endloop
  endfacet
  facet normal 0.425491 0.904963 -0
    outer loop
      vertex 40.5462 -46.2337 0
      vertex 40.5462 -46.2337 30
      vertex 40.6032 -46.2605 0
    endloop
  endfacet
  facet normal 0.425491 0.904963 0
    outer loop
      vertex 40.6032 -46.2605 30
      vertex 40.6032 -46.2605 0
      vertex 40.5462 -46.2337 30
    endloop
  endfacet
  facet normal 0.481858 0.876249 -0
    outer loop
      vertex 40.4911 -46.2034 0
      vertex 40.4911 -46.2034 30
      vertex 40.5462 -46.2337 0
    endloop
  endfacet
  facet normal 0.481858 0.876249 0
    outer loop
      vertex 40.5462 -46.2337 30
      vertex 40.5462 -46.2337 0
      vertex 40.4911 -46.2034 30
    endloop
  endfacet
  facet normal 0.535737 0.844385 -0
    outer loop
      vertex 40.4383 -46.1699 0
      vertex 40.4383 -46.1699 30
      vertex 40.4911 -46.2034 0
    endloop
  endfacet
  facet normal 0.535737 0.844385 0
    outer loop
      vertex 40.4911 -46.2034 30
      vertex 40.4911 -46.2034 0
      vertex 40.4383 -46.1699 30
    endloop
  endfacet
  facet normal 0.588266 0.808668 -0
    outer loop
      vertex 40.3873 -46.1328 0
      vertex 40.3873 -46.1328 30
      vertex 40.4383 -46.1699 0
    endloop
  endfacet
  facet normal 0.588266 0.808668 0
    outer loop
      vertex 40.4383 -46.1699 30
      vertex 40.4383 -46.1699 0
      vertex 40.3873 -46.1328 30
    endloop
  endfacet
  facet normal 0.636881 0.770962 -0
    outer loop
      vertex 40.339 -46.0929 0
      vertex 40.339 -46.0929 30
      vertex 40.3873 -46.1328 0
    endloop
  endfacet
  facet normal 0.636881 0.770962 0
    outer loop
      vertex 40.3873 -46.1328 30
      vertex 40.3873 -46.1328 0
      vertex 40.339 -46.0929 30
    endloop
  endfacet
  facet normal 0.68447 0.729041 -0
    outer loop
      vertex 40.2932 -46.0499 0
      vertex 40.2932 -46.0499 30
      vertex 40.339 -46.0929 0
    endloop
  endfacet
  facet normal 0.68447 0.729041 0
    outer loop
      vertex 40.339 -46.0929 30
      vertex 40.339 -46.0929 0
      vertex 40.2932 -46.0499 30
    endloop
  endfacet
  facet normal 0.729041 0.68447 -0
    outer loop
      vertex 40.2502 -46.0041 0
      vertex 40.2502 -46.0041 30
      vertex 40.2932 -46.0499 0
    endloop
  endfacet
  facet normal 0.729041 0.68447 0
    outer loop
      vertex 40.2932 -46.0499 30
      vertex 40.2932 -46.0499 0
      vertex 40.2502 -46.0041 30
    endloop
  endfacet
  facet normal 0.770313 0.637666 -0
    outer loop
      vertex 40.2103 -45.9559 0
      vertex 40.2103 -45.9559 30
      vertex 40.2502 -46.0041 0
    endloop
  endfacet
  facet normal 0.770313 0.637666 0
    outer loop
      vertex 40.2502 -46.0041 30
      vertex 40.2502 -46.0041 0
      vertex 40.2103 -45.9559 30
    endloop
  endfacet
  facet normal 0.809968 0.586474 -0
    outer loop
      vertex 40.1733 -45.9048 0
      vertex 40.1733 -45.9048 30
      vertex 40.2103 -45.9559 0
    endloop
  endfacet
  facet normal 0.809968 0.586474 0
    outer loop
      vertex 40.2103 -45.9559 30
      vertex 40.2103 -45.9559 0
      vertex 40.1733 -45.9048 30
    endloop
  endfacet
  facet normal 0.843661 0.536875 -0
    outer loop
      vertex 40.1397 -45.852 0
      vertex 40.1397 -45.852 30
      vertex 40.1733 -45.9048 0
    endloop
  endfacet
  facet normal 0.843661 0.536875 0
    outer loop
      vertex 40.1733 -45.9048 30
      vertex 40.1733 -45.9048 0
      vertex 40.1397 -45.852 30
    endloop
  endfacet
  facet normal 0.876249 0.481858 -0
    outer loop
      vertex 40.1094 -45.7969 0
      vertex 40.1094 -45.7969 30
      vertex 40.1397 -45.852 0
    endloop
  endfacet
  facet normal 0.876249 0.481858 0
    outer loop
      vertex 40.1397 -45.852 30
      vertex 40.1397 -45.852 0
      vertex 40.1094 -45.7969 30
    endloop
  endfacet
  facet normal 0.904675 0.426103 -0
    outer loop
      vertex 40.0826 -45.74 0
      vertex 40.0826 -45.74 30
      vertex 40.1094 -45.7969 0
    endloop
  endfacet
  facet normal 0.904675 0.426103 0
    outer loop
      vertex 40.1094 -45.7969 30
      vertex 40.1094 -45.7969 0
      vertex 40.0826 -45.74 30
    endloop
  endfacet
  facet normal 0.930012 0.36753 -0
    outer loop
      vertex 40.0596 -45.6818 0
      vertex 40.0596 -45.6818 30
      vertex 40.0826 -45.74 0
    endloop
  endfacet
  facet normal 0.930012 0.36753 0
    outer loop
      vertex 40.0826 -45.74 30
      vertex 40.0826 -45.74 0
      vertex 40.0596 -45.6818 30
    endloop
  endfacet
  facet normal 0.951046 0.30905 -0
    outer loop
      vertex 40.0402 -45.6221 0
      vertex 40.0402 -45.6221 30
      vertex 40.0596 -45.6818 0
    endloop
  endfacet
  facet normal 0.951046 0.30905 0
    outer loop
      vertex 40.0596 -45.6818 30
      vertex 40.0596 -45.6818 0
      vertex 40.0402 -45.6221 30
    endloop
  endfacet
  facet normal 0.96882 0.247764 -0
    outer loop
      vertex 40.0246 -45.5611 0
      vertex 40.0246 -45.5611 30
      vertex 40.0402 -45.6221 0
    endloop
  endfacet
  facet normal 0.96882 0.247764 0
    outer loop
      vertex 40.0402 -45.6221 30
      vertex 40.0402 -45.6221 0
      vertex 40.0246 -45.5611 30
    endloop
  endfacet
  facet normal 0.982199 0.187844 -0
    outer loop
      vertex 40.0128 -45.4994 0
      vertex 40.0128 -45.4994 30
      vertex 40.0246 -45.5611 0
    endloop
  endfacet
  facet normal 0.982199 0.187844 0
    outer loop
      vertex 40.0246 -45.5611 30
      vertex 40.0246 -45.5611 0
      vertex 40.0128 -45.4994 30
    endloop
  endfacet
  facet normal 0.992005 0.126197 -0
    outer loop
      vertex 40.0049 -45.4373 0
      vertex 40.0049 -45.4373 30
      vertex 40.0128 -45.4994 0
    endloop
  endfacet
  facet normal 0.992005 0.126197 0
    outer loop
      vertex 40.0128 -45.4994 30
      vertex 40.0128 -45.4994 0
      vertex 40.0049 -45.4373 30
    endloop
  endfacet
  facet normal 0.998069 0.0621146 -0
    outer loop
      vertex 40.0005 -45.3666 0
      vertex 40.0005 -45.3666 30
      vertex 40.0049 -45.4373 0
    endloop
  endfacet
  facet normal 0.998069 0.0621146 0
    outer loop
      vertex 40.0049 -45.4373 30
      vertex 40.0049 -45.4373 0
      vertex 40.0005 -45.3666 30
    endloop
  endfacet
  facet normal 0.999874 0.015871 -0
    outer loop
      vertex 40 -45.3351 0
      vertex 40 -45.3351 30
      vertex 40.0005 -45.3666 0
    endloop
  endfacet
  facet normal 0.999874 0.015871 0
    outer loop
      vertex 40.0005 -45.3666 30
      vertex 40.0005 -45.3666 0
      vertex 40 -45.3351 30
    endloop
  endfacet
  facet normal 1 0 -0
    outer loop
      vertex 40 -34.0159 0
      vertex 40 -34.0159 30
      vertex 40 -45.3351 0
    endloop
  endfacet
  facet normal 1 -0 0
    outer loop
      vertex 40 -45.3351 30
      vertex 40 -45.3351 0
      vertex 40 -34.0159 30
    endloop
  endfacet
  facet normal 0.999496 -0.0317502 0
    outer loop
      vertex 40.0025 -33.9372 0
      vertex 40.0025 -33.9372 30
      vertex 40 -34.0159 0
    endloop
  endfacet
  facet normal 0.999496 -0.0317502 0
    outer loop
      vertex 40 -34.0159 30
      vertex 40 -34.0159 0
      vertex 40.0025 -33.9372 30
    endloop
  endfacet
  facet normal 0.995574 -0.0939822 0
    outer loop
      vertex 40.0084 -33.8747 0
      vertex 40.0084 -33.8747 30
      vertex 40.0025 -33.9372 0
    endloop
  endfacet
  facet normal 0.995574 -0.0939822 0
    outer loop
      vertex 40.0025 -33.9372 30
      vertex 40.0025 -33.9372 0
      vertex 40.0084 -33.8747 30
    endloop
  endfacet
  facet normal 0.987737 -0.156126 0
    outer loop
      vertex 40.0182 -33.8127 0
      vertex 40.0182 -33.8127 30
      vertex 40.0084 -33.8747 0
    endloop
  endfacet
  facet normal 0.987737 -0.156126 0
    outer loop
      vertex 40.0084 -33.8747 30
      vertex 40.0084 -33.8747 0
      vertex 40.0182 -33.8127 30
    endloop
  endfacet
  facet normal 0.975924 -0.21811 0
    outer loop
      vertex 40.0319 -33.7514 0
      vertex 40.0319 -33.7514 30
      vertex 40.0182 -33.8127 0
    endloop
  endfacet
  facet normal 0.975924 -0.21811 0
    outer loop
      vertex 40.0182 -33.8127 30
      vertex 40.0182 -33.8127 0
      vertex 40.0319 -33.7514 30
    endloop
  endfacet
  facet normal 0.96025 -0.279142 0
    outer loop
      vertex 40.0494 -33.6912 0
      vertex 40.0494 -33.6912 30
      vertex 40.0319 -33.7514 0
    endloop
  endfacet
  facet normal 0.96025 -0.279142 0
    outer loop
      vertex 40.0319 -33.7514 30
      vertex 40.0319 -33.7514 0
      vertex 40.0494 -33.6912 30
    endloop
  endfacet
  facet normal 0.940766 -0.339058 0
    outer loop
      vertex 40.0707 -33.6321 0
      vertex 40.0707 -33.6321 30
      vertex 40.0494 -33.6912 0
    endloop
  endfacet
  facet normal 0.940766 -0.339058 0
    outer loop
      vertex 40.0494 -33.6912 30
      vertex 40.0494 -33.6912 0
      vertex 40.0707 -33.6321 30
    endloop
  endfacet
  facet normal 0.918154 -0.396223 0
    outer loop
      vertex 40.0956 -33.5744 0
      vertex 40.0956 -33.5744 30
      vertex 40.0707 -33.6321 0
    endloop
  endfacet
  facet normal 0.918154 -0.396223 0
    outer loop
      vertex 40.0707 -33.6321 30
      vertex 40.0707 -33.6321 0
      vertex 40.0956 -33.5744 30
    endloop
  endfacet
  facet normal 0.890578 -0.454831 0
    outer loop
      vertex 40.1242 -33.5184 0
      vertex 40.1242 -33.5184 30
      vertex 40.0956 -33.5744 0
    endloop
  endfacet
  facet normal 0.890578 -0.454831 0
    outer loop
      vertex 40.0956 -33.5744 30
      vertex 40.0956 -33.5744 0
      vertex 40.1242 -33.5184 30
    endloop
  endfacet
  facet normal 0.860577 -0.509321 0
    outer loop
      vertex 40.1561 -33.4645 0
      vertex 40.1561 -33.4645 30
      vertex 40.1242 -33.5184 0
    endloop
  endfacet
  facet normal 0.860577 -0.509321 0
    outer loop
      vertex 40.1242 -33.5184 30
      vertex 40.1242 -33.5184 0
      vertex 40.1561 -33.4645 30
    endloop
  endfacet
  facet normal 0.827608 -0.561306 0
    outer loop
      vertex 40.1913 -33.4126 0
      vertex 40.1913 -33.4126 30
      vertex 40.1561 -33.4645 0
    endloop
  endfacet
  facet normal 0.827608 -0.561306 0
    outer loop
      vertex 40.1561 -33.4645 30
      vertex 40.1561 -33.4645 0
      vertex 40.1913 -33.4126 30
    endloop
  endfacet
  facet normal 0.790377 -0.612621 0
    outer loop
      vertex 40.2299 -33.3628 0
      vertex 40.2299 -33.3628 30
      vertex 40.1913 -33.4126 0
    endloop
  endfacet
  facet normal 0.790377 -0.612621 0
    outer loop
      vertex 40.1913 -33.4126 30
      vertex 40.1913 -33.4126 0
      vertex 40.2299 -33.3628 30
    endloop
  endfacet
  facet normal 0.749605 -0.661885 0
    outer loop
      vertex 40.2714 -33.3158 0
      vertex 40.2714 -33.3158 30
      vertex 40.2299 -33.3628 0
    endloop
  endfacet
  facet normal 0.749605 -0.661885 0
    outer loop
      vertex 40.2299 -33.3628 30
      vertex 40.2299 -33.3628 0
      vertex 40.2714 -33.3158 30
    endloop
  endfacet
  facet normal 0.707107 -0.707107 0
    outer loop
      vertex 40.3158 -33.2714 0
      vertex 40.3158 -33.2714 30
      vertex 40.2714 -33.3158 0
    endloop
  endfacet
  facet normal 0.707107 -0.707107 0
    outer loop
      vertex 40.2714 -33.3158 30
      vertex 40.2714 -33.3158 0
      vertex 40.3158 -33.2714 30
    endloop
  endfacet
  facet normal 0.661885 -0.749605 0
    outer loop
      vertex 40.3628 -33.2299 0
      vertex 40.3628 -33.2299 30
      vertex 40.3158 -33.2714 0
    endloop
  endfacet
  facet normal 0.661885 -0.749605 0
    outer loop
      vertex 40.3158 -33.2714 30
      vertex 40.3158 -33.2714 0
      vertex 40.3628 -33.2299 30
    endloop
  endfacet
  facet normal 0.612621 -0.790377 0
    outer loop
      vertex 40.4126 -33.1913 0
      vertex 40.4126 -33.1913 30
      vertex 40.3628 -33.2299 0
    endloop
  endfacet
  facet normal 0.612621 -0.790377 0
    outer loop
      vertex 40.3628 -33.2299 30
      vertex 40.3628 -33.2299 0
      vertex 40.4126 -33.1913 30
    endloop
  endfacet
  facet normal 0.561306 -0.827608 0
    outer loop
      vertex 40.4645 -33.1561 0
      vertex 40.4645 -33.1561 30
      vertex 40.4126 -33.1913 0
    endloop
  endfacet
  facet normal 0.561306 -0.827608 0
    outer loop
      vertex 40.4126 -33.1913 30
      vertex 40.4126 -33.1913 0
      vertex 40.4645 -33.1561 30
    endloop
  endfacet
  facet normal 0.509321 -0.860577 0
    outer loop
      vertex 40.5184 -33.1242 0
      vertex 40.5184 -33.1242 30
      vertex 40.4645 -33.1561 0
    endloop
  endfacet
  facet normal 0.509321 -0.860577 0
    outer loop
      vertex 40.4645 -33.1561 30
      vertex 40.4645 -33.1561 0
      vertex 40.5184 -33.1242 30
    endloop
  endfacet
  facet normal 0.454831 -0.890578 0
    outer loop
      vertex 40.5744 -33.0956 0
      vertex 40.5744 -33.0956 30
      vertex 40.5184 -33.1242 0
    endloop
  endfacet
  facet normal 0.454831 -0.890578 0
    outer loop
      vertex 40.5184 -33.1242 30
      vertex 40.5184 -33.1242 0
      vertex 40.5744 -33.0956 30
    endloop
  endfacet
  facet normal 0.396223 -0.918154 0
    outer loop
      vertex 40.6321 -33.0707 0
      vertex 40.6321 -33.0707 30
      vertex 40.5744 -33.0956 0
    endloop
  endfacet
  facet normal 0.396223 -0.918154 0
    outer loop
      vertex 40.5744 -33.0956 30
      vertex 40.5744 -33.0956 0
      vertex 40.6321 -33.0707 30
    endloop
  endfacet
  facet normal 0.339058 -0.940766 0
    outer loop
      vertex 40.6912 -33.0494 0
      vertex 40.6912 -33.0494 30
      vertex 40.6321 -33.0707 0
    endloop
  endfacet
  facet normal 0.339058 -0.940766 0
    outer loop
      vertex 40.6321 -33.0707 30
      vertex 40.6321 -33.0707 0
      vertex 40.6912 -33.0494 30
    endloop
  endfacet
  facet normal 0.279142 -0.96025 0
    outer loop
      vertex 40.7514 -33.0319 0
      vertex 40.7514 -33.0319 30
      vertex 40.6912 -33.0494 0
    endloop
  endfacet
  facet normal 0.279142 -0.96025 0
    outer loop
      vertex 40.6912 -33.0494 30
      vertex 40.6912 -33.0494 0
      vertex 40.7514 -33.0319 30
    endloop
  endfacet
  facet normal 0.21811 -0.975924 0
    outer loop
      vertex 40.8127 -33.0182 0
      vertex 40.8127 -33.0182 30
      vertex 40.7514 -33.0319 0
    endloop
  endfacet
  facet normal 0.21811 -0.975924 0
    outer loop
      vertex 40.7514 -33.0319 30
      vertex 40.7514 -33.0319 0
      vertex 40.8127 -33.0182 30
    endloop
  endfacet
  facet normal 0.156126 -0.987737 0
    outer loop
      vertex 40.8747 -33.0084 0
      vertex 40.8747 -33.0084 30
      vertex 40.8127 -33.0182 0
    endloop
  endfacet
  facet normal 0.156126 -0.987737 0
    outer loop
      vertex 40.8127 -33.0182 30
      vertex 40.8127 -33.0182 0
      vertex 40.8747 -33.0084 30
    endloop
  endfacet
  facet normal 0.0941315 -0.99556 0
    outer loop
      vertex 40.9371 -33.0025 0
      vertex 40.9371 -33.0025 30
      vertex 40.8747 -33.0084 0
    endloop
  endfacet
  facet normal 0.0941315 -0.99556 0
    outer loop
      vertex 40.8747 -33.0084 30
      vertex 40.8747 -33.0084 0
      vertex 40.9371 -33.0025 30
    endloop
  endfacet
  facet normal 0.0317099 -0.999497 0
    outer loop
      vertex 41.0159 -33 0
      vertex 41.0159 -33 30
      vertex 40.9371 -33.0025 0
    endloop
  endfacet
  facet normal 0.0317099 -0.999497 0
    outer loop
      vertex 40.9371 -33.0025 30
      vertex 40.9371 -33.0025 0
      vertex 41.0159 -33 30
    endloop
  endfacet
  facet normal 0 -1 0
    outer loop
      vertex 52.3272 -33 0
      vertex 52.3272 -33 30
      vertex 41.0159 -33 0
    endloop
  endfacet
  facet normal 0 -1 0
    outer loop
      vertex 41.0159 -33 30
      vertex 41.0159 -33 0
      vertex 52.3272 -33 30
    endloop
  endfacet
  facet normal -0.0317099 -0.999497 0
    outer loop
      vertex 52.406 -33.0025 0
      vertex 52.406 -33.0025 30
      vertex 52.3272 -33 0
    endloop
  endfacet
  facet normal -0.0317099 -0.999497 -0
    outer loop
      vertex 52.3272 -33 30
      vertex 52.3272 -33 0
      vertex 52.406 -33.0025 30
    endloop
  endfacet
  facet normal -0.0941315 -0.99556 0
    outer loop
      vertex 52.4684 -33.0084 0
      vertex 52.4684 -33.0084 30
      vertex 52.406 -33.0025 0
    endloop
  endfacet
  facet normal -0.0941315 -0.99556 -0
    outer loop
      vertex 52.406 -33.0025 30
      vertex 52.406 -33.0025 0
      vertex 52.4684 -33.0084 30
    endloop
  endfacet
  facet normal -0.156126 -0.987737 0
    outer loop
      vertex 52.5304 -33.0182 0
      vertex 52.5304 -33.0182 30
      vertex 52.4684 -33.0084 0
    endloop
  endfacet
  facet normal -0.156126 -0.987737 -0
    outer loop
      vertex 52.4684 -33.0084 30
      vertex 52.4684 -33.0084 0
      vertex 52.5304 -33.0182 30
    endloop
  endfacet
  facet normal -0.21811 -0.975924 0
    outer loop
      vertex 52.5917 -33.0319 0
      vertex 52.5917 -33.0319 30
      vertex 52.5304 -33.0182 0
    endloop
  endfacet
  facet normal -0.21811 -0.975924 -0
    outer loop
      vertex 52.5304 -33.0182 30
      vertex 52.5304 -33.0182 0
      vertex 52.5917 -33.0319 30
    endloop
  endfacet
  facet normal -0.278715 -0.960374 0
    outer loop
      vertex 52.652 -33.0494 0
      vertex 52.652 -33.0494 30
      vertex 52.5917 -33.0319 0
    endloop
  endfacet
  facet normal -0.278715 -0.960374 -0
    outer loop
      vertex 52.5917 -33.0319 30
      vertex 52.5917 -33.0319 0
      vertex 52.652 -33.0494 30
    endloop
  endfacet
  facet normal -0.339566 -0.940582 0
    outer loop
      vertex 52.711 -33.0707 0
      vertex 52.711 -33.0707 30
      vertex 52.652 -33.0494 0
    endloop
  endfacet
  facet normal -0.339566 -0.940582 -0
    outer loop
      vertex 52.652 -33.0494 30
      vertex 52.652 -33.0494 0
      vertex 52.711 -33.0707 30
    endloop
  endfacet
  facet normal -0.396223 -0.918154 0
    outer loop
      vertex 52.7687 -33.0956 0
      vertex 52.7687 -33.0956 30
      vertex 52.711 -33.0707 0
    endloop
  endfacet
  facet normal -0.396223 -0.918154 -0
    outer loop
      vertex 52.711 -33.0707 30
      vertex 52.711 -33.0707 0
      vertex 52.7687 -33.0956 30
    endloop
  endfacet
  facet normal -0.454187 -0.890906 0
    outer loop
      vertex 52.8248 -33.1242 0
      vertex 52.8248 -33.1242 30
      vertex 52.7687 -33.0956 0
    endloop
  endfacet
  facet normal -0.454187 -0.890906 -0
    outer loop
      vertex 52.7687 -33.0956 30
      vertex 52.7687 -33.0956 0
      vertex 52.8248 -33.1242 30
    endloop
  endfacet
  facet normal -0.510022 -0.860162 0
    outer loop
      vertex 52.8786 -33.1561 0
      vertex 52.8786 -33.1561 30
      vertex 52.8248 -33.1242 0
    endloop
  endfacet
  facet normal -0.510022 -0.860162 -0
    outer loop
      vertex 52.8248 -33.1242 30
      vertex 52.8248 -33.1242 0
      vertex 52.8786 -33.1561 30
    endloop
  endfacet
  facet normal -0.561306 -0.827608 0
    outer loop
      vertex 52.9305 -33.1913 0
      vertex 52.9305 -33.1913 30
      vertex 52.8786 -33.1561 0
    endloop
  endfacet
  facet normal -0.561306 -0.827608 -0
    outer loop
      vertex 52.8786 -33.1561 30
      vertex 52.8786 -33.1561 0
      vertex 52.9305 -33.1913 30
    endloop
  endfacet
  facet normal -0.612621 -0.790377 0
    outer loop
      vertex 52.9803 -33.2299 0
      vertex 52.9803 -33.2299 30
      vertex 52.9305 -33.1913 0
    endloop
  endfacet
  facet normal -0.612621 -0.790377 -0
    outer loop
      vertex 52.9305 -33.1913 30
      vertex 52.9305 -33.1913 0
      vertex 52.9803 -33.2299 30
    endloop
  endfacet
  facet normal -0.661885 -0.749605 0
    outer loop
      vertex 53.0273 -33.2714 0
      vertex 53.0273 -33.2714 30
      vertex 52.9803 -33.2299 0
    endloop
  endfacet
  facet normal -0.661885 -0.749605 -0
    outer loop
      vertex 52.9803 -33.2299 30
      vertex 52.9803 -33.2299 0
      vertex 53.0273 -33.2714 30
    endloop
  endfacet
  facet normal -0.706311 -0.707902 0
    outer loop
      vertex 53.0718 -33.3158 0
      vertex 53.0718 -33.3158 30
      vertex 53.0273 -33.2714 0
    endloop
  endfacet
  facet normal -0.706311 -0.707902 -0
    outer loop
      vertex 53.0273 -33.2714 30
      vertex 53.0273 -33.2714 0
      vertex 53.0718 -33.3158 30
    endloop
  endfacet
  facet normal -0.750397 -0.660988 0
    outer loop
      vertex 53.1132 -33.3628 0
      vertex 53.1132 -33.3628 30
      vertex 53.0718 -33.3158 0
    endloop
  endfacet
  facet normal -0.750397 -0.660988 -0
    outer loop
      vertex 53.0718 -33.3158 30
      vertex 53.0718 -33.3158 0
      vertex 53.1132 -33.3628 30
    endloop
  endfacet
  facet normal -0.790377 -0.612621 0
    outer loop
      vertex 53.1518 -33.4126 0
      vertex 53.1518 -33.4126 30
      vertex 53.1132 -33.3628 0
    endloop
  endfacet
  facet normal -0.790377 -0.612621 -0
    outer loop
      vertex 53.1132 -33.3628 30
      vertex 53.1132 -33.3628 0
      vertex 53.1518 -33.4126 30
    endloop
  endfacet
  facet normal -0.826867 -0.562397 0
    outer loop
      vertex 53.1871 -33.4645 0
      vertex 53.1871 -33.4645 30
      vertex 53.1518 -33.4126 0
    endloop
  endfacet
  facet normal -0.826867 -0.562397 -0
    outer loop
      vertex 53.1518 -33.4126 30
      vertex 53.1518 -33.4126 0
      vertex 53.1871 -33.4645 30
    endloop
  endfacet
  facet normal -0.861276 -0.508137 0
    outer loop
      vertex 53.2189 -33.5184 0
      vertex 53.2189 -33.5184 30
      vertex 53.1871 -33.4645 0
    endloop
  endfacet
  facet normal -0.861276 -0.508137 -0
    outer loop
      vertex 53.1871 -33.4645 30
      vertex 53.1871 -33.4645 0
      vertex 53.2189 -33.5184 30
    endloop
  endfacet
  facet normal -0.890578 -0.454831 0
    outer loop
      vertex 53.2475 -33.5744 0
      vertex 53.2475 -33.5744 30
      vertex 53.2189 -33.5184 0
    endloop
  endfacet
  facet normal -0.890578 -0.454831 -0
    outer loop
      vertex 53.2189 -33.5184 30
      vertex 53.2189 -33.5184 0
      vertex 53.2475 -33.5744 30
    endloop
  endfacet
  facet normal -0.917575 -0.397563 0
    outer loop
      vertex 53.2725 -33.6321 0
      vertex 53.2725 -33.6321 30
      vertex 53.2475 -33.5744 0
    endloop
  endfacet
  facet normal -0.917575 -0.397563 -0
    outer loop
      vertex 53.2475 -33.5744 30
      vertex 53.2475 -33.5744 0
      vertex 53.2725 -33.6321 30
    endloop
  endfacet
  facet normal -0.941273 -0.337648 0
    outer loop
      vertex 53.2937 -33.6912 0
      vertex 53.2937 -33.6912 30
      vertex 53.2725 -33.6321 0
    endloop
  endfacet
  facet normal -0.941273 -0.337648 -0
    outer loop
      vertex 53.2725 -33.6321 30
      vertex 53.2725 -33.6321 0
      vertex 53.2937 -33.6912 30
    endloop
  endfacet
  facet normal -0.96025 -0.279142 0
    outer loop
      vertex 53.3112 -33.7514 0
      vertex 53.3112 -33.7514 30
      vertex 53.2937 -33.6912 0
    endloop
  endfacet
  facet normal -0.96025 -0.279142 -0
    outer loop
      vertex 53.2937 -33.6912 30
      vertex 53.2937 -33.6912 0
      vertex 53.3112 -33.7514 30
    endloop
  endfacet
  facet normal -0.975924 -0.21811 0
    outer loop
      vertex 53.3249 -33.8127 0
      vertex 53.3249 -33.8127 30
      vertex 53.3112 -33.7514 0
    endloop
  endfacet
  facet normal -0.975924 -0.21811 -0
    outer loop
      vertex 53.3112 -33.7514 30
      vertex 53.3112 -33.7514 0
      vertex 53.3249 -33.8127 30
    endloop
  endfacet
  facet normal -0.98749 -0.15768 0
    outer loop
      vertex 53.3348 -33.8747 0
      vertex 53.3348 -33.8747 30
      vertex 53.3249 -33.8127 0
    endloop
  endfacet
  facet normal -0.98749 -0.15768 -0
    outer loop
      vertex 53.3249 -33.8127 30
      vertex 53.3249 -33.8127 0
      vertex 53.3348 -33.8747 30
    endloop
  endfacet
  facet normal -0.995574 -0.0939822 0
    outer loop
      vertex 53.3407 -33.9372 0
      vertex 53.3407 -33.9372 30
      vertex 53.3348 -33.8747 0
    endloop
  endfacet
  facet normal -0.995574 -0.0939822 -0
    outer loop
      vertex 53.3348 -33.8747 30
      vertex 53.3348 -33.8747 0
      vertex 53.3407 -33.9372 30
    endloop
  endfacet
  facet normal -0.999543 -0.0302409 0
    outer loop
      vertex 53.3426 -34 0
      vertex 53.3426 -34 30
      vertex 53.3407 -33.9372 0
    endloop
  endfacet
  facet normal -0.999543 -0.0302409 -0
    outer loop
      vertex 53.3407 -33.9372 30
      vertex 53.3407 -33.9372 0
      vertex 53.3426 -34 30
    endloop
  endfacet
  facet normal -0.999544 0.0301929 0
    outer loop
      vertex 53.3407 -34.0629 0
      vertex 53.3407 -34.0629 30
      vertex 53.3426 -34 0
    endloop
  endfacet
  facet normal -0.999544 0.0301929 0
    outer loop
      vertex 53.3426 -34 30
      vertex 53.3426 -34 0
      vertex 53.3407 -34.0629 30
    endloop
  endfacet
  facet normal -0.99556 0.0941315 0
    outer loop
      vertex 53.3348 -34.1253 0
      vertex 53.3348 -34.1253 30
      vertex 53.3407 -34.0629 0
    endloop
  endfacet
  facet normal -0.99556 0.0941315 0
    outer loop
      vertex 53.3407 -34.0629 30
      vertex 53.3407 -34.0629 0
      vertex 53.3348 -34.1253 30
    endloop
  endfacet
  facet normal -0.98749 0.15768 0
    outer loop
      vertex 53.3249 -34.1873 0
      vertex 53.3249 -34.1873 30
      vertex 53.3348 -34.1253 0
    endloop
  endfacet
  facet normal -0.98749 0.15768 0
    outer loop
      vertex 53.3348 -34.1253 30
      vertex 53.3348 -34.1253 0
      vertex 53.3249 -34.1873 30
    endloop
  endfacet
  facet normal -0.975924 0.21811 0
    outer loop
      vertex 53.3112 -34.2486 0
      vertex 53.3112 -34.2486 30
      vertex 53.3249 -34.1873 0
    endloop
  endfacet
  facet normal -0.975924 0.21811 0
    outer loop
      vertex 53.3249 -34.1873 30
      vertex 53.3249 -34.1873 0
      vertex 53.3112 -34.2486 30
    endloop
  endfacet
  facet normal -0.96025 0.279142 0
    outer loop
      vertex 53.2937 -34.3088 0
      vertex 53.2937 -34.3088 30
      vertex 53.3112 -34.2486 0
    endloop
  endfacet
  facet normal -0.96025 0.279142 0
    outer loop
      vertex 53.3112 -34.2486 30
      vertex 53.3112 -34.2486 0
      vertex 53.2937 -34.3088 30
    endloop
  endfacet
  facet normal -0.941273 0.337648 0
    outer loop
      vertex 53.2725 -34.3679 0
      vertex 53.2725 -34.3679 30
      vertex 53.2937 -34.3088 0
    endloop
  endfacet
  facet normal -0.941273 0.337648 0
    outer loop
      vertex 53.2937 -34.3088 30
      vertex 53.2937 -34.3088 0
      vertex 53.2725 -34.3679 30
    endloop
  endfacet
  facet normal -0.917575 0.397563 0
    outer loop
      vertex 53.2475 -34.4256 0
      vertex 53.2475 -34.4256 30
      vertex 53.2725 -34.3679 0
    endloop
  endfacet
  facet normal -0.917575 0.397563 0
    outer loop
      vertex 53.2725 -34.3679 30
      vertex 53.2725 -34.3679 0
      vertex 53.2475 -34.4256 30
    endloop
  endfacet
  facet normal -0.890578 0.454831 0
    outer loop
      vertex 53.2189 -34.4816 0
      vertex 53.2189 -34.4816 30
      vertex 53.2475 -34.4256 0
    endloop
  endfacet
  facet normal -0.890578 0.454831 0
    outer loop
      vertex 53.2475 -34.4256 30
      vertex 53.2475 -34.4256 0
      vertex 53.2189 -34.4816 30
    endloop
  endfacet
  facet normal -0.861276 0.508137 0
    outer loop
      vertex 53.1871 -34.5355 0
      vertex 53.1871 -34.5355 30
      vertex 53.2189 -34.4816 0
    endloop
  endfacet
  facet normal -0.861276 0.508137 0
    outer loop
      vertex 53.2189 -34.4816 30
      vertex 53.2189 -34.4816 0
      vertex 53.1871 -34.5355 30
    endloop
  endfacet
  facet normal -0.826867 0.562397 0
    outer loop
      vertex 53.1518 -34.5874 0
      vertex 53.1518 -34.5874 30
      vertex 53.1871 -34.5355 0
    endloop
  endfacet
  facet normal -0.826867 0.562397 0
    outer loop
      vertex 53.1871 -34.5355 30
      vertex 53.1871 -34.5355 0
      vertex 53.1518 -34.5874 30
    endloop
  endfacet
  facet normal -0.790377 0.612621 0
    outer loop
      vertex 53.1132 -34.6372 0
      vertex 53.1132 -34.6372 30
      vertex 53.1518 -34.5874 0
    endloop
  endfacet
  facet normal -0.790377 0.612621 0
    outer loop
      vertex 53.1518 -34.5874 30
      vertex 53.1518 -34.5874 0
      vertex 53.1132 -34.6372 30
    endloop
  endfacet
  facet normal -0.750292 0.661106 0
    outer loop
      vertex 53.0665 -34.6902 0
      vertex 53.0665 -34.6902 30
      vertex 53.1132 -34.6372 0
    endloop
  endfacet
  facet normal -0.750292 0.661106 0
    outer loop
      vertex 53.1132 -34.6372 30
      vertex 53.1132 -34.6372 0
      vertex 53.0665 -34.6902 30
    endloop
  endfacet
  facet normal -0.718291 0.695743 0
    outer loop
      vertex 53.0449 -34.7125 0
      vertex 53.0449 -34.7125 30
      vertex 53.0665 -34.6902 0
    endloop
  endfacet
  facet normal -0.718291 0.695743 0
    outer loop
      vertex 53.0665 -34.6902 30
      vertex 53.0665 -34.6902 0
      vertex 53.0449 -34.7125 30
    endloop
  endfacet
  facet normal -0.707107 0.707107 0
    outer loop
      vertex 41.7182 -46.0392 0
      vertex 41.7182 -46.0392 30
      vertex 53.0449 -34.7125 0
    endloop
  endfacet
  facet normal -0.707107 0.707107 0
    outer loop
      vertex 53.0449 -34.7125 30
      vertex 53.0449 -34.7125 0
      vertex 41.7182 -46.0392 30
    endloop
  endfacet
  facet normal -0.68445 0.72906 0
    outer loop
      vertex 41.661 -46.0929 0
      vertex 41.661 -46.0929 30
      vertex 41.7182 -46.0392 0
    endloop
  endfacet
  facet normal -0.68445 0.72906 0
    outer loop
      vertex 41.7182 -46.0392 30
      vertex 41.7182 -46.0392 0
      vertex 41.661 -46.0929 30
    endloop
  endfacet
  facet normal -0.636881 0.770962 0
    outer loop
      vertex 41.6127 -46.1328 0
      vertex 41.6127 -46.1328 30
      vertex 41.661 -46.0929 0
    endloop
  endfacet
  facet normal -0.636881 0.770962 0
    outer loop
      vertex 41.661 -46.0929 30
      vertex 41.661 -46.0929 0
      vertex 41.6127 -46.1328 30
    endloop
  endfacet
  facet normal -0.588266 0.808668 0
    outer loop
      vertex 41.5617 -46.1699 0
      vertex 41.5617 -46.1699 30
      vertex 41.6127 -46.1328 0
    endloop
  endfacet
  facet normal -0.588266 0.808668 0
    outer loop
      vertex 41.6127 -46.1328 30
      vertex 41.6127 -46.1328 0
      vertex 41.5617 -46.1699 30
    endloop
  endfacet
  facet normal -0.535737 0.844385 0
    outer loop
      vertex 41.5089 -46.2034 0
      vertex 41.5089 -46.2034 30
      vertex 41.5617 -46.1699 0
    endloop
  endfacet
  facet normal -0.535737 0.844385 0
    outer loop
      vertex 41.5617 -46.1699 30
      vertex 41.5617 -46.1699 0
      vertex 41.5089 -46.2034 30
    endloop
  endfacet
  facet normal -0.481858 0.876249 0
    outer loop
      vertex 41.4538 -46.2337 0
      vertex 41.4538 -46.2337 30
      vertex 41.5089 -46.2034 0
    endloop
  endfacet
  facet normal -0.481858 0.876249 0
    outer loop
      vertex 41.5089 -46.2034 30
      vertex 41.5089 -46.2034 0
      vertex 41.4538 -46.2337 30
    endloop
  endfacet
  facet normal -0.425491 0.904963 0
    outer loop
      vertex 41.3968 -46.2605 0
      vertex 41.3968 -46.2605 30
      vertex 41.4538 -46.2337 0
    endloop
  endfacet
  facet normal -0.425491 0.904963 0
    outer loop
      vertex 41.4538 -46.2337 30
      vertex 41.4538 -46.2337 0
      vertex 41.3968 -46.2605 30
    endloop
  endfacet
  facet normal -0.36753 0.930012 0
    outer loop
      vertex 41.3386 -46.2835 0
      vertex 41.3386 -46.2835 30
      vertex 41.3968 -46.2605 0
    endloop
  endfacet
  facet normal -0.36753 0.930012 0
    outer loop
      vertex 41.3968 -46.2605 30
      vertex 41.3968 -46.2605 0
      vertex 41.3386 -46.2835 30
    endloop
  endfacet
  facet normal -0.309519 0.950893 0
    outer loop
      vertex 41.279 -46.3029 0
      vertex 41.279 -46.3029 30
      vertex 41.3386 -46.2835 0
    endloop
  endfacet
  facet normal -0.309519 0.950893 0
    outer loop
      vertex 41.3386 -46.2835 30
      vertex 41.3386 -46.2835 0
      vertex 41.279 -46.3029 30
    endloop
  endfacet
  facet normal -0.249254 0.968438 0
    outer loop
      vertex 41.218 -46.3186 0
      vertex 41.218 -46.3186 30
      vertex 41.279 -46.3029 0
    endloop
  endfacet
  facet normal -0.249254 0.968438 0
    outer loop
      vertex 41.279 -46.3029 30
      vertex 41.279 -46.3029 0
      vertex 41.218 -46.3186 30
    endloop
  endfacet
  facet normal -0.187844 0.982199 0
    outer loop
      vertex 41.1563 -46.3304 0
      vertex 41.1563 -46.3304 30
      vertex 41.218 -46.3186 0
    endloop
  endfacet
  facet normal -0.187844 0.982199 0
    outer loop
      vertex 41.218 -46.3186 30
      vertex 41.218 -46.3186 0
      vertex 41.1563 -46.3304 30
    endloop
  endfacet
  facet normal -0.124625 0.992204 0
    outer loop
      vertex 41.0942 -46.3382 0
      vertex 41.0942 -46.3382 30
      vertex 41.1563 -46.3304 0
    endloop
  endfacet
  facet normal -0.124625 0.992204 0
    outer loop
      vertex 41.1563 -46.3304 30
      vertex 41.1563 -46.3304 0
      vertex 41.0942 -46.3382 30
    endloop
  endfacet
  facet normal -0.0618843 0.998083 0
    outer loop
      vertex 41.0313 -46.3421 0
      vertex 41.0313 -46.3421 30
      vertex 41.0942 -46.3382 0
    endloop
  endfacet
  facet normal -0.0618843 0.998083 0
    outer loop
      vertex 41.0942 -46.3382 30
      vertex 41.0942 -46.3382 0
      vertex 41.0313 -46.3421 30
    endloop
  endfacet
  facet normal 0 1 0
    outer loop
      vertex 40.9687 -46.3421 0
      vertex 40.9687 -46.3421 30
      vertex 41.0313 -46.3421 0
    endloop
  endfacet
  facet normal 0 1 0
    outer loop
      vertex 41.0313 -46.3421 30
      vertex 41.0313 -46.3421 0
      vertex 40.9687 -46.3421 30
    endloop
  endfacet
  facet normal 0.0940717 0.995565 -0
    outer loop
      vertex -7.12529 -46.3348 0
      vertex -7.12529 -46.3348 30
      vertex -7.06285 -46.3407 0
    endloop
  endfacet
  facet normal 0.0940717 0.995565 0
    outer loop
      vertex -7.06285 -46.3407 30
      vertex -7.06285 -46.3407 0
      vertex -7.12529 -46.3348 30
    endloop
  endfacet
  facet normal 0.157655 0.987494 -0
    outer loop
      vertex -7.1873 -46.3249 0
      vertex -7.1873 -46.3249 30
      vertex -7.12529 -46.3348 0
    endloop
  endfacet
  facet normal 0.157655 0.987494 0
    outer loop
      vertex -7.12529 -46.3348 30
      vertex -7.12529 -46.3348 0
      vertex -7.1873 -46.3249 30
    endloop
  endfacet
  facet normal 0.218212 0.975901 -0
    outer loop
      vertex -7.24857 -46.3112 0
      vertex -7.24857 -46.3112 30
      vertex -7.1873 -46.3249 0
    endloop
  endfacet
  facet normal 0.218212 0.975901 0
    outer loop
      vertex -7.1873 -46.3249 30
      vertex -7.1873 -46.3249 0
      vertex -7.24857 -46.3112 30
    endloop
  endfacet
  facet normal 0.278843 0.960337 -0
    outer loop
      vertex -7.30884 -46.2937 0
      vertex -7.30884 -46.2937 30
      vertex -7.24857 -46.3112 0
    endloop
  endfacet
  facet normal 0.278843 0.960337 0
    outer loop
      vertex -7.24857 -46.3112 30
      vertex -7.24857 -46.3112 0
      vertex -7.30884 -46.2937 30
    endloop
  endfacet
  facet normal 0.338002 0.941145 -0
    outer loop
      vertex -7.36787 -46.2725 0
      vertex -7.36787 -46.2725 30
      vertex -7.30884 -46.2937 0
    endloop
  endfacet
  facet normal 0.338002 0.941145 0
    outer loop
      vertex -7.30884 -46.2937 30
      vertex -7.30884 -46.2937 0
      vertex -7.36787 -46.2725 30
    endloop
  endfacet
  facet normal 0.397505 0.9176 -0
    outer loop
      vertex -7.42558 -46.2475 0
      vertex -7.42558 -46.2475 30
      vertex -7.36787 -46.2725 0
    endloop
  endfacet
  facet normal 0.397505 0.9176 0
    outer loop
      vertex -7.36787 -46.2725 30
      vertex -7.36787 -46.2725 0
      vertex -7.42558 -46.2475 30
    endloop
  endfacet
  facet normal 0.454638 0.890676 -0
    outer loop
      vertex -7.48161 -46.2189 0
      vertex -7.48161 -46.2189 30
      vertex -7.42558 -46.2475 0
    endloop
  endfacet
  facet normal 0.454638 0.890676 0
    outer loop
      vertex -7.42558 -46.2475 30
      vertex -7.42558 -46.2475 0
      vertex -7.48161 -46.2189 30
    endloop
  endfacet
  facet normal 0.508137 0.861276 -0
    outer loop
      vertex -7.53551 -46.1871 0
      vertex -7.53551 -46.1871 30
      vertex -7.48161 -46.2189 0
    endloop
  endfacet
  facet normal 0.508137 0.861276 0
    outer loop
      vertex -7.48161 -46.2189 30
      vertex -7.48161 -46.2189 0
      vertex -7.53551 -46.1871 30
    endloop
  endfacet
  facet normal 0.562471 0.826817 -0
    outer loop
      vertex -7.5874 -46.1518 0
      vertex -7.5874 -46.1518 30
      vertex -7.53551 -46.1871 0
    endloop
  endfacet
  facet normal 0.562471 0.826817 0
    outer loop
      vertex -7.53551 -46.1871 30
      vertex -7.53551 -46.1871 0
      vertex -7.5874 -46.1518 30
    endloop
  endfacet
  facet normal 0.612544 0.790436 -0
    outer loop
      vertex -7.63721 -46.1132 0
      vertex -7.63721 -46.1132 30
      vertex -7.5874 -46.1518 0
    endloop
  endfacet
  facet normal 0.612544 0.790436 0
    outer loop
      vertex -7.5874 -46.1518 30
      vertex -7.5874 -46.1518 0
      vertex -7.63721 -46.1132 30
    endloop
  endfacet
  facet normal 0.661458 0.749983 -0
    outer loop
      vertex -7.69016 -46.0665 0
      vertex -7.69016 -46.0665 30
      vertex -7.63721 -46.1132 0
    endloop
  endfacet
  facet normal 0.661458 0.749983 0
    outer loop
      vertex -7.63721 -46.1132 30
      vertex -7.63721 -46.1132 0
      vertex -7.69016 -46.0665 30
    endloop
  endfacet
  facet normal 0.695421 0.718602 -0
    outer loop
      vertex -7.71248 -46.0449 0
      vertex -7.71248 -46.0449 30
      vertex -7.69016 -46.0665 0
    endloop
  endfacet
  facet normal 0.695421 0.718602 0
    outer loop
      vertex -7.69016 -46.0665 30
      vertex -7.69016 -46.0665 0
      vertex -7.71248 -46.0449 30
    endloop
  endfacet
  facet normal 0.707106 0.707107 -0
    outer loop
      vertex -19.0392 -34.7182 0
      vertex -19.0392 -34.7182 30
      vertex -7.71248 -46.0449 0
    endloop
  endfacet
  facet normal 0.707106 0.707107 0
    outer loop
      vertex -7.71248 -46.0449 30
      vertex -7.71248 -46.0449 0
      vertex -19.0392 -34.7182 30
    endloop
  endfacet
  facet normal 0.72906 0.68445 -0
    outer loop
      vertex -19.0929 -34.661 0
      vertex -19.0929 -34.661 30
      vertex -19.0392 -34.7182 0
    endloop
  endfacet
  facet normal 0.72906 0.68445 0
    outer loop
      vertex -19.0392 -34.7182 30
      vertex -19.0392 -34.7182 0
      vertex -19.0929 -34.661 30
    endloop
  endfacet
  facet normal 0.770962 0.636881 -0
    outer loop
      vertex -19.1328 -34.6127 0
      vertex -19.1328 -34.6127 30
      vertex -19.0929 -34.661 0
    endloop
  endfacet
  facet normal 0.770962 0.636881 0
    outer loop
      vertex -19.0929 -34.661 30
      vertex -19.0929 -34.661 0
      vertex -19.1328 -34.6127 30
    endloop
  endfacet
  facet normal 0.808668 0.588266 -0
    outer loop
      vertex -19.1699 -34.5617 0
      vertex -19.1699 -34.5617 30
      vertex -19.1328 -34.6127 0
    endloop
  endfacet
  facet normal 0.808668 0.588266 0
    outer loop
      vertex -19.1328 -34.6127 30
      vertex -19.1328 -34.6127 0
      vertex -19.1699 -34.5617 30
    endloop
  endfacet
  facet normal 0.844385 0.535737 -0
    outer loop
      vertex -19.2034 -34.5089 0
      vertex -19.2034 -34.5089 30
      vertex -19.1699 -34.5617 0
    endloop
  endfacet
  facet normal 0.844385 0.535737 0
    outer loop
      vertex -19.1699 -34.5617 30
      vertex -19.1699 -34.5617 0
      vertex -19.2034 -34.5089 30
    endloop
  endfacet
  facet normal 0.876249 0.481858 -0
    outer loop
      vertex -19.2337 -34.4538 0
      vertex -19.2337 -34.4538 30
      vertex -19.2034 -34.5089 0
    endloop
  endfacet
  facet normal 0.876249 0.481858 0
    outer loop
      vertex -19.2034 -34.5089 30
      vertex -19.2034 -34.5089 0
      vertex -19.2337 -34.4538 30
    endloop
  endfacet
  facet normal 0.904963 0.425491 -0
    outer loop
      vertex -19.2605 -34.3968 0
      vertex -19.2605 -34.3968 30
      vertex -19.2337 -34.4538 0
    endloop
  endfacet
  facet normal 0.904963 0.425491 0
    outer loop
      vertex -19.2337 -34.4538 30
      vertex -19.2337 -34.4538 0
      vertex -19.2605 -34.3968 30
    endloop
  endfacet
  facet normal 0.930012 0.36753 -0
    outer loop
      vertex -19.2835 -34.3386 0
      vertex -19.2835 -34.3386 30
      vertex -19.2605 -34.3968 0
    endloop
  endfacet
  facet normal 0.930012 0.36753 0
    outer loop
      vertex -19.2605 -34.3968 30
      vertex -19.2605 -34.3968 0
      vertex -19.2835 -34.3386 30
    endloop
  endfacet
  facet normal 0.950893 0.309519 -0
    outer loop
      vertex -19.3029 -34.279 0
      vertex -19.3029 -34.279 30
      vertex -19.2835 -34.3386 0
    endloop
  endfacet
  facet normal 0.950893 0.309519 0
    outer loop
      vertex -19.2835 -34.3386 30
      vertex -19.2835 -34.3386 0
      vertex -19.3029 -34.279 30
    endloop
  endfacet
  facet normal 0.968438 0.249254 -0
    outer loop
      vertex -19.3186 -34.218 0
      vertex -19.3186 -34.218 30
      vertex -19.3029 -34.279 0
    endloop
  endfacet
  facet normal 0.968438 0.249254 0
    outer loop
      vertex -19.3029 -34.279 30
      vertex -19.3029 -34.279 0
      vertex -19.3186 -34.218 30
    endloop
  endfacet
  facet normal 0.982199 0.187844 -0
    outer loop
      vertex -19.3304 -34.1563 0
      vertex -19.3304 -34.1563 30
      vertex -19.3186 -34.218 0
    endloop
  endfacet
  facet normal 0.982199 0.187844 0
    outer loop
      vertex -19.3186 -34.218 30
      vertex -19.3186 -34.218 0
      vertex -19.3304 -34.1563 30
    endloop
  endfacet
  facet normal 0.992204 0.124625 -0
    outer loop
      vertex -19.3382 -34.0942 0
      vertex -19.3382 -34.0942 30
      vertex -19.3304 -34.1563 0
    endloop
  endfacet
  facet normal 0.992204 0.124625 0
    outer loop
      vertex -19.3304 -34.1563 30
      vertex -19.3304 -34.1563 0
      vertex -19.3382 -34.0942 30
    endloop
  endfacet
  facet normal 0.998083 0.0618843 -0
    outer loop
      vertex -19.3421 -34.0313 0
      vertex -19.3421 -34.0313 30
      vertex -19.3382 -34.0942 0
    endloop
  endfacet
  facet normal 0.998083 0.0618843 0
    outer loop
      vertex -19.3382 -34.0942 30
      vertex -19.3382 -34.0942 0
      vertex -19.3421 -34.0313 30
    endloop
  endfacet
  facet normal 1 0 -0
    outer loop
      vertex -19.3421 -33.9687 0
      vertex -19.3421 -33.9687 30
      vertex -19.3421 -34.0313 0
    endloop
  endfacet
  facet normal 1 -0 0
    outer loop
      vertex -19.3421 -34.0313 30
      vertex -19.3421 -34.0313 0
      vertex -19.3421 -33.9687 30
    endloop
  endfacet
  facet normal 0.998077 -0.0619825 0
    outer loop
      vertex -19.3382 -33.9059 0
      vertex -19.3382 -33.9059 30
      vertex -19.3421 -33.9687 0
    endloop
  endfacet
  facet normal 0.998077 -0.0619825 0
    outer loop
      vertex -19.3421 -33.9687 30
      vertex -19.3421 -33.9687 0
      vertex -19.3382 -33.9059 30
    endloop
  endfacet
  facet normal 0.992229 -0.124427 0
    outer loop
      vertex -19.3304 -33.8437 0
      vertex -19.3304 -33.8437 30
      vertex -19.3382 -33.9059 0
    endloop
  endfacet
  facet normal 0.992229 -0.124427 0
    outer loop
      vertex -19.3382 -33.9059 30
      vertex -19.3382 -33.9059 0
      vertex -19.3304 -33.8437 30
    endloop
  endfacet
  facet normal 0.982199 -0.187844 0
    outer loop
      vertex -19.3186 -33.782 0
      vertex -19.3186 -33.782 30
      vertex -19.3304 -33.8437 0
    endloop
  endfacet
  facet normal 0.982199 -0.187844 0
    outer loop
      vertex -19.3304 -33.8437 30
      vertex -19.3304 -33.8437 0
      vertex -19.3186 -33.782 30
    endloop
  endfacet
  facet normal 0.968438 -0.249254 0
    outer loop
      vertex -19.3029 -33.721 0
      vertex -19.3029 -33.721 30
      vertex -19.3186 -33.782 0
    endloop
  endfacet
  facet normal 0.968438 -0.249254 0
    outer loop
      vertex -19.3186 -33.782 30
      vertex -19.3186 -33.782 0
      vertex -19.3029 -33.721 30
    endloop
  endfacet
  facet normal 0.950893 -0.309519 0
    outer loop
      vertex -19.2835 -33.6614 0
      vertex -19.2835 -33.6614 30
      vertex -19.3029 -33.721 0
    endloop
  endfacet
  facet normal 0.950893 -0.309519 0
    outer loop
      vertex -19.3029 -33.721 30
      vertex -19.3029 -33.721 0
      vertex -19.2835 -33.6614 30
    endloop
  endfacet
  facet normal 0.930012 -0.36753 0
    outer loop
      vertex -19.2605 -33.6032 0
      vertex -19.2605 -33.6032 30
      vertex -19.2835 -33.6614 0
    endloop
  endfacet
  facet normal 0.930012 -0.36753 0
    outer loop
      vertex -19.2835 -33.6614 30
      vertex -19.2835 -33.6614 0
      vertex -19.2605 -33.6032 30
    endloop
  endfacet
  facet normal 0.904963 -0.425491 0
    outer loop
      vertex -19.2337 -33.5462 0
      vertex -19.2337 -33.5462 30
      vertex -19.2605 -33.6032 0
    endloop
  endfacet
  facet normal 0.904963 -0.425491 0
    outer loop
      vertex -19.2605 -33.6032 30
      vertex -19.2605 -33.6032 0
      vertex -19.2337 -33.5462 30
    endloop
  endfacet
  facet normal 0.876249 -0.481858 0
    outer loop
      vertex -19.2034 -33.4911 0
      vertex -19.2034 -33.4911 30
      vertex -19.2337 -33.5462 0
    endloop
  endfacet
  facet normal 0.876249 -0.481858 0
    outer loop
      vertex -19.2337 -33.5462 30
      vertex -19.2337 -33.5462 0
      vertex -19.2034 -33.4911 30
    endloop
  endfacet
  facet normal 0.844385 -0.535737 0
    outer loop
      vertex -19.1699 -33.4383 0
      vertex -19.1699 -33.4383 30
      vertex -19.2034 -33.4911 0
    endloop
  endfacet
  facet normal 0.844385 -0.535737 0
    outer loop
      vertex -19.2034 -33.4911 30
      vertex -19.2034 -33.4911 0
      vertex -19.1699 -33.4383 30
    endloop
  endfacet
  facet normal 0.808668 -0.588266 0
    outer loop
      vertex -19.1328 -33.3873 0
      vertex -19.1328 -33.3873 30
      vertex -19.1699 -33.4383 0
    endloop
  endfacet
  facet normal 0.808668 -0.588266 0
    outer loop
      vertex -19.1699 -33.4383 30
      vertex -19.1699 -33.4383 0
      vertex -19.1328 -33.3873 30
    endloop
  endfacet
  facet normal 0.770962 -0.636881 0
    outer loop
      vertex -19.0929 -33.339 0
      vertex -19.0929 -33.339 30
      vertex -19.1328 -33.3873 0
    endloop
  endfacet
  facet normal 0.770962 -0.636881 0
    outer loop
      vertex -19.1328 -33.3873 30
      vertex -19.1328 -33.3873 0
      vertex -19.0929 -33.339 30
    endloop
  endfacet
  facet normal 0.729041 -0.68447 0
    outer loop
      vertex -19.0499 -33.2932 0
      vertex -19.0499 -33.2932 30
      vertex -19.0929 -33.339 0
    endloop
  endfacet
  facet normal 0.729041 -0.68447 0
    outer loop
      vertex -19.0929 -33.339 30
      vertex -19.0929 -33.339 0
      vertex -19.0499 -33.2932 30
    endloop
  endfacet
  facet normal 0.68447 -0.729041 0
    outer loop
      vertex -19.0041 -33.2502 0
      vertex -19.0041 -33.2502 30
      vertex -19.0499 -33.2932 0
    endloop
  endfacet
  facet normal 0.68447 -0.729041 0
    outer loop
      vertex -19.0499 -33.2932 30
      vertex -19.0499 -33.2932 0
      vertex -19.0041 -33.2502 30
    endloop
  endfacet
  facet normal 0.637666 -0.770313 0
    outer loop
      vertex -18.9559 -33.2103 0
      vertex -18.9559 -33.2103 30
      vertex -19.0041 -33.2502 0
    endloop
  endfacet
  facet normal 0.637666 -0.770313 0
    outer loop
      vertex -19.0041 -33.2502 30
      vertex -19.0041 -33.2502 0
      vertex -18.9559 -33.2103 30
    endloop
  endfacet
  facet normal 0.586474 -0.809968 0
    outer loop
      vertex -18.9048 -33.1733 0
      vertex -18.9048 -33.1733 30
      vertex -18.9559 -33.2103 0
    endloop
  endfacet
  facet normal 0.586474 -0.809968 0
    outer loop
      vertex -18.9559 -33.2103 30
      vertex -18.9559 -33.2103 0
      vertex -18.9048 -33.1733 30
    endloop
  endfacet
  facet normal 0.536875 -0.843661 0
    outer loop
      vertex -18.852 -33.1397 0
      vertex -18.852 -33.1397 30
      vertex -18.9048 -33.1733 0
    endloop
  endfacet
  facet normal 0.536875 -0.843661 0
    outer loop
      vertex -18.9048 -33.1733 30
      vertex -18.9048 -33.1733 0
      vertex -18.852 -33.1397 30
    endloop
  endfacet
  facet normal 0.481858 -0.876249 0
    outer loop
      vertex -18.7969 -33.1094 0
      vertex -18.7969 -33.1094 30
      vertex -18.852 -33.1397 0
    endloop
  endfacet
  facet normal 0.481858 -0.876249 0
    outer loop
      vertex -18.852 -33.1397 30
      vertex -18.852 -33.1397 0
      vertex -18.7969 -33.1094 30
    endloop
  endfacet
  facet normal 0.426103 -0.904675 0
    outer loop
      vertex -18.74 -33.0826 0
      vertex -18.74 -33.0826 30
      vertex -18.7969 -33.1094 0
    endloop
  endfacet
  facet normal 0.426103 -0.904675 0
    outer loop
      vertex -18.7969 -33.1094 30
      vertex -18.7969 -33.1094 0
      vertex -18.74 -33.0826 30
    endloop
  endfacet
  facet normal 0.36753 -0.930012 0
    outer loop
      vertex -18.6818 -33.0596 0
      vertex -18.6818 -33.0596 30
      vertex -18.74 -33.0826 0
    endloop
  endfacet
  facet normal 0.36753 -0.930012 0
    outer loop
      vertex -18.74 -33.0826 30
      vertex -18.74 -33.0826 0
      vertex -18.6818 -33.0596 30
    endloop
  endfacet
  facet normal 0.30905 -0.951046 0
    outer loop
      vertex -18.6221 -33.0402 0
      vertex -18.6221 -33.0402 30
      vertex -18.6818 -33.0596 0
    endloop
  endfacet
  facet normal 0.30905 -0.951046 0
    outer loop
      vertex -18.6818 -33.0596 30
      vertex -18.6818 -33.0596 0
      vertex -18.6221 -33.0402 30
    endloop
  endfacet
  facet normal 0.247764 -0.96882 0
    outer loop
      vertex -18.5611 -33.0246 0
      vertex -18.5611 -33.0246 30
      vertex -18.6221 -33.0402 0
    endloop
  endfacet
  facet normal 0.247764 -0.96882 0
    outer loop
      vertex -18.6221 -33.0402 30
      vertex -18.6221 -33.0402 0
      vertex -18.5611 -33.0246 30
    endloop
  endfacet
  facet normal 0.187844 -0.982199 0
    outer loop
      vertex -18.4994 -33.0128 0
      vertex -18.4994 -33.0128 30
      vertex -18.5611 -33.0246 0
    endloop
  endfacet
  facet normal 0.187844 -0.982199 0
    outer loop
      vertex -18.5611 -33.0246 30
      vertex -18.5611 -33.0246 0
      vertex -18.4994 -33.0128 30
    endloop
  endfacet
  facet normal 0.126197 -0.992005 0
    outer loop
      vertex -18.4373 -33.0049 0
      vertex -18.4373 -33.0049 30
      vertex -18.4994 -33.0128 0
    endloop
  endfacet
  facet normal 0.126197 -0.992005 0
    outer loop
      vertex -18.4994 -33.0128 30
      vertex -18.4994 -33.0128 0
      vertex -18.4373 -33.0049 30
    endloop
  endfacet
  facet normal 0.0621146 -0.998069 0
    outer loop
      vertex -18.3666 -33.0005 0
      vertex -18.3666 -33.0005 30
      vertex -18.4373 -33.0049 0
    endloop
  endfacet
  facet normal 0.0621146 -0.998069 0
    outer loop
      vertex -18.4373 -33.0049 30
      vertex -18.4373 -33.0049 0
      vertex -18.3666 -33.0005 30
    endloop
  endfacet
  facet normal 0.015871 -0.999874 0
    outer loop
      vertex -18.3351 -33 0
      vertex -18.3351 -33 30
      vertex -18.3666 -33.0005 0
    endloop
  endfacet
  facet normal 0.015871 -0.999874 0
    outer loop
      vertex -18.3666 -33.0005 30
      vertex -18.3666 -33.0005 0
      vertex -18.3351 -33 30
    endloop
  endfacet
  facet normal 0 -1 0
    outer loop
      vertex -7.01593 -33 0
      vertex -7.01593 -33 30
      vertex -18.3351 -33 0
    endloop
  endfacet
  facet normal 0 -1 0
    outer loop
      vertex -18.3351 -33 30
      vertex -18.3351 -33 0
      vertex -7.01593 -33 30
    endloop
  endfacet
  facet normal -0.031718 -0.999497 0
    outer loop
      vertex -6.93715 -33.0025 0
      vertex -6.93715 -33.0025 30
      vertex -7.01593 -33 0
    endloop
  endfacet
  facet normal -0.031718 -0.999497 -0
    outer loop
      vertex -7.01593 -33 30
      vertex -7.01593 -33 0
      vertex -6.93715 -33.0025 30
    endloop
  endfacet
  facet normal -0.0940717 -0.995565 0
    outer loop
      vertex -6.87471 -33.0084 0
      vertex -6.87471 -33.0084 30
      vertex -6.93715 -33.0025 0
    endloop
  endfacet
  facet normal -0.0940717 -0.995565 -0
    outer loop
      vertex -6.93715 -33.0025 30
      vertex -6.93715 -33.0025 0
      vertex -6.87471 -33.0084 30
    endloop
  endfacet
  facet normal -0.156102 -0.987741 0
    outer loop
      vertex -6.8127 -33.0182 0
      vertex -6.8127 -33.0182 30
      vertex -6.87471 -33.0084 0
    endloop
  endfacet
  facet normal -0.156102 -0.987741 -0
    outer loop
      vertex -6.87471 -33.0084 30
      vertex -6.87471 -33.0084 0
      vertex -6.8127 -33.0182 30
    endloop
  endfacet
  facet normal -0.218212 -0.975901 0
    outer loop
      vertex -6.75143 -33.0319 0
      vertex -6.75143 -33.0319 30
      vertex -6.8127 -33.0182 0
    endloop
  endfacet
  facet normal -0.218212 -0.975901 -0
    outer loop
      vertex -6.8127 -33.0182 30
      vertex -6.8127 -33.0182 0
      vertex -6.75143 -33.0319 30
    endloop
  endfacet
  facet normal -0.278843 -0.960337 0
    outer loop
      vertex -6.69116 -33.0494 0
      vertex -6.69116 -33.0494 30
      vertex -6.75143 -33.0319 0
    endloop
  endfacet
  facet normal -0.278843 -0.960337 -0
    outer loop
      vertex -6.75143 -33.0319 30
      vertex -6.75143 -33.0319 0
      vertex -6.69116 -33.0494 30
    endloop
  endfacet
  facet normal -0.339413 -0.940637 0
    outer loop
      vertex -6.63213 -33.0707 0
      vertex -6.63213 -33.0707 30
      vertex -6.69116 -33.0494 0
    endloop
  endfacet
  facet normal -0.339413 -0.940637 -0
    outer loop
      vertex -6.69116 -33.0494 30
      vertex -6.69116 -33.0494 0
      vertex -6.63213 -33.0707 30
    endloop
  endfacet
  facet normal -0.396165 -0.918179 0
    outer loop
      vertex -6.57442 -33.0956 0
      vertex -6.57442 -33.0956 30
      vertex -6.63213 -33.0707 0
    endloop
  endfacet
  facet normal -0.396165 -0.918179 -0
    outer loop
      vertex -6.63213 -33.0707 30
      vertex -6.63213 -33.0707 0
      vertex -6.57442 -33.0956 30
    endloop
  endfacet
  facet normal -0.454638 -0.890676 0
    outer loop
      vertex -6.51839 -33.1242 0
      vertex -6.51839 -33.1242 30
      vertex -6.57442 -33.0956 0
    endloop
  endfacet
  facet normal -0.454638 -0.890676 -0
    outer loop
      vertex -6.57442 -33.0956 30
      vertex -6.57442 -33.0956 0
      vertex -6.51839 -33.1242 30
    endloop
  endfacet
  facet normal -0.509321 -0.860577 0
    outer loop
      vertex -6.46449 -33.1561 0
      vertex -6.46449 -33.1561 30
      vertex -6.51839 -33.1242 0
    endloop
  endfacet
  facet normal -0.509321 -0.860577 -0
    outer loop
      vertex -6.51839 -33.1242 30
      vertex -6.51839 -33.1242 0
      vertex -6.46449 -33.1561 30
    endloop
  endfacet
  facet normal -0.561381 -0.827558 0
    outer loop
      vertex -6.4126 -33.1913 0
      vertex -6.4126 -33.1913 30
      vertex -6.46449 -33.1561 0
    endloop
  endfacet
  facet normal -0.561381 -0.827558 -0
    outer loop
      vertex -6.46449 -33.1561 30
      vertex -6.46449 -33.1561 0
      vertex -6.4126 -33.1913 30
    endloop
  endfacet
  facet normal -0.612544 -0.790436 0
    outer loop
      vertex -6.36279 -33.2299 0
      vertex -6.36279 -33.2299 30
      vertex -6.4126 -33.1913 0
    endloop
  endfacet
  facet normal -0.612544 -0.790436 -0
    outer loop
      vertex -6.4126 -33.1913 30
      vertex -6.4126 -33.1913 0
      vertex -6.36279 -33.2299 30
    endloop
  endfacet
  facet normal -0.662202 -0.749325 0
    outer loop
      vertex -6.31583 -33.2714 0
      vertex -6.31583 -33.2714 30
      vertex -6.36279 -33.2299 0
    endloop
  endfacet
  facet normal -0.662202 -0.749325 -0
    outer loop
      vertex -6.36279 -33.2299 30
      vertex -6.36279 -33.2299 0
      vertex -6.31583 -33.2714 30
    endloop
  endfacet
  facet normal -0.70655 -0.707664 0
    outer loop
      vertex -6.27136 -33.3158 0
      vertex -6.27136 -33.3158 30
      vertex -6.31583 -33.2714 0
    endloop
  endfacet
  facet normal -0.70655 -0.707664 -0
    outer loop
      vertex -6.31583 -33.2714 30
      vertex -6.31583 -33.2714 0
      vertex -6.27136 -33.3158 30
    endloop
  endfacet
  facet normal -0.750318 -0.661078 0
    outer loop
      vertex -6.22995 -33.3628 0
      vertex -6.22995 -33.3628 30
      vertex -6.27136 -33.3158 0
    endloop
  endfacet
  facet normal -0.750318 -0.661078 -0
    outer loop
      vertex -6.27136 -33.3158 30
      vertex -6.27136 -33.3158 0
      vertex -6.22995 -33.3628 30
    endloop
  endfacet
  facet normal -0.790223 -0.612819 0
    outer loop
      vertex -6.19133 -33.4126 0
      vertex -6.19133 -33.4126 30
      vertex -6.22995 -33.3628 0
    endloop
  endfacet
  facet normal -0.790223 -0.612819 -0
    outer loop
      vertex -6.22995 -33.3628 30
      vertex -6.22995 -33.3628 0
      vertex -6.19133 -33.4126 30
    endloop
  endfacet
  facet normal -0.827015 -0.562179 0
    outer loop
      vertex -6.15605 -33.4645 0
      vertex -6.15605 -33.4645 30
      vertex -6.19133 -33.4126 0
    endloop
  endfacet
  facet normal -0.827015 -0.562179 -0
    outer loop
      vertex -6.19133 -33.4126 30
      vertex -6.19133 -33.4126 0
      vertex -6.15605 -33.4645 30
    endloop
  endfacet
  facet normal -0.860857 -0.508848 0
    outer loop
      vertex -6.12419 -33.5184 0
      vertex -6.12419 -33.5184 30
      vertex -6.15605 -33.4645 0
    endloop
  endfacet
  facet normal -0.860857 -0.508848 -0
    outer loop
      vertex -6.15605 -33.4645 30
      vertex -6.15605 -33.4645 0
      vertex -6.12419 -33.5184 30
    endloop
  endfacet
  facet normal -0.8909 -0.4542 0
    outer loop
      vertex -6.09564 -33.5744 0
      vertex -6.09564 -33.5744 30
      vertex -6.12419 -33.5184 0
    endloop
  endfacet
  facet normal -0.8909 -0.4542 -0
    outer loop
      vertex -6.12419 -33.5184 30
      vertex -6.12419 -33.5184 0
      vertex -6.09564 -33.5744 30
    endloop
  endfacet
  facet normal -0.917691 -0.397295 0
    outer loop
      vertex -6.07066 -33.6321 0
      vertex -6.07066 -33.6321 30
      vertex -6.09564 -33.5744 0
    endloop
  endfacet
  facet normal -0.917691 -0.397295 -0
    outer loop
      vertex -6.09564 -33.5744 30
      vertex -6.09564 -33.5744 0
      vertex -6.07066 -33.6321 30
    endloop
  endfacet
  facet normal -0.941019 -0.338353 0
    outer loop
      vertex -6.04941 -33.6912 0
      vertex -6.04941 -33.6912 30
      vertex -6.07066 -33.6321 0
    endloop
  endfacet
  facet normal -0.941019 -0.338353 -0
    outer loop
      vertex -6.07066 -33.6321 30
      vertex -6.07066 -33.6321 0
      vertex -6.04941 -33.6912 30
    endloop
  endfacet
  facet normal -0.960164 -0.279436 0
    outer loop
      vertex -6.03189 -33.7514 0
      vertex -6.03189 -33.7514 30
      vertex -6.04941 -33.6912 0
    endloop
  endfacet
  facet normal -0.960164 -0.279436 -0
    outer loop
      vertex -6.04941 -33.6912 30
      vertex -6.04941 -33.6912 0
      vertex -6.03189 -33.7514 30
    endloop
  endfacet
  facet normal -0.975958 -0.217959 0
    outer loop
      vertex -6.0182 -33.8127 0
      vertex -6.0182 -33.8127 30
      vertex -6.03189 -33.7514 0
    endloop
  endfacet
  facet normal -0.975958 -0.217959 -0
    outer loop
      vertex -6.03189 -33.7514 30
      vertex -6.03189 -33.7514 0
      vertex -6.0182 -33.8127 30
    endloop
  endfacet
  facet normal -0.987688 -0.156437 0
    outer loop
      vertex -6.00838 -33.8747 0
      vertex -6.00838 -33.8747 30
      vertex -6.0182 -33.8127 0
    endloop
  endfacet
  facet normal -0.987688 -0.156437 -0
    outer loop
      vertex -6.0182 -33.8127 30
      vertex -6.0182 -33.8127 0
      vertex -6.00838 -33.8747 30
    endloop
  endfacet
  facet normal -0.995559 -0.0941401 0
    outer loop
      vertex -6.00247 -33.9372 0
      vertex -6.00247 -33.9372 30
      vertex -6.00838 -33.8747 0
    endloop
  endfacet
  facet normal -0.995559 -0.0941401 -0
    outer loop
      vertex -6.00838 -33.8747 30
      vertex -6.00838 -33.8747 0
      vertex -6.00247 -33.9372 30
    endloop
  endfacet
  facet normal -0.999508 -0.0313696 0
    outer loop
      vertex -6 -34.0159 0
      vertex -6 -34.0159 30
      vertex -6.00247 -33.9372 0
    endloop
  endfacet
  facet normal -0.999508 -0.0313696 -0
    outer loop
      vertex -6.00247 -33.9372 30
      vertex -6.00247 -33.9372 0
      vertex -6 -34.0159 30
    endloop
  endfacet
  facet normal -1 0 0
    outer loop
      vertex -6 -45.3273 0
      vertex -6 -45.3273 30
      vertex -6 -34.0159 0
    endloop
  endfacet
  facet normal -1 -0 -0
    outer loop
      vertex -6 -34.0159 30
      vertex -6 -34.0159 0
      vertex -6 -45.3273 30
    endloop
  endfacet
  facet normal -0.9995 0.0316233 0
    outer loop
      vertex -6.00249 -45.406 0
      vertex -6.00249 -45.406 30
      vertex -6 -45.3273 0
    endloop
  endfacet
  facet normal -0.9995 0.0316233 0
    outer loop
      vertex -6 -45.3273 30
      vertex -6 -45.3273 0
      vertex -6.00249 -45.406 30
    endloop
  endfacet
  facet normal -0.995575 0.0939733 0
    outer loop
      vertex -6.00838 -45.4684 0
      vertex -6.00838 -45.4684 30
      vertex -6.00249 -45.406 0
    endloop
  endfacet
  facet normal -0.995575 0.0939733 0
    outer loop
      vertex -6.00249 -45.406 30
      vertex -6.00249 -45.406 0
      vertex -6.00838 -45.4684 30
    endloop
  endfacet
  facet normal -0.987688 0.156437 0
    outer loop
      vertex -6.0182 -45.5304 0
      vertex -6.0182 -45.5304 30
      vertex -6.00838 -45.4684 0
    endloop
  endfacet
  facet normal -0.987688 0.156437 0
    outer loop
      vertex -6.00838 -45.4684 30
      vertex -6.00838 -45.4684 0
      vertex -6.0182 -45.5304 30
    endloop
  endfacet
  facet normal -0.975958 0.217959 0
    outer loop
      vertex -6.03189 -45.5917 0
      vertex -6.03189 -45.5917 30
      vertex -6.0182 -45.5304 0
    endloop
  endfacet
  facet normal -0.975958 0.217959 0
    outer loop
      vertex -6.0182 -45.5304 30
      vertex -6.0182 -45.5304 0
      vertex -6.03189 -45.5917 30
    endloop
  endfacet
  facet normal -0.960288 0.279009 0
    outer loop
      vertex -6.04941 -45.652 0
      vertex -6.04941 -45.652 30
      vertex -6.03189 -45.5917 0
    endloop
  endfacet
  facet normal -0.960288 0.279009 0
    outer loop
      vertex -6.03189 -45.5917 30
      vertex -6.03189 -45.5917 0
      vertex -6.04941 -45.652 30
    endloop
  endfacet
  facet normal -0.940837 0.338861 0
    outer loop
      vertex -6.07066 -45.711 0
      vertex -6.07066 -45.711 30
      vertex -6.04941 -45.652 0
    endloop
  endfacet
  facet normal -0.940837 0.338861 0
    outer loop
      vertex -6.04941 -45.652 30
      vertex -6.04941 -45.652 0
      vertex -6.07066 -45.711 30
    endloop
  endfacet
  facet normal -0.917691 0.397295 0
    outer loop
      vertex -6.09564 -45.7687 0
      vertex -6.09564 -45.7687 30
      vertex -6.07066 -45.711 0
    endloop
  endfacet
  facet normal -0.917691 0.397295 0
    outer loop
      vertex -6.07066 -45.711 30
      vertex -6.07066 -45.711 0
      vertex -6.09564 -45.7687 30
    endloop
  endfacet
  facet normal -0.891227 0.453557 0
    outer loop
      vertex -6.12419 -45.8248 0
      vertex -6.12419 -45.8248 30
      vertex -6.09564 -45.7687 0
    endloop
  endfacet
  facet normal -0.891227 0.453557 0
    outer loop
      vertex -6.09564 -45.7687 30
      vertex -6.09564 -45.7687 0
      vertex -6.12419 -45.8248 30
    endloop
  endfacet
  facet normal -0.860442 0.509548 0
    outer loop
      vertex -6.15605 -45.8786 0
      vertex -6.15605 -45.8786 30
      vertex -6.12419 -45.8248 0
    endloop
  endfacet
  facet normal -0.860442 0.509548 0
    outer loop
      vertex -6.12419 -45.8248 30
      vertex -6.12419 -45.8248 0
      vertex -6.15605 -45.8786 30
    endloop
  endfacet
  facet normal -0.827015 0.562179 0
    outer loop
      vertex -6.19133 -45.9305 0
      vertex -6.19133 -45.9305 30
      vertex -6.15605 -45.8786 0
    endloop
  endfacet
  facet normal -0.827015 0.562179 0
    outer loop
      vertex -6.15605 -45.8786 30
      vertex -6.15605 -45.8786 0
      vertex -6.19133 -45.9305 30
    endloop
  endfacet
  facet normal -0.790223 0.612819 0
    outer loop
      vertex -6.22995 -45.9803 0
      vertex -6.22995 -45.9803 30
      vertex -6.19133 -45.9305 0
    endloop
  endfacet
  facet normal -0.790223 0.612819 0
    outer loop
      vertex -6.19133 -45.9305 30
      vertex -6.19133 -45.9305 0
      vertex -6.22995 -45.9803 30
    endloop
  endfacet
  facet normal -0.750318 0.661078 0
    outer loop
      vertex -6.27136 -46.0273 0
      vertex -6.27136 -46.0273 30
      vertex -6.22995 -45.9803 0
    endloop
  endfacet
  facet normal -0.750318 0.661078 0
    outer loop
      vertex -6.22995 -45.9803 30
      vertex -6.22995 -45.9803 0
      vertex -6.27136 -46.0273 30
    endloop
  endfacet
  facet normal -0.707345 0.706868 0
    outer loop
      vertex -6.31583 -46.0718 0
      vertex -6.31583 -46.0718 30
      vertex -6.27136 -46.0273 0
    endloop
  endfacet
  facet normal -0.707345 0.706868 0
    outer loop
      vertex -6.27136 -46.0273 30
      vertex -6.27136 -46.0273 0
      vertex -6.31583 -46.0718 30
    endloop
  endfacet
  facet normal -0.661305 0.750117 0
    outer loop
      vertex -6.36279 -46.1132 0
      vertex -6.36279 -46.1132 30
      vertex -6.31583 -46.0718 0
    endloop
  endfacet
  facet normal -0.661305 0.750117 0
    outer loop
      vertex -6.31583 -46.0718 30
      vertex -6.31583 -46.0718 0
      vertex -6.36279 -46.1132 30
    endloop
  endfacet
  facet normal -0.612544 0.790436 0
    outer loop
      vertex -6.4126 -46.1518 0
      vertex -6.4126 -46.1518 30
      vertex -6.36279 -46.1132 0
    endloop
  endfacet
  facet normal -0.612544 0.790436 0
    outer loop
      vertex -6.36279 -46.1132 30
      vertex -6.36279 -46.1132 0
      vertex -6.4126 -46.1518 30
    endloop
  endfacet
  facet normal -0.562471 0.826817 0
    outer loop
      vertex -6.46449 -46.1871 0
      vertex -6.46449 -46.1871 30
      vertex -6.4126 -46.1518 0
    endloop
  endfacet
  facet normal -0.562471 0.826817 0
    outer loop
      vertex -6.4126 -46.1518 30
      vertex -6.4126 -46.1518 0
      vertex -6.46449 -46.1871 30
    endloop
  endfacet
  facet normal -0.508137 0.861276 0
    outer loop
      vertex -6.51839 -46.2189 0
      vertex -6.51839 -46.2189 30
      vertex -6.46449 -46.1871 0
    endloop
  endfacet
  facet normal -0.508137 0.861276 0
    outer loop
      vertex -6.46449 -46.1871 30
      vertex -6.46449 -46.1871 0
      vertex -6.51839 -46.2189 30
    endloop
  endfacet
  facet normal -0.454638 0.890676 0
    outer loop
      vertex -6.57442 -46.2475 0
      vertex -6.57442 -46.2475 30
      vertex -6.51839 -46.2189 0
    endloop
  endfacet
  facet normal -0.454638 0.890676 0
    outer loop
      vertex -6.51839 -46.2189 30
      vertex -6.51839 -46.2189 0
      vertex -6.57442 -46.2475 30
    endloop
  endfacet
  facet normal -0.397505 0.9176 0
    outer loop
      vertex -6.63213 -46.2725 0
      vertex -6.63213 -46.2725 30
      vertex -6.57442 -46.2475 0
    endloop
  endfacet
  facet normal -0.397505 0.9176 0
    outer loop
      vertex -6.57442 -46.2475 30
      vertex -6.57442 -46.2475 0
      vertex -6.63213 -46.2725 30
    endloop
  endfacet
  facet normal -0.338002 0.941145 0
    outer loop
      vertex -6.69116 -46.2937 0
      vertex -6.69116 -46.2937 30
      vertex -6.63213 -46.2725 0
    endloop
  endfacet
  facet normal -0.338002 0.941145 0
    outer loop
      vertex -6.63213 -46.2725 30
      vertex -6.63213 -46.2725 0
      vertex -6.69116 -46.2937 30
    endloop
  endfacet
  facet normal -0.278843 0.960337 0
    outer loop
      vertex -6.75143 -46.3112 0
      vertex -6.75143 -46.3112 30
      vertex -6.69116 -46.2937 0
    endloop
  endfacet
  facet normal -0.278843 0.960337 0
    outer loop
      vertex -6.69116 -46.2937 30
      vertex -6.69116 -46.2937 0
      vertex -6.75143 -46.3112 30
    endloop
  endfacet
  facet normal -0.218212 0.975901 0
    outer loop
      vertex -6.8127 -46.3249 0
      vertex -6.8127 -46.3249 30
      vertex -6.75143 -46.3112 0
    endloop
  endfacet
  facet normal -0.218212 0.975901 0
    outer loop
      vertex -6.75143 -46.3112 30
      vertex -6.75143 -46.3112 0
      vertex -6.8127 -46.3249 30
    endloop
  endfacet
  facet normal -0.157655 0.987494 0
    outer loop
      vertex -6.87471 -46.3348 0
      vertex -6.87471 -46.3348 30
      vertex -6.8127 -46.3249 0
    endloop
  endfacet
  facet normal -0.157655 0.987494 0
    outer loop
      vertex -6.8127 -46.3249 30
      vertex -6.8127 -46.3249 0
      vertex -6.87471 -46.3348 30
    endloop
  endfacet
  facet normal -0.0940717 0.995565 0
    outer loop
      vertex -6.93715 -46.3407 0
      vertex -6.93715 -46.3407 30
      vertex -6.87471 -46.3348 0
    endloop
  endfacet
  facet normal -0.0940717 0.995565 0
    outer loop
      vertex -6.87471 -46.3348 30
      vertex -6.87471 -46.3348 0
      vertex -6.93715 -46.3407 30
    endloop
  endfacet
  facet normal -0.0302169 0.999543 0
    outer loop
      vertex -7 -46.3426 0
      vertex -7 -46.3426 30
      vertex -6.93715 -46.3407 0
    endloop
  endfacet
  facet normal -0.0302169 0.999543 0
    outer loop
      vertex -6.93715 -46.3407 30
      vertex -6.93715 -46.3407 0
      vertex -7 -46.3426 30
    endloop
  endfacet
  facet normal 0.0302169 0.999543 -0
    outer loop
      vertex -7.06285 -46.3407 0
      vertex -7.06285 -46.3407 30
      vertex -7 -46.3426 0
    endloop
  endfacet
  facet normal 0.0302169 0.999543 0
    outer loop
      vertex -7 -46.3426 30
      vertex -7 -46.3426 0
      vertex -7.06285 -46.3407 30
    endloop
  endfacet
  facet normal 0.0618843 0.998083 -0
    outer loop
      vertex 40.9058 -86.3382 0
      vertex 40.9058 -86.3382 30
      vertex 40.9687 -86.3421 0
    endloop
  endfacet
  facet normal 0.0618843 0.998083 0
    outer loop
      vertex 40.9687 -86.3421 30
      vertex 40.9687 -86.3421 0
      vertex 40.9058 -86.3382 30
    endloop
  endfacet
  facet normal 0.124625 0.992204 -0
    outer loop
      vertex 40.8437 -86.3304 0
      vertex 40.8437 -86.3304 30
      vertex 40.9058 -86.3382 0
    endloop
  endfacet
  facet normal 0.124625 0.992204 0
    outer loop
      vertex 40.9058 -86.3382 30
      vertex 40.9058 -86.3382 0
      vertex 40.8437 -86.3304 30
    endloop
  endfacet
  facet normal 0.187844 0.982199 -0
    outer loop
      vertex 40.782 -86.3186 0
      vertex 40.782 -86.3186 30
      vertex 40.8437 -86.3304 0
    endloop
  endfacet
  facet normal 0.187844 0.982199 0
    outer loop
      vertex 40.8437 -86.3304 30
      vertex 40.8437 -86.3304 0
      vertex 40.782 -86.3186 30
    endloop
  endfacet
  facet normal 0.249254 0.968438 -0
    outer loop
      vertex 40.721 -86.3029 0
      vertex 40.721 -86.3029 30
      vertex 40.782 -86.3186 0
    endloop
  endfacet
  facet normal 0.249254 0.968438 0
    outer loop
      vertex 40.782 -86.3186 30
      vertex 40.782 -86.3186 0
      vertex 40.721 -86.3029 30
    endloop
  endfacet
  facet normal 0.309519 0.950893 -0
    outer loop
      vertex 40.6614 -86.2835 0
      vertex 40.6614 -86.2835 30
      vertex 40.721 -86.3029 0
    endloop
  endfacet
  facet normal 0.309519 0.950893 0
    outer loop
      vertex 40.721 -86.3029 30
      vertex 40.721 -86.3029 0
      vertex 40.6614 -86.2835 30
    endloop
  endfacet
  facet normal 0.36753 0.930012 -0
    outer loop
      vertex 40.6032 -86.2605 0
      vertex 40.6032 -86.2605 30
      vertex 40.6614 -86.2835 0
    endloop
  endfacet
  facet normal 0.36753 0.930012 0
    outer loop
      vertex 40.6614 -86.2835 30
      vertex 40.6614 -86.2835 0
      vertex 40.6032 -86.2605 30
    endloop
  endfacet
  facet normal 0.425491 0.904963 -0
    outer loop
      vertex 40.5462 -86.2337 0
      vertex 40.5462 -86.2337 30
      vertex 40.6032 -86.2605 0
    endloop
  endfacet
  facet normal 0.425491 0.904963 0
    outer loop
      vertex 40.6032 -86.2605 30
      vertex 40.6032 -86.2605 0
      vertex 40.5462 -86.2337 30
    endloop
  endfacet
  facet normal 0.481858 0.876249 -0
    outer loop
      vertex 40.4911 -86.2034 0
      vertex 40.4911 -86.2034 30
      vertex 40.5462 -86.2337 0
    endloop
  endfacet
  facet normal 0.481858 0.876249 0
    outer loop
      vertex 40.5462 -86.2337 30
      vertex 40.5462 -86.2337 0
      vertex 40.4911 -86.2034 30
    endloop
  endfacet
  facet normal 0.535737 0.844385 -0
    outer loop
      vertex 40.4383 -86.1699 0
      vertex 40.4383 -86.1699 30
      vertex 40.4911 -86.2034 0
    endloop
  endfacet
  facet normal 0.535737 0.844385 0
    outer loop
      vertex 40.4911 -86.2034 30
      vertex 40.4911 -86.2034 0
      vertex 40.4383 -86.1699 30
    endloop
  endfacet
  facet normal 0.588266 0.808668 -0
    outer loop
      vertex 40.3873 -86.1328 0
      vertex 40.3873 -86.1328 30
      vertex 40.4383 -86.1699 0
    endloop
  endfacet
  facet normal 0.588266 0.808668 0
    outer loop
      vertex 40.4383 -86.1699 30
      vertex 40.4383 -86.1699 0
      vertex 40.3873 -86.1328 30
    endloop
  endfacet
  facet normal 0.636881 0.770962 -0
    outer loop
      vertex 40.339 -86.0929 0
      vertex 40.339 -86.0929 30
      vertex 40.3873 -86.1328 0
    endloop
  endfacet
  facet normal 0.636881 0.770962 0
    outer loop
      vertex 40.3873 -86.1328 30
      vertex 40.3873 -86.1328 0
      vertex 40.339 -86.0929 30
    endloop
  endfacet
  facet normal 0.68447 0.729041 -0
    outer loop
      vertex 40.2932 -86.0499 0
      vertex 40.2932 -86.0499 30
      vertex 40.339 -86.0929 0
    endloop
  endfacet
  facet normal 0.68447 0.729041 0
    outer loop
      vertex 40.339 -86.0929 30
      vertex 40.339 -86.0929 0
      vertex 40.2932 -86.0499 30
    endloop
  endfacet
  facet normal 0.729041 0.68447 -0
    outer loop
      vertex 40.2502 -86.0041 0
      vertex 40.2502 -86.0041 30
      vertex 40.2932 -86.0499 0
    endloop
  endfacet
  facet normal 0.729041 0.68447 0
    outer loop
      vertex 40.2932 -86.0499 30
      vertex 40.2932 -86.0499 0
      vertex 40.2502 -86.0041 30
    endloop
  endfacet
  facet normal 0.770313 0.637666 -0
    outer loop
      vertex 40.2103 -85.9559 0
      vertex 40.2103 -85.9559 30
      vertex 40.2502 -86.0041 0
    endloop
  endfacet
  facet normal 0.770313 0.637666 0
    outer loop
      vertex 40.2502 -86.0041 30
      vertex 40.2502 -86.0041 0
      vertex 40.2103 -85.9559 30
    endloop
  endfacet
  facet normal 0.809968 0.586474 -0
    outer loop
      vertex 40.1733 -85.9048 0
      vertex 40.1733 -85.9048 30
      vertex 40.2103 -85.9559 0
    endloop
  endfacet
  facet normal 0.809968 0.586474 0
    outer loop
      vertex 40.2103 -85.9559 30
      vertex 40.2103 -85.9559 0
      vertex 40.1733 -85.9048 30
    endloop
  endfacet
  facet normal 0.843661 0.536875 -0
    outer loop
      vertex 40.1397 -85.852 0
      vertex 40.1397 -85.852 30
      vertex 40.1733 -85.9048 0
    endloop
  endfacet
  facet normal 0.843661 0.536875 0
    outer loop
      vertex 40.1733 -85.9048 30
      vertex 40.1733 -85.9048 0
      vertex 40.1397 -85.852 30
    endloop
  endfacet
  facet normal 0.876249 0.481858 -0
    outer loop
      vertex 40.1094 -85.7969 0
      vertex 40.1094 -85.7969 30
      vertex 40.1397 -85.852 0
    endloop
  endfacet
  facet normal 0.876249 0.481858 0
    outer loop
      vertex 40.1397 -85.852 30
      vertex 40.1397 -85.852 0
      vertex 40.1094 -85.7969 30
    endloop
  endfacet
  facet normal 0.904675 0.426103 -0
    outer loop
      vertex 40.0826 -85.74 0
      vertex 40.0826 -85.74 30
      vertex 40.1094 -85.7969 0
    endloop
  endfacet
  facet normal 0.904675 0.426103 0
    outer loop
      vertex 40.1094 -85.7969 30
      vertex 40.1094 -85.7969 0
      vertex 40.0826 -85.74 30
    endloop
  endfacet
  facet normal 0.930012 0.36753 -0
    outer loop
      vertex 40.0596 -85.6818 0
      vertex 40.0596 -85.6818 30
      vertex 40.0826 -85.74 0
    endloop
  endfacet
  facet normal 0.930012 0.36753 0
    outer loop
      vertex 40.0826 -85.74 30
      vertex 40.0826 -85.74 0
      vertex 40.0596 -85.6818 30
    endloop
  endfacet
  facet normal 0.951046 0.30905 -0
    outer loop
      vertex 40.0402 -85.6221 0
      vertex 40.0402 -85.6221 30
      vertex 40.0596 -85.6818 0
    endloop
  endfacet
  facet normal 0.951046 0.30905 0
    outer loop
      vertex 40.0596 -85.6818 30
      vertex 40.0596 -85.6818 0
      vertex 40.0402 -85.6221 30
    endloop
  endfacet
  facet normal 0.96882 0.247764 -0
    outer loop
      vertex 40.0246 -85.5611 0
      vertex 40.0246 -85.5611 30
      vertex 40.0402 -85.6221 0
    endloop
  endfacet
  facet normal 0.96882 0.247764 0
    outer loop
      vertex 40.0402 -85.6221 30
      vertex 40.0402 -85.6221 0
      vertex 40.0246 -85.5611 30
    endloop
  endfacet
  facet normal 0.982199 0.187844 -0
    outer loop
      vertex 40.0128 -85.4994 0
      vertex 40.0128 -85.4994 30
      vertex 40.0246 -85.5611 0
    endloop
  endfacet
  facet normal 0.982199 0.187844 0
    outer loop
      vertex 40.0246 -85.5611 30
      vertex 40.0246 -85.5611 0
      vertex 40.0128 -85.4994 30
    endloop
  endfacet
  facet normal 0.992005 0.126197 -0
    outer loop
      vertex 40.0049 -85.4373 0
      vertex 40.0049 -85.4373 30
      vertex 40.0128 -85.4994 0
    endloop
  endfacet
  facet normal 0.992005 0.126197 0
    outer loop
      vertex 40.0128 -85.4994 30
      vertex 40.0128 -85.4994 0
      vertex 40.0049 -85.4373 30
    endloop
  endfacet
  facet normal 0.998069 0.0621146 -0
    outer loop
      vertex 40.0005 -85.3666 0
      vertex 40.0005 -85.3666 30
      vertex 40.0049 -85.4373 0
    endloop
  endfacet
  facet normal 0.998069 0.0621146 0
    outer loop
      vertex 40.0049 -85.4373 30
      vertex 40.0049 -85.4373 0
      vertex 40.0005 -85.3666 30
    endloop
  endfacet
  facet normal 0.999874 0.015871 -0
    outer loop
      vertex 40 -85.3351 0
      vertex 40 -85.3351 30
      vertex 40.0005 -85.3666 0
    endloop
  endfacet
  facet normal 0.999874 0.015871 0
    outer loop
      vertex 40.0005 -85.3666 30
      vertex 40.0005 -85.3666 0
      vertex 40 -85.3351 30
    endloop
  endfacet
  facet normal 1 0 -0
    outer loop
      vertex 40 -74.0159 0
      vertex 40 -74.0159 30
      vertex 40 -85.3351 0
    endloop
  endfacet
  facet normal 1 -0 0
    outer loop
      vertex 40 -85.3351 30
      vertex 40 -85.3351 0
      vertex 40 -74.0159 30
    endloop
  endfacet
  facet normal 0.999496 -0.0317502 0
    outer loop
      vertex 40.0025 -73.9372 0
      vertex 40.0025 -73.9372 30
      vertex 40 -74.0159 0
    endloop
  endfacet
  facet normal 0.999496 -0.0317502 0
    outer loop
      vertex 40 -74.0159 30
      vertex 40 -74.0159 0
      vertex 40.0025 -73.9372 30
    endloop
  endfacet
  facet normal 0.995574 -0.0939822 0
    outer loop
      vertex 40.0084 -73.8747 0
      vertex 40.0084 -73.8747 30
      vertex 40.0025 -73.9372 0
    endloop
  endfacet
  facet normal 0.995574 -0.0939822 0
    outer loop
      vertex 40.0025 -73.9372 30
      vertex 40.0025 -73.9372 0
      vertex 40.0084 -73.8747 30
    endloop
  endfacet
  facet normal 0.987737 -0.156126 0
    outer loop
      vertex 40.0182 -73.8127 0
      vertex 40.0182 -73.8127 30
      vertex 40.0084 -73.8747 0
    endloop
  endfacet
  facet normal 0.987737 -0.156126 0
    outer loop
      vertex 40.0084 -73.8747 30
      vertex 40.0084 -73.8747 0
      vertex 40.0182 -73.8127 30
    endloop
  endfacet
  facet normal 0.975924 -0.21811 0
    outer loop
      vertex 40.0319 -73.7514 0
      vertex 40.0319 -73.7514 30
      vertex 40.0182 -73.8127 0
    endloop
  endfacet
  facet normal 0.975924 -0.21811 0
    outer loop
      vertex 40.0182 -73.8127 30
      vertex 40.0182 -73.8127 0
      vertex 40.0319 -73.7514 30
    endloop
  endfacet
  facet normal 0.96025 -0.279142 0
    outer loop
      vertex 40.0494 -73.6912 0
      vertex 40.0494 -73.6912 30
      vertex 40.0319 -73.7514 0
    endloop
  endfacet
  facet normal 0.96025 -0.279142 0
    outer loop
      vertex 40.0319 -73.7514 30
      vertex 40.0319 -73.7514 0
      vertex 40.0494 -73.6912 30
    endloop
  endfacet
  facet normal 0.940766 -0.339058 0
    outer loop
      vertex 40.0707 -73.6321 0
      vertex 40.0707 -73.6321 30
      vertex 40.0494 -73.6912 0
    endloop
  endfacet
  facet normal 0.940766 -0.339058 0
    outer loop
      vertex 40.0494 -73.6912 30
      vertex 40.0494 -73.6912 0
      vertex 40.0707 -73.6321 30
    endloop
  endfacet
  facet normal 0.918154 -0.396223 0
    outer loop
      vertex 40.0956 -73.5744 0
      vertex 40.0956 -73.5744 30
      vertex 40.0707 -73.6321 0
    endloop
  endfacet
  facet normal 0.918154 -0.396223 0
    outer loop
      vertex 40.0707 -73.6321 30
      vertex 40.0707 -73.6321 0
      vertex 40.0956 -73.5744 30
    endloop
  endfacet
  facet normal 0.890578 -0.454831 0
    outer loop
      vertex 40.1242 -73.5184 0
      vertex 40.1242 -73.5184 30
      vertex 40.0956 -73.5744 0
    endloop
  endfacet
  facet normal 0.890578 -0.454831 0
    outer loop
      vertex 40.0956 -73.5744 30
      vertex 40.0956 -73.5744 0
      vertex 40.1242 -73.5184 30
    endloop
  endfacet
  facet normal 0.860577 -0.509321 0
    outer loop
      vertex 40.1561 -73.4645 0
      vertex 40.1561 -73.4645 30
      vertex 40.1242 -73.5184 0
    endloop
  endfacet
  facet normal 0.860577 -0.509321 0
    outer loop
      vertex 40.1242 -73.5184 30
      vertex 40.1242 -73.5184 0
      vertex 40.1561 -73.4645 30
    endloop
  endfacet
  facet normal 0.827608 -0.561306 0
    outer loop
      vertex 40.1913 -73.4126 0
      vertex 40.1913 -73.4126 30
      vertex 40.1561 -73.4645 0
    endloop
  endfacet
  facet normal 0.827608 -0.561306 0
    outer loop
      vertex 40.1561 -73.4645 30
      vertex 40.1561 -73.4645 0
      vertex 40.1913 -73.4126 30
    endloop
  endfacet
  facet normal 0.790377 -0.612621 0
    outer loop
      vertex 40.2299 -73.3628 0
      vertex 40.2299 -73.3628 30
      vertex 40.1913 -73.4126 0
    endloop
  endfacet
  facet normal 0.790377 -0.612621 0
    outer loop
      vertex 40.1913 -73.4126 30
      vertex 40.1913 -73.4126 0
      vertex 40.2299 -73.3628 30
    endloop
  endfacet
  facet normal 0.749605 -0.661885 0
    outer loop
      vertex 40.2714 -73.3158 0
      vertex 40.2714 -73.3158 30
      vertex 40.2299 -73.3628 0
    endloop
  endfacet
  facet normal 0.749605 -0.661885 0
    outer loop
      vertex 40.2299 -73.3628 30
      vertex 40.2299 -73.3628 0
      vertex 40.2714 -73.3158 30
    endloop
  endfacet
  facet normal 0.707107 -0.707107 0
    outer loop
      vertex 40.3158 -73.2714 0
      vertex 40.3158 -73.2714 30
      vertex 40.2714 -73.3158 0
    endloop
  endfacet
  facet normal 0.707107 -0.707107 0
    outer loop
      vertex 40.2714 -73.3158 30
      vertex 40.2714 -73.3158 0
      vertex 40.3158 -73.2714 30
    endloop
  endfacet
  facet normal 0.661885 -0.749605 0
    outer loop
      vertex 40.3628 -73.2299 0
      vertex 40.3628 -73.2299 30
      vertex 40.3158 -73.2714 0
    endloop
  endfacet
  facet normal 0.661885 -0.749605 0
    outer loop
      vertex 40.3158 -73.2714 30
      vertex 40.3158 -73.2714 0
      vertex 40.3628 -73.2299 30
    endloop
  endfacet
  facet normal 0.612621 -0.790377 0
    outer loop
      vertex 40.4126 -73.1913 0
      vertex 40.4126 -73.1913 30
      vertex 40.3628 -73.2299 0
    endloop
  endfacet
  facet normal 0.612621 -0.790377 0
    outer loop
      vertex 40.3628 -73.2299 30
      vertex 40.3628 -73.2299 0
      vertex 40.4126 -73.1913 30
    endloop
  endfacet
  facet normal 0.561306 -0.827608 0
    outer loop
      vertex 40.4645 -73.1561 0
      vertex 40.4645 -73.1561 30
      vertex 40.4126 -73.1913 0
    endloop
  endfacet
  facet normal 0.561306 -0.827608 0
    outer loop
      vertex 40.4126 -73.1913 30
      vertex 40.4126 -73.1913 0
      vertex 40.4645 -73.1561 30
    endloop
  endfacet
  facet normal 0.509321 -0.860577 0
    outer loop
      vertex 40.5184 -73.1242 0
      vertex 40.5184 -73.1242 30
      vertex 40.4645 -73.1561 0
    endloop
  endfacet
  facet normal 0.509321 -0.860577 0
    outer loop
      vertex 40.4645 -73.1561 30
      vertex 40.4645 -73.1561 0
      vertex 40.5184 -73.1242 30
    endloop
  endfacet
  facet normal 0.454831 -0.890578 0
    outer loop
      vertex 40.5744 -73.0956 0
      vertex 40.5744 -73.0956 30
      vertex 40.5184 -73.1242 0
    endloop
  endfacet
  facet normal 0.454831 -0.890578 0
    outer loop
      vertex 40.5184 -73.1242 30
      vertex 40.5184 -73.1242 0
      vertex 40.5744 -73.0956 30
    endloop
  endfacet
  facet normal 0.396223 -0.918154 0
    outer loop
      vertex 40.6321 -73.0707 0
      vertex 40.6321 -73.0707 30
      vertex 40.5744 -73.0956 0
    endloop
  endfacet
  facet normal 0.396223 -0.918154 0
    outer loop
      vertex 40.5744 -73.0956 30
      vertex 40.5744 -73.0956 0
      vertex 40.6321 -73.0707 30
    endloop
  endfacet
  facet normal 0.339058 -0.940766 0
    outer loop
      vertex 40.6912 -73.0494 0
      vertex 40.6912 -73.0494 30
      vertex 40.6321 -73.0707 0
    endloop
  endfacet
  facet normal 0.339058 -0.940766 0
    outer loop
      vertex 40.6321 -73.0707 30
      vertex 40.6321 -73.0707 0
      vertex 40.6912 -73.0494 30
    endloop
  endfacet
  facet normal 0.279142 -0.96025 0
    outer loop
      vertex 40.7514 -73.0319 0
      vertex 40.7514 -73.0319 30
      vertex 40.6912 -73.0494 0
    endloop
  endfacet
  facet normal 0.279142 -0.96025 0
    outer loop
      vertex 40.6912 -73.0494 30
      vertex 40.6912 -73.0494 0
      vertex 40.7514 -73.0319 30
    endloop
  endfacet
  facet normal 0.21811 -0.975924 0
    outer loop
      vertex 40.8127 -73.0182 0
      vertex 40.8127 -73.0182 30
      vertex 40.7514 -73.0319 0
    endloop
  endfacet
  facet normal 0.21811 -0.975924 0
    outer loop
      vertex 40.7514 -73.0319 30
      vertex 40.7514 -73.0319 0
      vertex 40.8127 -73.0182 30
    endloop
  endfacet
  facet normal 0.156126 -0.987737 0
    outer loop
      vertex 40.8747 -73.0084 0
      vertex 40.8747 -73.0084 30
      vertex 40.8127 -73.0182 0
    endloop
  endfacet
  facet normal 0.156126 -0.987737 0
    outer loop
      vertex 40.8127 -73.0182 30
      vertex 40.8127 -73.0182 0
      vertex 40.8747 -73.0084 30
    endloop
  endfacet
  facet normal 0.0941315 -0.99556 0
    outer loop
      vertex 40.9371 -73.0025 0
      vertex 40.9371 -73.0025 30
      vertex 40.8747 -73.0084 0
    endloop
  endfacet
  facet normal 0.0941315 -0.99556 0
    outer loop
      vertex 40.8747 -73.0084 30
      vertex 40.8747 -73.0084 0
      vertex 40.9371 -73.0025 30
    endloop
  endfacet
  facet normal 0.0317099 -0.999497 0
    outer loop
      vertex 41.0159 -73 0
      vertex 41.0159 -73 30
      vertex 40.9371 -73.0025 0
    endloop
  endfacet
  facet normal 0.0317099 -0.999497 0
    outer loop
      vertex 40.9371 -73.0025 30
      vertex 40.9371 -73.0025 0
      vertex 41.0159 -73 30
    endloop
  endfacet
  facet normal 0 -1 0
    outer loop
      vertex 52.3272 -73 0
      vertex 52.3272 -73 30
      vertex 41.0159 -73 0
    endloop
  endfacet
  facet normal 0 -1 0
    outer loop
      vertex 41.0159 -73 30
      vertex 41.0159 -73 0
      vertex 52.3272 -73 30
    endloop
  endfacet
  facet normal -0.0317099 -0.999497 0
    outer loop
      vertex 52.406 -73.0025 0
      vertex 52.406 -73.0025 30
      vertex 52.3272 -73 0
    endloop
  endfacet
  facet normal -0.0317099 -0.999497 -0
    outer loop
      vertex 52.3272 -73 30
      vertex 52.3272 -73 0
      vertex 52.406 -73.0025 30
    endloop
  endfacet
  facet normal -0.0941315 -0.99556 0
    outer loop
      vertex 52.4684 -73.0084 0
      vertex 52.4684 -73.0084 30
      vertex 52.406 -73.0025 0
    endloop
  endfacet
  facet normal -0.0941315 -0.99556 -0
    outer loop
      vertex 52.406 -73.0025 30
      vertex 52.406 -73.0025 0
      vertex 52.4684 -73.0084 30
    endloop
  endfacet
  facet normal -0.156126 -0.987737 0
    outer loop
      vertex 52.5304 -73.0182 0
      vertex 52.5304 -73.0182 30
      vertex 52.4684 -73.0084 0
    endloop
  endfacet
  facet normal -0.156126 -0.987737 -0
    outer loop
      vertex 52.4684 -73.0084 30
      vertex 52.4684 -73.0084 0
      vertex 52.5304 -73.0182 30
    endloop
  endfacet
  facet normal -0.21811 -0.975924 0
    outer loop
      vertex 52.5917 -73.0319 0
      vertex 52.5917 -73.0319 30
      vertex 52.5304 -73.0182 0
    endloop
  endfacet
  facet normal -0.21811 -0.975924 -0
    outer loop
      vertex 52.5304 -73.0182 30
      vertex 52.5304 -73.0182 0
      vertex 52.5917 -73.0319 30
    endloop
  endfacet
  facet normal -0.278715 -0.960374 0
    outer loop
      vertex 52.652 -73.0494 0
      vertex 52.652 -73.0494 30
      vertex 52.5917 -73.0319 0
    endloop
  endfacet
  facet normal -0.278715 -0.960374 -0
    outer loop
      vertex 52.5917 -73.0319 30
      vertex 52.5917 -73.0319 0
      vertex 52.652 -73.0494 30
    endloop
  endfacet
  facet normal -0.339566 -0.940582 0
    outer loop
      vertex 52.711 -73.0707 0
      vertex 52.711 -73.0707 30
      vertex 52.652 -73.0494 0
    endloop
  endfacet
  facet normal -0.339566 -0.940582 -0
    outer loop
      vertex 52.652 -73.0494 30
      vertex 52.652 -73.0494 0
      vertex 52.711 -73.0707 30
    endloop
  endfacet
  facet normal -0.396223 -0.918154 0
    outer loop
      vertex 52.7687 -73.0956 0
      vertex 52.7687 -73.0956 30
      vertex 52.711 -73.0707 0
    endloop
  endfacet
  facet normal -0.396223 -0.918154 -0
    outer loop
      vertex 52.711 -73.0707 30
      vertex 52.711 -73.0707 0
      vertex 52.7687 -73.0956 30
    endloop
  endfacet
  facet normal -0.454187 -0.890906 0
    outer loop
      vertex 52.8248 -73.1242 0
      vertex 52.8248 -73.1242 30
      vertex 52.7687 -73.0956 0
    endloop
  endfacet
  facet normal -0.454187 -0.890906 -0
    outer loop
      vertex 52.7687 -73.0956 30
      vertex 52.7687 -73.0956 0
      vertex 52.8248 -73.1242 30
    endloop
  endfacet
  facet normal -0.510022 -0.860162 0
    outer loop
      vertex 52.8786 -73.1561 0
      vertex 52.8786 -73.1561 30
      vertex 52.8248 -73.1242 0
    endloop
  endfacet
  facet normal -0.510022 -0.860162 -0
    outer loop
      vertex 52.8248 -73.1242 30
      vertex 52.8248 -73.1242 0
      vertex 52.8786 -73.1561 30
    endloop
  endfacet
  facet normal -0.561306 -0.827608 0
    outer loop
      vertex 52.9305 -73.1913 0
      vertex 52.9305 -73.1913 30
      vertex 52.8786 -73.1561 0
    endloop
  endfacet
  facet normal -0.561306 -0.827608 -0
    outer loop
      vertex 52.8786 -73.1561 30
      vertex 52.8786 -73.1561 0
      vertex 52.9305 -73.1913 30
    endloop
  endfacet
  facet normal -0.612621 -0.790377 0
    outer loop
      vertex 52.9803 -73.2299 0
      vertex 52.9803 -73.2299 30
      vertex 52.9305 -73.1913 0
    endloop
  endfacet
  facet normal -0.612621 -0.790377 -0
    outer loop
      vertex 52.9305 -73.1913 30
      vertex 52.9305 -73.1913 0
      vertex 52.9803 -73.2299 30
    endloop
  endfacet
  facet normal -0.661885 -0.749605 0
    outer loop
      vertex 53.0273 -73.2714 0
      vertex 53.0273 -73.2714 30
      vertex 52.9803 -73.2299 0
    endloop
  endfacet
  facet normal -0.661885 -0.749605 -0
    outer loop
      vertex 52.9803 -73.2299 30
      vertex 52.9803 -73.2299 0
      vertex 53.0273 -73.2714 30
    endloop
  endfacet
  facet normal -0.706311 -0.707902 0
    outer loop
      vertex 53.0718 -73.3158 0
      vertex 53.0718 -73.3158 30
      vertex 53.0273 -73.2714 0
    endloop
  endfacet
  facet normal -0.706311 -0.707902 -0
    outer loop
      vertex 53.0273 -73.2714 30
      vertex 53.0273 -73.2714 0
      vertex 53.0718 -73.3158 30
    endloop
  endfacet
  facet normal -0.750397 -0.660988 0
    outer loop
      vertex 53.1132 -73.3628 0
      vertex 53.1132 -73.3628 30
      vertex 53.0718 -73.3158 0
    endloop
  endfacet
  facet normal -0.750397 -0.660988 -0
    outer loop
      vertex 53.0718 -73.3158 30
      vertex 53.0718 -73.3158 0
      vertex 53.1132 -73.3628 30
    endloop
  endfacet
  facet normal -0.790377 -0.612621 0
    outer loop
      vertex 53.1518 -73.4126 0
      vertex 53.1518 -73.4126 30
      vertex 53.1132 -73.3628 0
    endloop
  endfacet
  facet normal -0.790377 -0.612621 -0
    outer loop
      vertex 53.1132 -73.3628 30
      vertex 53.1132 -73.3628 0
      vertex 53.1518 -73.4126 30
    endloop
  endfacet
  facet normal -0.826867 -0.562397 0
    outer loop
      vertex 53.1871 -73.4645 0
      vertex 53.1871 -73.4645 30
      vertex 53.1518 -73.4126 0
    endloop
  endfacet
  facet normal -0.826867 -0.562397 -0
    outer loop
      vertex 53.1518 -73.4126 30
      vertex 53.1518 -73.4126 0
      vertex 53.1871 -73.4645 30
    endloop
  endfacet
  facet normal -0.861276 -0.508137 0
    outer loop
      vertex 53.2189 -73.5184 0
      vertex 53.2189 -73.5184 30
      vertex 53.1871 -73.4645 0
    endloop
  endfacet
  facet normal -0.861276 -0.508137 -0
    outer loop
      vertex 53.1871 -73.4645 30
      vertex 53.1871 -73.4645 0
      vertex 53.2189 -73.5184 30
    endloop
  endfacet
  facet normal -0.890578 -0.454831 0
    outer loop
      vertex 53.2475 -73.5744 0
      vertex 53.2475 -73.5744 30
      vertex 53.2189 -73.5184 0
    endloop
  endfacet
  facet normal -0.890578 -0.454831 -0
    outer loop
      vertex 53.2189 -73.5184 30
      vertex 53.2189 -73.5184 0
      vertex 53.2475 -73.5744 30
    endloop
  endfacet
  facet normal -0.917575 -0.397563 0
    outer loop
      vertex 53.2725 -73.6321 0
      vertex 53.2725 -73.6321 30
      vertex 53.2475 -73.5744 0
    endloop
  endfacet
  facet normal -0.917575 -0.397563 -0
    outer loop
      vertex 53.2475 -73.5744 30
      vertex 53.2475 -73.5744 0
      vertex 53.2725 -73.6321 30
    endloop
  endfacet
  facet normal -0.941273 -0.337648 0
    outer loop
      vertex 53.2937 -73.6912 0
      vertex 53.2937 -73.6912 30
      vertex 53.2725 -73.6321 0
    endloop
  endfacet
  facet normal -0.941273 -0.337648 -0
    outer loop
      vertex 53.2725 -73.6321 30
      vertex 53.2725 -73.6321 0
      vertex 53.2937 -73.6912 30
    endloop
  endfacet
  facet normal -0.96025 -0.279142 0
    outer loop
      vertex 53.3112 -73.7514 0
      vertex 53.3112 -73.7514 30
      vertex 53.2937 -73.6912 0
    endloop
  endfacet
  facet normal -0.96025 -0.279142 -0
    outer loop
      vertex 53.2937 -73.6912 30
      vertex 53.2937 -73.6912 0
      vertex 53.3112 -73.7514 30
    endloop
  endfacet
  facet normal -0.975924 -0.21811 0
    outer loop
      vertex 53.3249 -73.8127 0
      vertex 53.3249 -73.8127 30
      vertex 53.3112 -73.7514 0
    endloop
  endfacet
  facet normal -0.975924 -0.21811 -0
    outer loop
      vertex 53.3112 -73.7514 30
      vertex 53.3112 -73.7514 0
      vertex 53.3249 -73.8127 30
    endloop
  endfacet
  facet normal -0.98749 -0.15768 0
    outer loop
      vertex 53.3348 -73.8747 0
      vertex 53.3348 -73.8747 30
      vertex 53.3249 -73.8127 0
    endloop
  endfacet
  facet normal -0.98749 -0.15768 -0
    outer loop
      vertex 53.3249 -73.8127 30
      vertex 53.3249 -73.8127 0
      vertex 53.3348 -73.8747 30
    endloop
  endfacet
  facet normal -0.995574 -0.0939822 0
    outer loop
      vertex 53.3407 -73.9372 0
      vertex 53.3407 -73.9372 30
      vertex 53.3348 -73.8747 0
    endloop
  endfacet
  facet normal -0.995574 -0.0939822 -0
    outer loop
      vertex 53.3348 -73.8747 30
      vertex 53.3348 -73.8747 0
      vertex 53.3407 -73.9372 30
    endloop
  endfacet
  facet normal -0.999543 -0.0302409 0
    outer loop
      vertex 53.3426 -74 0
      vertex 53.3426 -74 30
      vertex 53.3407 -73.9372 0
    endloop
  endfacet
  facet normal -0.999543 -0.0302409 -0
    outer loop
      vertex 53.3407 -73.9372 30
      vertex 53.3407 -73.9372 0
      vertex 53.3426 -74 30
    endloop
  endfacet
  facet normal -0.999544 0.0301929 0
    outer loop
      vertex 53.3407 -74.0629 0
      vertex 53.3407 -74.0629 30
      vertex 53.3426 -74 0
    endloop
  endfacet
  facet normal -0.999544 0.0301929 0
    outer loop
      vertex 53.3426 -74 30
      vertex 53.3426 -74 0
      vertex 53.3407 -74.0629 30
    endloop
  endfacet
  facet normal -0.99556 0.0941315 0
    outer loop
      vertex 53.3348 -74.1253 0
      vertex 53.3348 -74.1253 30
      vertex 53.3407 -74.0629 0
    endloop
  endfacet
  facet normal -0.99556 0.0941315 0
    outer loop
      vertex 53.3407 -74.0629 30
      vertex 53.3407 -74.0629 0
      vertex 53.3348 -74.1253 30
    endloop
  endfacet
  facet normal -0.98749 0.15768 0
    outer loop
      vertex 53.3249 -74.1873 0
      vertex 53.3249 -74.1873 30
      vertex 53.3348 -74.1253 0
    endloop
  endfacet
  facet normal -0.98749 0.15768 0
    outer loop
      vertex 53.3348 -74.1253 30
      vertex 53.3348 -74.1253 0
      vertex 53.3249 -74.1873 30
    endloop
  endfacet
  facet normal -0.975924 0.21811 0
    outer loop
      vertex 53.3112 -74.2486 0
      vertex 53.3112 -74.2486 30
      vertex 53.3249 -74.1873 0
    endloop
  endfacet
  facet normal -0.975924 0.21811 0
    outer loop
      vertex 53.3249 -74.1873 30
      vertex 53.3249 -74.1873 0
      vertex 53.3112 -74.2486 30
    endloop
  endfacet
  facet normal -0.96025 0.279142 0
    outer loop
      vertex 53.2937 -74.3088 0
      vertex 53.2937 -74.3088 30
      vertex 53.3112 -74.2486 0
    endloop
  endfacet
  facet normal -0.96025 0.279142 0
    outer loop
      vertex 53.3112 -74.2486 30
      vertex 53.3112 -74.2486 0
      vertex 53.2937 -74.3088 30
    endloop
  endfacet
  facet normal -0.941273 0.337648 0
    outer loop
      vertex 53.2725 -74.3679 0
      vertex 53.2725 -74.3679 30
      vertex 53.2937 -74.3088 0
    endloop
  endfacet
  facet normal -0.941273 0.337648 0
    outer loop
      vertex 53.2937 -74.3088 30
      vertex 53.2937 -74.3088 0
      vertex 53.2725 -74.3679 30
    endloop
  endfacet
  facet normal -0.917575 0.397563 0
    outer loop
      vertex 53.2475 -74.4256 0
      vertex 53.2475 -74.4256 30
      vertex 53.2725 -74.3679 0
    endloop
  endfacet
  facet normal -0.917575 0.397563 0
    outer loop
      vertex 53.2725 -74.3679 30
      vertex 53.2725 -74.3679 0
      vertex 53.2475 -74.4256 30
    endloop
  endfacet
  facet normal -0.890578 0.454831 0
    outer loop
      vertex 53.2189 -74.4816 0
      vertex 53.2189 -74.4816 30
      vertex 53.2475 -74.4256 0
    endloop
  endfacet
  facet normal -0.890578 0.454831 0
    outer loop
      vertex 53.2475 -74.4256 30
      vertex 53.2475 -74.4256 0
      vertex 53.2189 -74.4816 30
    endloop
  endfacet
  facet normal -0.861276 0.508137 0
    outer loop
      vertex 53.1871 -74.5355 0
      vertex 53.1871 -74.5355 30
      vertex 53.2189 -74.4816 0
    endloop
  endfacet
  facet normal -0.861276 0.508137 0
    outer loop
      vertex 53.2189 -74.4816 30
      vertex 53.2189 -74.4816 0
      vertex 53.1871 -74.5355 30
    endloop
  endfacet
  facet normal -0.826867 0.562397 0
    outer loop
      vertex 53.1518 -74.5874 0
      vertex 53.1518 -74.5874 30
      vertex 53.1871 -74.5355 0
    endloop
  endfacet
  facet normal -0.826867 0.562397 0
    outer loop
      vertex 53.1871 -74.5355 30
      vertex 53.1871 -74.5355 0
      vertex 53.1518 -74.5874 30
    endloop
  endfacet
  facet normal -0.790377 0.612621 0
    outer loop
      vertex 53.1132 -74.6372 0
      vertex 53.1132 -74.6372 30
      vertex 53.1518 -74.5874 0
    endloop
  endfacet
  facet normal -0.790377 0.612621 0
    outer loop
      vertex 53.1518 -74.5874 30
      vertex 53.1518 -74.5874 0
      vertex 53.1132 -74.6372 30
    endloop
  endfacet
  facet normal -0.750292 0.661106 0
    outer loop
      vertex 53.0665 -74.6902 0
      vertex 53.0665 -74.6902 30
      vertex 53.1132 -74.6372 0
    endloop
  endfacet
  facet normal -0.750292 0.661106 0
    outer loop
      vertex 53.1132 -74.6372 30
      vertex 53.1132 -74.6372 0
      vertex 53.0665 -74.6902 30
    endloop
  endfacet
  facet normal -0.718291 0.695743 0
    outer loop
      vertex 53.0449 -74.7125 0
      vertex 53.0449 -74.7125 30
      vertex 53.0665 -74.6902 0
    endloop
  endfacet
  facet normal -0.718291 0.695743 0
    outer loop
      vertex 53.0665 -74.6902 30
      vertex 53.0665 -74.6902 0
      vertex 53.0449 -74.7125 30
    endloop
  endfacet
  facet normal -0.707107 0.707107 0
    outer loop
      vertex 41.7182 -86.0392 0
      vertex 41.7182 -86.0392 30
      vertex 53.0449 -74.7125 0
    endloop
  endfacet
  facet normal -0.707107 0.707107 0
    outer loop
      vertex 53.0449 -74.7125 30
      vertex 53.0449 -74.7125 0
      vertex 41.7182 -86.0392 30
    endloop
  endfacet
  facet normal -0.68445 0.72906 0
    outer loop
      vertex 41.661 -86.0929 0
      vertex 41.661 -86.0929 30
      vertex 41.7182 -86.0392 0
    endloop
  endfacet
  facet normal -0.68445 0.72906 0
    outer loop
      vertex 41.7182 -86.0392 30
      vertex 41.7182 -86.0392 0
      vertex 41.661 -86.0929 30
    endloop
  endfacet
  facet normal -0.636881 0.770962 0
    outer loop
      vertex 41.6127 -86.1328 0
      vertex 41.6127 -86.1328 30
      vertex 41.661 -86.0929 0
    endloop
  endfacet
  facet normal -0.636881 0.770962 0
    outer loop
      vertex 41.661 -86.0929 30
      vertex 41.661 -86.0929 0
      vertex 41.6127 -86.1328 30
    endloop
  endfacet
  facet normal -0.588266 0.808668 0
    outer loop
      vertex 41.5617 -86.1699 0
      vertex 41.5617 -86.1699 30
      vertex 41.6127 -86.1328 0
    endloop
  endfacet
  facet normal -0.588266 0.808668 0
    outer loop
      vertex 41.6127 -86.1328 30
      vertex 41.6127 -86.1328 0
      vertex 41.5617 -86.1699 30
    endloop
  endfacet
  facet normal -0.535737 0.844385 0
    outer loop
      vertex 41.5089 -86.2034 0
      vertex 41.5089 -86.2034 30
      vertex 41.5617 -86.1699 0
    endloop
  endfacet
  facet normal -0.535737 0.844385 0
    outer loop
      vertex 41.5617 -86.1699 30
      vertex 41.5617 -86.1699 0
      vertex 41.5089 -86.2034 30
    endloop
  endfacet
  facet normal -0.481858 0.876249 0
    outer loop
      vertex 41.4538 -86.2337 0
      vertex 41.4538 -86.2337 30
      vertex 41.5089 -86.2034 0
    endloop
  endfacet
  facet normal -0.481858 0.876249 0
    outer loop
      vertex 41.5089 -86.2034 30
      vertex 41.5089 -86.2034 0
      vertex 41.4538 -86.2337 30
    endloop
  endfacet
  facet normal -0.425491 0.904963 0
    outer loop
      vertex 41.3968 -86.2605 0
      vertex 41.3968 -86.2605 30
      vertex 41.4538 -86.2337 0
    endloop
  endfacet
  facet normal -0.425491 0.904963 0
    outer loop
      vertex 41.4538 -86.2337 30
      vertex 41.4538 -86.2337 0
      vertex 41.3968 -86.2605 30
    endloop
  endfacet
  facet normal -0.36753 0.930012 0
    outer loop
      vertex 41.3386 -86.2835 0
      vertex 41.3386 -86.2835 30
      vertex 41.3968 -86.2605 0
    endloop
  endfacet
  facet normal -0.36753 0.930012 0
    outer loop
      vertex 41.3968 -86.2605 30
      vertex 41.3968 -86.2605 0
      vertex 41.3386 -86.2835 30
    endloop
  endfacet
  facet normal -0.309519 0.950893 0
    outer loop
      vertex 41.279 -86.3029 0
      vertex 41.279 -86.3029 30
      vertex 41.3386 -86.2835 0
    endloop
  endfacet
  facet normal -0.309519 0.950893 0
    outer loop
      vertex 41.3386 -86.2835 30
      vertex 41.3386 -86.2835 0
      vertex 41.279 -86.3029 30
    endloop
  endfacet
  facet normal -0.249254 0.968438 0
    outer loop
      vertex 41.218 -86.3186 0
      vertex 41.218 -86.3186 30
      vertex 41.279 -86.3029 0
    endloop
  endfacet
  facet normal -0.249254 0.968438 0
    outer loop
      vertex 41.279 -86.3029 30
      vertex 41.279 -86.3029 0
      vertex 41.218 -86.3186 30
    endloop
  endfacet
  facet normal -0.187844 0.982199 0
    outer loop
      vertex 41.1563 -86.3304 0
      vertex 41.1563 -86.3304 30
      vertex 41.218 -86.3186 0
    endloop
  endfacet
  facet normal -0.187844 0.982199 0
    outer loop
      vertex 41.218 -86.3186 30
      vertex 41.218 -86.3186 0
      vertex 41.1563 -86.3304 30
    endloop
  endfacet
  facet normal -0.124625 0.992204 0
    outer loop
      vertex 41.0942 -86.3382 0
      vertex 41.0942 -86.3382 30
      vertex 41.1563 -86.3304 0
    endloop
  endfacet
  facet normal -0.124625 0.992204 0
    outer loop
      vertex 41.1563 -86.3304 30
      vertex 41.1563 -86.3304 0
      vertex 41.0942 -86.3382 30
    endloop
  endfacet
  facet normal -0.0618843 0.998083 0
    outer loop
      vertex 41.0313 -86.3421 0
      vertex 41.0313 -86.3421 30
      vertex 41.0942 -86.3382 0
    endloop
  endfacet
  facet normal -0.0618843 0.998083 0
    outer loop
      vertex 41.0942 -86.3382 30
      vertex 41.0942 -86.3382 0
      vertex 41.0313 -86.3421 30
    endloop
  endfacet
  facet normal 0 1 0
    outer loop
      vertex 40.9687 -86.3421 0
      vertex 40.9687 -86.3421 30
      vertex 41.0313 -86.3421 0
    endloop
  endfacet
  facet normal 0 1 0
    outer loop
      vertex 41.0313 -86.3421 30
      vertex 41.0313 -86.3421 0
      vertex 40.9687 -86.3421 30
    endloop
  endfacet
  facet normal 0.0940717 0.995565 -0
    outer loop
      vertex -7.12529 -86.3348 0
      vertex -7.12529 -86.3348 30
      vertex -7.06285 -86.3407 0
    endloop
  endfacet
  facet normal 0.0940717 0.995565 0
    outer loop
      vertex -7.06285 -86.3407 30
      vertex -7.06285 -86.3407 0
      vertex -7.12529 -86.3348 30
    endloop
  endfacet
  facet normal 0.157655 0.987494 -0
    outer loop
      vertex -7.1873 -86.3249 0
      vertex -7.1873 -86.3249 30
      vertex -7.12529 -86.3348 0
    endloop
  endfacet
  facet normal 0.157655 0.987494 0
    outer loop
      vertex -7.12529 -86.3348 30
      vertex -7.12529 -86.3348 0
      vertex -7.1873 -86.3249 30
    endloop
  endfacet
  facet normal 0.218212 0.975901 -0
    outer loop
      vertex -7.24857 -86.3112 0
      vertex -7.24857 -86.3112 30
      vertex -7.1873 -86.3249 0
    endloop
  endfacet
  facet normal 0.218212 0.975901 0
    outer loop
      vertex -7.1873 -86.3249 30
      vertex -7.1873 -86.3249 0
      vertex -7.24857 -86.3112 30
    endloop
  endfacet
  facet normal 0.278843 0.960337 -0
    outer loop
      vertex -7.30884 -86.2937 0
      vertex -7.30884 -86.2937 30
      vertex -7.24857 -86.3112 0
    endloop
  endfacet
  facet normal 0.278843 0.960337 0
    outer loop
      vertex -7.24857 -86.3112 30
      vertex -7.24857 -86.3112 0
      vertex -7.30884 -86.2937 30
    endloop
  endfacet
  facet normal 0.338002 0.941145 -0
    outer loop
      vertex -7.36787 -86.2725 0
      vertex -7.36787 -86.2725 30
      vertex -7.30884 -86.2937 0
    endloop
  endfacet
  facet normal 0.338002 0.941145 0
    outer loop
      vertex -7.30884 -86.2937 30
      vertex -7.30884 -86.2937 0
      vertex -7.36787 -86.2725 30
    endloop
  endfacet
  facet normal 0.397505 0.9176 -0
    outer loop
      vertex -7.42558 -86.2475 0
      vertex -7.42558 -86.2475 30
      vertex -7.36787 -86.2725 0
    endloop
  endfacet
  facet normal 0.397505 0.9176 0
    outer loop
      vertex -7.36787 -86.2725 30
      vertex -7.36787 -86.2725 0
      vertex -7.42558 -86.2475 30
    endloop
  endfacet
  facet normal 0.454638 0.890676 -0
    outer loop
      vertex -7.48161 -86.2189 0
      vertex -7.48161 -86.2189 30
      vertex -7.42558 -86.2475 0
    endloop
  endfacet
  facet normal 0.454638 0.890676 0
    outer loop
      vertex -7.42558 -86.2475 30
      vertex -7.42558 -86.2475 0
      vertex -7.48161 -86.2189 30
    endloop
  endfacet
  facet normal 0.508137 0.861276 -0
    outer loop
      vertex -7.53551 -86.1871 0
      vertex -7.53551 -86.1871 30
      vertex -7.48161 -86.2189 0
    endloop
  endfacet
  facet normal 0.508137 0.861276 0
    outer loop
      vertex -7.48161 -86.2189 30
      vertex -7.48161 -86.2189 0
      vertex -7.53551 -86.1871 30
    endloop
  endfacet
  facet normal 0.562471 0.826817 -0
    outer loop
      vertex -7.5874 -86.1518 0
      vertex -7.5874 -86.1518 30
      vertex -7.53551 -86.1871 0
    endloop
  endfacet
  facet normal 0.562471 0.826817 0
    outer loop
      vertex -7.53551 -86.1871 30
      vertex -7.53551 -86.1871 0
      vertex -7.5874 -86.1518 30
    endloop
  endfacet
  facet normal 0.612544 0.790436 -0
    outer loop
      vertex -7.63721 -86.1132 0
      vertex -7.63721 -86.1132 30
      vertex -7.5874 -86.1518 0
    endloop
  endfacet
  facet normal 0.612544 0.790436 0
    outer loop
      vertex -7.5874 -86.1518 30
      vertex -7.5874 -86.1518 0
      vertex -7.63721 -86.1132 30
    endloop
  endfacet
  facet normal 0.661458 0.749983 -0
    outer loop
      vertex -7.69016 -86.0665 0
      vertex -7.69016 -86.0665 30
      vertex -7.63721 -86.1132 0
    endloop
  endfacet
  facet normal 0.661458 0.749983 0
    outer loop
      vertex -7.63721 -86.1132 30
      vertex -7.63721 -86.1132 0
      vertex -7.69016 -86.0665 30
    endloop
  endfacet
  facet normal 0.695421 0.718602 -0
    outer loop
      vertex -7.71248 -86.0449 0
      vertex -7.71248 -86.0449 30
      vertex -7.69016 -86.0665 0
    endloop
  endfacet
  facet normal 0.695421 0.718602 0
    outer loop
      vertex -7.69016 -86.0665 30
      vertex -7.69016 -86.0665 0
      vertex -7.71248 -86.0449 30
    endloop
  endfacet
  facet normal 0.707106 0.707107 -0
    outer loop
      vertex -19.0392 -74.7182 0
      vertex -19.0392 -74.7182 30
      vertex -7.71248 -86.0449 0
    endloop
  endfacet
  facet normal 0.707106 0.707107 0
    outer loop
      vertex -7.71248 -86.0449 30
      vertex -7.71248 -86.0449 0
      vertex -19.0392 -74.7182 30
    endloop
  endfacet
  facet normal 0.72906 0.68445 -0
    outer loop
      vertex -19.0929 -74.661 0
      vertex -19.0929 -74.661 30
      vertex -19.0392 -74.7182 0
    endloop
  endfacet
  facet normal 0.72906 0.68445 0
    outer loop
      vertex -19.0392 -74.7182 30
      vertex -19.0392 -74.7182 0
      vertex -19.0929 -74.661 30
    endloop
  endfacet
  facet normal 0.770962 0.636881 -0
    outer loop
      vertex -19.1328 -74.6127 0
      vertex -19.1328 -74.6127 30
      vertex -19.0929 -74.661 0
    endloop
  endfacet
  facet normal 0.770962 0.636881 0
    outer loop
      vertex -19.0929 -74.661 30
      vertex -19.0929 -74.661 0
      vertex -19.1328 -74.6127 30
    endloop
  endfacet
  facet normal 0.808668 0.588266 -0
    outer loop
      vertex -19.1699 -74.5617 0
      vertex -19.1699 -74.5617 30
      vertex -19.1328 -74.6127 0
    endloop
  endfacet
  facet normal 0.808668 0.588266 0
    outer loop
      vertex -19.1328 -74.6127 30
      vertex -19.1328 -74.6127 0
      vertex -19.1699 -74.5617 30
    endloop
  endfacet
  facet normal 0.844385 0.535737 -0
    outer loop
      vertex -19.2034 -74.5089 0
      vertex -19.2034 -74.5089 30
      vertex -19.1699 -74.5617 0
    endloop
  endfacet
  facet normal 0.844385 0.535737 0
    outer loop
      vertex -19.1699 -74.5617 30
      vertex -19.1699 -74.5617 0
      vertex -19.2034 -74.5089 30
    endloop
  endfacet
  facet normal 0.876249 0.481858 -0
    outer loop
      vertex -19.2337 -74.4538 0
      vertex -19.2337 -74.4538 30
      vertex -19.2034 -74.5089 0
    endloop
  endfacet
  facet normal 0.876249 0.481858 0
    outer loop
      vertex -19.2034 -74.5089 30
      vertex -19.2034 -74.5089 0
      vertex -19.2337 -74.4538 30
    endloop
  endfacet
  facet normal 0.904963 0.425491 -0
    outer loop
      vertex -19.2605 -74.3968 0
      vertex -19.2605 -74.3968 30
      vertex -19.2337 -74.4538 0
    endloop
  endfacet
  facet normal 0.904963 0.425491 0
    outer loop
      vertex -19.2337 -74.4538 30
      vertex -19.2337 -74.4538 0
      vertex -19.2605 -74.3968 30
    endloop
  endfacet
  facet normal 0.930012 0.36753 -0
    outer loop
      vertex -19.2835 -74.3386 0
      vertex -19.2835 -74.3386 30
      vertex -19.2605 -74.3968 0
    endloop
  endfacet
  facet normal 0.930012 0.36753 0
    outer loop
      vertex -19.2605 -74.3968 30
      vertex -19.2605 -74.3968 0
      vertex -19.2835 -74.3386 30
    endloop
  endfacet
  facet normal 0.950893 0.309519 -0
    outer loop
      vertex -19.3029 -74.279 0
      vertex -19.3029 -74.279 30
      vertex -19.2835 -74.3386 0
    endloop
  endfacet
  facet normal 0.950893 0.309519 0
    outer loop
      vertex -19.2835 -74.3386 30
      vertex -19.2835 -74.3386 0
      vertex -19.3029 -74.279 30
    endloop
  endfacet
  facet normal 0.968438 0.249254 -0
    outer loop
      vertex -19.3186 -74.218 0
      vertex -19.3186 -74.218 30
      vertex -19.3029 -74.279 0
    endloop
  endfacet
  facet normal 0.968438 0.249254 0
    outer loop
      vertex -19.3029 -74.279 30
      vertex -19.3029 -74.279 0
      vertex -19.3186 -74.218 30
    endloop
  endfacet
  facet normal 0.982199 0.187844 -0
    outer loop
      vertex -19.3304 -74.1563 0
      vertex -19.3304 -74.1563 30
      vertex -19.3186 -74.218 0
    endloop
  endfacet
  facet normal 0.982199 0.187844 0
    outer loop
      vertex -19.3186 -74.218 30
      vertex -19.3186 -74.218 0
      vertex -19.3304 -74.1563 30
    endloop
  endfacet
  facet normal 0.992204 0.124625 -0
    outer loop
      vertex -19.3382 -74.0942 0
      vertex -19.3382 -74.0942 30
      vertex -19.3304 -74.1563 0
    endloop
  endfacet
  facet normal 0.992204 0.124625 0
    outer loop
      vertex -19.3304 -74.1563 30
      vertex -19.3304 -74.1563 0
      vertex -19.3382 -74.0942 30
    endloop
  endfacet
  facet normal 0.998083 0.0618843 -0
    outer loop
      vertex -19.3421 -74.0313 0
      vertex -19.3421 -74.0313 30
      vertex -19.3382 -74.0942 0
    endloop
  endfacet
  facet normal 0.998083 0.0618843 0
    outer loop
      vertex -19.3382 -74.0942 30
      vertex -19.3382 -74.0942 0
      vertex -19.3421 -74.0313 30
    endloop
  endfacet
  facet normal 1 0 -0
    outer loop
      vertex -19.3421 -73.9687 0
      vertex -19.3421 -73.9687 30
      vertex -19.3421 -74.0313 0
    endloop
  endfacet
  facet normal 1 -0 0
    outer loop
      vertex -19.3421 -74.0313 30
      vertex -19.3421 -74.0313 0
      vertex -19.3421 -73.9687 30
    endloop
  endfacet
  facet normal 0.998077 -0.0619825 0
    outer loop
      vertex -19.3382 -73.9059 0
      vertex -19.3382 -73.9059 30
      vertex -19.3421 -73.9687 0
    endloop
  endfacet
  facet normal 0.998077 -0.0619825 0
    outer loop
      vertex -19.3421 -73.9687 30
      vertex -19.3421 -73.9687 0
      vertex -19.3382 -73.9059 30
    endloop
  endfacet
  facet normal 0.992229 -0.124427 0
    outer loop
      vertex -19.3304 -73.8437 0
      vertex -19.3304 -73.8437 30
      vertex -19.3382 -73.9059 0
    endloop
  endfacet
  facet normal 0.992229 -0.124427 0
    outer loop
      vertex -19.3382 -73.9059 30
      vertex -19.3382 -73.9059 0
      vertex -19.3304 -73.8437 30
    endloop
  endfacet
  facet normal 0.982199 -0.187844 0
    outer loop
      vertex -19.3186 -73.782 0
      vertex -19.3186 -73.782 30
      vertex -19.3304 -73.8437 0
    endloop
  endfacet
  facet normal 0.982199 -0.187844 0
    outer loop
      vertex -19.3304 -73.8437 30
      vertex -19.3304 -73.8437 0
      vertex -19.3186 -73.782 30
    endloop
  endfacet
  facet normal 0.968438 -0.249254 0
    outer loop
      vertex -19.3029 -73.721 0
      vertex -19.3029 -73.721 30
      vertex -19.3186 -73.782 0
    endloop
  endfacet
  facet normal 0.968438 -0.249254 0
    outer loop
      vertex -19.3186 -73.782 30
      vertex -19.3186 -73.782 0
      vertex -19.3029 -73.721 30
    endloop
  endfacet
  facet normal 0.950893 -0.309519 0
    outer loop
      vertex -19.2835 -73.6614 0
      vertex -19.2835 -73.6614 30
      vertex -19.3029 -73.721 0
    endloop
  endfacet
  facet normal 0.950893 -0.309519 0
    outer loop
      vertex -19.3029 -73.721 30
      vertex -19.3029 -73.721 0
      vertex -19.2835 -73.6614 30
    endloop
  endfacet
  facet normal 0.930012 -0.36753 0
    outer loop
      vertex -19.2605 -73.6032 0
      vertex -19.2605 -73.6032 30
      vertex -19.2835 -73.6614 0
    endloop
  endfacet
  facet normal 0.930012 -0.36753 0
    outer loop
      vertex -19.2835 -73.6614 30
      vertex -19.2835 -73.6614 0
      vertex -19.2605 -73.6032 30
    endloop
  endfacet
  facet normal 0.904963 -0.425491 0
    outer loop
      vertex -19.2337 -73.5462 0
      vertex -19.2337 -73.5462 30
      vertex -19.2605 -73.6032 0
    endloop
  endfacet
  facet normal 0.904963 -0.425491 0
    outer loop
      vertex -19.2605 -73.6032 30
      vertex -19.2605 -73.6032 0
      vertex -19.2337 -73.5462 30
    endloop
  endfacet
  facet normal 0.876249 -0.481858 0
    outer loop
      vertex -19.2034 -73.4911 0
      vertex -19.2034 -73.4911 30
      vertex -19.2337 -73.5462 0
    endloop
  endfacet
  facet normal 0.876249 -0.481858 0
    outer loop
      vertex -19.2337 -73.5462 30
      vertex -19.2337 -73.5462 0
      vertex -19.2034 -73.4911 30
    endloop
  endfacet
  facet normal 0.844385 -0.535737 0
    outer loop
      vertex -19.1699 -73.4383 0
      vertex -19.1699 -73.4383 30
      vertex -19.2034 -73.4911 0
    endloop
  endfacet
  facet normal 0.844385 -0.535737 0
    outer loop
      vertex -19.2034 -73.4911 30
      vertex -19.2034 -73.4911 0
      vertex -19.1699 -73.4383 30
    endloop
  endfacet
  facet normal 0.808668 -0.588266 0
    outer loop
      vertex -19.1328 -73.3873 0
      vertex -19.1328 -73.3873 30
      vertex -19.1699 -73.4383 0
    endloop
  endfacet
  facet normal 0.808668 -0.588266 0
    outer loop
      vertex -19.1699 -73.4383 30
      vertex -19.1699 -73.4383 0
      vertex -19.1328 -73.3873 30
    endloop
  endfacet
  facet normal 0.770962 -0.636881 0
    outer loop
      vertex -19.0929 -73.339 0
      vertex -19.0929 -73.339 30
      vertex -19.1328 -73.3873 0
    endloop
  endfacet
  facet normal 0.770962 -0.636881 0
    outer loop
      vertex -19.1328 -73.3873 30
      vertex -19.1328 -73.3873 0
      vertex -19.0929 -73.339 30
    endloop
  endfacet
  facet normal 0.729041 -0.68447 0
    outer loop
      vertex -19.0499 -73.2932 0
      vertex -19.0499 -73.2932 30
      vertex -19.0929 -73.339 0
    endloop
  endfacet
  facet normal 0.729041 -0.68447 0
    outer loop
      vertex -19.0929 -73.339 30
      vertex -19.0929 -73.339 0
      vertex -19.0499 -73.2932 30
    endloop
  endfacet
  facet normal 0.68447 -0.729041 0
    outer loop
      vertex -19.0041 -73.2502 0
      vertex -19.0041 -73.2502 30
      vertex -19.0499 -73.2932 0
    endloop
  endfacet
  facet normal 0.68447 -0.729041 0
    outer loop
      vertex -19.0499 -73.2932 30
      vertex -19.0499 -73.2932 0
      vertex -19.0041 -73.2502 30
    endloop
  endfacet
  facet normal 0.637666 -0.770313 0
    outer loop
      vertex -18.9559 -73.2103 0
      vertex -18.9559 -73.2103 30
      vertex -19.0041 -73.2502 0
    endloop
  endfacet
  facet normal 0.637666 -0.770313 0
    outer loop
      vertex -19.0041 -73.2502 30
      vertex -19.0041 -73.2502 0
      vertex -18.9559 -73.2103 30
    endloop
  endfacet
  facet normal 0.586474 -0.809968 0
    outer loop
      vertex -18.9048 -73.1733 0
      vertex -18.9048 -73.1733 30
      vertex -18.9559 -73.2103 0
    endloop
  endfacet
  facet normal 0.586474 -0.809968 0
    outer loop
      vertex -18.9559 -73.2103 30
      vertex -18.9559 -73.2103 0
      vertex -18.9048 -73.1733 30
    endloop
  endfacet
  facet normal 0.536875 -0.843661 0
    outer loop
      vertex -18.852 -73.1397 0
      vertex -18.852 -73.1397 30
      vertex -18.9048 -73.1733 0
    endloop
  endfacet
  facet normal 0.536875 -0.843661 0
    outer loop
      vertex -18.9048 -73.1733 30
      vertex -18.9048 -73.1733 0
      vertex -18.852 -73.1397 30
    endloop
  endfacet
  facet normal 0.481858 -0.876249 0
    outer loop
      vertex -18.7969 -73.1094 0
      vertex -18.7969 -73.1094 30
      vertex -18.852 -73.1397 0
    endloop
  endfacet
  facet normal 0.481858 -0.876249 0
    outer loop
      vertex -18.852 -73.1397 30
      vertex -18.852 -73.1397 0
      vertex -18.7969 -73.1094 30
    endloop
  endfacet
  facet normal 0.426103 -0.904675 0
    outer loop
      vertex -18.74 -73.0826 0
      vertex -18.74 -73.0826 30
      vertex -18.7969 -73.1094 0
    endloop
  endfacet
  facet normal 0.426103 -0.904675 0
    outer loop
      vertex -18.7969 -73.1094 30
      vertex -18.7969 -73.1094 0
      vertex -18.74 -73.0826 30
    endloop
  endfacet
  facet normal 0.36753 -0.930012 0
    outer loop
      vertex -18.6818 -73.0596 0
      vertex -18.6818 -73.0596 30
      vertex -18.74 -73.0826 0
    endloop
  endfacet
  facet normal 0.36753 -0.930012 0
    outer loop
      vertex -18.74 -73.0826 30
      vertex -18.74 -73.0826 0
      vertex -18.6818 -73.0596 30
    endloop
  endfacet
  facet normal 0.30905 -0.951046 0
    outer loop
      vertex -18.6221 -73.0402 0
      vertex -18.6221 -73.0402 30
      vertex -18.6818 -73.0596 0
    endloop
  endfacet
  facet normal 0.30905 -0.951046 0
    outer loop
      vertex -18.6818 -73.0596 30
      vertex -18.6818 -73.0596 0
      vertex -18.6221 -73.0402 30
    endloop
  endfacet
  facet normal 0.247764 -0.96882 0
    outer loop
      vertex -18.5611 -73.0246 0
      vertex -18.5611 -73.0246 30
      vertex -18.6221 -73.0402 0
    endloop
  endfacet
  facet normal 0.247764 -0.96882 0
    outer loop
      vertex -18.6221 -73.0402 30
      vertex -18.6221 -73.0402 0
      vertex -18.5611 -73.0246 30
    endloop
  endfacet
  facet normal 0.187844 -0.982199 0
    outer loop
      vertex -18.4994 -73.0128 0
      vertex -18.4994 -73.0128 30
      vertex -18.5611 -73.0246 0
    endloop
  endfacet
  facet normal 0.187844 -0.982199 0
    outer loop
      vertex -18.5611 -73.0246 30
      vertex -18.5611 -73.0246 0
      vertex -18.4994 -73.0128 30
    endloop
  endfacet
  facet normal 0.126197 -0.992005 0
    outer loop
      vertex -18.4373 -73.0049 0
      vertex -18.4373 -73.0049 30
      vertex -18.4994 -73.0128 0
    endloop
  endfacet
  facet normal 0.126197 -0.992005 0
    outer loop
      vertex -18.4994 -73.0128 30
      vertex -18.4994 -73.0128 0
      vertex -18.4373 -73.0049 30
    endloop
  endfacet
  facet normal 0.0621146 -0.998069 0
    outer loop
      vertex -18.3666 -73.0005 0
      vertex -18.3666 -73.0005 30
      vertex -18.4373 -73.0049 0
    endloop
  endfacet
  facet normal 0.0621146 -0.998069 0
    outer loop
      vertex -18.4373 -73.0049 30
      vertex -18.4373 -73.0049 0
      vertex -18.3666 -73.0005 30
    endloop
  endfacet
  facet normal 0.015871 -0.999874 0
    outer loop
      vertex -18.3351 -73 0
      vertex -18.3351 -73 30
      vertex -18.3666 -73.0005 0
    endloop
  endfacet
  facet normal 0.015871 -0.999874 0
    outer loop
      vertex -18.3666 -73.0005 30
      vertex -18.3666 -73.0005 0
      vertex -18.3351 -73 30
    endloop
  endfacet
  facet normal 0 -1 0
    outer loop
      vertex -7.01593 -73 0
      vertex -7.01593 -73 30
      vertex -18.3351 -73 0
    endloop
  endfacet
  facet normal 0 -1 0
    outer loop
      vertex -18.3351 -73 30
      vertex -18.3351 -73 0
      vertex -7.01593 -73 30
    endloop
  endfacet
  facet normal -0.031718 -0.999497 0
    outer loop
      vertex -6.93715 -73.0025 0
      vertex -6.93715 -73.0025 30
      vertex -7.01593 -73 0
    endloop
  endfacet
  facet normal -0.031718 -0.999497 -0
    outer loop
      vertex -7.01593 -73 30
      vertex -7.01593 -73 0
      vertex -6.93715 -73.0025 30
    endloop
  endfacet
  facet normal -0.0940717 -0.995565 0
    outer loop
      vertex -6.87471 -73.0084 0
      vertex -6.87471 -73.0084 30
      vertex -6.93715 -73.0025 0
    endloop
  endfacet
  facet normal -0.0940717 -0.995565 -0
    outer loop
      vertex -6.93715 -73.0025 30
      vertex -6.93715 -73.0025 0
      vertex -6.87471 -73.0084 30
    endloop
  endfacet
  facet normal -0.156102 -0.987741 0
    outer loop
      vertex -6.8127 -73.0182 0
      vertex -6.8127 -73.0182 30
      vertex -6.87471 -73.0084 0
    endloop
  endfacet
  facet normal -0.156102 -0.987741 -0
    outer loop
      vertex -6.87471 -73.0084 30
      vertex -6.87471 -73.0084 0
      vertex -6.8127 -73.0182 30
    endloop
  endfacet
  facet normal -0.218212 -0.975901 0
    outer loop
      vertex -6.75143 -73.0319 0
      vertex -6.75143 -73.0319 30
      vertex -6.8127 -73.0182 0
    endloop
  endfacet
  facet normal -0.218212 -0.975901 -0
    outer loop
      vertex -6.8127 -73.0182 30
      vertex -6.8127 -73.0182 0
      vertex -6.75143 -73.0319 30
    endloop
  endfacet
  facet normal -0.278843 -0.960337 0
    outer loop
      vertex -6.69116 -73.0494 0
      vertex -6.69116 -73.0494 30
      vertex -6.75143 -73.0319 0
    endloop
  endfacet
  facet normal -0.278843 -0.960337 -0
    outer loop
      vertex -6.75143 -73.0319 30
      vertex -6.75143 -73.0319 0
      vertex -6.69116 -73.0494 30
    endloop
  endfacet
  facet normal -0.339413 -0.940637 0
    outer loop
      vertex -6.63213 -73.0707 0
      vertex -6.63213 -73.0707 30
      vertex -6.69116 -73.0494 0
    endloop
  endfacet
  facet normal -0.339413 -0.940637 -0
    outer loop
      vertex -6.69116 -73.0494 30
      vertex -6.69116 -73.0494 0
      vertex -6.63213 -73.0707 30
    endloop
  endfacet
  facet normal -0.396165 -0.918179 0
    outer loop
      vertex -6.57442 -73.0956 0
      vertex -6.57442 -73.0956 30
      vertex -6.63213 -73.0707 0
    endloop
  endfacet
  facet normal -0.396165 -0.918179 -0
    outer loop
      vertex -6.63213 -73.0707 30
      vertex -6.63213 -73.0707 0
      vertex -6.57442 -73.0956 30
    endloop
  endfacet
  facet normal -0.454638 -0.890676 0
    outer loop
      vertex -6.51839 -73.1242 0
      vertex -6.51839 -73.1242 30
      vertex -6.57442 -73.0956 0
    endloop
  endfacet
  facet normal -0.454638 -0.890676 -0
    outer loop
      vertex -6.57442 -73.0956 30
      vertex -6.57442 -73.0956 0
      vertex -6.51839 -73.1242 30
    endloop
  endfacet
  facet normal -0.509321 -0.860577 0
    outer loop
      vertex -6.46449 -73.1561 0
      vertex -6.46449 -73.1561 30
      vertex -6.51839 -73.1242 0
    endloop
  endfacet
  facet normal -0.509321 -0.860577 -0
    outer loop
      vertex -6.51839 -73.1242 30
      vertex -6.51839 -73.1242 0
      vertex -6.46449 -73.1561 30
    endloop
  endfacet
  facet normal -0.561381 -0.827558 0
    outer loop
      vertex -6.4126 -73.1913 0
      vertex -6.4126 -73.1913 30
      vertex -6.46449 -73.1561 0
    endloop
  endfacet
  facet normal -0.561381 -0.827558 -0
    outer loop
      vertex -6.46449 -73.1561 30
      vertex -6.46449 -73.1561 0
      vertex -6.4126 -73.1913 30
    endloop
  endfacet
  facet normal -0.612544 -0.790436 0
    outer loop
      vertex -6.36279 -73.2299 0
      vertex -6.36279 -73.2299 30
      vertex -6.4126 -73.1913 0
    endloop
  endfacet
  facet normal -0.612544 -0.790436 -0
    outer loop
      vertex -6.4126 -73.1913 30
      vertex -6.4126 -73.1913 0
      vertex -6.36279 -73.2299 30
    endloop
  endfacet
  facet normal -0.662202 -0.749325 0
    outer loop
      vertex -6.31583 -73.2714 0
      vertex -6.31583 -73.2714 30
      vertex -6.36279 -73.2299 0
    endloop
  endfacet
  facet normal -0.662202 -0.749325 -0
    outer loop
      vertex -6.36279 -73.2299 30
      vertex -6.36279 -73.2299 0
      vertex -6.31583 -73.2714 30
    endloop
  endfacet
  facet normal -0.70655 -0.707664 0
    outer loop
      vertex -6.27136 -73.3158 0
      vertex -6.27136 -73.3158 30
      vertex -6.31583 -73.2714 0
    endloop
  endfacet
  facet normal -0.70655 -0.707664 -0
    outer loop
      vertex -6.31583 -73.2714 30
      vertex -6.31583 -73.2714 0
      vertex -6.27136 -73.3158 30
    endloop
  endfacet
  facet normal -0.750318 -0.661078 0
    outer loop
      vertex -6.22995 -73.3628 0
      vertex -6.22995 -73.3628 30
      vertex -6.27136 -73.3158 0
    endloop
  endfacet
  facet normal -0.750318 -0.661078 -0
    outer loop
      vertex -6.27136 -73.3158 30
      vertex -6.27136 -73.3158 0
      vertex -6.22995 -73.3628 30
    endloop
  endfacet
  facet normal -0.790223 -0.612819 0
    outer loop
      vertex -6.19133 -73.4126 0
      vertex -6.19133 -73.4126 30
      vertex -6.22995 -73.3628 0
    endloop
  endfacet
  facet normal -0.790223 -0.612819 -0
    outer loop
      vertex -6.22995 -73.3628 30
      vertex -6.22995 -73.3628 0
      vertex -6.19133 -73.4126 30
    endloop
  endfacet
  facet normal -0.827015 -0.562179 0
    outer loop
      vertex -6.15605 -73.4645 0
      vertex -6.15605 -73.4645 30
      vertex -6.19133 -73.4126 0
    endloop
  endfacet
  facet normal -0.827015 -0.562179 -0
    outer loop
      vertex -6.19133 -73.4126 30
      vertex -6.19133 -73.4126 0
      vertex -6.15605 -73.4645 30
    endloop
  endfacet
  facet normal -0.860857 -0.508848 0
    outer loop
      vertex -6.12419 -73.5184 0
      vertex -6.12419 -73.5184 30
      vertex -6.15605 -73.4645 0
    endloop
  endfacet
  facet normal -0.860857 -0.508848 -0
    outer loop
      vertex -6.15605 -73.4645 30
      vertex -6.15605 -73.4645 0
      vertex -6.12419 -73.5184 30
    endloop
  endfacet
  facet normal -0.8909 -0.4542 0
    outer loop
      vertex -6.09564 -73.5744 0
      vertex -6.09564 -73.5744 30
      vertex -6.12419 -73.5184 0
    endloop
  endfacet
  facet normal -0.8909 -0.4542 -0
    outer loop
      vertex -6.12419 -73.5184 30
      vertex -6.12419 -73.5184 0
      vertex -6.09564 -73.5744 30
    endloop
  endfacet
  facet normal -0.917691 -0.397295 0
    outer loop
      vertex -6.07066 -73.6321 0
      vertex -6.07066 -73.6321 30
      vertex -6.09564 -73.5744 0
    endloop
  endfacet
  facet normal -0.917691 -0.397295 -0
    outer loop
      vertex -6.09564 -73.5744 30
      vertex -6.09564 -73.5744 0
      vertex -6.07066 -73.6321 30
    endloop
  endfacet
  facet normal -0.941019 -0.338353 0
    outer loop
      vertex -6.04941 -73.6912 0
      vertex -6.04941 -73.6912 30
      vertex -6.07066 -73.6321 0
    endloop
  endfacet
  facet normal -0.941019 -0.338353 -0
    outer loop
      vertex -6.07066 -73.6321 30
      vertex -6.07066 -73.6321 0
      vertex -6.04941 -73.6912 30
    endloop
  endfacet
  facet normal -0.960164 -0.279436 0
    outer loop
      vertex -6.03189 -73.7514 0
      vertex -6.03189 -73.7514 30
      vertex -6.04941 -73.6912 0
    endloop
  endfacet
  facet normal -0.960164 -0.279436 -0
    outer loop
      vertex -6.04941 -73.6912 30
      vertex -6.04941 -73.6912 0
      vertex -6.03189 -73.7514 30
    endloop
  endfacet
  facet normal -0.975958 -0.217959 0
    outer loop
      vertex -6.0182 -73.8127 0
      vertex -6.0182 -73.8127 30
      vertex -6.03189 -73.7514 0
    endloop
  endfacet
  facet normal -0.975958 -0.217959 -0
    outer loop
      vertex -6.03189 -73.7514 30
      vertex -6.03189 -73.7514 0
      vertex -6.0182 -73.8127 30
    endloop
  endfacet
  facet normal -0.987688 -0.156437 0
    outer loop
      vertex -6.00838 -73.8747 0
      vertex -6.00838 -73.8747 30
      vertex -6.0182 -73.8127 0
    endloop
  endfacet
  facet normal -0.987688 -0.156437 -0
    outer loop
      vertex -6.0182 -73.8127 30
      vertex -6.0182 -73.8127 0
      vertex -6.00838 -73.8747 30
    endloop
  endfacet
  facet normal -0.995559 -0.0941401 0
    outer loop
      vertex -6.00247 -73.9372 0
      vertex -6.00247 -73.9372 30
      vertex -6.00838 -73.8747 0
    endloop
  endfacet
  facet normal -0.995559 -0.0941401 -0
    outer loop
      vertex -6.00838 -73.8747 30
      vertex -6.00838 -73.8747 0
      vertex -6.00247 -73.9372 30
    endloop
  endfacet
  facet normal -0.999508 -0.0313696 0
    outer loop
      vertex -6 -74.0159 0
      vertex -6 -74.0159 30
      vertex -6.00247 -73.9372 0
    endloop
  endfacet
  facet normal -0.999508 -0.0313696 -0
    outer loop
      vertex -6.00247 -73.9372 30
      vertex -6.00247 -73.9372 0
      vertex -6 -74.0159 30
    endloop
  endfacet
  facet normal -1 0 0
    outer loop
      vertex -6 -85.3273 0
      vertex -6 -85.3273 30
      vertex -6 -74.0159 0
    endloop
  endfacet
  facet normal -1 -0 -0
    outer loop
      vertex -6 -74.0159 30
      vertex -6 -74.0159 0
      vertex -6 -85.3273 30
    endloop
  endfacet
  facet normal -0.9995 0.0316233 0
    outer loop
      vertex -6.00249 -85.406 0
      vertex -6.00249 -85.406 30
      vertex -6 -85.3273 0
    endloop
  endfacet
  facet normal -0.9995 0.0316233 0
    outer loop
      vertex -6 -85.3273 30
      vertex -6 -85.3273 0
      vertex -6.00249 -85.406 30
    endloop
  endfacet
  facet normal -0.995575 0.0939733 0
    outer loop
      vertex -6.00838 -85.4684 0
      vertex -6.00838 -85.4684 30
      vertex -6.00249 -85.406 0
    endloop
  endfacet
  facet normal -0.995575 0.0939733 0
    outer loop
      vertex -6.00249 -85.406 30
      vertex -6.00249 -85.406 0
      vertex -6.00838 -85.4684 30
    endloop
  endfacet
  facet normal -0.987688 0.156437 0
    outer loop
      vertex -6.0182 -85.5304 0
      vertex -6.0182 -85.5304 30
      vertex -6.00838 -85.4684 0
    endloop
  endfacet
  facet normal -0.987688 0.156437 0
    outer loop
      vertex -6.00838 -85.4684 30
      vertex -6.00838 -85.4684 0
      vertex -6.0182 -85.5304 30
    endloop
  endfacet
  facet normal -0.975958 0.217959 0
    outer loop
      vertex -6.03189 -85.5917 0
      vertex -6.03189 -85.5917 30
      vertex -6.0182 -85.5304 0
    endloop
  endfacet
  facet normal -0.975958 0.217959 0
    outer loop
      vertex -6.0182 -85.5304 30
      vertex -6.0182 -85.5304 0
      vertex -6.03189 -85.5917 30
    endloop
  endfacet
  facet normal -0.960288 0.279009 0
    outer loop
      vertex -6.04941 -85.652 0
      vertex -6.04941 -85.652 30
      vertex -6.03189 -85.5917 0
    endloop
  endfacet
  facet normal -0.960288 0.279009 0
    outer loop
      vertex -6.03189 -85.5917 30
      vertex -6.03189 -85.5917 0
      vertex -6.04941 -85.652 30
    endloop
  endfacet
  facet normal -0.940837 0.338861 0
    outer loop
      vertex -6.07066 -85.711 0
      vertex -6.07066 -85.711 30
      vertex -6.04941 -85.652 0
    endloop
  endfacet
  facet normal -0.940837 0.338861 0
    outer loop
      vertex -6.04941 -85.652 30
      vertex -6.04941 -85.652 0
      vertex -6.07066 -85.711 30
    endloop
  endfacet
  facet normal -0.917691 0.397295 0
    outer loop
      vertex -6.09564 -85.7687 0
      vertex -6.09564 -85.7687 30
      vertex -6.07066 -85.711 0
    endloop
  endfacet
  facet normal -0.917691 0.397295 0
    outer loop
      vertex -6.07066 -85.711 30
      vertex -6.07066 -85.711 0
      vertex -6.09564 -85.7687 30
    endloop
  endfacet
  facet normal -0.891227 0.453557 0
    outer loop
      vertex -6.12419 -85.8248 0
      vertex -6.12419 -85.8248 30
      vertex -6.09564 -85.7687 0
    endloop
  endfacet
  facet normal -0.891227 0.453557 0
    outer loop
      vertex -6.09564 -85.7687 30
      vertex -6.09564 -85.7687 0
      vertex -6.12419 -85.8248 30
    endloop
  endfacet
  facet normal -0.860442 0.509548 0
    outer loop
      vertex -6.15605 -85.8786 0
      vertex -6.15605 -85.8786 30
      vertex -6.12419 -85.8248 0
    endloop
  endfacet
  facet normal -0.860442 0.509548 0
    outer loop
      vertex -6.12419 -85.8248 30
      vertex -6.12419 -85.8248 0
      vertex -6.15605 -85.8786 30
    endloop
  endfacet
  facet normal -0.827015 0.562179 0
    outer loop
      vertex -6.19133 -85.9305 0
      vertex -6.19133 -85.9305 30
      vertex -6.15605 -85.8786 0
    endloop
  endfacet
  facet normal -0.827015 0.562179 0
    outer loop
      vertex -6.15605 -85.8786 30
      vertex -6.15605 -85.8786 0
      vertex -6.19133 -85.9305 30
    endloop
  endfacet
  facet normal -0.790223 0.612819 0
    outer loop
      vertex -6.22995 -85.9803 0
      vertex -6.22995 -85.9803 30
      vertex -6.19133 -85.9305 0
    endloop
  endfacet
  facet normal -0.790223 0.612819 0
    outer loop
      vertex -6.19133 -85.9305 30
      vertex -6.19133 -85.9305 0
      vertex -6.22995 -85.9803 30
    endloop
  endfacet
  facet normal -0.750318 0.661078 0
    outer loop
      vertex -6.27136 -86.0273 0
      vertex -6.27136 -86.0273 30
      vertex -6.22995 -85.9803 0
    endloop
  endfacet
  facet normal -0.750318 0.661078 0
    outer loop
      vertex -6.22995 -85.9803 30
      vertex -6.22995 -85.9803 0
      vertex -6.27136 -86.0273 30
    endloop
  endfacet
  facet normal -0.707345 0.706868 0
    outer loop
      vertex -6.31583 -86.0718 0
      vertex -6.31583 -86.0718 30
      vertex -6.27136 -86.0273 0
    endloop
  endfacet
  facet normal -0.707345 0.706868 0
    outer loop
      vertex -6.27136 -86.0273 30
      vertex -6.27136 -86.0273 0
      vertex -6.31583 -86.0718 30
    endloop
  endfacet
  facet normal -0.661305 0.750117 0
    outer loop
      vertex -6.36279 -86.1132 0
      vertex -6.36279 -86.1132 30
      vertex -6.31583 -86.0718 0
    endloop
  endfacet
  facet normal -0.661305 0.750117 0
    outer loop
      vertex -6.31583 -86.0718 30
      vertex -6.31583 -86.0718 0
      vertex -6.36279 -86.1132 30
    endloop
  endfacet
  facet normal -0.612544 0.790436 0
    outer loop
      vertex -6.4126 -86.1518 0
      vertex -6.4126 -86.1518 30
      vertex -6.36279 -86.1132 0
    endloop
  endfacet
  facet normal -0.612544 0.790436 0
    outer loop
      vertex -6.36279 -86.1132 30
      vertex -6.36279 -86.1132 0
      vertex -6.4126 -86.1518 30
    endloop
  endfacet
  facet normal -0.562471 0.826817 0
    outer loop
      vertex -6.46449 -86.1871 0
      vertex -6.46449 -86.1871 30
      vertex -6.4126 -86.1518 0
    endloop
  endfacet
  facet normal -0.562471 0.826817 0
    outer loop
      vertex -6.4126 -86.1518 30
      vertex -6.4126 -86.1518 0
      vertex -6.46449 -86.1871 30
    endloop
  endfacet
  facet normal -0.508137 0.861276 0
    outer loop
      vertex -6.51839 -86.2189 0
      vertex -6.51839 -86.2189 30
      vertex -6.46449 -86.1871 0
    endloop
  endfacet
  facet normal -0.508137 0.861276 0
    outer loop
      vertex -6.46449 -86.1871 30
      vertex -6.46449 -86.1871 0
      vertex -6.51839 -86.2189 30
    endloop
  endfacet
  facet normal -0.454638 0.890676 0
    outer loop
      vertex -6.57442 -86.2475 0
      vertex -6.57442 -86.2475 30
      vertex -6.51839 -86.2189 0
    endloop
  endfacet
  facet normal -0.454638 0.890676 0
    outer loop
      vertex -6.51839 -86.2189 30
      vertex -6.51839 -86.2189 0
      vertex -6.57442 -86.2475 30
    endloop
  endfacet
  facet normal -0.397505 0.9176 0
    outer loop
      vertex -6.63213 -86.2725 0
      vertex -6.63213 -86.2725 30
      vertex -6.57442 -86.2475 0
    endloop
  endfacet
  facet normal -0.397505 0.9176 0
    outer loop
      vertex -6.57442 -86.2475 30
      vertex -6.57442 -86.2475 0
      vertex -6.63213 -86.2725 30
    endloop
  endfacet
  facet normal -0.338002 0.941145 0
    outer loop
      vertex -6.69116 -86.2937 0
      vertex -6.69116 -86.2937 30
      vertex -6.63213 -86.2725 0
    endloop
  endfacet
  facet normal -0.338002 0.941145 0
    outer loop
      vertex -6.63213 -86.2725 30
      vertex -6.63213 -86.2725 0
      vertex -6.69116 -86.2937 30
    endloop
  endfacet
  facet normal -0.278843 0.960337 0
    outer loop
      vertex -6.75143 -86.3112 0
      vertex -6.75143 -86.3112 30
      vertex -6.69116 -86.2937 0
    endloop
  endfacet
  facet normal -0.278843 0.960337 0
    outer loop
      vertex -6.69116 -86.2937 30
      vertex -6.69116 -86.2937 0
      vertex -6.75143 -86.3112 30
    endloop
  endfacet
  facet normal -0.218212 0.975901 0
    outer loop
      vertex -6.8127 -86.3249 0
      vertex -6.8127 -86.3249 30
      vertex -6.75143 -86.3112 0
    endloop
  endfacet
  facet normal -0.218212 0.975901 0
    outer loop
      vertex -6.75143 -86.3112 30
      vertex -6.75143 -86.3112 0
      vertex -6.8127 -86.3249 30
    endloop
  endfacet
  facet normal -0.157655 0.987494 0
    outer loop
      vertex -6.87471 -86.3348 0
      vertex -6.87471 -86.3348 30
      vertex -6.8127 -86.3249 0
    endloop
  endfacet
  facet normal -0.157655 0.987494 0
    outer loop
      vertex -6.8127 -86.3249 30
      vertex -6.8127 -86.3249 0
      vertex -6.87471 -86.3348 30
    endloop
  endfacet
  facet normal -0.0940717 0.995565 0
    outer loop
      vertex -6.93715 -86.3407 0
      vertex -6.93715 -86.3407 30
      vertex -6.87471 -86.3348 0
    endloop
  endfacet
  facet normal -0.0940717 0.995565 0
    outer loop
      vertex -6.87471 -86.3348 30
      vertex -6.87471 -86.3348 0
      vertex -6.93715 -86.3407 30
    endloop
  endfacet
  facet normal -0.0302169 0.999543 0
    outer loop
      vertex -7 -86.3426 0
      vertex -7 -86.3426 30
      vertex -6.93715 -86.3407 0
    endloop
  endfacet
  facet normal -0.0302169 0.999543 0
    outer loop
      vertex -6.93715 -86.3407 30
      vertex -6.93715 -86.3407 0
      vertex -7 -86.3426 30
    endloop
  endfacet
  facet normal 0.0302169 0.999543 -0
    outer loop
      vertex -7.06285 -86.3407 0
      vertex -7.06285 -86.3407 30
      vertex -7 -86.3426 0
    endloop
  endfacet
  facet normal 0.0302169 0.999543 0
    outer loop
      vertex -7 -86.3426 30
      vertex -7 -86.3426 0
      vertex -7.06285 -86.3407 30
    endloop
  endfacet
endsolid OpenSCAD_Model
